﻿Region,"Town / Township","Quarter / Village Tract","Postal Code"
Mon State,"Mawlamyine Township","Shwe Myaing Thi Ri Quarter",1201001
Mon State,"Mawlamyine Township","Kyaik Hpa Nei Quarter",1201002
Mon State,"Mawlamyine Township","Hlaing Shan Su Quarter",1201003
Mon State,"Mawlamyine Township","Auk Kyin Quarter",1201004
Mon State,"Mawlamyine Township","Mandalay Quarter",1201005
Mon State,"Mawlamyine Township","Hpet Tan Quarter",1201006
Mon State,"Mawlamyine Township","Shwe Taung Quarter",1201007
Mon State,"Mawlamyine Township","Sit Ke Kone Quarter",1201008
Mon State,"Mawlamyine Township","Ma Yan Kone Quarter",1201009
Mon State,"Mawlamyine Township","Pan Be Dan Quarter",1201010
Mon State,"Mawlamyine Township","Bo Kone Quarter",1201011
Mon State,"Mawlamyine Township","Maung Ngan Quarter",1201012
Mon State,"Mawlamyine Township","Kwin Yat Quarter",1201013
Mon State,"Mawlamyine Township","Myay Ni Kone Quarter",1201014
Mon State,"Mawlamyine Township","Zay Kyo Quarter",1201015
Mon State,"Mawlamyine Township","Thi Ri Myaing Quarter",1201016
Mon State,"Mawlamyine Township","Mu Pon Quarter",1201017
Mon State,"Mawlamyine Township","Zay Yar Thi Ri Quarter",1201018
Mon State,"Mawlamyine Township","Thar Yar Aye Quarter",1201019
Mon State,"Mawlamyine Township","Thi Ri Min Ga Lar Quarter",1201020
Mon State,"Mawlamyine Township","Myaing Thar Yar Quarter",1201021
Mon State,"Mawlamyine Township","Zay Yar Myaing Quarter",1201022
Mon State,"Mawlamyine Township","Kyauk Tan Quarter",1201023
Mon State,"Mawlamyine Township","San Gyi Quarter",1201024
Mon State,"Mawlamyine Township","Gway Kone Quarter",1201025
Mon State,"Mawlamyine Township","Naung Kha Ri Quarter",1201026
Mon State,"Mawlamyine Township","Ngan Tay Quarter",1201027
Mon State,"Mawlamyine Township","Chauk Maing Kywe Chan Kone Quarter",1201028
Mon State,"Mawlamyine Township","Nyaung Pin Seik Quarter",1201029
Mon State,"Kyaikto Township","Zay Yar Mun Quarter",1202001
Mon State,"Kyaikto Township","Myauk Paing Quarter",1202002
Mon State,"Kyaikto Township","Kawt San Naing Quarter",1202003
Mon State,"Kyaikto Township","Taung Paing Quarter",1202004
Mon State,"Kyaikto Township","Kant Kaw Quarter",1202005
Mon State,"Kyaikto Township","Taung Thu Su Quarter",1202006
Mon State,"Bilin Township","Sa Yar San Quarter",1203001
Mon State,"Bilin Township","Hpoe Yar Zar Quarter",1203002
Mon State,"Bilin Township","Kan Thar Yar Quarter",1203003
Mon State,"Bilin Township","Hpoe Hla Gyi Quarter",1203004
Mon State,"Bilin Township","Bo Tay Za Quarter",1203005
Mon State,"Thaton Township","Leik Inn Quarter",1204001
Mon State,"Thaton Township","Nan Khe Quarter",1204002
Mon State,"Thaton Township","Auk Kyin Quarter",1204003
Mon State,"Thaton Township","Thein Kone Quarter",1204004
Mon State,"Thaton Township","Bin Hlaing Quarter",1204005
Mon State,"Paung Township","Moe Naing Quarter",1205001
Mon State,"Paung Township","Ka Don See Quarter",1205002
Mon State,"Paung Township","Paung Quarter",1205003
Mon State,"Paung Township","Ka Dar Quarter",1205004
Mon State,"Chaungzon Township","Ah Nauk Quarter",1206001
Mon State,"Chaungzon Township","Ah Shey Quarter",1206002
Mon State,"Chaungzon Township","Toe Cheit Quarter",1206003
Mon State,"Kyaikmaraw Township","Shin Saw Pu Quarter",1207001
Mon State,"Kyaikmaraw Township","Yan Myo Aung Quarter",1207002
Mon State,"Kyaikmaraw Township","Ah Hta Yan Quarter",1207003
Mon State,"Kyaikmaraw Township","Aung Thu Kha Quarter",1207004
Mon State,"Mudon Township","Myo Ma (1) Quarter",1208001
Mon State,"Mudon Township","Myo Ma (2) Quarter",1208002
Mon State,"Mudon Township","Myo Ma (3) Quarter",1208003
Mon State,"Mudon Township","Myo Ma (4) Quarter",1208004
Mon State,"Thanbyuzayat Township","Kyar Kan Quarter",1209001
Mon State,"Thanbyuzayat Township","Aung Chan Thar Quarter",1209002
Mon State,"Thanbyuzayat Township","Set Thit Quarter",1209003
Mon State,"Thanbyuzayat Township","Aung Min Ga Lar Quarter",1209004
Mon State,"Thanbyuzayat Township","Han Thar Wa Di Quarter",1209005
Mon State,"Thanbyuzayat Township","Aung Zay Ya Quarter",1209006
Mon State,"Thanbyuzayat Township","Kyaung Paing Quarter",1209007
Mon State,"Thanbyuzayat Township","Kyant Khaing Yay Quarter",1209008
Mon State,"Thanbyuzayat Township","Aung Thar Yar Quarter",1209009
Mon State,"Thanbyuzayat Township","Hpaung Sein Quarter",1209010
Mon State,"Ye Township","Thi Ri Zay Yar Quarter",1210001
Mon State,"Ye Township","Thi Ri Mar Lar Quarter",1210002
Mon State,"Ye Township","Thi Ri Nan Dar Quarter",1210003
Mon State,"Ye Township","Thi Ri Khay Mar Quarter",1210004
Mon State,"Ye Township","Yan Myo Aung Quarter",1210005
Mon State,"Ye Township","Yan Gyi Aung Quarter",1210006
Mon State,"Ye Township","Aung Thu Kha Quarter",1210007
Mon State,"Ye Township","Aung Myit Tar Quarter",1210008
Mon State,"Ye Township","Aung Min Ga Lar Quarter",1210009
Mon State,"Thein Za Yat Town","No (1) Quarter",1260001
Mon State,"Thein Za Yat Town","No (2) Quarter",1260002
Mon State,"Thein Za Yat Town","No (3) Quarter",1260003
Mon State,"Thein Za Yat Town","No (4) Ward Quarter",1260004
Mon State,"Thuwunnawady Town","Thein Seik Quarter",1261001
Mon State,"Thuwunnawady Town","Kyeik Kaw Quarter",1261002
Mon State,"Thuwunnawady Town","Taung Kyar Quarter",1261003
Mon State,"Zinkyaik Town","Zinkyaik Quarter",1262001
Mon State,"Zinkyaik Town","Kha Lauk Inn Quarter",1262002
Mon State,"Zinkyaik Town","Hpa Lup Quarter",1262003
Mon State,"Zinkyaik Town","Sar Hpo Su Quarter",1262004
Mon State,"Kamarwet Town","Ka Mar Wet Quarter",1263001
Mon State,"Kamarwet Town","Thein Kone Quarter",1263002
Mon State,"Kamarwet Town","Sein Taung Quarter",1263003
Mon State,"Kamarwet Town","Htaung Kay Quarter",1263004
Mon State,"Kamarwet Town","Gon Nyin Tan Quarter",1263005
Mon State,"Kyaikkhami Town","Dhamma Zay Di Quarter",1264001
Mon State,"Kyaikkhami Town","Aung Pin Lel Quarter",1264002
Mon State,"Kyaikkhami Town","Myo Ma Zay Quarter",1264003
Mon State,"Kyaikkhami Town","Aung Thu Kha Quarter",1264004
Mon State,"Kyaikkhami Town","Yang Aung Myay Quarter",1264005
Mon State,"Kyaikkhami Town","Man Ya Da Nar Quarter",1264006
Mon State,"Lamaing Town","No (1) Quarter",1265001
Mon State,"Lamaing Town","No (2) Quarter",1265002
Mon State,"Lamaing Town","No (3) Quarter",1265003
Mon State,"Khawzar Town","No (1) Quarter",1266001
Mon State,"Khawzar Town","No (2) Quarter",1266002
