﻿Region,"Town / Township","Ward / Village Tract","Postal Code"
Mon,"Mawlamyine Township","Shwe Myaing Thi Ri Quarter",1201001
Mon,"Mawlamyine Township","Kyaik Hpa Nei Quarter",1201002
Mon,"Mawlamyine Township","Hlaing Shan Su Quarter",1201003
Mon,"Mawlamyine Township","Auk Kyin Quarter",1201004
Mon,"Mawlamyine Township","Mandalay Quarter",1201005
Mon,"Mawlamyine Township","Hpet Tan Quarter",1201006
Mon,"Mawlamyine Township","Shwe Taung Quarter",1201007
Mon,"Mawlamyine Township","Sit Ke Kone Quarter",1201008
Mon,"Mawlamyine Township","Ma Yan Kone Quarter",1201009
Mon,"Mawlamyine Township","Pan Be Dan Quarter",1201010
Mon,"Mawlamyine Township","Bo Kone Quarter",1201011
Mon,"Mawlamyine Township","Maung Ngan Quarter",1201012
Mon,"Mawlamyine Township","Kwin Yat Quarter",1201013
Mon,"Mawlamyine Township","Myay Ni Kone Quarter",1201014
Mon,"Mawlamyine Township","Zay Kyo Quarter",1201015
Mon,"Mawlamyine Township","Thi Ri Myaing Quarter",1201016
Mon,"Mawlamyine Township","Mu Pon Quarter",1201017
Mon,"Mawlamyine Township","Zay Yar Thi Ri Quarter",1201018
Mon,"Mawlamyine Township","Thar Yar Aye Quarter",1201019
Mon,"Mawlamyine Township","Thi Ri Min Ga Lar Quarter",1201020
Mon,"Mawlamyine Township","Myaing Thar Yar Quarter",1201021
Mon,"Mawlamyine Township","Zay Yar Myaing Quarter",1201022
Mon,"Mawlamyine Township","Kyauk Tan Quarter",1201023
Mon,"Mawlamyine Township","San Gyi Quarter",1201024
Mon,"Mawlamyine Township","Gway Kone Quarter",1201025
Mon,"Mawlamyine Township","Naung Kha Ri Quarter",1201026
Mon,"Mawlamyine Township","Ngan Tay Quarter",1201027
Mon,"Mawlamyine Township","Chauk Maing Kywe Chan Kone Quarter",1201028
Mon,"Mawlamyine Township","Nyaung Pin Seik Quarter",1201029
Mon,"Kyaikto Township","Zay Yar Mun Quarter",1202001
Mon,"Kyaikto Township","Myauk Paing Quarter",1202002
Mon,"Kyaikto Township","Kawt San Naing Quarter",1202003
Mon,"Kyaikto Township","Taung Paing Quarter",1202004
Mon,"Kyaikto Township","Kant Kaw Quarter",1202005
Mon,"Kyaikto Township","Taung Thu Su Quarter",1202006
Mon,"Bilin Township","Sa Yar San Quarter",1203001
Mon,"Bilin Township","Hpoe Yar Zar Quarter",1203002
Mon,"Bilin Township","Kan Thar Yar Quarter",1203003
Mon,"Bilin Township","Hpoe Hla Gyi Quarter",1203004
Mon,"Bilin Township","Bo Tay Za Quarter",1203005
Mon,"Thaton Township","Leik Inn Quarter",1204001
Mon,"Thaton Township","Nan Khe Quarter",1204002
Mon,"Thaton Township","Auk Kyin Quarter",1204003
Mon,"Thaton Township","Thein Kone Quarter",1204004
Mon,"Thaton Township","Bin Hlaing Quarter",1204005
Mon,"Paung Township","Moe Naing Quarter",1205001
Mon,"Paung Township","Ka Don See Quarter",1205002
Mon,"Paung Township","Paung Quarter",1205003
Mon,"Paung Township","Ka Dar Quarter",1205004
Mon,"Chaungzon Township","Ah Nauk Quarter",1206001
Mon,"Chaungzon Township","Ah Shey Quarter",1206002
Mon,"Chaungzon Township","Toe Cheit Quarter",1206003
Mon,"Kyaikmaraw Township","Shin Saw Pu Quarter",1207001
Mon,"Kyaikmaraw Township","Yan Myo Aung Quarter",1207002
Mon,"Kyaikmaraw Township","Ah Hta Yan Quarter",1207003
Mon,"Kyaikmaraw Township","Aung Thu Kha Quarter",1207004
Mon,"Mudon Township","Myo Ma (1) Quarter",1208001
Mon,"Mudon Township","Myo Ma (2) Quarter",1208002
Mon,"Mudon Township","Myo Ma (3) Quarter",1208003
Mon,"Mudon Township","Myo Ma (4) Quarter",1208004
Mon,"Thanbyuzayat Township","Kyar Kan Quarter",1209001
Mon,"Thanbyuzayat Township","Aung Chan Thar Quarter",1209002
Mon,"Thanbyuzayat Township","Set Thit Quarter",1209003
Mon,"Thanbyuzayat Township","Aung Min Ga Lar Quarter",1209004
Mon,"Thanbyuzayat Township","Han Thar Wa Di Quarter",1209005
Mon,"Thanbyuzayat Township","Aung Zay Ya Quarter",1209006
Mon,"Thanbyuzayat Township","Kyaung Paing Quarter",1209007
Mon,"Thanbyuzayat Township","Kyant Khaing Yay Quarter",1209008
Mon,"Thanbyuzayat Township","Aung Thar Yar Quarter",1209009
Mon,"Thanbyuzayat Township","Hpaung Sein Quarter",1209010
Mon,"Ye Township","Thi Ri Zay Yar Quarter",1210001
Mon,"Ye Township","Thi Ri Mar Lar Quarter",1210002
Mon,"Ye Township","Thi Ri Nan Dar Quarter",1210003
Mon,"Ye Township","Thi Ri Khay Mar Quarter",1210004
Mon,"Ye Township","Yan Myo Aung Quarter",1210005
Mon,"Ye Township","Yan Gyi Aung Quarter",1210006
Mon,"Ye Township","Aung Thu Kha Quarter",1210007
Mon,"Ye Township","Aung Myit Tar Quarter",1210008
Mon,"Ye Township","Aung Min Ga Lar Quarter",1210009
Mon,"Thein Za Yat Town","No (1) Quarter",1260001
Mon,"Thein Za Yat Town","No (2) Quarter",1260002
Mon,"Thein Za Yat Town","No (3) Quarter",1260003
Mon,"Thein Za Yat Town","No (4) Ward Quarter",1260004
Mon,"Thuwunnawady Town","Thein Seik Quarter",1261001
Mon,"Thuwunnawady Town","Kyeik Kaw Quarter",1261002
Mon,"Thuwunnawady Town","Taung Kyar Quarter",1261003
Mon,"Zinkyaik Town","Zinkyaik Quarter",1262001
Mon,"Zinkyaik Town","Kha Lauk Inn Quarter",1262002
Mon,"Zinkyaik Town","Hpa Lup Quarter",1262003
Mon,"Zinkyaik Town","Sar Hpo Su Quarter",1262004
Mon,"Kamarwet Town","Ka Mar Wet Quarter",1263001
Mon,"Kamarwet Town","Thein Kone Quarter",1263002
Mon,"Kamarwet Town","Sein Taung Quarter",1263003
Mon,"Kamarwet Town","Htaung Kay Quarter",1263004
Mon,"Kamarwet Town","Gon Nyin Tan Quarter",1263005
Mon,"Kyaikkhami Town","Dhamma Zay Di Quarter",1264001
Mon,"Kyaikkhami Town","Aung Pin Lel Quarter",1264002
Mon,"Kyaikkhami Town","Myo Ma Zay Quarter",1264003
Mon,"Kyaikkhami Town","Aung Thu Kha Quarter",1264004
Mon,"Kyaikkhami Town","Yang Aung Myay Quarter",1264005
Mon,"Kyaikkhami Town","Man Ya Da Nar Quarter",1264006
Mon,"Lamaing Town","No (1) Quarter",1265001
Mon,"Lamaing Town","No (2) Quarter",1265002
Mon,"Lamaing Town","No (3) Quarter",1265003
Mon,"Khawzar Town","No (1) Quarter",1266001
Mon,"Khawzar Town","No (2) Quarter",1266002
