﻿Region,"Town / Township","Ward / Village Tract","Postal Code"
"Bago Region (East)","Bago Township","Me Khon Village Tract",0801200
"Bago Region (East)","Bago Township","Ka Twin Chan Village Tract",0801201
"Bago Region (East)","Bago Township","Hmon Taing Village Tract",0801202
"Bago Region (East)","Bago Township","Ka Mar Nat Village Tract",0801203
"Bago Region (East)","Bago Township","Zay Nyaung Pin Village Tract",0801204
"Bago Region (East)","Bago Township","Ah Htet Si Dee (West) Village Tract",0801205
"Bago Region (East)","Bago Township","Ah Htet Si Dee (East) Village Tract",0801206
"Bago Region (East)","Bago Township","Auk Si Dee (West) Village Tract",0801207
"Bago Region (East)","Bago Township","Auk Si Dee (East) Village Tract",0801208
"Bago Region (East)","Bago Township","Oe Bo Village Tract",0801209
"Bago Region (East)","Bago Township","Saing Di Village Tract",0801210
"Bago Region (East)","Bago Township","Moke Ka La Village Tract",0801211
"Bago Region (East)","Bago Township","Hpa Yar Ka Lay Village Tract",0801212
"Bago Region (East)","Bago Township","Hpa Yar Gyi Village Tract",0801213
"Bago Region (East)","Bago Township","Tat Ka Lay Village Tract",0801214
"Bago Region (East)","Bago Township","Ma Yin Village Tract",0801215
"Bago Region (East)","Bago Township","Ah Waing Village Tract",0801216
"Bago Region (East)","Bago Township","Wan Be Inn Village Tract",0801217
"Bago Region (East)","Bago Township","Ywar Thit Village Tract",0801218
"Bago Region (East)","Bago Township","Pyin Pon Gyi Village Tract",0801219
"Bago Region (East)","Bago Township","Tha Pyay Yoe Village Tract",0801220
"Bago Region (East)","Bago Township","Win Ga Baw Village Tract",0801221
"Bago Region (East)","Bago Township","Shwe Tan Village Tract",0801222
"Bago Region (East)","Bago Township","Let Pan Khon Village Tract",0801223
"Bago Region (East)","Bago Township","Khon Taing Village Tract",0801224
"Bago Region (East)","Bago Township","Pay Pin Chaung Village Tract",0801225
"Bago Region (East)","Bago Township","Shan Ywar Gyi Village Tract",0801226
"Bago Region (East)","Bago Township","Oke Hpo Village Tract",0801227
"Bago Region (East)","Bago Township","Ah Htet Zaing Ga Naing Gyi Village Tract",0801228
"Bago Region (East)","Bago Township","Baw Net Gyi Village Tract",0801229
"Bago Region (East)","Bago Township","Sit Pin Seik Village Tract",0801230
"Bago Region (East)","Bago Township","Kyaik Day Yon Village Tract",0801231
"Bago Region (East)","Bago Township","Pauk Taw Village Tract",0801232
"Bago Region (East)","Bago Township","Inn Ta Kaw Village Tract",0801233
"Bago Region (East)","Bago Township","Kyauk Tan Village Tract",0801234
"Bago Region (East)","Bago Township","Tar Wa Bu Tar Village Tract",0801235
"Bago Region (East)","Bago Township","Kin Paing Chon Village Tract",0801236
"Bago Region (East)","Bago Township","Gwayt Tan Shey Village Tract",0801237
"Bago Region (East)","Bago Township","Htone Gyi Village Tract",0801238
"Bago Region (East)","Bago Township","Kan Ni Village Tract",0801239
"Bago Region (East)","Bago Township","Kawt Che Village Tract",0801240
"Bago Region (East)","Bago Township","Nyaung Inn Village Tract",0801241
"Bago Region (East)","Bago Township","Hnget Pyaw Taw Village Tract",0801242
"Bago Region (East)","Bago Township","Bu Lel Inn Village Tract",0801243
"Bago Region (East)","Bago Township","Htan Pin Chaung Village Tract",0801244
"Bago Region (East)","Bago Township","Let Pan Win Village Tract",0801245
"Bago Region (East)","Bago Township","Kun Paung Village Tract",0801246
"Bago Region (East)","Bago Township","Thar Yar Kone Village Tract",0801247
"Bago Region (East)","Bago Township","La Thar Kone Village Tract",0801248
"Bago Region (East)","Bago Township","Hpa Yar Ngoke To Village Tract",0801249
"Bago Region (East)","Bago Township","Pyin Ma Ngu Village Tract",0801250
"Bago Region (East)","Bago Township","Hmaw Lon Village Tract",0801251
"Bago Region (East)","Bago Township","Zaung Tu Village Tract",0801252
"Bago Region (East)","Bago Township","Zee Taw Village Tract",0801253
"Bago Region (East)","Bago Township","Ta Mar Pin Village Tract",0801254
"Bago Region (East)","Bago Township","Htan Taw Gyi Village Tract",0801255
"Bago Region (East)","Bago Township","Auk Ka Bar Village Tract",0801256
"Bago Region (East)","Bago Township","Kan Myint Village Tract",0801257
"Bago Region (East)","Bago Township","Ah Seik Taung Village Tract",0801258
"Bago Region (East)","Bago Township","War Pyan Kone Village Tract",0801259
"Bago Region (East)","Bago Township","Than Soet Pin Village Tract",0801260
"Bago Region (East)","Bago Township","Tha Yet Kone Village Tract",0801261
"Bago Region (East)","Bago Township","War Ma Yan Village Tract",0801262
"Bago Region (East)","Bago Township","Ah Laing Ni Village Tract",0801263
"Bago Region (East)","Bago Township","Lay Ein Su Village Tract",0801264
"Bago Region (East)","Bago Township","Hlaw Kar Village Tract",0801265
"Bago Region (East)","Bago Township","Thar Yar Aye Village Tract",0801266
"Bago Region (East)","Bago Township","La Thar Aye Village Tract",0801267
"Bago Region (East)","Bago Township","Thu Htay Kone Village Tract",0801268
"Bago Region (East)","Kyauktaga Township","Aung Myin Village Tract",0802200
"Bago Region (East)","Kyauktaga Township","Yin Taik Kone Village Tract",0802201
"Bago Region (East)","Kyauktaga Township","Say Yoe Khin Village Tract",0802202
"Bago Region (East)","Kyauktaga Township","Khwet Ma Village Tract",0802203
"Bago Region (East)","Kyauktaga Township","Tha Min Inn Kone Village Tract",0802204
"Bago Region (East)","Kyauktaga Township","Taung Khin Village Tract",0802205
"Bago Region (East)","Kyauktaga Township","Kyaung Soe Village Tract",0802206
"Bago Region (East)","Kyauktaga Township","Kyein Khar Kone Village Tract",0802207
"Bago Region (East)","Kyauktaga Township","Baw Di Kwin Village Tract",0802208
"Bago Region (East)","Kyauktaga Township","Ah Nan Baw Village Tract",0802209
"Bago Region (East)","Kyauktaga Township","Ka Nyin Kyoe Village Tract",0802210
"Bago Region (East)","Kyauktaga Township","Sin Za Loke Village Tract",0802211
"Bago Region (East)","Kyauktaga Township","Khin Inn Gyi Village Tract",0802212
"Bago Region (East)","Kyauktaga Township","Kyar Inn Kone Village Tract",0802213
"Bago Region (East)","Kyauktaga Township","Kin Mun Inn Village Tract",0802214
"Bago Region (East)","Kyauktaga Township","Tu Maung Village Tract",0802215
"Bago Region (East)","Kyauktaga Township","Kan Ka Lay Village Tract",0802216
"Bago Region (East)","Kyauktaga Township","Kyay Yoe Village Tract",0802217
"Bago Region (East)","Kyauktaga Township","Mee Taing Taw Village Tract",0802218
"Bago Region (East)","Kyauktaga Township","Ga Net Village Tract",0802219
"Bago Region (East)","Kyauktaga Township","Har Ree Village Tract",0802220
"Bago Region (East)","Kyauktaga Township","Gway Kone Village Tract",0802221
"Bago Region (East)","Kyauktaga Township","Inn Pat Lel Village Tract",0802222
"Bago Region (East)","Kyauktaga Township","Bweit Chin Village Tract",0802223
"Bago Region (East)","Kyauktaga Township","Htee Lat Village Tract",0802224
"Bago Region (East)","Kyauktaga Township","Kin Village Tract",0802225
"Bago Region (East)","Kyauktaga Township","Si Son Kone Village Tract",0802226
"Bago Region (East)","Kyauktaga Township","Let Khan Village Tract",0802227
"Bago Region (East)","Kyauktaga Township","Nan Za Village Tract",0802228
"Bago Region (East)","Kyauktaga Township","Ma Gyi Pin Village Tract",0802229
"Bago Region (East)","Kyauktaga Township","Pe Nwe Kone Ywar Ma Village Tract",0802230
"Bago Region (East)","Kyauktaga Township","Za Yat Khin Village Tract",0802231
"Bago Region (East)","Kyauktaga Township","Khin Gyi (Shan Su) Village Tract",0802232
"Bago Region (East)","Kyauktaga Township","Hpa Do Village Tract",0802233
"Bago Region (East)","Kyauktaga Township","Waing Gyi Village Tract",0802234
"Bago Region (East)","Kyauktaga Township","Taung Paw Su Village Tract",0802235
"Bago Region (East)","Kyauktaga Township","Shan Doe Tan Village Tract",0802236
"Bago Region (East)","Kyauktaga Township","Gyoet Chaung Village Tract",0802237
"Bago Region (East)","Kyauktaga Township","Than Pu Yar Khon Village Tract",0802238
"Bago Region (East)","Kyauktaga Township","Myo Chaung Village Tract",0802239
"Bago Region (East)","Kyauktaga Township","Kone Lel Yoe Village Tract",0802240
"Bago Region (East)","Kyauktaga Township","Kyun Chaung Village Tract",0802241
"Bago Region (East)","Kyauktaga Township","Thu Htay Gyi Ywar Thit Village Tract",0802242
"Bago Region (East)","Kyauktaga Township","Hpyu Su Village Tract",0802243
"Bago Region (East)","Kyauktaga Township","Gon Min Kwin Village Tract",0802244
"Bago Region (East)","Kyauktaga Township","Sar Pyin Village Tract",0802245
"Bago Region (East)","Kyauktaga Township","Se Lay Village Tract",0802246
"Bago Region (East)","Nyaunglebin Township","Ah Lel Village Tract",0803200
"Bago Region (East)","Nyaunglebin Township","Chaung Kyoe Village Tract",0803201
"Bago Region (East)","Nyaunglebin Township","Da La Seik Village Tract",0803202
"Bago Region (East)","Nyaunglebin Township","Aye Village Tract",0803203
"Bago Region (East)","Nyaunglebin Township","Gway Kone (East) Village Tract",0803204
"Bago Region (East)","Nyaunglebin Township","Gyoet Pin Village Tract",0803205
"Bago Region (East)","Nyaunglebin Township","Gyaung Tar Village Tract",0803206
"Bago Region (East)","Nyaunglebin Township","Hle Seik Village Tract",0803207
"Bago Region (East)","Nyaunglebin Township","Inn Chaung Village Tract",0803208
"Bago Region (East)","Nyaunglebin Township","In Kone Village Tract",0803209
"Bago Region (East)","Nyaunglebin Township","Inn Waing Village Tract",0803210
"Bago Region (East)","Nyaunglebin Township","Ka Lein Khin Village Tract",0803211
"Bago Region (East)","Nyaunglebin Township","Kan Ka Lay Village Tract",0803212
"Bago Region (East)","Nyaunglebin Township","Kone Inn Village Tract",0803213
"Bago Region (East)","Nyaunglebin Township","Chaung Yin Village Tract",0803214
"Bago Region (East)","Nyaunglebin Township","Kwin Da La Village Tract",0803215
"Bago Region (East)","Nyaunglebin Township","Kya Ban Village Tract",0803216
"Bago Region (East)","Nyaunglebin Township","Kyan Bo Village Tract",0803217
"Bago Region (East)","Nyaunglebin Township","Kyar Inn Gyi Village Tract",0803218
"Bago Region (East)","Nyaunglebin Township","Moke Kha Mu Village Tract",0803219
"Bago Region (East)","Nyaunglebin Township","Moe Kho Village Tract",0803220
"Bago Region (East)","Nyaunglebin Township","Hnget Pyaw Taw Village Tract",0803221
"Bago Region (East)","Nyaunglebin Township","Nyaung Pin Pauk Village Tract",0803222
"Bago Region (East)","Nyaunglebin Township","Na Be Pin Village Tract",0803223
"Bago Region (East)","Nyaunglebin Township","Pein Za Loke Village Tract",0803224
"Bago Region (East)","Nyaunglebin Township","Hpoe Toke Pon Village Tract",0803225
"Bago Region (East)","Nyaunglebin Township","Pyin Yae Gyi Village Tract",0803226
"Bago Region (East)","Nyaunglebin Township","San Ka Lay (East) Village Tract",0803227
"Bago Region (East)","Nyaunglebin Township","San Gyi Village Tract",0803228
"Bago Region (East)","Nyaunglebin Township","Shan Village Tract",0803229
"Bago Region (East)","Nyaunglebin Township","Swea Da Lwe Village Tract",0803230
"Bago Region (East)","Nyaunglebin Township","Htaw Nut Village Tract",0803231
"Bago Region (East)","Nyaunglebin Township","Taw Pa Thi Village Tract",0803232
"Bago Region (East)","Nyaunglebin Township","Taw Wi Village Tract",0803233
"Bago Region (East)","Nyaunglebin Township","Htein Ta Pin Village Tract",0803234
"Bago Region (East)","Nyaunglebin Township","Thaung Gyi Village Tract",0803235
"Bago Region (East)","Nyaunglebin Township","Htin Kone Village Tract",0803236
"Bago Region (East)","Nyaunglebin Township","Than Ta Dar Village Tract",0803237
"Bago Region (East)","Nyaunglebin Township","War Pa Taw Village Tract",0803238
"Bago Region (East)","Nyaunglebin Township","War Yon Kone Village Tract",0803239
"Bago Region (East)","Nyaunglebin Township","Win Ga Baw Village Tract",0803240
"Bago Region (East)","Nyaunglebin Township","Wea Wun Village Tract",0803241
"Bago Region (East)","Nyaunglebin Township","Yae Hpyu Kan Village Tract",0803242
"Bago Region (East)","Nyaunglebin Township","Yae Twin Kone Village Tract",0803243
"Bago Region (East)","Nyaunglebin Township","Yae Sone Village Tract",0803244
"Bago Region (East)","Nyaunglebin Township","Yae Kyaw Village Tract",0803245
"Bago Region (East)","Nyaunglebin Township","Yae Paw Thaung Village Tract",0803246
"Bago Region (East)","Nyaunglebin Township","Zee Kone Gyi Village Tract",0803247
"Bago Region (East)","Nyaunglebin Township","Si Pin Village Tract",0803248
"Bago Region (East)","Kyaukkyi Township","Ma Au Pin Seik Village Tract",0804200
"Bago Region (East)","Kyaukkyi Township","Mi Chaung Gaung Village Tract",0804201
"Bago Region (East)","Kyaukkyi Township","Kyauk Pon Lel Village Tract",0804202
"Bago Region (East)","Kyaukkyi Township","Tone Gyi Village Tract",0804203
"Bago Region (East)","Kyaukkyi Township","Kyauk Pon (South) Village Tract",0804204
"Bago Region (East)","Kyaukkyi Township","Inn Net Village Tract",0804205
"Bago Region (East)","Kyaukkyi Township","Ga Mone Aing Village Tract",0804206
"Bago Region (East)","Kyaukkyi Township","Pat Ta Lar Village Tract",0804207
"Bago Region (East)","Kyaukkyi Township","Wet Lar Taw Village Tract",0804208
"Bago Region (East)","Kyaukkyi Township","Ma Ma Yan Village Tract",0804209
"Bago Region (East)","Kyaukkyi Township","Kywe Ta Lin Village Tract",0804210
"Bago Region (East)","Kyaukkyi Township","Lel Waing Gyi Village Tract",0804211
"Bago Region (East)","Kyaukkyi Township","Hto War Saik Village Tract",0804212
"Bago Region (East)","Kyaukkyi Township","Kyauk Sa Yit Village Tract",0804213
"Bago Region (East)","Kyaukkyi Township","Daung Moet Village Tract",0804214
"Bago Region (East)","Kyaukkyi Township","Yae Le Village Tract",0804215
"Bago Region (East)","Kyaukkyi Township","Nat Than Kwin Village Tract",0804216
"Bago Region (East)","Kyaukkyi Township","Nga / Htway Soke Village Tract",0804217
"Bago Region (East)","Kyaukkyi Township","Wea Gyi Village Tract",0804218
"Bago Region (East)","Kyaukkyi Township","Ywar Gyi Inn Village Tract",0804219
"Bago Region (East)","Kyaukkyi Township","Naung Kone Village Tract",0804220
"Bago Region (East)","Kyaukkyi Township","Mone Village Tract",0804221
"Bago Region (East)","Kyaukkyi Township","Thaung Lel Village Tract",0804222
"Bago Region (East)","Kyaukkyi Township","Tat Kone Village Tract",0804223
"Bago Region (East)","Kyaukkyi Township","Nyaung Pin Thar Village Tract",0804224
"Bago Region (East)","Kyaukkyi Township","Mway Twin Village Tract",0804225
"Bago Region (East)","Kyaukkyi Township","Taw Pu Village Tract",0804226
"Bago Region (East)","Kyaukkyi Township","Mee Taing Taw Village Tract",0804227
"Bago Region (East)","Kyaukkyi Township","Myaung Yoe Gyi Village Tract",0804228
"Bago Region (East)","Kyaukkyi Township","Kyun Pin Seik Village Tract",0804229
"Bago Region (East)","Kyaukkyi Township","Me Poke Village Tract",0804230
"Bago Region (East)","Kyaukkyi Township","Naung Bo Village Tract",0804231
"Bago Region (East)","Kyaukkyi Township","Kyet Thaung Taung Village Tract",0804232
"Bago Region (East)","Kyaukkyi Township","Kwee Lar Village Tract",0804233
"Bago Region (East)","Kyaukkyi Township","Kat Pei Lan Khwe Village Tract",0804234
"Bago Region (East)","Kyaukkyi Township","Zint Kar Village Tract",0804235
"Bago Region (East)","Kyaukkyi Township","Khe Doe Village Tract",0804236
"Bago Region (East)","Kyaukkyi Township","Kyay See (South) Village Tract",0804237
"Bago Region (East)","Kyaukkyi Township","Yae Pu Village Tract",0804238
"Bago Region (East)","Kyaukkyi Township","Khu Hmaing Village Tract",0804239
"Bago Region (East)","Kyaukkyi Township","Htee Yoe Baw Ta Htar Village Tract",0804240
"Bago Region (East)","Kyaukkyi Township","Seik Chaung Village Tract",0804241
"Bago Region (East)","Kyaukkyi Township","Pa Dar Village Tract",0804242
"Bago Region (East)","Kyaukkyi Township","Maw Tho Gyi Village Tract",0804243
"Bago Region (East)","Kyaukkyi Township","Hpaung Seik Village Tract",0804244
"Bago Region (East)","Kyaukkyi Township","Ma Yan Myaung Village Tract",0804245
"Bago Region (East)","Shwegyin Township","Za Loke Gyi Village Tract",0805200
"Bago Region (East)","Shwegyin Township","Nyaung Chay Htauk Village Tract",0805201
"Bago Region (East)","Shwegyin Township","Kun Seik Village Tract",0805202
"Bago Region (East)","Shwegyin Township","Don Za Yit Village Tract",0805203
"Bago Region (East)","Shwegyin Township","Son Kone Village Tract",0805204
"Bago Region (East)","Shwegyin Township","Ta Khun Taing Village Tract",0805205
"Bago Region (East)","Shwegyin Township","Taung Bet Village Tract",0805206
"Bago Region (East)","Shwegyin Township","Win Kha Nein Village Tract",0805207
"Bago Region (East)","Shwegyin Township","Kan Bay Aing Village Tract",0805208
"Bago Region (East)","Shwegyin Township","Ah Nauk Hpet Village Tract",0805209
"Bago Region (East)","Shwegyin Township","Chay Taw Yar Village Tract",0805210
"Bago Region (East)","Shwegyin Township","Tha Yet Chaung Village Tract",0805211
"Bago Region (East)","Shwegyin Township","Inn Ga Ni Village Tract",0805212
"Bago Region (East)","Shwegyin Township","Than Seik Village Tract",0805213
"Bago Region (East)","Shwegyin Township","Ma Au Pin Village Tract",0805214
"Bago Region (East)","Shwegyin Township","Pa De Kaw Village Tract",0805215
"Bago Region (East)","Shwegyin Township","Ma Bee Village Tract",0805216
"Bago Region (East)","Shwegyin Township","Hin Thar Wea Village Tract",0805217
"Bago Region (East)","Shwegyin Township","Da La Seik Village Tract",0805218
"Bago Region (East)","Shwegyin Township","Inn Ba Lar Village Tract",0805219
"Bago Region (East)","Shwegyin Township","Waing Kyun Village Tract",0805220
"Bago Region (East)","Shwegyin Township","Nyaung Pin Gyi Village Tract",0805221
"Bago Region (East)","Shwegyin Township","Thet Kei Kone Village Tract",0805222
"Bago Region (East)","Shwegyin Township","Htaung Laung Village Tract",0805223
"Bago Region (East)","Shwegyin Township","Baw Ka Htar Village Tract",0805224
"Bago Region (East)","Shwegyin Township","Saw Pe Doe Village Tract",0805225
"Bago Region (East)","Shwegyin Township","Le War Village Tract",0805226
"Bago Region (East)","Shwegyin Township","Ah Htet Me Zaung Village Tract",0805227
"Bago Region (East)","Shwegyin Township","Sin Hpyu Aing Village Tract",0805228
"Bago Region (East)","Shwegyin Township","Khu Lar Village Tract",0805229
"Bago Region (East)","Shwegyin Township","Auk Me Zaung Village Tract",0805230
"Bago Region (East)","Shwegyin Township","Htee Ka Lay Village Tract",0805231
"Bago Region (East)","Shwegyin Township","Set Hle Village Tract",0805232
"Bago Region (East)","Shwegyin Township","Htee Tha Pyu Village Tract",0805233
"Bago Region (East)","Shwegyin Township","Hpa Yar Ka Lay Village Tract",0805234
"Bago Region (East)","Shwegyin Township","Mar Raw Kho Village Tract",0805235
"Bago Region (East)","Shwegyin Township","Kun Hpeit Village Tract",0805236
"Bago Region (East)","Shwegyin Township","Me Taing Wa Village Tract",0805237
"Bago Region (East)","Shwegyin Township","Le Yat Village Tract",0805238
"Bago Region (East)","Shwegyin Township","Sa Lu Chaung Village Tract",0805239
"Bago Region (East)","Shwegyin Township","Me Waing Village Tract",0805240
"Bago Region (East)","Shwegyin Township","Kyon Chaung (Upper) Village Tract",0805241
"Bago Region (East)","Shwegyin Township","Ka Mawt Htaw Village Tract",0805242
"Bago Region (East)","Shwegyin Township","Me Lawt (Upper) Village Tract",0805243
"Bago Region (East)","Shwegyin Township","U Poke Chaung Village Tract",0805244
"Bago Region (East)","Shwegyin Township","Me Yit Village Tract",0805245
"Bago Region (East)","Shwegyin Township","Me Hpaung Wa Village Tract",0805246
"Bago Region (East)","Shwegyin Township","Kyar Chaung Village Tract",0805247
"Bago Region (East)","Shwegyin Township","Du Yin Pin Village Tract",0805248
"Bago Region (East)","Shwegyin Township","Me Tha Net (Lower) Village Tract",0805249
"Bago Region (East)","Shwegyin Township","Me Ka Dee Village Tract",0805250
"Bago Region (East)","Shwegyin Township","Moe Tha Pyu Village Tract",0805251
"Bago Region (East)","Shwegyin Township","Htee Nyar Na Village Tract",0805252
"Bago Region (East)","Shwegyin Township","Kyon Pa Ku Hpyar Village Tract",0805253
"Bago Region (East)","Shwegyin Township","Ye Thaung Village Tract",0805254
"Bago Region (East)","Shwegyin Township","Htee Hpa Lo (Yae Pu) Village Tract",0805255
"Bago Region (East)","Shwegyin Township","Tar Tu Lawt Village Tract",0805256
"Bago Region (East)","Shwegyin Township","Du Yin Pin Village Tract",0805257
"Bago Region (East)","Shwegyin Township","Shan Su Village Tract",0805258
"Bago Region (East)","Shwegyin Township","Me Thaung Village Tract",0805259
"Bago Region (East)","Daik-U Township","Kyun Kone Village Tract",0806200
"Bago Region (East)","Daik-U Township","Ein Chay Lay Se Village Tract",0806201
"Bago Region (East)","Daik-U Township","Thea Kaw Village Tract",0806202
"Bago Region (East)","Daik-U Township","Hpaung Taw Thi Village Tract",0806203
"Bago Region (East)","Daik-U Township","Shan Su Village Tract",0806204
"Bago Region (East)","Daik-U Township","Pu Kaing Village Tract",0806205
"Bago Region (East)","Daik-U Township","Pauk Ta Pin Village Tract",0806206
"Bago Region (East)","Daik-U Township","Kan Ka Lay Village Tract",0806207
"Bago Region (East)","Daik-U Township","Tha Yet Taw Village Tract",0806208
"Bago Region (East)","Daik-U Township","Pa Thwei Village Tract",0806209
"Bago Region (East)","Daik-U Township","Pyin Pon Lay Village Tract",0806210
"Bago Region (East)","Daik-U Township","Tha Pyay Tan Village Tract",0806211
"Bago Region (East)","Daik-U Township","Inn Ta Zin Village Tract",0806212
"Bago Region (East)","Daik-U Township","Pwe Ta Mawt Village Tract",0806213
"Bago Region (East)","Daik-U Township","Pyin Ma Lwin Village Tract",0806214
"Bago Region (East)","Daik-U Township","Ka Toke Ywar Ma Village Tract",0806215
"Bago Region (East)","Daik-U Township","Ta Man Gyi Village Tract",0806216
"Bago Region (East)","Daik-U Township","Byaing Chei Village Tract",0806217
"Bago Region (East)","Daik-U Township","Ka Toke Hpa Yar Gyi Village Tract",0806218
"Bago Region (East)","Daik-U Township","Sin Sa Khan Village Tract",0806219
"Bago Region (East)","Daik-U Township","Ta Kaung Village Tract",0806220
"Bago Region (East)","Daik-U Township","Shwe In Don Ywar Thit Village Tract",0806221
"Bago Region (East)","Daik-U Township","Doe Tan Village Tract",0806222
"Bago Region (East)","Daik-U Township","Sar Par Chon Village Tract",0806223
"Bago Region (East)","Daik-U Township","Taung Tha Le Myaung Village Tract",0806224
"Bago Region (East)","Daik-U Township","Sit Bo Gyi Village Tract",0806225
"Bago Region (East)","Daik-U Township","Byet Gyi Village Tract",0806226
"Bago Region (East)","Daik-U Township","Sin Za Loke Village Tract",0806227
"Bago Region (East)","Daik-U Township","Oke Shit Kone Village Tract",0806228
"Bago Region (East)","Daik-U Township","Thone Gwa Village Tract",0806229
"Bago Region (East)","Daik-U Township","Ka Li Village Tract",0806230
"Bago Region (East)","Daik-U Township","Pa Nut Village Tract",0806231
"Bago Region (East)","Daik-U Township","Hpa Aung Su Village Tract",0806232
"Bago Region (East)","Daik-U Township","Min Ga Lun Village Tract",0806233
"Bago Region (East)","Daik-U Township","Nat Kin Village Tract",0806234
"Bago Region (East)","Daik-U Township","Koke Kaing Village Tract",0806235
"Bago Region (East)","Daik-U Township","Baw Ni Village Tract",0806236
"Bago Region (East)","Daik-U Township","Ma Au Kone Village Tract",0806237
"Bago Region (East)","Daik-U Township","Hpa Yar Gyi Kwin Village Tract",0806238
"Bago Region (East)","Daik-U Township","Kyaik Sa Kaw (East) Village Tract",0806239
"Bago Region (East)","Daik-U Township","Kyaik Sa Kaw (West) Village Tract",0806240
"Bago Region (East)","Daik-U Township","Bagan Kwe Village Tract",0806241
"Bago Region (East)","Daik-U Township","Hmaw Inn Village Tract",0806242
"Bago Region (East)","Daik-U Township","Ka Mar Hpa Yon Village Tract",0806243
"Bago Region (East)","Waw Township","Naung Pat Ta Yar Village Tract",0807200
"Bago Region (East)","Waw Township","Naung Gyan Village Tract",0807201
"Bago Region (East)","Waw Township","Tha Bawt Kan Village Tract",0807202
"Bago Region (East)","Waw Township","Aye Ka Rit Village Tract",0807203
"Bago Region (East)","Waw Township","Kyaik Hla Village Tract",0807204
"Bago Region (East)","Waw Township","Waw Shan Su Village Tract",0807205
"Bago Region (East)","Waw Township","Kyar La Har Village Tract",0807206
"Bago Region (East)","Waw Township","Kan Myint Village Tract",0807207
"Bago Region (East)","Waw Township","Kyon Thin Village Tract",0807208
"Bago Region (East)","Waw Township","Kawt Win Village Tract",0807209
"Bago Region (East)","Waw Township","Nyaung Thone Gwa Village Tract",0807210
"Bago Region (East)","Waw Township","Moe Net Village Tract",0807211
"Bago Region (East)","Waw Township","Nyaung Kaing Village Tract",0807212
"Bago Region (East)","Waw Township","Ka Dut Village Tract",0807213
"Bago Region (East)","Waw Township","Kyon Ye Village Tract",0807214
"Bago Region (East)","Waw Township","Bo Ka Taw Village Tract",0807215
"Bago Region (East)","Waw Township","Let Pan Thone Pin Village Tract",0807216
"Bago Region (East)","Waw Township","Ka Mar Ka Ban Village Tract",0807217
"Bago Region (East)","Waw Township","Hpa Yar Pyo Village Tract",0807218
"Bago Region (East)","Waw Township","Htein Ta Pin Village Tract",0807219
"Bago Region (East)","Waw Township","Zee Hpyu Kone Village Tract",0807220
"Bago Region (East)","Waw Township","Win Ka Dat Village Tract",0807221
"Bago Region (East)","Waw Township","Taw Gyi Village Tract",0807222
"Bago Region (East)","Waw Township","Shan Kaing Village Tract",0807223
"Bago Region (East)","Waw Township","Ah Htet Pan Nyo Village Tract",0807224
"Bago Region (East)","Waw Township","Tha Pyay Kan Village Tract",0807225
"Bago Region (East)","Waw Township","Nyaung Khar Shey Village Tract",0807226
"Bago Region (East)","Waw Township","Hmon Ka Tone Village Tract",0807227
"Bago Region (East)","Waw Township","Sat Thwar Chon Village Tract",0807228
"Bago Region (East)","Waw Township","Ah Byar Hnget Chay Win Village Tract",0807229
"Bago Region (East)","Waw Township","Ah Byar Ah Lel Su Village Tract",0807230
"Bago Region (East)","Waw Township","Ah Byar Bo Te Village Tract",0807231
"Bago Region (East)","Waw Township","Boe Pyan Village Tract",0807232
"Bago Region (East)","Waw Township","Boe Sa Bai Village Tract",0807233
"Bago Region (East)","Waw Township","Ah Byar Hta Min Saing Village Tract",0807234
"Bago Region (East)","Waw Township","Saing Ti Su Village Tract",0807235
"Bago Region (East)","Waw Township","Inn Taing su Village Tract",0807236
"Bago Region (East)","Waw Township","Ta Mar Ta Kay Village Tract",0807237
"Bago Region (East)","Waw Township","Khin Tan Gyi Village Tract",0807238
"Bago Region (East)","Waw Township","Boe U Sein Village Tract",0807239
"Bago Region (East)","Waw Township","Lay Ein Su Village Tract",0807240
"Bago Region (East)","Waw Township","Myit Kyoe Village Tract",0807241
"Bago Region (East)","Waw Township","Gwayt Gyi Village Tract",0807242
"Bago Region (East)","Waw Township","Bagan Village Tract",0807243
"Bago Region (East)","Waw Township","Let Pan Village Tract",0807244
"Bago Region (East)","Waw Township","Ta Naw Kyun Village Tract",0807245
"Bago Region (East)","Waw Township","Oke Hpo Village Tract",0807246
"Bago Region (East)","Waw Township","Thu Ye Thu Mein Village Tract",0807247
"Bago Region (East)","Waw Township","Sin Village Tract",0807248
"Bago Region (East)","Waw Township","Da La Nwan Village Tract",0807249
"Bago Region (East)","Waw Township","Waing Pat Village Tract",0807250
"Bago Region (East)","Waw Township","Ah Bar Village Tract",0807251
"Bago Region (East)","Waw Township","Ka Pin Village Tract",0807252
"Bago Region (East)","Waw Township","Set Su Village Tract",0807253
"Bago Region (East)","Waw Township","Thu Htay Kone Village Tract",0807254
"Bago Region (East)","Waw Township","Auk Gwayt Gyi Village Tract",0807255
"Bago Region (East)","Waw Township","Boe Sein Dar Su Village Tract",0807256
"Bago Region (East)","Waw Township","Kayin Su Village Tract",0807257
"Bago Region (East)","Thanatpin Township","Yae Kyaw Village Tract",0808200
"Bago Region (East)","Thanatpin Township","Ma Kyet Su Village Tract",0808201
"Bago Region (East)","Thanatpin Township","Ka Laing Village Tract",0808202
"Bago Region (East)","Thanatpin Township","Sun Pi Village Tract",0808203
"Bago Region (East)","Thanatpin Township","Ka Mar Hpa Yan Village Tract",0808204
"Bago Region (East)","Thanatpin Township","Hpa Ye Village Tract",0808205
"Bago Region (East)","Thanatpin Township","Ngar Gyi Win Village Tract",0808206
"Bago Region (East)","Thanatpin Township","Htaung Min Village Tract",0808207
"Bago Region (East)","Thanatpin Township","Tar Wa Yae Ta Khar Village Tract",0808208
"Bago Region (East)","Thanatpin Township","Ka Thea Kone Village Tract",0808209
"Bago Region (East)","Thanatpin Township","Kyaik Pa Daing Gyi Village Tract",0808210
"Bago Region (East)","Thanatpin Township","Kyaik Pa Daing Lay Village Tract",0808211
"Bago Region (East)","Thanatpin Township","Sint Oe Bo Village Tract",0808212
"Bago Region (East)","Thanatpin Township","Ta Khun Taing (West) Village Tract",0808213
"Bago Region (East)","Thanatpin Township","Kyaik Me Village Tract",0808214
"Bago Region (East)","Thanatpin Township","Moe Khaing Gyi Village Tract",0808215
"Bago Region (East)","Thanatpin Township","Moe Khaing Lay Village Tract",0808216
"Bago Region (East)","Thanatpin Township","Ah Paing Village Tract",0808217
"Bago Region (East)","Thanatpin Township","Zee Pin Village Tract",0808218
"Bago Region (East)","Thanatpin Township","Kha Yan Village Tract",0808219
"Bago Region (East)","Thanatpin Township","Kha Yan Nyaung Pin Village Tract",0808220
"Bago Region (East)","Thanatpin Township","Min Ywar Tar Wa Village Tract",0808221
"Bago Region (East)","Thanatpin Township","Min Village Tract",0808222
"Bago Region (East)","Thanatpin Township","Min Ywar Kyaung Su Village Tract",0808223
"Bago Region (East)","Thanatpin Township","Kyu Chaung Village Tract",0808224
"Bago Region (East)","Thanatpin Township","Auk Ta Ke Village Tract",0808225
"Bago Region (East)","Thanatpin Township","Kyun Gyi Village Tract",0808226
"Bago Region (East)","Thanatpin Township","Kyon Par Village Tract",0808227
"Bago Region (East)","Thanatpin Township","Wea Pyan Village Tract",0808228
"Bago Region (East)","Thanatpin Township","Nyaung Pin Su Village Tract",0808229
"Bago Region (East)","Thanatpin Township","Auk Thaung Village Tract",0808230
"Bago Region (East)","Thanatpin Township","Kyee Pin Su Village Tract",0808231
"Bago Region (East)","Thanatpin Township","Tha Nat Tan Village Tract",0808232
"Bago Region (East)","Thanatpin Township","Shwe Hlay Su Village Tract",0808233
"Bago Region (East)","Thanatpin Township","Ka Mar Se Village Tract",0808234
"Bago Region (East)","Thanatpin Township","Hla Pa Kit Village Tract",0808235
"Bago Region (East)","Thanatpin Township","Htat Kha Nein Village Tract",0808236
"Bago Region (East)","Thanatpin Township","Ah Nee Kaik Village Tract",0808237
"Bago Region (East)","Thanatpin Township","Kyar Gaung Village Tract",0808238
"Bago Region (East)","Thanatpin Township","Yit Kan Lay Village Tract",0808239
"Bago Region (East)","Thanatpin Township","Taw Boke Su Village Tract",0808240
"Bago Region (East)","Thanatpin Township","Kha Lat Village Tract",0808241
"Bago Region (East)","Thanatpin Township","Nyan Kyun Village Tract",0808242
"Bago Region (East)","Thanatpin Township","Ka Thit Waing Village Tract",0808243
"Bago Region (East)","Thanatpin Township","Ywar Haung Village Tract",0808244
"Bago Region (East)","Thanatpin Township","Kyee Pin Village Tract",0808245
"Bago Region (East)","Thanatpin Township","Lwan Pyay Village Tract",0808246
"Bago Region (East)","Thanatpin Township","Ku lar Chaung Gyi Village Tract",0808247
"Bago Region (East)","Thanatpin Township","Ta Khun Taing (East) Village Tract",0808248
"Bago Region (East)","Thanatpin Township","Nat Yae Kan Village Tract",0808249
"Bago Region (East)","Thanatpin Township","Kywe Te Village Tract",0808250
"Bago Region (East)","Thanatpin Township","Kan Pyo Village Tract",0808251
"Bago Region (East)","Thanatpin Township","Kwin Yar Shey Village Tract",0808252
"Bago Region (East)","Thanatpin Township","Kha Lat Su Village Tract",0808253
"Bago Region (East)","Thanatpin Township","Koke Ko Village Tract",0808254
"Bago Region (East)","Thanatpin Township","Kywe Hpyu Chaung Village Tract",0808255
"Bago Region (East)","Thanatpin Township","Shwe Oe Village Tract",0808256
"Bago Region (East)","Thanatpin Township","Ka Thit Khon Village Tract",0808257
"Bago Region (East)","Thanatpin Township","Ka Pin Village Tract",0808258
"Bago Region (East)","Thanatpin Township","Aung Bon Gyi Village Tract",0808259
"Bago Region (East)","Kawa Township","Kyar Taw Village Tract",0809200
"Bago Region (East)","Kawa Township","Kyar Tet Village Tract",0809201
"Bago Region (East)","Kawa Township","Kyaung Taik Village Tract",0809202
"Bago Region (East)","Kawa Township","Kan Pyaung Village Tract",0809203
"Bago Region (East)","Kawa Township","Kha May Gyi Village Tract",0809204
"Bago Region (East)","Kawa Township","Kha Nee Village Tract",0809205
"Bago Region (East)","Kawa Township","Kha Nar Village Tract",0809206
"Bago Region (East)","Kawa Township","Zwe Kaik Village Tract",0809207
"Bago Region (East)","Kawa Township","Zee Hpyu Kone Village Tract",0809208
"Bago Region (East)","Kawa Township","Nyaung Pin Village Tract",0809209
"Bago Region (East)","Kawa Township","Na Be Pin Village Tract",0809210
"Bago Region (East)","Kawa Township","Pauk Kone Gyi Village Tract",0809211
"Bago Region (East)","Kawa Township","Hpa Lay Village Tract",0809212
"Bago Region (East)","Kawa Township","Moe Ka Nein (Myanmar) Village Tract",0809213
"Bago Region (East)","Kawa Township","Bon Ma Soe Village Tract",0809214
"Bago Region (East)","Kawa Township","Moe Ka Nein (Kayin) Village Tract",0809215
"Bago Region (East)","Kawa Township","Ma Kyet Gyi Village Tract",0809216
"Bago Region (East)","Kawa Township","Shan Kan Village Tract",0809217
"Bago Region (East)","Kawa Township","Tha Byu Village Tract",0809218
"Bago Region (East)","Kawa Township","Tha Pyay Kan Village Tract",0809219
"Bago Region (East)","Kawa Township","Inn Wa Village Tract",0809220
"Bago Region (East)","Kawa Township","Ka Mar Bar Village Tract",0809221
"Bago Region (East)","Kawa Township","Ka Thit Pin Village Tract",0809222
"Bago Region (East)","Kawa Township","Kha Mun Kan Gyi Village Tract",0809223
"Bago Region (East)","Kawa Township","Kha Mun Village Tract",0809224
"Bago Region (East)","Kawa Township","Zwe Bar Village Tract",0809225
"Bago Region (East)","Kawa Township","Zay Hpa Lon Village Tract",0809226
"Bago Region (East)","Kawa Township","Ta Kaw Ka Noke Village Tract",0809227
"Bago Region (East)","Kawa Township","Let Pan Khar Shey Village Tract",0809228
"Bago Region (East)","Kawa Township","Hpoe Yoe Su Village Tract",0809229
"Bago Region (East)","Kawa Township","Htar Wa Village Tract",0809230
"Bago Region (East)","Kawa Township","Hte Nan Village Tract",0809231
"Bago Region (East)","Kawa Township","Neik Ban Village Tract",0809232
"Bago Region (East)","Kawa Township","Paing Kyon Village Tract",0809233
"Bago Region (East)","Kawa Township","Met Ka Bin Village Tract",0809234
"Bago Region (East)","Kawa Township","Mu Du Village Tract",0809235
"Bago Region (East)","Kawa Township","Mway Bway Kone Village Tract",0809236
"Bago Region (East)","Kawa Township","Yit Kan Gyi Village Tract",0809237
"Bago Region (East)","Kawa Township","Thar Yar Kone Village Tract",0809238
"Bago Region (East)","Kawa Township","Hti Tan Village Tract",0809239
"Bago Region (East)","Kawa Township","Thet Ka La Village Tract",0809240
"Bago Region (East)","Kawa Township","Than Tan Khar Village Tract",0809241
"Bago Region (East)","Kawa Township","Thin Ban Kan Village Tract",0809242
"Bago Region (East)","Kawa Township","Than Din Village Tract",0809243
"Bago Region (East)","Kawa Township","Ohn Hne Village Tract",0809244
"Bago Region (East)","Kawa Township","Ah Lel Village Tract",0809245
"Bago Region (East)","Kawa Township","Ah Du Village Tract",0809246
"Bago Region (East)","Kawa Township","Ka Dat Sein Village Tract",0809247
"Bago Region (East)","Kawa Township","Kan Myint Village Tract",0809248
"Bago Region (East)","Kawa Township","Kan Htu Village Tract",0809249
"Bago Region (East)","Kawa Township","Kan Paw Village Tract",0809250
"Bago Region (East)","Kawa Township","Kan Aung Village Tract",0809251
"Bago Region (East)","Kawa Township","Kan Aye Village Tract",0809252
"Bago Region (East)","Kawa Township","Chan Thar Gyi Village Tract",0809253
"Bago Region (East)","Kawa Township","Nyan U Village Tract",0809254
"Bago Region (East)","Kawa Township","Naung Bo Village Tract",0809255
"Bago Region (East)","Kawa Township","Pyawbwe Village Tract",0809256
"Bago Region (East)","Kawa Township","Pauk Kan Village Tract",0809257
"Bago Region (East)","Kawa Township","Shwe Pon Su Village Tract",0809258
"Bago Region (East)","Kawa Township","Shwe Pauk Pin Village Tract",0809259
"Bago Region (East)","Kawa Township","Shwe Nyaung Pin Village Tract",0809260
"Bago Region (East)","Kawa Township","War Taw Village Tract",0809261
"Bago Region (East)","Kawa Township","Tha Yet Kone Village Tract",0809262
"Bago Region (East)","Kawa Township","Tha Pyay Kan Ah Thin Village Tract",0809263
"Bago Region (East)","Kawa Township","Aye Ywar Ah Thin Village Tract",0809264
"Bago Region (East)","Kawa Township","Aye Mun Village Tract",0809265
"Bago Region (East)","Kawa Township","Aung Myay Village Tract",0809266
"Bago Region (East)","Kawa Township","Aung Naing Gyi Village Tract",0809267
"Bago Region (East)","Kawa Township","Aung Thar Village Tract",0809268
"Bago Region (East)","Kawa Township","Aung Kan Hlaing Village Tract",0809269
"Bago Region (East)","Kawa Township","Aung Meik Thar Village Tract",0809270
"Bago Region (East)","Kawa Township","Kan Taw Village Tract",0809271
"Bago Region (East)","Kawa Township","Kan Hla Village Tract",0809272
"Bago Region (East)","Kawa Township","Khe Nan Ah Thin Village Tract",0809273
"Bago Region (East)","Kawa Township","Ta Dar U Village Tract",0809274
"Bago Region (East)","Kawa Township","Hti Tan Ah Thin Village Tract",0809275
"Bago Region (East)","Kawa Township","Pin Ka Laung Village Tract",0809276
"Bago Region (East)","Kawa Township","Kan Nyi Naung Village Tract",0809277
"Bago Region (East)","Kawa Township","Ban Dar Village Tract",0809278
"Bago Region (East)","Kawa Township","Ba Lauk Village Tract",0809279
"Bago Region (East)","Kawa Township","Mi Lauk Village Tract",0809280
"Bago Region (East)","Kawa Township","Ma Mauk Village Tract",0809281
"Bago Region (East)","Kawa Township","Shwe Ta Soke Village Tract",0809282
"Bago Region (East)","Kawa Township","Shwe Gan Village Tract",0809283
"Bago Region (East)","Kawa Township","Wea Pa Tan Village Tract",0809284
"Bago Region (East)","Kawa Township","Thet Ka La Ah Thin Village Tract",0809285
"Bago Region (East)","Kawa Township","Aung Min Ga Lar Village Tract",0809286
"Bago Region (East)","Kawa Township","Ngwe Taung Village Tract",0809287
"Bago Region (East)","Kawa Township","Aung Tha Pyay Village Tract",0809288
"Bago Region (East)","Kawa Township","Aung Kaung Nyunt Village Tract",0809289
"Bago Region (East)","Kawa Township","Aung Pin Thar Village Tract",0809290
"Bago Region (East)","Kawa Township","Zin Yway Kone (Set Kone) Village Tract",0809291
"Bago Region (East)","Taungoo Township","Nga Hpei Inn Village Tract",0810200
"Bago Region (East)","Taungoo Township","Doe Inn Village Tract",0810201
"Bago Region (East)","Taungoo Township","Pa De Village Tract",0810202
"Bago Region (East)","Taungoo Township","Kayin Chaung Village Tract",0810203
"Bago Region (East)","Taungoo Township","Ah Shey Sin Village Tract",0810204
"Bago Region (East)","Taungoo Township","Ah Nauk Sin Village Tract",0810205
"Bago Region (East)","Taungoo Township","Tha Hpan Pin Village Tract",0810206
"Bago Region (East)","Taungoo Township","Moe Kaung Village Tract",0810207
"Bago Region (East)","Taungoo Township","Zee Daing Village Tract",0810208
"Bago Region (East)","Taungoo Township","Kan Ni Village Tract",0810209
"Bago Region (East)","Taungoo Township","Kun Pin Village Tract",0810210
"Bago Region (East)","Taungoo Township","Kyauk Taing Village Tract",0810211
"Bago Region (East)","Taungoo Township","Doe Thaung Village Tract",0810212
"Bago Region (East)","Taungoo Township","Shan Su Gyi Village Tract",0810213
"Bago Region (East)","Taungoo Township","Kin Seik Village Tract",0810214
"Bago Region (East)","Taungoo Township","Shwe Inn Lay Village Tract",0810215
"Bago Region (East)","Taungoo Township","Shauk Pin Chaung Village Tract",0810216
"Bago Region (East)","Taungoo Township","Le Bu Village Tract",0810217
"Bago Region (East)","Taungoo Township","Sin Seik Village Tract",0810218
"Bago Region (East)","Taungoo Township","Hpa Yar Hnit Su Village Tract",0810219
"Bago Region (East)","Taungoo Township","Bo Ka Taw Village Tract",0810220
"Bago Region (East)","Taungoo Township","Htan Kone Village Tract",0810221
"Bago Region (East)","Taungoo Township","Su Tat Village Tract",0810222
"Bago Region (East)","Taungoo Township","Chaung Hpyu Village Tract",0810223
"Bago Region (East)","Taungoo Township","Pe Chet Kone Village Tract",0810224
"Bago Region (East)","Taungoo Township","Myauk Yae Kyi Village Tract",0810225
"Bago Region (East)","Taungoo Township","Nay Pu Kone Village Tract",0810226
"Bago Region (East)","Taungoo Township","Kyun Kone Village Tract",0810227
"Bago Region (East)","Taungoo Township","Ma Hin Village Tract",0810228
"Bago Region (East)","Taungoo Township","In Daing Village Tract",0810229
"Bago Region (East)","Taungoo Township","Kan Yoe Village Tract",0810230
"Bago Region (East)","Taungoo Township","Wet Khauk Sein Village Tract",0810231
"Bago Region (East)","Taungoo Township","Sa Par Kywei Village Tract",0810232
"Bago Region (East)","Taungoo Township","Zee Kone Village Tract",0810233
"Bago Region (East)","Taungoo Township","Ka Nyin Myaung Village Tract",0810234
"Bago Region (East)","Taungoo Township","Na Gar Mauk Village Tract",0810235
"Bago Region (East)","Taungoo Township","Seik Hpu (South) Village Tract",0810236
"Bago Region (East)","Yedashe Township","Khin Tan Gyi Village Tract",0811200
"Bago Region (East)","Yedashe Township","Boe Taw Kone Village Tract",0811201
"Bago Region (East)","Yedashe Township","Kyan Tha Nwe Village Tract",0811202
"Bago Region (East)","Yedashe Township","Pauk Chaung Village Tract",0811203
"Bago Region (East)","Yedashe Township","Pi Tauk Khin Village Tract",0811204
"Bago Region (East)","Yedashe Township","Pi Tu Village Tract",0811205
"Bago Region (East)","Yedashe Township","War Yon Taw Village Tract",0811206
"Bago Region (East)","Yedashe Township","Tha Pyay Tan Village Tract",0811207
"Bago Region (East)","Yedashe Township","Ke Lin Seik Village Tract",0811208
"Bago Region (East)","Yedashe Township","Kywe Yaing Pyin Village Tract",0811209
"Bago Region (East)","Yedashe Township","Sin Gway Village Tract",0811210
"Bago Region (East)","Yedashe Township","Za Loke Gyi Village Tract",0811211
"Bago Region (East)","Yedashe Township","Nyaung Pin Thar Village Tract",0811212
"Bago Region (East)","Yedashe Township","In Daing Village Tract",0811213
"Bago Region (East)","Yedashe Township","Doe Tan Village Tract",0811214
"Bago Region (East)","Yedashe Township","Mi Chaung Aing Village Tract",0811215
"Bago Region (East)","Yedashe Township","Swar Set Yon Village Tract",0811216
"Bago Region (East)","Yedashe Township","Kwin Gyi Village Tract",0811217
"Bago Region (East)","Yedashe Township","Kone Gyi Village Tract",0811218
"Bago Region (East)","Yedashe Township","Thaing Wa Village Tract",0811219
"Bago Region (East)","Yedashe Township","Gon Min Kwin Village Tract",0811220
"Bago Region (East)","Yedashe Township","Swar Min Lan Village Tract",0811221
"Bago Region (East)","Yedashe Township","Ngar Gyi Kwayt Village Tract",0811222
"Bago Region (East)","Yedashe Township","Shwe Ka Zaung Village Tract",0811223
"Bago Region (East)","Yedashe Township","Kun Ohn Village Tract",0811224
"Bago Region (East)","Yedashe Township","Si Paing Village Tract",0811225
"Bago Region (East)","Yedashe Township","Kyeik Pa Tee Village Tract",0811226
"Bago Region (East)","Yedashe Township","Swar Ywar Ma Village Tract",0811227
"Bago Region (East)","Yedashe Township","Pi Tauk Kone Village Tract",0811228
"Bago Region (East)","Yedashe Township","Na Kyat Village Tract",0811229
"Bago Region (East)","Yedashe Township","Sa Kway (Ma Yoe Khon) Village Tract",0811230
"Bago Region (East)","Yedashe Township","Yae Ngan Village Tract",0811231
"Bago Region (East)","Yedashe Township","(Saing) Hpa Yar Kone Village Tract",0811232
"Bago Region (East)","Yedashe Township","Thit Poke Pin Village Tract",0811233
"Bago Region (East)","Yedashe Township","San Taw Poet Village Tract",0811234
"Bago Region (East)","Yedashe Township","Lone Yan Village Tract",0811235
"Bago Region (East)","Yedashe Township","Oke Hpo Village Tract",0811236
"Bago Region (East)","Yedashe Township","Chaung Ma Gyi Village Tract",0811237
"Bago Region (East)","Yedashe Township","Myo Hla Village Tract",0811238
"Bago Region (East)","Yedashe Township","Ngwe Taung Village Tract",0811239
"Bago Region (East)","Yedashe Township","Nat Taung Village Tract",0811240
"Bago Region (East)","Yedashe Township","Kyar Inn Kone Village Tract",0811241
"Bago Region (East)","Yedashe Township","Ket Ku Village Tract",0811242
"Bago Region (East)","Yedashe Township","Thar Ga Ya Village Tract",0811243
"Bago Region (East)","Yedashe Township","Wea Daunt Village Tract",0811244
"Bago Region (East)","Yedashe Township","Daunt Inn Kone Village Tract",0811245
"Bago Region (East)","Yedashe Township","Sat Thay Village Tract",0811246
"Bago Region (East)","Yedashe Township","Daung Nan Kya Village Tract",0811247
"Bago Region (East)","Yedashe Township","Yae Ni Village Tract",0811248
"Bago Region (East)","Yedashe Township","Zay Ya Thein Village Tract",0811249
"Bago Region (East)","Yedashe Township","Ye Kone Village Tract",0811250
"Bago Region (East)","Yedashe Township","Hpa Yar Kone (Myo Hla) Village Tract",0811251
"Bago Region (East)","Oktwin Township","Te Gyi Kone Village Tract",0812200
"Bago Region (East)","Oktwin Township","Hpa Yar Hnit Su Village Tract",0812201
"Bago Region (East)","Oktwin Township","Taung Nyo Village Tract",0812202
"Bago Region (East)","Oktwin Township","Khaung Yan Village Tract",0812203
"Bago Region (East)","Oktwin Township","Nyaung Chay Htauk Village Tract",0812204
"Bago Region (East)","Oktwin Township","Myay See Village Tract",0812205
"Bago Region (East)","Oktwin Township","Wea Daunt Village Tract",0812206
"Bago Region (East)","Oktwin Township","Tha Yet Pin Maung Hnit Ma Village Tract",0812207
"Bago Region (East)","Oktwin Township","Hnget Pyaw Taw Village Tract",0812208
"Bago Region (East)","Oktwin Township","Tin Koke Tan Village Tract",0812209
"Bago Region (East)","Oktwin Township","Zee Hpyu Thaung Village Tract",0812210
"Bago Region (East)","Oktwin Township","Kyaung Shit Se Village Tract",0812211
"Bago Region (East)","Oktwin Township","Gway Tauk Khin Village Tract",0812212
"Bago Region (East)","Oktwin Township","Nyaung Pin Gyi Village Tract",0812213
"Bago Region (East)","Oktwin Township","Myet Ni Kwin Village Tract",0812214
"Bago Region (East)","Oktwin Township","Kan Ka lay Village Tract",0812215
"Bago Region (East)","Oktwin Township","Ohn Pin Village Tract",0812216
"Bago Region (East)","Oktwin Township","Gon Min Tar Village Tract",0812217
"Bago Region (East)","Oktwin Township","Nyaung Lwint Village Tract",0812218
"Bago Region (East)","Oktwin Township","Kywei Gan Village Tract",0812219
"Bago Region (East)","Oktwin Township","Let Sut Kya Village Tract",0812220
"Bago Region (East)","Oktwin Township","Taw Pu Village Tract",0812221
"Bago Region (East)","Oktwin Township","Than Bo Village Tract",0812222
"Bago Region (East)","Oktwin Township","Pauk Taw Village Tract",0812223
"Bago Region (East)","Oktwin Township","Nat Sin Kone Village Tract",0812224
"Bago Region (East)","Oktwin Township","U Yin Taw Village Tract",0812225
"Bago Region (East)","Oktwin Township","Kyan Khin Village Tract",0812226
"Bago Region (East)","Oktwin Township","Kyet Tet Nyaung Pin Village Tract",0812227
"Bago Region (East)","Oktwin Township","Hpa Yar Ka Lay Village Tract",0812228
"Bago Region (East)","Oktwin Township","In Daing Village Tract",0812229
"Bago Region (East)","Oktwin Township","War Tee Village Tract",0812230
"Bago Region (East)","Oktwin Township","Si Son Kone Village Tract",0812231
"Bago Region (East)","Oktwin Township","Swea Le Chaung Village Tract",0812232
"Bago Region (East)","Oktwin Township","Bant Bway Kone Village Tract",0812233
"Bago Region (East)","Oktwin Township","Oke Hpo Village Tract",0812234
"Bago Region (East)","Oktwin Township","Thar Ga Ra Village Tract",0812235
"Bago Region (East)","Oktwin Township","Ta Loke Kone Village Tract",0812236
"Bago Region (East)","Oktwin Township","Nyaung Kone Village Tract",0812237
"Bago Region (East)","Oktwin Township","Shwe Laung Village Tract",0812238
"Bago Region (East)","Oktwin Township","Kywe Pwe Village Tract",0812239
"Bago Region (East)","Oktwin Township","Yae Oe Sin Village Tract",0812240
"Bago Region (East)","Htantabin Township","Yae Kyaw Village Tract",0813200
"Bago Region (East)","Htantabin Township","Chaung Wa Village Tract",0813201
"Bago Region (East)","Htantabin Township","Chan Gyi Village Tract",0813202
"Bago Region (East)","Htantabin Township","Ta Pyay Village Tract",0813203
"Bago Region (East)","Htantabin Township","Shar Say Bo Village Tract",0813204
"Bago Region (East)","Htantabin Township","Pyin Gan Village Tract",0813205
"Bago Region (East)","Htantabin Township","Nat Ywar Village Tract",0813206
"Bago Region (East)","Htantabin Township","Kyi Taw Village Tract",0813207
"Bago Region (East)","Htantabin Township","Inn Yar Gyi Village Tract",0813208
"Bago Region (East)","Htantabin Township","Ohn Pin Village Tract",0813209
"Bago Region (East)","Htantabin Township","Pwe Thar Village Tract",0813210
"Bago Region (East)","Htantabin Township","Zee Hpyu Thaung Village Tract",0813211
"Bago Region (East)","Htantabin Township","Za Yat Gyi Village Tract",0813212
"Bago Region (East)","Htantabin Township","Kin Mun Chon Village Tract",0813213
"Bago Region (East)","Htantabin Township","Dar Dauk Village Tract",0813214
"Bago Region (East)","Htantabin Township","Inn Kyaw Village Tract",0813215
"Bago Region (East)","Htantabin Township","Kyoet Pin Thar Village Tract",0813216
"Bago Region (East)","Htantabin Township","Bon Ma Tee Village Tract",0813217
"Bago Region (East)","Htantabin Township","Tha Yet Tan Village Tract",0813218
"Bago Region (East)","Htantabin Township","Hle Lan Ku Village Tract",0813219
"Bago Region (East)","Htantabin Township","Ta Laing Aing Village Tract",0813220
"Bago Region (East)","Htantabin Township","Me Ba Lan Village Tract",0813221
"Bago Region (East)","Htantabin Township","Lay Thit Village Tract",0813222
"Bago Region (East)","Htantabin Township","Moe Kaung Village Tract",0813223
"Bago Region (East)","Htantabin Township","Myo Soe Village Tract",0813224
"Bago Region (East)","Htantabin Township","Sa Par Kyi Village Tract",0813225
"Bago Region (East)","Htantabin Township","Kyein Taw Hmyaung Village Tract",0813226
"Bago Region (East)","Htantabin Township","Nga See Laung Village Tract",0813227
"Bago Region (East)","Htantabin Township","Za Loke Gyi Village Tract",0813228
"Bago Region (East)","Phyu Township","Gyay Pu Village Tract",0814200
"Bago Region (East)","Phyu Township","Thar Du Kan Village Tract",0814201
"Bago Region (East)","Phyu Township","Lel Pyin Gyi Village Tract",0814202
"Bago Region (East)","Phyu Township","Zay Ya Wa Di Village Tract",0814203
"Bago Region (East)","Phyu Township","Pyaung Thay Village Tract",0814204
"Bago Region (East)","Phyu Township","Pat Tar Village Tract",0814205
"Bago Region (East)","Phyu Township","Kyet Paung Chaung Village Tract",0814206
"Bago Region (East)","Phyu Township","Yae Shan Gyi Village Tract",0814207
"Bago Region (East)","Phyu Township","Min Kan Yoe Village Tract",0814208
"Bago Region (East)","Phyu Township","Leik Thay Village Tract",0814209
"Bago Region (East)","Phyu Township","Oke Hpyat Village Tract",0814210
"Bago Region (East)","Phyu Township","Ngar Gaung Inn Village Tract",0814211
"Bago Region (East)","Phyu Township","Zee Khon Village Tract",0814212
"Bago Region (East)","Phyu Township","Wea Gyi Village Tract",0814213
"Bago Region (East)","Phyu Township","Kyar Thaung Village Tract",0814214
"Bago Region (East)","Phyu Township","Kyu Inn Village Tract",0814215
"Bago Region (East)","Phyu Township","Kyar Inn Village Tract",0814216
"Bago Region (East)","Phyu Township","Thit Chauk Khin Village Tract",0814217
"Bago Region (East)","Phyu Township","Ah Me Khaung Village Tract",0814218
"Bago Region (East)","Phyu Township","Hla Thin Maung Village Tract",0814219
"Bago Region (East)","Phyu Township","Ta Khun Taing Village Tract",0814220
"Bago Region (East)","Phyu Township","Leik Paw Village Tract",0814221
"Bago Region (East)","Phyu Township","Kyaw Hla Village Tract",0814222
"Bago Region (East)","Phyu Township","Ah Kyat Inn Village Tract",0814223
"Bago Region (East)","Phyu Township","Ban Laung Village Tract",0814224
"Bago Region (East)","Phyu Township","Thar Yar Kone Village Tract",0814225
"Bago Region (East)","Phyu Township","Hpyu Ah Shey Village Tract",0814226
"Bago Region (East)","Phyu Township","Nyaung Kar Yar Village Tract",0814227
"Bago Region (East)","Phyu Township","Ywar Tan Shey Village Tract",0814228
"Bago Region (East)","Phyu Township","Chaung Kauk Village Tract",0814229
"Bago Region (East)","Phyu Township","Za Har Village Tract",0814230
"Bago Region (East)","Phyu Township","Saik Tan Khin Village Tract",0814231
"Bago Region (East)","Phyu Township","Thit Pat Village Tract",0814232
"Bago Region (East)","Phyu Township","Nyaung Pin Thar Village Tract",0814233
"Bago Region (East)","Phyu Township","Khin Tan Gyi Village Tract",0814234
"Bago Region (East)","Phyu Township","Chin Khin Village Tract",0814235
"Bago Region (East)","Phyu Township","Kyee Yoe Village Tract",0814236
"Bago Region (East)","Phyu Township","Paung Za Loke Village Tract",0814237
"Bago Region (East)","Phyu Township","In Pin Thar Village Tract",0814238
"Bago Region (East)","Phyu Township","Ka Nyin Daing Village Tract",0814239
"Bago Region (East)","Phyu Township","Ka Nyut Kwin (East) Village Tract",0814240
"Bago Region (East)","Phyu Township","Ka Nyut Kwin (West) Village Tract",0814241
"Bago Region (East)","Phyu Township","Myin Pin Village Tract",0814242
"Bago Region (East)","Phyu Township","Tha Min Kwin Village Tract",0814243
"Bago Region (East)","Phyu Township","Hpa Yar La Har Village Tract",0814244
"Bago Region (East)","Phyu Township","Tha Pyay La Har Village Tract",0814245
"Bago Region (East)","Phyu Township","Nga Myit Chin Village Tract",0814246
"Bago Region (East)","Phyu Township","Khin Gyi Village Tract",0814247
"Bago Region (East)","Phyu Township","Min Lan Ku Village Tract",0814248
"Bago Region (East)","Phyu Township","Tha Yet Kone Village Tract",0814249
"Bago Region (East)","Phyu Township","Khway Pyar Village Tract",0814250
"Bago Region (East)","Phyu Township","Kyun Kone Village Tract",0814251
"Bago Region (East)","Phyu Township","Soe Pon Kwin Village Tract",0814252
"Bago Region (East)","Phyu Township","Kin Mun Chon Village Tract",0814253
"Bago Region (East)","Phyu Township","Nga Toe Khin Village Tract",0814254
"Bago Region (East)","Phyu Township","Hlay Done Village Tract",0814255
"Bago Region (East)","Phyu Township","Let Tet Gyi Village Tract",0814256
"Bago Region (East)","Phyu Township","Za Loke Village Tract",0814257
"Bago Region (East)","Phyu Township","Meik Tha Lin Village Tract",0814258
"Bago Region (East)","Phyu Township","Mya Pa Goe Village Tract",0814259
"Bago Region (East)","Phyu Township","Kyee Ma Noe Village Tract",0814260
