﻿Region,"Town / Township","Ward / Village Tract","Postal Code"
ချင်းပြည်နယ်,"ဟားခါး မြို့နယ်","ဈေးဟောင်း ရပ်ကွက်",0301001
ချင်းပြည်နယ်,"ဟားခါး မြို့နယ်","ဈေးသစ် ရပ်ကွက်",0301002
ချင်းပြည်နယ်,"ဟားခါး မြို့နယ်","ပြည်တော်သာ ရပ်ကွက်",0301003
ချင်းပြည်နယ်,"ဟားခါး မြို့နယ်","ကျောဘုတ် ရပ်ကွက်",0301004
ချင်းပြည်နယ်,"ဟားခါး မြို့နယ်","မြို့ဟောင်း ရပ်ကွက်",0301005
ချင်းပြည်နယ်,"ဟားခါး မြို့နယ်","မြို့သစ် ရပ်ကွက်",0301006
ချင်းပြည်နယ်,"ဟားခါး မြို့နယ်","ဟားခါးထာရ် (၁) ရပ်ကွက်",0301007
ချင်းပြည်နယ်,"ဟားခါး မြို့နယ်","ဟားခါးထာရ် (၂) ရပ်ကွက်",0301008
ချင်းပြည်နယ်,"ဟားခါး မြို့နယ်","ခွါဘဲ ကျေးရွာအုပ်စု",0301200
ချင်းပြည်နယ်,"ဟားခါး မြို့နယ်","နှီရ်လောန်း ကျေးရွာအုပ်စု",0301201
ချင်းပြည်နယ်,"ဟားခါး မြို့နယ်","လောက်လုံး ကျေးရွာအုပ်စု",0301202
ချင်းပြည်နယ်,"ဟားခါး မြို့နယ်","သီဖူလ်း ကျေးရွာအုပ်စု",0301203
ချင်းပြည်နယ်,"ဟားခါး မြို့နယ်","ချွန်ကျုံး ကျေးရွာအုပ်စု",0301204
ချင်းပြည်နယ်,"ဟားခါး မြို့နယ်","ဟရန်ဟရိန်း ကျေးရွာအုပ်စု",0301205
ချင်းပြည်နယ်,"ဟားခါး မြို့နယ်","ဇိုးခွါး ကျေးရွာအုပ်စု",0301206
ချင်းပြည်နယ်,"ဟားခါး မြို့နယ်","ဘွာလ်တပ် ကျေးရွာအုပ်စု",0301207
ချင်းပြည်နယ်,"ဟားခါး မြို့နယ်","မာလ်ဆောမ် ကျေးရွာအုပ်စု",0301208
ချင်းပြည်နယ်,"ဟားခါး မြို့နယ်","သီနမ်း ကျေးရွာအုပ်စု",0301209
ချင်းပြည်နယ်,"ဟားခါး မြို့နယ်","ရင်ပီး ကျေးရွာအုပ်စု",0301210
ချင်းပြည်နယ်,"ဟားခါး မြို့နယ်","ဟိုင်ဖိုင် ကျေးရွာအုပ်စု",0301211
ချင်းပြည်နယ်,"ဟားခါး မြို့နယ်","ဖါရွန်း ကျေးရွာအုပ်စု",0301212
ချင်းပြည်နယ်,"ဟားခါး မြို့နယ်","ဒါအိုချိမ်း ကျေးရွာအုပ်စု",0301213
ချင်းပြည်နယ်,"ဟားခါး မြို့နယ်","ဗန်ဟား ကျေးရွာအုပ်စု",0301214
ချင်းပြည်နယ်,"ဟားခါး မြို့နယ်","ရွာန်း ကျေးရွာအုပ်စု",0301215
ချင်းပြည်နယ်,"ဟားခါး မြို့နယ်","ဆူရ်ခွား ကျေးရွာအုပ်စု",0301216
ချင်းပြည်နယ်,"ဟားခါး မြို့နယ်","လုံသာရ် ကျေးရွာအုပ်စု",0301217
ချင်းပြည်နယ်,"ဟားခါး မြို့နယ်","ကျန်ဗား ကျေးရွာအုပ်စု",0301218
ချင်းပြည်နယ်,"ဟားခါး မြို့နယ်","ဆွမ်ဆင် ကျေးရွာအုပ်စု",0301219
ချင်းပြည်နယ်,"ဟားခါး မြို့နယ်","လုံရန်း ကျေးရွာအုပ်စု",0301220
ချင်းပြည်နယ်,"ဟားခါး မြို့နယ်","ဖိုင်ဖာ (က) ကျေးရွာအုပ်စု",0301221
ချင်းပြည်နယ်,"ဟားခါး မြို့နယ်","ဒွမ်ဗား ကျေးရွာအုပ်စု",0301222
ချင်းပြည်နယ်,"ဟားခါး မြို့နယ်","ဆတ္တား ကျေးရွာအုပ်စု",0301223
ချင်းပြည်နယ်,"ဟားခါး မြို့နယ်","ဘုံသွ ကျေးရွာအုပ်စု",0301224
ချင်းပြည်နယ်,"ဟားခါး မြို့နယ်","ခွါပီး ကျေးရွာအုပ်စု",0301225
ချင်းပြည်နယ်,"ဟားခါး မြို့နယ်","ဘွန်လုံး ကျေးရွာအုပ်စု",0301226
ချင်းပြည်နယ်,"ဟားခါး မြို့နယ်","ဒေါင်ဗား ကျေးရွာအုပ်စု",0301227
ချင်းပြည်နယ်,"ဟားခါး မြို့နယ်","လုံခင်း ကျေးရွာအုပ်စု",0301228
ချင်းပြည်နယ်,"ဟားခါး မြို့နယ်","လေပီး ကျေးရွာအုပ်စု",0301229
ချင်းပြည်နယ်,"ထန်တလန် မြို့နယ်","အမှတ် (၁) ရပ်ကွက်",0302001
ချင်းပြည်နယ်,"ထန်တလန် မြို့နယ်","အမှတ် (၂) ရပ်ကွက်",0302002
ချင်းပြည်နယ်,"ထန်တလန် မြို့နယ်","အမှတ် (၃) ရပ်ကွက်",0302003
ချင်းပြည်နယ်,"ထန်တလန် မြို့နယ်","တလန်ခွါ ကျေးရွာအုပ်စု",0302200
ချင်းပြည်နယ်,"ထန်တလန် မြို့နယ်","သီးခွန်သွမ်း ကျေးရွာအုပ်စု",0302201
ချင်းပြည်နယ်,"ထန်တလန် မြို့နယ်","လုံဇာရ် ကျေးရွာအုပ်စု",0302202
ချင်းပြည်နယ်,"ထန်တလန် မြို့နယ်","တလန်သဲ ကျေးရွာအုပ်စု",0302203
ချင်းပြည်နယ်,"ထန်တလန် မြို့နယ်","တလန်ပီး ကျေးရွာအုပ်စု",0302204
ချင်းပြည်နယ်,"ထန်တလန် မြို့နယ်","လုံဒိန်း ကျေးရွာအုပ်စု",0302205
ချင်းပြည်နယ်,"ထန်တလန် မြို့နယ်","ဗန်ဇန် ကျေးရွာအုပ်စု",0302206
ချင်းပြည်နယ်,"ထန်တလန် မြို့နယ်","ဒွန်း ကျေးရွာအုပ်စု",0302207
ချင်းပြည်နယ်,"ထန်တလန် မြို့နယ်","ဇန်တလန် ကျေးရွာအုပ်စု",0302208
ချင်းပြည်နယ်,"ထန်တလန် မြို့နယ်","လုံလဲရ် ကျေးရွာအုပ်စု",0302209
ချင်းပြည်နယ်,"ထန်တလန် မြို့နယ်","ထန်ဇန် ကျေးရွာအုပ်စု",0302210
ချင်းပြည်နယ်,"ထန်တလန် မြို့နယ်","ဆိုင်က ကျေးရွာအုပ်စု",0302211
ချင်းပြည်နယ်,"ထန်တလန် မြို့နယ်","ဘုန်တလန် ကျေးရွာအုပ်စု",0302212
ချင်းပြည်နယ်,"ထန်တလန် မြို့နယ်","ထာအို ကျေးရွာအုပ်စု",0302213
ချင်းပြည်နယ်,"ထန်တလန် မြို့နယ်","ဟရိန်းခန်း ကျေးရွာအုပ်စု",0302214
ချင်းပြည်နယ်,"ထန်တလန် မြို့နယ်","ထွာလမ်း ကျေးရွာအုပ်စု",0302215
ချင်းပြည်နယ်,"ထန်တလန် မြို့နယ်","တလန်ရွား ကျေးရွာအုပ်စု",0302216
ချင်းပြည်နယ်,"ထန်တလန် မြို့နယ်","ဆလဲင်း ကျေးရွာအုပ်စု",0302217
ချင်းပြည်နယ်,"ထန်တလန် မြို့နယ်","သီကီရ် ကျေးရွာအုပ်စု",0302218
ချင်းပြည်နယ်,"ထန်တလန် မြို့နယ်","ရှာလမ်း ကျေးရွာအုပ်စု",0302219
ချင်းပြည်နယ်,"ထန်တလန် မြို့နယ်","လူလ်ပီးလုံ ကျေးရွာအုပ်စု",0302220
ချင်းပြည်နယ်,"ထန်တလန် မြို့နယ်","မှောင်တလန် ကျေးရွာအုပ်စု",0302221
ချင်းပြည်နယ်,"ထန်တလန် မြို့နယ်","ကြောင်ထီယား ကျေးရွာအုပ်စု",0302222
ချင်းပြည်နယ်,"ထန်တလန် မြို့နယ်","ဆူရ်ငင်း ကျေးရွာအုပ်စု",0302223
ချင်းပြည်နယ်,"ထန်တလန် မြို့နယ်","အိုင်ဘူရ်း ကျေးရွာအုပ်စု",0302224
ချင်းပြည်နယ်,"ထန်တလန် မြို့နယ်","ဖန်ထဲင် ကျေးရွာအုပ်စု",0302225
ချင်းပြည်နယ်,"ထန်တလန် မြို့နယ်","နှာဟရိန် (က) ကျေးရွာအုပ်စု",0302226
ချင်းပြည်နယ်,"ထန်တလန် မြို့နယ်","ခွါဟရန် ကျေးရွာအုပ်စု",0302227
ချင်းပြည်နယ်,"ထန်တလန် မြို့နယ်","ထန်သြ ကျေးရွာအုပ်စု",0302228
ချင်းပြည်နယ်,"ထန်တလန် မြို့နယ်","ငါဖိုင်သဲ ကျေးရွာအုပ်စု",0302229
ချင်းပြည်နယ်,"ထန်တလန် မြို့နယ်","လိုင်လင်း ကျေးရွာအုပ်စု",0302230
ချင်းပြည်နယ်,"ထန်တလန် မြို့နယ်","ငါဖိုင်ပီး ကျေးရွာအုပ်စု",0302231
ချင်းပြည်နယ်,"ထန်တလန် မြို့နယ်","ခွါဘုံ ကျေးရွာအုပ်စု",0302232
ချင်းပြည်နယ်,"ထန်တလန် မြို့နယ်","လောင်တလန် ကျေးရွာအုပ်စု",0302233
ချင်းပြည်နယ်,"ထန်တလန် မြို့နယ်","ဇဲဖိုင် (က) ကျေးရွာအုပ်စု",0302234
ချင်းပြည်နယ်,"ထန်တလန် မြို့နယ်","ဘဲလ်ဟာရ် ကျေးရွာအုပ်စု",0302235
ချင်းပြည်နယ်,"ထန်တလန် မြို့နယ်","ဟရီဖီး ကျေးရွာအုပ်စု",0302236
ချင်းပြည်နယ်,"ဖလမ်း မြို့နယ်","ကျင်မွာလ် ရပ်ကွက်",0303001
ချင်းပြည်နယ်,"ဖလမ်း မြို့နယ်","ဗလိုင် ရပ်ကွက်",0303002
ချင်းပြည်နယ်,"ဖလမ်း မြို့နယ်","ဖာရ်ထောက် ရပ်ကွက်",0303003
ချင်းပြည်နယ်,"ဖလမ်း မြို့နယ်","တလန်လို ရပ်ကွက်",0303004
ချင်းပြည်နယ်,"ဖလမ်း မြို့နယ်","လိုင်ဇိုး ရပ်ကွက်",0303005
ချင်းပြည်နယ်,"ဖလမ်း မြို့နယ်","လိုင်လွန် ရပ်ကွက်",0303006
ချင်းပြည်နယ်,"ဖလမ်း မြို့နယ်","လုံပီး ရပ်ကွက်",0303007
ချင်းပြည်နယ်,"ဖလမ်း မြို့နယ်","ဇာလိုင် ရပ်ကွက်",0303008
ချင်းပြည်နယ်,"ဖလမ်း မြို့နယ်","ကေဟိုင်မွာလ် ကျေးရွာအုပ်စု",0303200
ချင်းပြည်နယ်,"ဖလမ်း မြို့နယ်","ရာလ်လောန် ကျေးရွာအုပ်စု",0303201
ချင်းပြည်နယ်,"ဖလမ်း မြို့နယ်","မန်ခင်း ကျေးရွာအုပ်စု",0303202
ချင်းပြည်နယ်,"ဖလမ်း မြို့နယ်","လဲင်ဟိုင် ကျေးရွာအုပ်စု",0303203
ချင်းပြည်နယ်,"ဖလမ်း မြို့နယ်","လဲင်သဲ ကျေးရွာအုပ်စု",0303204
ချင်းပြည်နယ်,"ဖလမ်း မြို့နယ်","ထုံးထုလ် ကျေးရွာအုပ်စု",0303205
ချင်းပြည်နယ်,"ဖလမ်း မြို့နယ်","လိုင်ဇိုး ကျေးရွာအုပ်စု",0303206
ချင်းပြည်နယ်,"ဖလမ်း မြို့နယ်","အဲလ်မွန်ပီး ကျေးရွာအုပ်စု",0303207
ချင်းပြည်နယ်,"ဖလမ်း မြို့နယ်","ကြောင်ထဲ ကျေးရွာအုပ်စု",0303208
ချင်းပြည်နယ်,"ဖလမ်း မြို့နယ်","တာရွန် ကျေးရွာအုပ်စု",0303209
ချင်းပြည်နယ်,"ဖလမ်း မြို့နယ်","စီဇာမွာလ် ကျေးရွာအုပ်စု",0303210
ချင်းပြည်နယ်,"ဖလမ်း မြို့နယ်","တားလ် ကျေးရွာအုပ်စု",0303211
ချင်းပြည်နယ်,"ဖလမ်း မြို့နယ်","သီးလီ ကျေးရွာအုပ်စု",0303212
ချင်းပြည်နယ်,"ဖလမ်း မြို့နယ်","ရမ်ထလို ကျေးရွာအုပ်စု",0303213
ချင်းပြည်နယ်,"ဖလမ်း မြို့နယ်","ရုလ်ဘူး ကျေးရွာအုပ်စု",0303214
ချင်းပြည်နယ်,"ဖလမ်း မြို့နယ်","အဲလ်ဇာမွာလ် ကျေးရွာအုပ်စု",0303215
ချင်းပြည်နယ်,"ဖလမ်း မြို့နယ်","တျဒိုင် ကျေးရွာအုပ်စု",0303216
ချင်းပြည်နယ်,"ဖလမ်း မြို့နယ်","ဟရိန်နှန် ကျေးရွာအုပ်စု",0303217
ချင်းပြည်နယ်,"ဖလမ်း မြို့နယ်","ကျဲရ်မွန် ကျေးရွာအုပ်စု",0303218
ချင်းပြည်နယ်,"ဖလမ်း မြို့နယ်","ဇာထလိရ် ကျေးရွာအုပ်စု",0303219
ချင်းပြည်နယ်,"ဖလမ်း မြို့နယ်","ကလောမွန် ကျေးရွာအုပ်စု",0303220
ချင်းပြည်နယ်,"ဖလမ်း မြို့နယ်","ရာလ်လန် ကျေးရွာအုပ်စု",0303221
ချင်းပြည်နယ်,"ဖလမ်း မြို့နယ်","ဆွန်းတလား (ဟောင်း) ကျေးရွာအုပ်စု",0303222
ချင်းပြည်နယ်,"ဖလမ်း မြို့နယ်","ရဲလ်စိန်း ကျေးရွာအုပ်စု",0303223
ချင်းပြည်နယ်,"ဖလမ်း မြို့နယ်","လှောင်မွာလ် ကျေးရွာအုပ်စု",0303224
ချင်းပြည်နယ်,"ဖလမ်း မြို့နယ်","ခွန်လီ ကျေးရွာအုပ်စု",0303225
ချင်းပြည်နယ်,"ဖလမ်း မြို့နယ်","ဇောလ်နိုး ကျေးရွာအုပ်စု",0303226
ချင်းပြည်နယ်,"ဖလမ်း မြို့နယ်","ငါမွာလ် ကျေးရွာအုပ်စု",0303227
ချင်းပြည်နယ်,"ဖလမ်း မြို့နယ်","ဘွာလ်ခွာ ကျေးရွာအုပ်စု",0303228
ချင်းပြည်နယ်,"ဖလမ်း မြို့နယ်","ဖိုင်ဇော်လ် ကျေးရွာအုပ်စု",0303229
ချင်းပြည်နယ်,"ဖလမ်း မြို့နယ်","ဖာရ်ခေါမ်း ကျေးရွာအုပ်စု",0303230
ချင်းပြည်နယ်,"ဖလမ်း မြို့နယ်","သီးဆဲင်း ကျေးရွာအုပ်စု",0303231
ချင်းပြည်နယ်,"ဖလမ်း မြို့နယ်","ဒုမန်း ကျေးရွာအုပ်စု",0303232
ချင်းပြည်နယ်,"ဖလမ်း မြို့နယ်","လုံဘန်း ကျေးရွာအုပ်စု",0303233
ချင်းပြည်နယ်,"ဖလမ်း မြို့နယ်","လုံးဟော့ ကျေးရွာအုပ်စု",0303234
ချင်းပြည်နယ်,"ဖလမ်း မြို့နယ်","ခေါ်လယ် ကျေးရွာအုပ်စု",0303235
ချင်းပြည်နယ်,"ဖလမ်း မြို့နယ်","လာသီး ကျေးရွာအုပ်စု",0303236
ချင်းပြည်နယ်,"ဖလမ်း မြို့နယ်","ဆိမ်ဇောလ် ကျေးရွာအုပ်စု",0303237
ချင်းပြည်နယ်,"ဖလမ်း မြို့နယ်","မွန်လီ ကျေးရွာအုပ်စု",0303238
ချင်းပြည်နယ်,"ဖလမ်း မြို့နယ်","လိုကြွမ်း ကျေးရွာအုပ်စု",0303239
ချင်းပြည်နယ်,"ဖလမ်း မြို့နယ်","ဇူးလ်သူး ကျေးရွာအုပ်စု",0303240
ချင်းပြည်နယ်,"ဖလမ်း မြို့နယ်","ခုမ်းဇိန်း ကျေးရွာအုပ်စု",0303241
ချင်းပြည်နယ်,"ဖလမ်း မြို့နယ်","ဇာလန် ကျေးရွာအုပ်စု",0303242
ချင်းပြည်နယ်,"ဖလမ်း မြို့နယ်","ဝေဘူလ ကျေးရွာအုပ်စု",0303243
ချင်းပြည်နယ်,"ဖလမ်း မြို့နယ်","ဇာသွားလ် ကျေးရွာအုပ်စု",0303244
ချင်းပြည်နယ်,"ဖလမ်း မြို့နယ်","ခိသမ်း ကျေးရွာအုပ်စု",0303245
ချင်းပြည်နယ်,"ဖလမ်း မြို့နယ်","လုမ်သဲ ကျေးရွာအုပ်စု",0303246
ချင်းပြည်နယ်,"ဖလမ်း မြို့နယ်","တောရ်သန်း ကျေးရွာအုပ်စု",0303247
ချင်းပြည်နယ်,"ဖလမ်း မြို့နယ်","ကြောင်းကွာ ကျေးရွာအုပ်စု",0303248
ချင်းပြည်နယ်,"ဖလမ်း မြို့နယ်","လျန်ရိ ကျေးရွာအုပ်စု",0303249
ချင်းပြည်နယ်,"ဖလမ်း မြို့နယ်","မူရန်း ကျေးရွာအုပ်စု",0303250
ချင်းပြည်နယ်,"ဖလမ်း မြို့နယ်","ခုပ်လဲင် ကျေးရွာအုပ်စု",0303251
ချင်းပြည်နယ်,"ဖလမ်း မြို့နယ်","တောရ်ဇန် ကျေးရွာအုပ်စု",0303252
ချင်းပြည်နယ်,"ဖလမ်း မြို့နယ်","ကွန်ဒွန် ကျေးရွာအုပ်စု",0303253
ချင်းပြည်နယ်,"ဖလမ်း မြို့နယ်","ဆယ်ပီး ကျေးရွာအုပ်စု",0303254
ချင်းပြည်နယ်,"ဖလမ်း မြို့နယ်","တလန်ကျိန် ကျေးရွာအုပ်စု",0303255
ချင်းပြည်နယ်,"ဖလမ်း မြို့နယ်","လိုဆာအို ကျေးရွာအုပ်စု",0303256
ချင်းပြည်နယ်,"ဖလမ်း မြို့နယ်","ဘွာလ်မင်း ကျေးရွာအုပ်စု",0303257
ချင်းပြည်နယ်,"ဖလမ်း မြို့နယ်","လွန်ခွာ ကျေးရွာအုပ်စု",0303258
ချင်းပြည်နယ်,"ဖလမ်း မြို့နယ်","ခေါ်ဆွမ်း ကျေးရွာအုပ်စု",0303259
ချင်းပြည်နယ်,"ဖလမ်း မြို့နယ်","ဆိမ်/ဒီဟိုင် ကျေးရွာအုပ်စု",0303260
ချင်းပြည်နယ်,"ဖလမ်း မြို့နယ်","သီးလုမ် ကျေးရွာအုပ်စု",0303261
ချင်းပြည်နယ်,"ဖလမ်း မြို့နယ်","တလန်ဇောလ် ကျေးရွာအုပ်စု",0303262
ချင်းပြည်နယ်,"ဖလမ်း မြို့နယ်","ခေါ်လုံး ကျေးရွာအုပ်စု",0303263
ချင်းပြည်နယ်,"ဖလမ်း မြို့နယ်","ဇို/ဒီဟိုင် ကျေးရွာအုပ်စု",0303264
ချင်းပြည်နယ်,"ဖလမ်း မြို့နယ်","ဒါရ်သဲသီး ကျေးရွာအုပ်စု",0303265
ချင်းပြည်နယ်,"ဖလမ်း မြို့နယ်","ငါလ်သီး ကျေးရွာအုပ်စု",0303266
ချင်းပြည်နယ်,"ဖလမ်း မြို့နယ်","အိုင်ရဲဘွာလ် ကျေးရွာအုပ်စု",0303267
ချင်းပြည်နယ်,"ဖလမ်း မြို့နယ်","ဇောင်သဲ ကျေးရွာအုပ်စု",0303268
ချင်းပြည်နယ်,"ဖလမ်း မြို့နယ်","ဆယ်လောန် ကျေးရွာအုပ်စု",0303269
ချင်းပြည်နယ်,"ဖလမ်း မြို့နယ်","စီငိုင် ကျေးရွာအုပ်စု",0303270
ချင်းပြည်နယ်,"ဖလမ်း မြို့နယ်","မှောင်ကွန် ကျေးရွာအုပ်စု",0303271
ချင်းပြည်နယ်,"ဖလမ်း မြို့နယ်","သီးဘွာလ် ကျေးရွာအုပ်စု",0303272
ချင်းပြည်နယ်,"ဖလမ်း မြို့နယ်","စတောမ် ကျေးရွာအုပ်စု",0303273
ချင်းပြည်နယ်,"ဖလမ်း မြို့နယ်","ဗန်ဗား ကျေးရွာအုပ်စု",0303274
ချင်းပြည်နယ်,"ဖလမ်း မြို့နယ်","လိုင်းဇောလ် ကျေးရွာအုပ်စု",0303275
ချင်းပြည်နယ်,"ဖလမ်း မြို့နယ်","ခေါ်ပွာလ် ကျေးရွာအုပ်စု",0303276
ချင်းပြည်နယ်,"ဖလမ်း မြို့နယ်","ဘိုကျုံး ကျေးရွာအုပ်စု",0303277
ချင်းပြည်နယ်,"ဖလမ်း မြို့နယ်","ခေါဒါရ် ကျေးရွာအုပ်စု",0303278
ချင်းပြည်နယ်,"ဖလမ်း မြို့နယ်","ဆိုင်မွန် ကျေးရွာအုပ်စု",0303279
ချင်းပြည်နယ်,"ဖလမ်း မြို့နယ်","ကြောင်ဟွေ့ ကျေးရွာအုပ်စု",0303280
ချင်းပြည်နယ်,"ဖလမ်း မြို့နယ်","သီးကျိရ် ကျေးရွာအုပ်စု",0303281
ချင်းပြည်နယ်,"ဖလမ်း မြို့နယ်","ထိန်းစာန်း ကျေးရွာအုပ်စု",0303282
ချင်းပြည်နယ်,"ဖလမ်း မြို့နယ်","ဆအက် ကျေးရွာအုပ်စု",0303283
ချင်းပြည်နယ်,"ဖလမ်း မြို့နယ်","ခေါ်ထီရ် ကျေးရွာအုပ်စု",0303284
ချင်းပြည်နယ်,"ဖလမ်း မြို့နယ်","ကျော့သဲ ကျေးရွာအုပ်စု",0303285
ချင်းပြည်နယ်,"တီးတိန် မြို့နယ်","စကောလမ်း ရပ်ကွက်",0304001
ချင်းပြည်နယ်,"တီးတိန် မြို့နယ်","မြို့မ ရပ်ကွက်",0304002
ချင်းပြည်နယ်,"တီးတိန် မြို့နယ်","လွယ်ဘွားလ် ရပ်ကွက်",0304003
ချင်းပြည်နယ်,"တီးတိန် မြို့နယ်","လေးလုမ်း ရပ်ကွက်",0304004
ချင်းပြည်နယ်,"တီးတိန် မြို့နယ်","ဆိုင်းဇန် ကျေးရွာအုပ်စု",0304200
ချင်းပြည်နယ်,"တီးတိန် မြို့နယ်","ဝေါင်မွာလ် ကျေးရွာအုပ်စု",0304201
ချင်းပြည်နယ်,"တီးတိန် မြို့နယ်","ခိန်းဇန် ကျေးရွာအုပ်စု",0304202
ချင်းပြည်နယ်,"တီးတိန် မြို့နယ်","ဆွောင်းပီး ကျေးရွာအုပ်စု",0304203
ချင်းပြည်နယ်,"တီးတိန် မြို့နယ်","ဒိမ်ပီး ကျေးရွာအုပ်စု",0304204
ချင်းပြည်နယ်,"တီးတိန် မြို့နယ်","ဘုမ်ဇန် ကျေးရွာအုပ်စု",0304205
ချင်းပြည်နယ်,"တီးတိန် မြို့နယ်","ကဂင် ကျေးရွာအုပ်စု",0304206
ချင်းပြည်နယ်,"တီးတိန် မြို့နယ်","ထန်းဇန် ကျေးရွာအုပ်စု",0304207
ချင်းပြည်နယ်,"တီးတိန် မြို့နယ်","တွာလ်မူး ကျေးရွာအုပ်စု",0304208
ချင်းပြည်နယ်,"တီးတိန် မြို့နယ်","ဂမ်ငိုင် ကျေးရွာအုပ်စု",0304209
ချင်းပြည်နယ်,"တီးတိန် မြို့နယ်","လိုင်လွီး ကျေးရွာအုပ်စု",0304210
ချင်းပြည်နယ်,"တီးတိန် မြို့နယ်","တက်လွီး ကျေးရွာအုပ်စု",0304211
ချင်းပြည်နယ်,"တီးတိန် မြို့နယ်","ဟောက်ပီး ကျေးရွာအုပ်စု",0304212
ချင်းပြည်နယ်,"တီးတိန် မြို့နယ်","ဆဲဇန် ကျေးရွာအုပ်စု",0304213
ချင်းပြည်နယ်,"တီးတိန် မြို့နယ်","လမ်းဇန် ကျေးရွာအုပ်စု",0304214
ချင်းပြည်နယ်,"တီးတိန် မြို့နယ်","လိုင်လိုး ကျေးရွာအုပ်စု",0304215
ချင်းပြည်နယ်,"တီးတိန် မြို့နယ်","ဗာလ်ဂွမ်း ကျေးရွာအုပ်စု",0304216
ချင်းပြည်နယ်,"တီးတိန် မြို့နယ်","ကပ်တဲလ် ကျေးရွာအုပ်စု",0304217
ချင်းပြည်နယ်,"တီးတိန် မြို့နယ်","တွီးပီး ကျေးရွာအုပ်စု",0304218
ချင်းပြည်နယ်,"တီးတိန် မြို့နယ်","လိုင်တွီး ကျေးရွာအုပ်စု",0304219
ချင်းပြည်နယ်,"တီးတိန် မြို့နယ်","တွီးတော့ ကျေးရွာအုပ်စု",0304220
ချင်းပြည်နယ်,"တီးတိန် မြို့နယ်","မွီဇောလ် ကျေးရွာအုပ်စု",0304221
ချင်းပြည်နယ်,"တီးတိန် မြို့နယ်","မွာလ်လုမ်း ကျေးရွာအုပ်စု",0304222
ချင်းပြည်နယ်,"တီးတိန် မြို့နယ်","ကျိန်းပီးကွတ် ကျေးရွာအုပ်စု",0304223
ချင်းပြည်နယ်,"တီးတိန် မြို့နယ်","တွီးထန် ကျေးရွာအုပ်စု",0304224
ချင်းပြည်နယ်,"တီးတိန် မြို့နယ်","တုန်းဇန် ကျေးရွာအုပ်စု",0304225
ချင်းပြည်နယ်,"တီးတိန် မြို့နယ်","အန်းလန့် ကျေးရွာအုပ်စု",0304226
ချင်းပြည်နယ်,"တီးတိန် မြို့နယ်","ဂမ်လိုင် ကျေးရွာအုပ်စု",0304227
ချင်းပြည်နယ်,"တီးတိန် မြို့နယ်","ဆွောင်းဆန် ကျေးရွာအုပ်စု",0304228
ချင်းပြည်နယ်,"တီးတိန် မြို့နယ်","ထာလ်မွလ် ကျေးရွာအုပ်စု",0304229
ချင်းပြည်နယ်,"တီးတိန် မြို့နယ်","ဖိုင်ယား ကျေးရွာအုပ်စု",0304230
ချင်းပြည်နယ်,"တီးတိန် မြို့နယ်","ဘွန်လီ ကျေးရွာအုပ်စု",0304231
ချင်းပြည်နယ်,"တီးတိန် မြို့နယ်","ဘုတ်ဖီရ် ကျေးရွာအုပ်စု",0304232
ချင်းပြည်နယ်,"တီးတိန် မြို့နယ်","ဒမ်ပီး ကျေးရွာအုပ်စု",0304233
ချင်းပြည်နယ်,"တီးတိန် မြို့နယ်","တွီးဒိလ်း ကျေးရွာအုပ်စု",0304234
ချင်းပြည်နယ်,"တီးတိန် မြို့နယ်","ဇိမ်ပီး ကျေးရွာအုပ်စု",0304235
ချင်းပြည်နယ်,"တီးတိန် မြို့နယ်","ကွေးလမ်း ကျေးရွာအုပ်စု",0304236
ချင်းပြည်နယ်,"တီးတိန် မြို့နယ်","ဆွောင်းဖေ ကျေးရွာအုပ်စု",0304237
ချင်းပြည်နယ်,"တီးတိန် မြို့နယ်","ဟေလေး ကျေးရွာအုပ်စု",0304238
ချင်းပြည်နယ်,"တီးတိန် မြို့နယ်","ဆွောင်းဇန် ကျေးရွာအုပ်စု",0304239
ချင်းပြည်နယ်,"တီးတိန် မြို့နယ်","ပန့်ဆပ် ကျေးရွာအုပ်စု",0304240
ချင်းပြည်နယ်,"တီးတိန် မြို့နယ်","ပတ်ဇန် ကျေးရွာအုပ်စု",0304241
ချင်းပြည်နယ်,"တီးတိန် မြို့နယ်","ထုတ်လိုင် ကျေးရွာအုပ်စု",0304242
ချင်းပြည်နယ်,"တီးတိန် မြို့နယ်","ခေါ်ဆပ် ကျေးရွာအုပ်စု",0304243
ချင်းပြည်နယ်,"တီးတိန် မြို့နယ်","ဘွင်မံ ကျေးရွာအုပ်စု",0304244
ချင်းပြည်နယ်,"တီးတိန် မြို့နယ်","လိမ်ခိုင် ကျေးရွာအုပ်စု",0304245
ချင်းပြည်နယ်,"တီးတိန် မြို့နယ်","ဒေါ်လွင် ကျေးရွာအုပ်စု",0304246
ချင်းပြည်နယ်,"တီးတိန် မြို့နယ်","ဗန်းတဲ့ ကျေးရွာအုပ်စု",0304247
ချင်းပြည်နယ်,"တီးတိန် မြို့နယ်","ဖူနွမ်း ကျေးရွာအုပ်စု",0304248
ချင်းပြည်နယ်,"တီးတိန် မြို့နယ်","မွာလ်ဘဲ ကျေးရွာအုပ်စု",0304249
ချင်းပြည်နယ်,"တီးတိန် မြို့နယ်","ဘွင် ကျေးရွာအုပ်စု",0304250
ချင်းပြည်နယ်,"တီးတိန် မြို့နယ်","ပင်းပီး ကျေးရွာအုပ်စု",0304251
ချင်းပြည်နယ်,"တီးတိန် မြို့နယ်","လိုင်ဘုန် ကျေးရွာအုပ်စု",0304252
ချင်းပြည်နယ်,"တီးတိန် မြို့နယ်","ထေးဇန် ကျေးရွာအုပ်စု",0304253
ချင်းပြည်နယ်,"တီးတိန် မြို့နယ်","ငါလ်ဇန် ကျေးရွာအုပ်စု",0304254
ချင်းပြည်နယ်,"တွန်းဇန် မြို့နယ်","ခေါဝုန် / လေးဆန် ရပ်ကွက်",0305001
ချင်းပြည်နယ်,"တွန်းဇန် မြို့နယ်","ခေါလိုင် / ဂိုးဇန် ရပ်ကွက်",0305002
ချင်းပြည်နယ်,"တွန်းဇန် မြို့နယ်","ဆာလ်ဇန် ကျေးရွာအုပ်စု",0305200
ချင်းပြည်နယ်,"တွန်းဇန် မြို့နယ်","တုံးတွောင် ကျေးရွာအုပ်စု",0305201
ချင်းပြည်နယ်,"တွန်းဇန် မြို့နယ်","ဖိုင်တူ ကျေးရွာအုပ်စု",0305202
ချင်းပြည်နယ်,"တွန်းဇန် မြို့နယ်","လုံတပ် ကျေးရွာအုပ်စု",0305203
ချင်းပြည်နယ်,"တွန်းဇန် မြို့နယ်","ဂဲလ်မွာလ် ကျေးရွာအုပ်စု",0305204
ချင်းပြည်နယ်,"တွန်းဇန် မြို့နယ်","မွာလ်ပီး ကျေးရွာအုပ်စု",0305205
ချင်းပြည်နယ်,"တွန်းဇန် မြို့နယ်","အန်းလွန် ကျေးရွာအုပ်စု",0305206
ချင်းပြည်နယ်,"တွန်းဇန် မြို့နယ်","ဆဲနမ် ကျေးရွာအုပ်စု",0305207
ချင်းပြည်နယ်,"တွန်းဇန် မြို့နယ်","လင်နှကွတ် ကျေးရွာအုပ်စု",0305208
ချင်းပြည်နယ်,"တွန်းဇန် မြို့နယ်","စိပက် ကျေးရွာအုပ်စု",0305209
ချင်းပြည်နယ်,"တွန်းဇန် မြို့နယ်","စိန်းပျဲာလ် ကျေးရွာအုပ်စု",0305210
ချင်းပြည်နယ်,"တွန်းဇန် မြို့နယ်","ဘာလ်းဘီလ် ကျေးရွာအုပ်စု",0305211
ချင်းပြည်နယ်,"တွန်းဇန် မြို့နယ်","ဟန်ကင် ကျေးရွာအုပ်စု",0305212
ချင်းပြည်နယ်,"တွန်းဇန် မြို့နယ်","ဆွောင်းပက် ကျေးရွာအုပ်စု",0305213
ချင်းပြည်နယ်,"တွန်းဇန် မြို့နယ်","ဆဲဘောက် ကျေးရွာအုပ်စု",0305214
ချင်းပြည်နယ်,"တွန်းဇန် မြို့နယ်","လမ့်ထန် ကျေးရွာအုပ်စု",0305215
ချင်းပြည်နယ်,"တွန်းဇန် မြို့နယ်","ဂမ်ပုမ်း ကျေးရွာအုပ်စု",0305216
ချင်းပြည်နယ်,"တွန်းဇန် မြို့နယ်","တွီးတွမ်း ကျေးရွာအုပ်စု",0305217
ချင်းပြည်နယ်,"တွန်းဇန် မြို့နယ်","ဇမ်ပီး ကျေးရွာအုပ်စု",0305218
ချင်းပြည်နယ်,"တွန်းဇန် မြို့နယ်","ဒါရ်ခိုင်း (က) ကျေးရွာအုပ်စု",0305219
ချင်းပြည်နယ်,"တွန်းဇန် မြို့နယ်","ဘပီး ကျေးရွာအုပ်စု",0305220
ချင်းပြည်နယ်,"တွန်းဇန် မြို့နယ်","ဆိုင်ပီးမွာလ် ကျေးရွာအုပ်စု",0305221
ချင်းပြည်နယ်,"တွန်းဇန် မြို့နယ်","ကန့်ဆောက် ကျေးရွာအုပ်စု",0305222
ချင်းပြည်နယ်,"တွန်းဇန် မြို့နယ်","ဟိုင်ပီး ကျေးရွာအုပ်စု",0305223
ချင်းပြည်နယ်,"တွန်းဇန် မြို့နယ်","ဆွောင်းဇန် ကျေးရွာအုပ်စု",0305224
ချင်းပြည်နယ်,"တွန်းဇန် မြို့နယ်","ခေါဘဲမ်း ကျေးရွာအုပ်စု",0305225
ချင်းပြည်နယ်,"တွန်းဇန် မြို့နယ်","တွီးမွီ ကျေးရွာအုပ်စု",0305226
ချင်းပြည်နယ်,"တွန်းဇန် မြို့နယ်","တွီးမန် ကျေးရွာအုပ်စု",0305227
ချင်းပြည်နယ်,"တွန်းဇန် မြို့နယ်","ဟိုင်ကျင်း ကျေးရွာအုပ်စု",0305228
ချင်းပြည်နယ်,"တွန်းဇန် မြို့နယ်","ပန်မွာလ် ကျေးရွာအုပ်စု",0305229
ချင်းပြည်နယ်,"တွန်းဇန် မြို့နယ်","တုန်ကျင်း ကျေးရွာအုပ်စု",0305230
ချင်းပြည်နယ်,"မတူပီ မြို့နယ်","စိန်ဘောင် ရပ်ကွက်",0306001
ချင်းပြည်နယ်,"မတူပီ မြို့နယ်","ခွာဘွေး ရပ်ကွက်",0306002
ချင်းပြည်နယ်,"မတူပီ မြို့နယ်","လောင်ဗန်း ရပ်ကွက်",0306003
ချင်းပြည်နယ်,"မတူပီ မြို့နယ်","ငလား ရပ်ကွက်",0306004
ချင်းပြည်နယ်,"မတူပီ မြို့နယ်","လွီဗန်း ကျေးရွာအုပ်စု",0306200
ချင်းပြည်နယ်,"မတူပီ မြို့နယ်","တန်ကူ ကျေးရွာအုပ်စု",0306201
ချင်းပြည်နယ်,"မတူပီ မြို့နယ်","ရာဒွီး ကျေးရွာအုပ်စု",0306202
ချင်းပြည်နယ်,"မတူပီ မြို့နယ်","ငလိုင် ကျေးရွာအုပ်စု",0306203
ချင်းပြည်နယ်,"မတူပီ မြို့နယ်","ကစဲ ကျေးရွာအုပ်စု",0306204
ချင်းပြည်နယ်,"မတူပီ မြို့နယ်","စောင်ထီယား ကျေးရွာအုပ်စု",0306205
ချင်းပြည်နယ်,"မတူပီ မြို့နယ်","အန်ထော ကျေးရွာအုပ်စု",0306206
ချင်းပြည်နယ်,"မတူပီ မြို့နယ်","လာလွီး ကျေးရွာအုပ်စု",0306207
ချင်းပြည်နယ်,"မတူပီ မြို့နယ်","ဒိုင်နှမ်း ကျေးရွာအုပ်စု",0306208
ချင်းပြည်နယ်,"မတူပီ မြို့နယ်","လေဆင်း ကျေးရွာအုပ်စု",0306209
ချင်းပြည်နယ်,"မတူပီ မြို့နယ်","လေရိန်း ကျေးရွာအုပ်စု",0306210
ချင်းပြည်နယ်,"မတူပီ မြို့နယ်","အောက်လား ကျေးရွာအုပ်စု",0306211
ချင်းပြည်နယ်,"မတူပီ မြို့နယ်","နှော်ထယ် ကျေးရွာအုပ်စု",0306212
ချင်းပြည်နယ်,"မတူပီ မြို့နယ်","ဖနိုင် ကျေးရွာအုပ်စု",0306213
ချင်းပြည်နယ်,"မတူပီ မြို့နယ်","ဝေတူ ကျေးရွာအုပ်စု",0306214
ချင်းပြည်နယ်,"မတူပီ မြို့နယ်","ရမ်တိန်း ကျေးရွာအုပ်စု",0306215
ချင်းပြည်နယ်,"မတူပီ မြို့နယ်","ဟာတူး ကျေးရွာအုပ်စု",0306216
ချင်းပြည်နယ်,"မတူပီ မြို့နယ်","ခြန်းပြန်း ကျေးရွာအုပ်စု",0306217
ချင်းပြည်နယ်,"မတူပီ မြို့နယ်","အွမ်ဆွေး ကျေးရွာအုပ်စု",0306218
ချင်းပြည်နယ်,"မတူပီ မြို့နယ်","ဝလံပီ ကျေးရွာအုပ်စု",0306219
ချင်းပြည်နယ်,"မတူပီ မြို့နယ်","ဝလန်တယ် ကျေးရွာအုပ်စု",0306220
ချင်းပြည်နယ်,"မတူပီ မြို့နယ်","စန်တပ် ကျေးရွာအုပ်စု",0306221
ချင်းပြည်နယ်,"မတူပီ မြို့နယ်","လုံပန်း ကျေးရွာအုပ်စု",0306222
ချင်းပြည်နယ်,"မတူပီ မြို့နယ်","လိန်တွီ ကျေးရွာအုပ်စု",0306223
ချင်းပြည်နယ်,"မတူပီ မြို့နယ်","ရောက်ထန်း ကျေးရွာအုပ်စု",0306224
ချင်းပြည်နယ်,"မတူပီ မြို့နယ်","ရုန်း ကျေးရွာအုပ်စု",0306225
ချင်းပြည်နယ်,"မတူပီ မြို့နယ်","ပန်တွီ ကျေးရွာအုပ်စု",0306226
ချင်းပြည်နယ်,"မတူပီ မြို့နယ်","မားဒူး ကျေးရွာအုပ်စု",0306227
ချင်းပြည်နယ်,"မတူပီ မြို့နယ်","ဝီးလူ ကျေးရွာအုပ်စု",0306228
ချင်းပြည်နယ်,"မတူပီ မြို့နယ်","ဆဘောင်းထယ် ကျေးရွာအုပ်စု",0306229
ချင်းပြည်နယ်,"မတူပီ မြို့နယ်","ဒါရ်လင်း ကျေးရွာအုပ်စု",0306230
ချင်းပြည်နယ်,"မတူပီ မြို့နယ်","ဆဘောင်းပီ ကျေးရွာအုပ်စု",0306231
ချင်းပြည်နယ်,"မတူပီ မြို့နယ်","စပေါ် ကျေးရွာအုပ်စု",0306232
ချင်းပြည်နယ်,"မတူပီ မြို့နယ်","တီဆီး ကျေးရွာအုပ်စု",0306233
ချင်းပြည်နယ်,"မတူပီ မြို့နယ်","လိုင်လင်းပီ ကျေးရွာအုပ်စု",0306234
ချင်းပြည်နယ်,"မတူပီ မြို့နယ်","ဆုံဆင်း ကျေးရွာအုပ်စု",0306235
ချင်းပြည်နယ်,"မတူပီ မြို့နယ်","လိုင်လင်းတယ် ကျေးရွာအုပ်စု",0306236
ချင်းပြည်နယ်,"မတူပီ မြို့နယ်","စခိုင်း ကျေးရွာအုပ်စု",0306237
ချင်းပြည်နယ်,"မတူပီ မြို့နယ်","ဆတူး ကျေးရွာအုပ်စု",0306238
ချင်းပြည်နယ်,"မတူပီ မြို့နယ်","လိုတော ကျေးရွာအုပ်စု",0306239
ချင်းပြည်နယ်,"မတူပီ မြို့နယ်","တိန်ဆီး ကျေးရွာအုပ်စု",0306240
ချင်းပြည်နယ်,"မတူပီ မြို့နယ်","ဝေါ်တီး ကျေးရွာအုပ်စု",0306241
ချင်းပြည်နယ်,"မတူပီ မြို့နယ်","ဘလေး ကျေးရွာအုပ်စု",0306242
ချင်းပြည်နယ်,"မတူပီ မြို့နယ်","လုံငိုး ကျေးရွာအုပ်စု",0306243
ချင်းပြည်နယ်,"မတူပီ မြို့နယ်","ရေဆော ကျေးရွာအုပ်စု",0306244
ချင်းပြည်နယ်,"မတူပီ မြို့နယ်","လုံဒေါ ကျေးရွာအုပ်စု",0306245
ချင်းပြည်နယ်,"မတူပီ မြို့နယ်","နာဘုန်း ကျေးရွာအုပ်စု",0306246
ချင်းပြည်နယ်,"မတူပီ မြို့နယ်","စန်းစက် ကျေးရွာအုပ်စု",0306247
ချင်းပြည်နယ်,"မတူပီ မြို့နယ်","ဒိုင်ဒင်း ကျေးရွာအုပ်စု",0306248
ချင်းပြည်နယ်,"မတူပီ မြို့နယ်","ဟရင်းပီ ကျေးရွာအုပ်စု",0306249
ချင်းပြည်နယ်,"မတူပီ မြို့နယ်","ဆာတဲ ကျေးရွာအုပ်စု",0306250
ချင်းပြည်နယ်,"မတူပီ မြို့နယ်","လေကန်း ကျေးရွာအုပ်စု",0306251
ချင်းပြည်နယ်,"မတူပီ မြို့နယ်","ရွားဗား ကျေးရွာအုပ်စု",0306252
ချင်းပြည်နယ်,"မတူပီ မြို့နယ်","စာလ်ထောင် ကျေးရွာအုပ်စု",0306253
ချင်းပြည်နယ်,"မတူပီ မြို့နယ်","ရှာရှိ ကျေးရွာအုပ်စု",0306254
ချင်းပြည်နယ်,"မတူပီ မြို့နယ်","ရှာတလိုင်း ကျေးရွာအုပ်စု",0306255
ချင်းပြည်နယ်,"မတူပီ မြို့နယ်","အိုက်တား ကျေးရွာအုပ်စု",0306256
ချင်းပြည်နယ်,"မတူပီ မြို့နယ်","ဆော်တီး ကျေးရွာအုပ်စု",0306257
ချင်းပြည်နယ်,"မတူပီ မြို့နယ်","ဟရင်းထန်း ကျေးရွာအုပ်စု",0306258
ချင်းပြည်နယ်,"မတူပီ မြို့နယ်","ဧတန်း ကျေးရွာအုပ်စု",0306259
ချင်းပြည်နယ်,"မတူပီ မြို့နယ်","တီဘိန်း ကျေးရွာအုပ်စု",0306260
ချင်းပြည်နယ်,"မတူပီ မြို့နယ်","ဟုန်းလေး ကျေးရွာအုပ်စု",0306261
ချင်းပြည်နယ်,"မတူပီ မြို့နယ်","ထောင်လန်း ကျေးရွာအုပ်စု",0306262
ချင်းပြည်နယ်,"မင်းတပ် မြို့နယ်","အရှေ့ ပြင် ရပ်ကွက်",0307001
ချင်းပြည်နယ်,"မင်းတပ် မြို့နယ်","ဘဝသစ် ရပ်ကွက်",0307002
ချင်းပြည်နယ်,"မင်းတပ် မြို့နယ်","စံပြ ရပ်ကွက်",0307003
ချင်းပြည်နယ်,"မင်းတပ် မြို့နယ်","အနောက် ရပ်ကွက်",0307004
ချင်းပြည်နယ်,"မင်းတပ် မြို့နယ်","ဘော ကျေးရွာအုပ်စု",0307200
ချင်းပြည်နယ်,"မင်းတပ် မြို့နယ်","သွီပန်း ကျေးရွာအုပ်စု",0307201
ချင်းပြည်နယ်,"မင်းတပ် မြို့နယ်","စွန်တောင် ကျေးရွာအုပ်စု",0307202
ချင်းပြည်နယ်,"မင်းတပ် မြို့နယ်","မနာတာ ကျေးရွာအုပ်စု",0307203
ချင်းပြည်နယ်,"မင်းတပ် မြို့နယ်","လှေ့ချမ်း ကျေးရွာအုပ်စု",0307204
ချင်းပြည်နယ်,"မင်းတပ် မြို့နယ်","အွယ်ရေး ကျေးရွာအုပ်စု",0307205
ချင်းပြည်နယ်,"မင်းတပ် မြို့နယ်","မရှိန်းလှော် (အမ်တာ) ကျေးရွာအုပ်စု",0307206
ချင်းပြည်နယ်,"မင်းတပ် မြို့နယ်","မသူး ကျေးရွာအုပ်စု",0307207
ချင်းပြည်နယ်,"မင်းတပ် မြို့နယ်","ဝမ္မသူး ကျေးရွာအုပ်စု",0307208
ချင်းပြည်နယ်,"မင်းတပ် မြို့နယ်","ဟုန်းသာ ကျေးရွာအုပ်စု",0307209
ချင်းပြည်နယ်,"မင်းတပ် မြို့နယ်","ဝကောက် ကျေးရွာအုပ်စု",0307210
ချင်းပြည်နယ်,"မင်းတပ် မြို့နယ်","ခွဲလုံ ကျေးရွာအုပ်စု",0307211
ချင်းပြည်နယ်,"မင်းတပ် မြို့နယ်","မွီတွီ ကျေးရွာအုပ်စု",0307212
ချင်းပြည်နယ်,"မင်းတပ် မြို့နယ်","လာလောင်းထွီး ကျေးရွာအုပ်စု",0307213
ချင်းပြည်နယ်,"မင်းတပ် မြို့နယ်","ကီးသာ ကျေးရွာအုပ်စု",0307214
ချင်းပြည်နယ်,"မင်းတပ် မြို့နယ်","မကွီ ကျေးရွာအုပ်စု",0307215
ချင်းပြည်နယ်,"မင်းတပ် မြို့နယ်","ဒုံအိမ် ကျေးရွာအုပ်စု",0307216
ချင်းပြည်နယ်,"မင်းတပ် မြို့နယ်","လှေကောင်း ကျေးရွာအုပ်စု",0307217
ချင်းပြည်နယ်,"မင်းတပ် မြို့နယ်","ပြေ ကျေးရွာအုပ်စု",0307218
ချင်းပြည်နယ်,"မင်းတပ် မြို့နယ်","ဖွီ ကျေးရွာအုပ်စု",0307219
ချင်းပြည်နယ်,"မင်းတပ် မြို့နယ်","ဟီးလောင်း ကျေးရွာအုပ်စု",0307220
ချင်းပြည်နယ်,"မင်းတပ် မြို့နယ်","ကြာလေလှိုင်း ကျေးရွာအုပ်စု",0307221
ချင်းပြည်နယ်,"မင်းတပ် မြို့နယ်","မဒပ် ကျေးရွာအုပ်စု",0307222
ချင်းပြည်နယ်,"မင်းတပ် မြို့နယ်","မရှိယော ကျေးရွာအုပ်စု",0307223
ချင်းပြည်နယ်,"မင်းတပ် မြို့နယ်","မကွီအိမ်နူး ကျေးရွာအုပ်စု",0307224
ချင်းပြည်နယ်,"မင်းတပ် မြို့နယ်","မဒါအိမ်နူး ကျေးရွာအုပ်စု",0307225
ချင်းပြည်နယ်,"မင်းတပ် မြို့နယ်","ကင်းလှိ ကျေးရွာအုပ်စု",0307226
ချင်းပြည်နယ်,"မင်းတပ် မြို့နယ်","အုံ ကျေးရွာအုပ်စု",0307227
ချင်းပြည်နယ်,"မင်းတပ် မြို့နယ်","ရှစ် ကျေးရွာအုပ်စု",0307228
ချင်းပြည်နယ်,"မင်းတပ် မြို့နယ်","ဒုတ် ကျေးရွာအုပ်စု",0307229
ချင်းပြည်နယ်,"မင်းတပ် မြို့နယ်","ပန်းသွယ် ကျေးရွာအုပ်စု",0307230
ချင်းပြည်နယ်,"မင်းတပ် မြို့နယ်","လှိမ်းမလှန်း ကျေးရွာအုပ်စု",0307231
ချင်းပြည်နယ်,"မင်းတပ် မြို့နယ်","ပြုံး ကျေးရွာအုပ်စု",0307232
ချင်းပြည်နယ်,"မင်းတပ် မြို့နယ်","ရို ကျေးရွာအုပ်စု",0307233
ချင်းပြည်နယ်,"မင်းတပ် မြို့နယ်","မချုံ ကျေးရွာအုပ်စု",0307234
ချင်းပြည်နယ်,"မင်းတပ် မြို့နယ်","တွီဒိန် ကျေးရွာအုပ်စု",0307235
ချင်းပြည်နယ်,"မင်းတပ် မြို့နယ်","ကာအိမ် ကျေးရွာအုပ်စု",0307236
ချင်းပြည်နယ်,"မင်းတပ် မြို့နယ်","ခင်ဖောင် ကျေးရွာအုပ်စု",0307237
ချင်းပြည်နယ်,"မင်းတပ် မြို့နယ်","ရပ်ဒုတ် ကျေးရွာအုပ်စု",0307238
ချင်းပြည်နယ်,"မင်းတပ် မြို့နယ်","အောက်ချိုင် ကျေးရွာအုပ်စု",0307239
ချင်းပြည်နယ်,"မင်းတပ် မြို့နယ်","ရိုးဖောင် ကျေးရွာအုပ်စု",0307240
ချင်းပြည်နယ်,"မင်းတပ် မြို့နယ်","ကြုတ် ကျေးရွာအုပ်စု",0307241
ချင်းပြည်နယ်,"မင်းတပ် မြို့နယ်","ကျွန်နမ် ကျေးရွာအုပ်စု",0307242
ချင်းပြည်နယ်,"မင်းတပ် မြို့နယ်","ဘွေရှိ ကျေးရွာအုပ်စု",0307243
ချင်းပြည်နယ်,"မင်းတပ် မြို့နယ်","ဝေးလောင်း ကျေးရွာအုပ်စု",0307244
ချင်းပြည်နယ်,"မင်းတပ် မြို့နယ်","ရောင်လောင်း ကျေးရွာအုပ်စု",0307245
ချင်းပြည်နယ်,"ကန်ပက်လက် မြို့နယ်","အမှတ် (၁) ရပ်ကွက်",0308001
ချင်းပြည်နယ်,"ကန်ပက်လက် မြို့နယ်","အမှတ် (၂) ရပ်ကွက်",0308002
ချင်းပြည်နယ်,"ကန်ပက်လက် မြို့နယ်","မကြား ကျေးရွာအုပ်စု",0308200
ချင်းပြည်နယ်,"ကန်ပက်လက် မြို့နယ်","တုံငယ် ကျေးရွာအုပ်စု",0308201
ချင်းပြည်နယ်,"ကန်ပက်လက် မြို့နယ်","ခိတော် ကျေးရွာအုပ်စု",0308202
ချင်းပြည်နယ်,"ကန်ပက်လက် မြို့နယ်","ငုံလောင်း ကျေးရွာအုပ်စု",0308203
ချင်းပြည်နယ်,"ကန်ပက်လက် မြို့နယ်","ကန့်သာရုံ ကျေးရွာအုပ်စု",0308204
ချင်းပြည်နယ်,"ကန်ပက်လက် မြို့နယ်","ကြက်ခြံ ကျေးရွာအုပ်စု",0308205
ချင်းပြည်နယ်,"ကန်ပက်လက် မြို့နယ်","လွန်ဒုံ ကျေးရွာအုပ်စု",0308206
ချင်းပြည်နယ်,"ကန်ပက်လက် မြို့နယ်","ဘောင်ဘင် ကျေးရွာအုပ်စု",0308207
ချင်းပြည်နယ်,"ကန်ပက်လက် မြို့နယ်","ဆေကေး ကျေးရွာအုပ်စု",0308208
ချင်းပြည်နယ်,"ကန်ပက်လက် မြို့နယ်","မှန်တောင် ကျေးရွာအုပ်စု",0308209
ချင်းပြည်နယ်,"ကန်ပက်လက် မြို့နယ်","လဲပုံ ကျေးရွာအုပ်စု",0308210
ချင်းပြည်နယ်,"ကန်ပက်လက် မြို့နယ်","ငွန်းဇိုင် ကျေးရွာအုပ်စု",0308211
ချင်းပြည်နယ်,"ကန်ပက်လက် မြို့နယ်","လောက်မော့ ကျေးရွာအုပ်စု",0308212
ချင်းပြည်နယ်,"ကန်ပက်လက် မြို့နယ်","အောက်ကန့် ကျေးရွာအုပ်စု",0308213
ချင်းပြည်နယ်,"ကန်ပက်လက် မြို့နယ်","အောက်လှယ် ကျေးရွာအုပ်စု",0308214
ချင်းပြည်နယ်,"ကန်ပက်လက် မြို့နယ်","ပူစော ကျေးရွာအုပ်စု",0308215
ချင်းပြည်နယ်,"ကန်ပက်လက် မြို့နယ်","မှူးချိန်းဒိန်း ကျေးရွာအုပ်စု",0308216
ချင်းပြည်နယ်,"ကန်ပက်လက် မြို့နယ်","မုလောင်း ကျေးရွာအုပ်စု",0308217
ချင်းပြည်နယ်,"ကန်ပက်လက် မြို့နယ်","ကာနန်း ကျေးရွာအုပ်စု",0308218
ချင်းပြည်နယ်,"ကန်ပက်လက် မြို့နယ်","မကြားအိမ်နူး ကျေးရွာအုပ်စု",0308219
ချင်းပြည်နယ်,"ကန်ပက်လက် မြို့နယ်","ခါနန်း ကျေးရွာအုပ်စု",0308220
ချင်းပြည်နယ်,"ကန်ပက်လက် မြို့နယ်","လုံအိမ်နူး ကျေးရွာအုပ်စု",0308221
ချင်းပြည်နယ်,"ကန်ပက်လက် မြို့နယ်","ခါရိုင်း ကျေးရွာအုပ်စု",0308222
ချင်းပြည်နယ်,"ကန်ပက်လက် မြို့နယ်","ဆတ်ခြောက် ကျေးရွာအုပ်စု",0308223
ချင်းပြည်နယ်,"ကန်ပက်လက် မြို့နယ်","ပင်းလောင်း ကျေးရွာအုပ်စု",0308224
ချင်းပြည်နယ်,"ကန်ပက်လက် မြို့နယ်","မာကြား ကျေးရွာအုပ်စု",0308225
ချင်းပြည်နယ်,"ပလက်ဝ မြို့နယ်","မြို့မ ရပ်ကွက်",0309001
ချင်းပြည်နယ်,"ပလက်ဝ မြို့နယ်","ရွာမ ရပ်ကွက်",0309002
ချင်းပြည်နယ်,"ပလက်ဝ မြို့နယ်","ရိက္ခာ ရပ်ကွက်",0309003
ချင်းပြည်နယ်,"ပလက်ဝ မြို့နယ်","ကင်ဝ ရပ်ကွက်",0309004
ချင်းပြည်နယ်,"ပလက်ဝ မြို့နယ်","ကင်ဝ ကျေးရွာအုပ်စု",0309200
ချင်းပြည်နယ်,"ပလက်ဝ မြို့နယ်","မွန်ထောင့် ကျေးရွာအုပ်စု",0309201
ချင်းပြည်နယ်,"ပလက်ဝ မြို့နယ်","စိမ့်စင်းဝ ကျေးရွာအုပ်စု",0309202
ချင်းပြည်နယ်,"ပလက်ဝ မြို့နယ်","လယ်လှ ကျေးရွာအုပ်စု",0309203
ချင်းပြည်နယ်,"ပလက်ဝ မြို့နယ်","တမန်းသား ကျေးရွာအုပ်စု",0309204
ချင်းပြည်နယ်,"ပလက်ဝ မြို့နယ်","သဲမဝ ကျေးရွာအုပ်စု",0309205
ချင်းပြည်နယ်,"ပလက်ဝ မြို့နယ်","နှမဒါ ကျေးရွာအုပ်စု",0309206
ချင်းပြည်နယ်,"ပလက်ဝ မြို့နယ်","ရုပ်ဝ ကျေးရွာအုပ်စု",0309207
ချင်းပြည်နယ်,"ပလက်ဝ မြို့နယ်","အဘောင်သား ကျေးရွာအုပ်စု",0309208
ချင်းပြည်နယ်,"ပလက်ဝ မြို့နယ်","တွီကင်းဝ ကျေးရွာအုပ်စု",0309209
ချင်းပြည်နယ်,"ပလက်ဝ မြို့နယ်","ကန့်လာဝ ကျေးရွာအုပ်စု",0309210
ချင်းပြည်နယ်,"ပလက်ဝ မြို့နယ်","ဘောင်ပီး ကျေးရွာအုပ်စု",0309211
ချင်းပြည်နယ်,"ပလက်ဝ မြို့နယ်","ပိန္နဲတပင် ကျေးရွာအုပ်စု",0309212
ချင်းပြည်နယ်,"ပလက်ဝ မြို့နယ်","ငရှား ကျေးရွာအုပ်စု",0309213
ချင်းပြည်နယ်,"ပလက်ဝ မြို့နယ်","ငဒက် ကျေးရွာအုပ်စု",0309214
ချင်းပြည်နယ်,"ပလက်ဝ မြို့နယ်","ကျီးလေ ကျေးရွာအုပ်စု",0309215
ချင်းပြည်နယ်,"ပလက်ဝ မြို့နယ်","ကြွေသောင် ကျေးရွာအုပ်စု",0309216
ချင်းပြည်နယ်,"ပလက်ဝ မြို့နယ်","ကွမ်းချောင်းဝ ကျေးရွာအုပ်စု",0309217
ချင်းပြည်နယ်,"ပလက်ဝ မြို့နယ်","ပြင်ငူ ကျေးရွာအုပ်စု",0309218
ချင်းပြည်နယ်,"ပလက်ဝ မြို့နယ်","တွီဆီးဝ ကျေးရွာအုပ်စု",0309219
ချင်းပြည်နယ်,"ပလက်ဝ မြို့နယ်","ခဝဲ ကျေးရွာအုပ်စု",0309220
ချင်းပြည်နယ်,"ပလက်ဝ မြို့နယ်","ရပ်ချောင်းဝ ကျေးရွာအုပ်စု",0309221
ချင်းပြည်နယ်,"ပလက်ဝ မြို့နယ်","မြောင်းချောင်း ကျေးရွာအုပ်စု",0309222
ချင်းပြည်နယ်,"ပလက်ဝ မြို့နယ်","ဘဲဒုံ ကျေးရွာအုပ်စု",0309223
ချင်းပြည်နယ်,"ပလက်ဝ မြို့နယ်","ဖတ်ချောင်းဝ ကျေးရွာအုပ်စု",0309224
ချင်းပြည်နယ်,"ပလက်ဝ မြို့နယ်","ငတိန်း ကျေးရွာအုပ်စု",0309225
ချင်းပြည်နယ်,"ပလက်ဝ မြို့နယ်","ဒလက်မေ ကျေးရွာအုပ်စု",0309226
ချင်းပြည်နယ်,"ပလက်ဝ မြို့နယ်","အောက်ဘလိုင် ကျေးရွာအုပ်စု",0309227
ချင်းပြည်နယ်,"ပလက်ဝ မြို့နယ်","တုတ်ကြေးဝ ကျေးရွာအုပ်စု",0309228
ချင်းပြည်နယ်,"ပလက်ဝ မြို့နယ်","ယီးလာဝ ကျေးရွာအုပ်စု",0309229
ချင်းပြည်နယ်,"ပလက်ဝ မြို့နယ်","ကုန်းတော် ကျေးရွာအုပ်စု",0309230
ချင်းပြည်နယ်,"ပလက်ဝ မြို့နယ်","တရွန်အိုင် ကျေးရွာအုပ်စု",0309231
ချင်းပြည်နယ်,"ပလက်ဝ မြို့နယ်","ဇဉ်ဘောင်းပြင် ကျေးရွာအုပ်စု",0309232
ချင်းပြည်နယ်,"ပလက်ဝ မြို့နယ်","ရှင်မဒိန်ဝ ကျေးရွာအုပ်စု",0309233
ချင်းပြည်နယ်,"ပလက်ဝ မြို့နယ်","သာယာကုန်း ကျေးရွာအုပ်စု",0309234
ချင်းပြည်နယ်,"ပလက်ဝ မြို့နယ်","ယင်ခံဝ ကျေးရွာအုပ်စု",0309235
ချင်းပြည်နယ်,"ပလက်ဝ မြို့နယ်","မီးဇာ ကျေးရွာအုပ်စု",0309236
ချင်းပြည်နယ်,"ပလက်ဝ မြို့နယ်","စက်ပစ်ပြင် ကျေးရွာအုပ်စု",0309237
ချင်းပြည်နယ်,"ပလက်ဝ မြို့နယ်","သဲမဝ ကျေးရွာအုပ်စု",0309238
ချင်းပြည်နယ်,"ပလက်ဝ မြို့နယ်","အထက်ဘလိုင် ကျေးရွာအုပ်စု",0309239
ချင်းပြည်နယ်,"ပလက်ဝ မြို့နယ်","ကွမ်းတောင် ကျေးရွာအုပ်စု",0309240
ချင်းပြည်နယ်,"ပလက်ဝ မြို့နယ်","ဆတ်ချိုင် ကျေးရွာအုပ်စု",0309241
ချင်းပြည်နယ်,"ပလက်ဝ မြို့နယ်","ရှင်းလက်ဝ ကျေးရွာအုပ်စု",0309242
ချင်းပြည်နယ်,"ပလက်ဝ မြို့နယ်","ရွှေလိုက်ဝ ကျေးရွာအုပ်စု",0309243
ချင်းပြည်နယ်,"ပလက်ဝ မြို့နယ်","ဆင်အိုးဝ ကျေးရွာအုပ်စု",0309244
ချင်းပြည်နယ်,"ပလက်ဝ မြို့နယ်","ရှာအို ကျေးရွာအုပ်စု",0309245
ချင်းပြည်နယ်,"ပလက်ဝ မြို့နယ်","ပါရာ ကျေးရွာအုပ်စု",0309246
ချင်းပြည်နယ်,"ပလက်ဝ မြို့နယ်","ပတိန်တလန် ကျေးရွာအုပ်စု",0309247
ချင်းပြည်နယ်,"ပလက်ဝ မြို့နယ်","ဝါးရုံ ကျေးရွာအုပ်စု",0309248
ချင်းပြည်နယ်,"ပလက်ဝ မြို့နယ်","မအူ ကျေးရွာအုပ်စု",0309249
ချင်းပြည်နယ်,"ပလက်ဝ မြို့နယ်","မြိတ်ဝ ကျေးရွာအုပ်စု",0309250
ချင်းပြည်နယ်,"ပလက်ဝ မြို့နယ်","ပကာဝ ကျေးရွာအုပ်စု",0309251
ချင်းပြည်နယ်,"ပလက်ဝ မြို့နယ်","မော်တလာ ကျေးရွာအုပ်စု",0309252
ချင်းပြည်နယ်,"ပလက်ဝ မြို့နယ်","ရွှေလိုင်ပွီ ကျေးရွာအုပ်စု",0309253
ချင်းပြည်နယ်,"ပလက်ဝ မြို့နယ်","အုန်းသီးဝ ကျေးရွာအုပ်စု",0309254
ချင်းပြည်နယ်,"ပလက်ဝ မြို့နယ်","ဒူရီတောင် ကျေးရွာအုပ်စု",0309255
ချင်းပြည်နယ်,"ပလက်ဝ မြို့နယ်","ကုန်ပြင် ကျေးရွာအုပ်စု",0309256
ချင်းပြည်နယ်,"ပလက်ဝ မြို့နယ်","ဆမီး ကျေးရွာအုပ်စု",0309257
ချင်းပြည်နယ်,"ပလက်ဝ မြို့နယ်","ပါမောင် ကျေးရွာအုပ်စု",0309258
ချင်းပြည်နယ်,"ပလက်ဝ မြို့နယ်","ကြက်မအိုင် ကျေးရွာအုပ်စု",0309259
ချင်းပြည်နယ်,"ပလက်ဝ မြို့နယ်","လိပ်ချောင်းဝ ကျေးရွာအုပ်စု",0309260
ချင်းပြည်နယ်,"ပလက်ဝ မြို့နယ်","တင်းဘုန်း ကျေးရွာအုပ်စု",0309261
ချင်းပြည်နယ်,"ပလက်ဝ မြို့နယ်","ဝါတိန် ကျေးရွာအုပ်စု",0309262
ချင်းပြည်နယ်,"ပလက်ဝ မြို့နယ်","ဝက်မ ကျေးရွာအုပ်စု",0309263
ချင်းပြည်နယ်,"ပလက်ဝ မြို့နယ်","ဆားဝ ကျေးရွာအုပ်စု",0309264
ချင်းပြည်နယ်,"ပလက်ဝ မြို့နယ်","ပျဉ်ဝ ကျေးရွာအုပ်စု",0309265
ချင်းပြည်နယ်,"ပလက်ဝ မြို့နယ်","ကနောင် ကျေးရွာအုပ်စု",0309266
ချင်းပြည်နယ်,"ပလက်ဝ မြို့နယ်","ဘောင်ကုန်း ကျေးရွာအုပ်စု",0309267
ချင်းပြည်နယ်,"ပလက်ဝ မြို့နယ်","စင်ကီတောင် ကျေးရွာအုပ်စု",0309268
ချင်းပြည်နယ်,"ပလက်ဝ မြို့နယ်","ကယက် ကျေးရွာအုပ်စု",0309269
ချင်းပြည်နယ်,"ပလက်ဝ မြို့နယ်","အာကီကုန်း ကျေးရွာအုပ်စု",0309270
ချင်းပြည်နယ်,"ပလက်ဝ မြို့နယ်","ဒီလောင်ကုန်း ကျေးရွာအုပ်စု",0309271
ချင်းပြည်နယ်,"ပလက်ဝ မြို့နယ်","တိုင်ဝ ကျေးရွာအုပ်စု",0309272
ချင်းပြည်နယ်,"ပလက်ဝ မြို့နယ်","မီးချောင်းဘားဝ ကျေးရွာအုပ်စု",0309273
ချင်းပြည်နယ်,"ပလက်ဝ မြို့နယ်","တွီဆော့ကုန်း ကျေးရွာအုပ်စု",0309274
ချင်းပြည်နယ်,"ပလက်ဝ မြို့နယ်","ဝါဒိုင်ကုန်း ကျေးရွာအုပ်စု",0309275
ချင်းပြည်နယ်,"ပလက်ဝ မြို့နယ်","လောင်ယော်ကုန်း ကျေးရွာအုပ်စု",0309276
ချင်းပြည်နယ်,"ပလက်ဝ မြို့နယ်","စင်လီ ကျေးရွာအုပ်စု",0309277
ချင်းပြည်နယ်,"ပလက်ဝ မြို့နယ်","သံထောင် ကျေးရွာအုပ်စု",0309278
ချင်းပြည်နယ်,"ပလက်ဝ မြို့နယ်","ကိုဖေရှေ ကျေးရွာအုပ်စု",0309279
ချင်းပြည်နယ်,"ပလက်ဝ မြို့နယ်","အလယ်ဒိန်ကင်း ကျေးရွာအုပ်စု",0309280
ချင်းပြည်နယ်,"ပလက်ဝ မြို့နယ်","ခိုက်ခါ ကျေးရွာအုပ်စု",0309281
ချင်းပြည်နယ်,"ပလက်ဝ မြို့နယ်","အပ်စ ကျေးရွာအုပ်စု",0309282
ချင်းပြည်နယ်,"ပလက်ဝ မြို့နယ်","ထိန်းခေါင်း ကျေးရွာအုပ်စု",0309283
ချင်းပြည်နယ်,"ပလက်ဝ မြို့နယ်","ချိုင်းစနူး ကျေးရွာအုပ်စု",0309284
ချင်းပြည်နယ်,"ပလက်ဝ မြို့နယ်","မှုံတနူး ကျေးရွာအုပ်စု",0309285
ချင်းပြည်နယ်,"ပလက်ဝ မြို့နယ်","ထိုးနူး ကျေးရွာအုပ်စု",0309286
ချင်းပြည်နယ်,"ပလက်ဝ မြို့နယ်","ခန်တို ကျေးရွာအုပ်စု",0309287
ချင်းပြည်နယ်,"ပလက်ဝ မြို့နယ်","ဂါရာပြင် ကျေးရွာအုပ်စု",0309288
ချင်းပြည်နယ်,"ပလက်ဝ မြို့နယ်","လန်ဒန် ကျေးရွာအုပ်စု",0309289
ချင်းပြည်နယ်,"ပလက်ဝ မြို့နယ်","ခွေးခေါင်း ကျေးရွာအုပ်စု",0309290
ချင်းပြည်နယ်,"ပလက်ဝ မြို့နယ်","ခါအိမ် ကျေးရွာအုပ်စု",0309291
ချင်းပြည်နယ်,"ပလက်ဝ မြို့နယ်","တပ်ချောင်း ကျေးရွာအုပ်စု",0309292
ချင်းပြည်နယ်,"ပလက်ဝ မြို့နယ်","ဝန်ချောင်းဝ ကျေးရွာအုပ်စု",0309293
ချင်းပြည်နယ်,"ပလက်ဝ မြို့နယ်","မောက်ချောင်းဝ ကျေးရွာအုပ်စု",0309294
ချင်းပြည်နယ်,"ပလက်ဝ မြို့နယ်","ကောက်စဉ် ကျေးရွာအုပ်စု",0309295
ချင်းပြည်နယ်,"ပလက်ဝ မြို့နယ်","မောစုန်းကြီး ကျေးရွာအုပ်စု",0309296
ချင်းပြည်နယ်,"ဆူရ်ခွား မြို့","ဆိုင်လိုသာရ် ရပ်ကွက်",0360001
ချင်းပြည်နယ်,"ဆူရ်ခွား မြို့","ဆလုံပူး ရပ်ကွက်",0360002
ချင်းပြည်နယ်,"နှာဟရိန် မြို့","အမှတ် (၁) ရပ်ကွက်",0361001
ချင်းပြည်နယ်,"နှာဟရိန် မြို့","အမှတ် (၂) ရပ်ကွက်",0361002
ချင်းပြည်နယ်,"ရိခေါ်ဒါရ် မြို့","အမှတ် (၁) ရပ်ကွက်",0362001
ချင်းပြည်နယ်,"ရိခေါ်ဒါရ် မြို့","အမှတ် (၂) ရပ်ကွက်",0362002
ချင်းပြည်နယ်,"ဝေဘူလ မြို့","မြို့မ ရပ်ကွက်",0363001
ချင်းပြည်နယ်,"ဝေဘူလ မြို့","ကျန်ဘာရီ ရပ်ကွက်",0363002
ချင်းပြည်နယ်,"ဝေဘူလ မြို့","လုံးသပ် ရပ်ကွက်",0363003
ချင်းပြည်နယ်,"ဝေဘူလ မြို့","မွာလ်ဇောလ် ရပ်ကွက်",0363004
ချင်းပြည်နယ်,"ခိုင်ကမ်း မြို့","အမှတ် (၁) ရပ်ကွက်",0364001
ချင်းပြည်နယ်,"ခိုင်ကမ်း မြို့","အမှတ် (၂) ရပ်ကွက်",0364002
ချင်းပြည်နယ်,"ခိုင်ကမ်း မြို့","အမှတ် (၃) ရပ်ကွက်",0364003
ချင်းပြည်နယ်,"ခိုင်ကမ်း မြို့","အမှတ် (၄) ရပ်ကွက်",0364004
ချင်းပြည်နယ်,"ကျီခါး မြို့","အမှတ် (၁) ရပ်ကွက်",0365001
ချင်းပြည်နယ်,"ကျီခါး မြို့","အမှတ် (၂) ရပ်ကွက်",0365002
ချင်းပြည်နယ်,"ရေဇွာ မြို့","မြို့မ ရပ်ကွက်",0366001
ချင်းပြည်နယ်,"ရေဇွာ မြို့","အင်ရော ရပ်ကွက်",0366002
ချင်းပြည်နယ်,"ရေဇွာ မြို့","မွာပီး ရပ်ကွက်",0366003
ချင်းပြည်နယ်,"ရေဇွာ မြို့","လောင်းရဲ ရပ်ကွက်",0366004
ချင်းပြည်နယ်,"လိုင်လင်းပီ မြို့","အမှတ် (၁) ရပ်ကွက်",0367001
ချင်းပြည်နယ်,"လိုင်လင်းပီ မြို့","အမှတ် (၂) ရပ်ကွက်",0367002
ချင်းပြည်နယ်,"မကွီအိမ်နူး မြို့","မကွီအိမ်နူး ရပ်ကွက်",0368001
ချင်းပြည်နယ်,"မကွီအိမ်နူး မြို့","ကြုံလောင်း ရပ်ကွက်",0368002
ချင်းပြည်နယ်,"မကွီအိမ်နူး မြို့","ထိန်ပြုံး ရပ်ကွက်",0368003
ချင်းပြည်နယ်,"မကွီအိမ်နူး မြို့","ဗွီနူး ရပ်ကွက်",0368004
ချင်းပြည်နယ်,"ကျင်ဒွေး မြို့","ကျင်ဒွေး ရပ်ကွက်",0369001
ချင်းပြည်နယ်,"ကျင်ဒွေး မြို့","ဟုတ်ပုံကျင်း ရပ်ကွက်",0369002
ချင်းပြည်နယ်,"ကျင်ဒွေး မြို့","ဖုံးတွီကျင်း ရပ်ကွက်",0369003
ချင်းပြည်နယ်,"ကျင်ဒွေး မြို့","ထန်းကုန်း ရပ်ကွက်",0369004
ချင်းပြည်နယ်,"ဆမီး မြို့","အမှတ် (၁) ရပ်ကွက်",0370001
ချင်းပြည်နယ်,"ဆမီး မြို့","အမှတ် (၂) ရပ်ကွက်",0370002
ချင်းပြည်နယ်,"ဆမီး မြို့","အမှတ် (၃) ရပ်ကွက်",0370003
