﻿Region,"Town / Township","Quarter / Village Tract","Postal Code"
Magway Region,"Magway Township","Myo Haung Quarter",0401001
Magway Region,"Magway Township","Hson Quarter",0401002
Magway Region,"Magway Township","Zay Lel Soe Quarter",0401003
Magway Region,"Magway Township","Myo Ma Oe Bo Quarter",0401004
Magway Region,"Magway Township","Sar Shwe Kin Quarter",0401005
Magway Region,"Magway Township","Ywar Thit Pwe Kyo Quarter",0401006
Magway Region,"Magway Township","Thein Gar Gi Ri Quarter",0401007
Magway Region,"Magway Township","Pyi Taw Thar Quarter",0401008
Magway Region,"Magway Township","Min Kan Gyi Quarter",0401009
Magway Region,"Magway Township","Kan Thar Quarter",0401010
Magway Region,"Magway Township","Myin Thar Quarter",0401011
Magway Region,"Magway Township","Aung Ya Da Nar Quarter",0401012
Magway Region,"Magway Township","Aung Chan Thar Quarter",0401013
Magway Region,"Magway Township","Aung Min Ga Lar Quarter",0401014
Magway Region,"Magway Township","Aung Myit Tar Quarter",0401015
Magway Region,"Magway Township","Aung Say Ta Nar Quarter",0401016
Magway Region,"Magway Township","Soe Kaw Min Quarter",0401017
Magway Region,"Minbu Township","No (1) Quarter",0402001
Magway Region,"Minbu Township","No (2) Quarter",0402002
Magway Region,"Minbu Township","No (3) Quarter",0402003
Magway Region,"Minbu Township","No (4) Quarter",0402004
Magway Region,"Pwintbyu Township","Ah Shey Paing Quarter",0403001
Magway Region,"Pwintbyu Township","Ah Lel Paing Quarter",0403002
Magway Region,"Pwintbyu Township","Ah Nauk Paing Quarter",0403003
Magway Region,"Pwintbyu Township","Thet Taw Shey Quarter",0403004
Magway Region,"Salin Township","Paung Pin Zin Quarter",0404001
Magway Region,"Salin Township","Zay Ma Quarter",0404002
Magway Region,"Salin Township","Paung Nar Quarter",0404003
Magway Region,"Salin Township","Kyaung Kyar Quarter",0404004
Magway Region,"Salin Township","Pu Htoe Hpyu Quarter",0404005
Magway Region,"Salin Township","Myin Tin Quarter",0404006
Magway Region,"Salin Township","Myay Mi Kone Quarter",0404007
Magway Region,"Salin Township","Sar Si Kyaung Quarter",0404008
Magway Region,"Sidoktaya Township","No (1) Quarter",0405001
Magway Region,"Sidoktaya Township","No (2) Quarter",0405002
Magway Region,"Ngape Township","Ngape Myo Ma Quarter",0406001
Magway Region,"Ngape Township","Kyaung Twin Quarter",0406002
Magway Region,"Minhla Township","Myauk Quarter",0407001
Magway Region,"Minhla Township","Myo Ma Quarter",0407002
Magway Region,"Minhla Township","Taung Quarter",0407003
Magway Region,"Minhla Township","Kwet Thit Quarter",0407004
Magway Region,"Minhla Township","Yone  (North) Quarter",0407005
Magway Region,"Minhla Township","Yone(South) Quarter",0407006
Magway Region,"Sinbaungwe Township","No (1) Quarter",0408001
Magway Region,"Sinbaungwe Township","No (2) Quarter",0408002
Magway Region,"Sinbaungwe Township","No (3) Quarter",0408003
Magway Region,"Thayet Township","No (1) Quarter",0409001
Magway Region,"Thayet Township","No (2) Quarter",0409002
Magway Region,"Thayet Township","No (3) Quarter",0409003
Magway Region,"Thayet Township","No (4) Quarter",0409004
Magway Region,"Thayet Township","No (5) Quarter",0409005
Magway Region,"Thayet Township","No (6) Quarter",0409006
Magway Region,"Thayet Township","No (7) Quarter",0409007
Magway Region,"Thayet Township","No (8) Quarter",0409008
Magway Region,"Mindon Township","No (1) Quarter",0410001
Magway Region,"Mindon Township","No (2) Quarter",0410002
Magway Region,"Mindon Township","No (3) Quarter",0410003
Magway Region,"Mindon Township","No (4) Quarter",0410004
Magway Region,"Kamma Township","No (1) Quarter",0411001
Magway Region,"Kamma Township","No (2) Quarter",0411002
Magway Region,"Kamma Township","No (3) Quarter",0411003
Magway Region,"Kamma Township","No (4) Quarter",0411004
Magway Region,"Natmauk Township","Myo Ma Quarter",0412001
Magway Region,"Natmauk Township","Myo Ma Kwet Thit Quarter",0412002
Magway Region,"Natmauk Township","Zay Kwet Thit Quarter",0412003
Magway Region,"Natmauk Township","Aung San Quarter",0412004
Magway Region,"Natmauk Township","Ta Mar Pin Quarter",0412005
Magway Region,"Natmauk Township","Yan Aung Myin Quarter",0412006
Magway Region,"Natmauk Township","Kan Gyi Quarter",0412007
Magway Region,"Myothit Township","Hpa Yar Gyi Quarter",0413001
Magway Region,"Myothit Township","Lel Pyin Quarter",0413002
Magway Region,"Myothit Township","Kwet Thit Quarter",0413003
Magway Region,"Myothit Township","Zay Quarter",0413004
Magway Region,"Myothit Township","Min Quarter",0413005
Magway Region,"Taungdwingyi Township","Taung Pyin (1) Quarter",0414001
Magway Region,"Taungdwingyi Township","Taung Pyin (2) Quarter",0414002
Magway Region,"Taungdwingyi Township","Maung Taing (1) Quarter",0414003
Magway Region,"Taungdwingyi Township","Maung Taing (2) Quarter",0414004
Magway Region,"Taungdwingyi Township","Shwe Oe (1) Quarter",0414005
Magway Region,"Taungdwingyi Township","Shwe Oe (2) Quarter",0414006
Magway Region,"Taungdwingyi Township","Shwe Kyar Inn (1) Quarter",0414007
Magway Region,"Taungdwingyi Township","Shwe Kyar Inn (2) Quarter",0414008
Magway Region,"Taungdwingyi Township","Ohn Taw (1) Quarter",0414009
Magway Region,"Taungdwingyi Township","Ohn Taw (2) Quarter",0414010
Magway Region,"Aunglan Township","Ma Gyi Kone Quarter",0415001
Magway Region,"Aunglan Township","Zay Kone Quarter",0415002
Magway Region,"Aunglan Township","Tha Yet Taw Quarter",0415003
Magway Region,"Aunglan Township","Kan Gyi Quarter",0415004
Magway Region,"Aunglan Township","Zay Ya Wa Di Quarter",0415005
Magway Region,"Aunglan Township","Ta Yaw Kone Quarter",0415006
Magway Region,"Aunglan Township","San Chaung Quarter",0415007
Magway Region,"Aunglan Township","Set Yon Quarter",0415008
Magway Region,"Aunglan Township","Ywar Htaung Quarter",0415009
Magway Region,"Yenangyaung Township","Myo Ma (North) Quarter",0416001
Magway Region,"Yenangyaung Township","Myo Ma (South) Quarter",0416002
Magway Region,"Yenangyaung Township","Oe Bo Quarter",0416003
Magway Region,"Yenangyaung Township","Son Taik Quarter",0416004
Magway Region,"Yenangyaung Township","Shwe Kyar Ngon Quarter",0416005
Magway Region,"Yenangyaung Township","Ywar Thit Quarter",0416006
Magway Region,"Yenangyaung Township","Twin Kone Quarter",0416007
Magway Region,"Yenangyaung Township","Thu Htay Kone Quarter",0416008
Magway Region,"Yenangyaung Township","Myay Ni Khin (North) Quarter",0416009
Magway Region,"Yenangyaung Township","Myay Ni Khin (South) Quarter",0416010
Magway Region,"Yenangyaung Township","Bay Mei Quarter",0416011
Magway Region,"Yenangyaung Township","Thit Ta Pway Quarter",0416012
Magway Region,"Yenangyaung Township","Nyaung Hla Quarter",0416013
Magway Region,"Yenangyaung Township","Bo Kone Quarter",0416014
Magway Region,"Chauk Township","No (1) Quarter",0417001
Magway Region,"Chauk Township","No (2) Quarter",0417002
Magway Region,"Chauk Township","No (3) Quarter",0417003
Magway Region,"Chauk Township","No (4) Quarter",0417004
Magway Region,"Chauk Township","No (5) Quarter",0417005
Magway Region,"Chauk Township","No (6) Quarter",0417006
Magway Region,"Chauk Township","No (7) Quarter",0417007
Magway Region,"Chauk Township","No (8) Quarter",0417008
Magway Region,"Chauk Township","No (9) Quarter",0417009
Magway Region,"Chauk Township","No (10) Quarter",0417010
Magway Region,"Chauk Township","No (11) Quarter",0417011
Magway Region,"Chauk Township","No (12) Quarter",0417012
Magway Region,"Chauk Township","No (13) Quarter",0417013
Magway Region,"Chauk Township","No (14) Quarter",0417014
Magway Region,"Chauk Township","No (15) Quarter",0417015
Magway Region,"Yesagyo Township","No (1) Quarter",0418001
Magway Region,"Yesagyo Township","No (2) Quarter",0418002
Magway Region,"Yesagyo Township","No (3) Quarter",0418003
Magway Region,"Yesagyo Township","No (4) Quarter",0418004
Magway Region,"Yesagyo Township","No (5) Quarter",0418005
Magway Region,"Yesagyo Township","No (6) Quarter",0418006
Magway Region,"Yesagyo Township","No (7) Quarter",0418007
Magway Region,"Yesagyo Township","No (8) Quarter",0418008
Magway Region,"Myaing Township","No (1) Quarter",0419001
Magway Region,"Myaing Township","No (2) Quarter",0419002
Magway Region,"Myaing Township","No (3) Quarter",0419003
Magway Region,"Pakokku Township","No (1) Quarter",0420001
Magway Region,"Pakokku Township","No (2) Quarter",0420002
Magway Region,"Pakokku Township","No (3) Quarter",0420003
Magway Region,"Pakokku Township","No (4) Quarter",0420004
Magway Region,"Pakokku Township","No (5) Quarter",0420005
Magway Region,"Pakokku Township","No (6) Quarter",0420006
Magway Region,"Pakokku Township","No (7) Quarter",0420007
Magway Region,"Pakokku Township","No (8) Quarter",0420008
Magway Region,"Pakokku Township","No (9) Quarter",0420009
Magway Region,"Pakokku Township","No (10) Quarter",0420010
Magway Region,"Pakokku Township","No (11) Quarter",0420011
Magway Region,"Pakokku Township","No (12) Quarter",0420012
Magway Region,"Pakokku Township","No (13) Quarter",0420013
Magway Region,"Pakokku Township","No (14) Quarter",0420014
Magway Region,"Pakokku Township","No (15) Quarter",0420015
Magway Region,"Gangaw Township","Myauk Kone Quarter",0421001
Magway Region,"Gangaw Township","Si Pin Thar Yar Quarter",0421002
Magway Region,"Gangaw Township","Myo Ma Quarter",0421003
Magway Region,"Gangaw Township","Kyaw Taik Quarter",0421004
Magway Region,"Tilin Township","No (1) Quarter",0422001
Magway Region,"Tilin Township","No (2) Quarter",0422002
Magway Region,"Pauk Township","Aung Ta Khon Quarter",0423001
Magway Region,"Pauk Township","Aung Taw Mu Quarter",0423002
Magway Region,"Pauk Township","Aung Chan Thar Quarter",0423003
Magway Region,"Pauk Township","Shwe Pauk Pin Quarter",0423004
Magway Region,"Saw Township","Thi Ri Quarter",0424001
Magway Region,"Saw Township","Zay Yar Quarter",0424002
Magway Region,"Seikphyu Township","Ah Nauk Paing Quarter",0425001
Magway Region,"Seikphyu Township","Ah Lel Paing Quarter",0425002
Magway Region,"Seikphyu Township","Yaw Wa Quarter",0425003
Magway Region,"Seikphyu Township","Ywar Thit Quarter",0425004
Magway Region,"Saku Town","No (1) Quarter",0460001
Magway Region,"Saku Town","No (2) Quarter",0460002
Magway Region,"Saku Town","No (3) Quarter",0460003
Magway Region,"Sinphyukyun Town","No (1) Quarter",0461001
Magway Region,"Sinphyukyun Town","No (2) Quarter",0461002
Magway Region,"Sinphyukyun Town","No (3) Quarter",0461003
Magway Region,"Sa Lay Town","No (1) Quarter",0462001
Magway Region,"Sa Lay Town","No (2) Quarter",0462002
Magway Region,"Sa Lay Town","No (3) Quarter",0462003
Magway Region,"Sa Lay Town","No (4) Quarter",0462004
Magway Region,"Sa Lay Town","No (5) Quarter",0462005
Magway Region,"Kamma (PKU) Town","No (1) Quarter",0463001
Magway Region,"Kamma (PKU) Town","No (2) Quarter",0463002
Magway Region,"Kamma (PKU) Town","No (3) Quarter",0463003
Magway Region,"Kamma (PKU) Town","No (4) Quarter",0463004
Magway Region,"Kamma (PKU) Town","No (5) Quarter",0463005
Magway Region,"Kamma (PKU) Town","No (6) Quarter",0463006
Magway Region,"Kamma (PKU) Town","No (7) Quarter",0463007
Magway Region,"Kamma (PKU) Town","No (8) Quarter",0463008
Magway Region,"Kamma (PKU) Town","No (9) Quarter",0463009
Magway Region,"Kamma (PKU) Town","No (10) Quarter",0463010
Magway Region,"Kamma (PKU) Town","No (11) Quarter",0463011
Magway Region,"Kamma (PKU) Town","No (12) Quarter",0463012
Magway Region,"Myit Chay Town","No (1) Quarter",0464001
Magway Region,"Myit Chay Town","No (2) Quarter",0464002
Magway Region,"Myit Chay Town","No (3) Quarter",0464003
Magway Region,"Myit Chay Town","No (4) Quarter",0464004
Magway Region,"Myit Chay Town","No (5) Quarter",0464005
Magway Region,"Myit Chay Town","No (6) Quarter",0464006
Magway Region,"Myit Chay Town","No (7) Quarter",0464007
Magway Region,"Myit Chay Town","No (8) Quarter",0464008
Magway Region,"Kyaw Town","No (1) Quarter",0465001
Magway Region,"Kyaw Town","No (2) Quarter",0465002
Magway Region,"Kyaw Town","No (3) Quarter",0465003
Magway Region,"Kyaukhtu Town","Gon Bo Quarter",0466001
Magway Region,"Kyaukhtu Town","Myo Ma Quarter",0466002
Magway Region,"Kyaukhtu Town","Nat Ye Quarter",0466003
