﻿Region,"Town / Township","Ward / Village Tract","Postal Code"
Magway,"Magway Township","Myo Haung Quarter",0401001
Magway,"Magway Township","Hson Quarter",0401002
Magway,"Magway Township","Zay Lel Soe Quarter",0401003
Magway,"Magway Township","Myo Ma Oe Bo Quarter",0401004
Magway,"Magway Township","Sar Shwe Kin Quarter",0401005
Magway,"Magway Township","Ywar Thit Pwe Kyo Quarter",0401006
Magway,"Magway Township","Thein Gar Gi Ri Quarter",0401007
Magway,"Magway Township","Pyi Taw Thar Quarter",0401008
Magway,"Magway Township","Min Kan Gyi Quarter",0401009
Magway,"Magway Township","Kan Thar Quarter",0401010
Magway,"Magway Township","Myin Thar Quarter",0401011
Magway,"Magway Township","Aung Ya Da Nar Quarter",0401012
Magway,"Magway Township","Aung Chan Thar Quarter",0401013
Magway,"Magway Township","Aung Min Ga Lar Quarter",0401014
Magway,"Magway Township","Aung Myit Tar Quarter",0401015
Magway,"Magway Township","Aung Say Ta Nar Quarter",0401016
Magway,"Magway Township","Soe Kaw Min Quarter",0401017
Magway,"Minbu Township","No (1) Quarter",0402001
Magway,"Minbu Township","No (2) Quarter",0402002
Magway,"Minbu Township","No (3) Quarter",0402003
Magway,"Minbu Township","No (4) Quarter",0402004
Magway,"Pwintbyu Township","Ah Shey Paing Quarter",0403001
Magway,"Pwintbyu Township","Ah Lel Paing Quarter",0403002
Magway,"Pwintbyu Township","Ah Nauk Paing Quarter",0403003
Magway,"Pwintbyu Township","Thet Taw Shey Quarter",0403004
Magway,"Salin Township","Paung Pin Zin Quarter",0404001
Magway,"Salin Township","Zay Ma Quarter",0404002
Magway,"Salin Township","Paung Nar Quarter",0404003
Magway,"Salin Township","Kyaung Kyar Quarter",0404004
Magway,"Salin Township","Pu Htoe Hpyu Quarter",0404005
Magway,"Salin Township","Myin Tin Quarter",0404006
Magway,"Salin Township","Myay Mi Kone Quarter",0404007
Magway,"Salin Township","Sar Si Kyaung Quarter",0404008
Magway,"Sidoktaya Township","No (1) Quarter",0405001
Magway,"Sidoktaya Township","No (2) Quarter",0405002
Magway,"Ngape Township","Ngape Myo Ma Quarter",0406001
Magway,"Ngape Township","Kyaung Twin Quarter",0406002
Magway,"Minhla Township","Myauk Quarter",0407001
Magway,"Minhla Township","Myo Ma Quarter",0407002
Magway,"Minhla Township","Taung Quarter",0407003
Magway,"Minhla Township","Kwet Thit Quarter",0407004
Magway,"Minhla Township","Yone  (North) Quarter",0407005
Magway,"Minhla Township","Yone(South) Quarter",0407006
Magway,"Sinbaungwe Township","No (1) Quarter",0408001
Magway,"Sinbaungwe Township","No (2) Quarter",0408002
Magway,"Sinbaungwe Township","No (3) Quarter",0408003
Magway,"Thayet Township","No (1) Quarter",0409001
Magway,"Thayet Township","No (2) Quarter",0409002
Magway,"Thayet Township","No (3) Quarter",0409003
Magway,"Thayet Township","No (4) Quarter",0409004
Magway,"Thayet Township","No (5) Quarter",0409005
Magway,"Thayet Township","No (6) Quarter",0409006
Magway,"Thayet Township","No (7) Quarter",0409007
Magway,"Thayet Township","No (8) Quarter",0409008
Magway,"Mindon Township","No (1) Quarter",0410001
Magway,"Mindon Township","No (2) Quarter",0410002
Magway,"Mindon Township","No (3) Quarter",0410003
Magway,"Mindon Township","No (4) Quarter",0410004
Magway,"Kamma Township","No (1) Quarter",0411001
Magway,"Kamma Township","No (2) Quarter",0411002
Magway,"Kamma Township","No (3) Quarter",0411003
Magway,"Kamma Township","No (4) Quarter",0411004
Magway,"Natmauk Township","Myo Ma Quarter",0412001
Magway,"Natmauk Township","Myo Ma Kwet Thit Quarter",0412002
Magway,"Natmauk Township","Zay Kwet Thit Quarter",0412003
Magway,"Natmauk Township","Aung San Quarter",0412004
Magway,"Natmauk Township","Ta Mar Pin Quarter",0412005
Magway,"Natmauk Township","Yan Aung Myin Quarter",0412006
Magway,"Natmauk Township","Kan Gyi Quarter",0412007
Magway,"Myothit Township","Hpa Yar Gyi Quarter",0413001
Magway,"Myothit Township","Lel Pyin Quarter",0413002
Magway,"Myothit Township","Kwet Thit Quarter",0413003
Magway,"Myothit Township","Zay Quarter",0413004
Magway,"Myothit Township","Min Quarter",0413005
Magway,"Taungdwingyi Township","Taung Pyin (1) Quarter",0414001
Magway,"Taungdwingyi Township","Taung Pyin (2) Quarter",0414002
Magway,"Taungdwingyi Township","Maung Taing (1) Quarter",0414003
Magway,"Taungdwingyi Township","Maung Taing (2) Quarter",0414004
Magway,"Taungdwingyi Township","Shwe Oe (1) Quarter",0414005
Magway,"Taungdwingyi Township","Shwe Oe (2) Quarter",0414006
Magway,"Taungdwingyi Township","Shwe Kyar Inn (1) Quarter",0414007
Magway,"Taungdwingyi Township","Shwe Kyar Inn (2) Quarter",0414008
Magway,"Taungdwingyi Township","Ohn Taw (1) Quarter",0414009
Magway,"Taungdwingyi Township","Ohn Taw (2) Quarter",0414010
Magway,"Aunglan Township","Ma Gyi Kone Quarter",0415001
Magway,"Aunglan Township","Zay Kone Quarter",0415002
Magway,"Aunglan Township","Tha Yet Taw Quarter",0415003
Magway,"Aunglan Township","Kan Gyi Quarter",0415004
Magway,"Aunglan Township","Zay Ya Wa Di Quarter",0415005
Magway,"Aunglan Township","Ta Yaw Kone Quarter",0415006
Magway,"Aunglan Township","San Chaung Quarter",0415007
Magway,"Aunglan Township","Set Yon Quarter",0415008
Magway,"Aunglan Township","Ywar Htaung Quarter",0415009
Magway,"Yenangyaung Township","Myo Ma (North) Quarter",0416001
Magway,"Yenangyaung Township","Myo Ma (South) Quarter",0416002
Magway,"Yenangyaung Township","Oe Bo Quarter",0416003
Magway,"Yenangyaung Township","Son Taik Quarter",0416004
Magway,"Yenangyaung Township","Shwe Kyar Ngon Quarter",0416005
Magway,"Yenangyaung Township","Ywar Thit Quarter",0416006
Magway,"Yenangyaung Township","Twin Kone Quarter",0416007
Magway,"Yenangyaung Township","Thu Htay Kone Quarter",0416008
Magway,"Yenangyaung Township","Myay Ni Khin (North) Quarter",0416009
Magway,"Yenangyaung Township","Myay Ni Khin (South) Quarter",0416010
Magway,"Yenangyaung Township","Bay Mei Quarter",0416011
Magway,"Yenangyaung Township","Thit Ta Pway Quarter",0416012
Magway,"Yenangyaung Township","Nyaung Hla Quarter",0416013
Magway,"Yenangyaung Township","Bo Kone Quarter",0416014
Magway,"Chauk Township","No (1) Quarter",0417001
Magway,"Chauk Township","No (2) Quarter",0417002
Magway,"Chauk Township","No (3) Quarter",0417003
Magway,"Chauk Township","No (4) Quarter",0417004
Magway,"Chauk Township","No (5) Quarter",0417005
Magway,"Chauk Township","No (6) Quarter",0417006
Magway,"Chauk Township","No (7) Quarter",0417007
Magway,"Chauk Township","No (8) Quarter",0417008
Magway,"Chauk Township","No (9) Quarter",0417009
Magway,"Chauk Township","No (10) Quarter",0417010
Magway,"Chauk Township","No (11) Quarter",0417011
Magway,"Chauk Township","No (12) Quarter",0417012
Magway,"Chauk Township","No (13) Quarter",0417013
Magway,"Chauk Township","No (14) Quarter",0417014
Magway,"Chauk Township","No (15) Quarter",0417015
Magway,"Yesagyo Township","No (1) Quarter",0418001
Magway,"Yesagyo Township","No (2) Quarter",0418002
Magway,"Yesagyo Township","No (3) Quarter",0418003
Magway,"Yesagyo Township","No (4) Quarter",0418004
Magway,"Yesagyo Township","No (5) Quarter",0418005
Magway,"Yesagyo Township","No (6) Quarter",0418006
Magway,"Yesagyo Township","No (7) Quarter",0418007
Magway,"Yesagyo Township","No (8) Quarter",0418008
Magway,"Myaing Township","No (1) Quarter",0419001
Magway,"Myaing Township","No (2) Quarter",0419002
Magway,"Myaing Township","No (3) Quarter",0419003
Magway,"Pakokku Township","No (1) Quarter",0420001
Magway,"Pakokku Township","No (2) Quarter",0420002
Magway,"Pakokku Township","No (3) Quarter",0420003
Magway,"Pakokku Township","No (4) Quarter",0420004
Magway,"Pakokku Township","No (5) Quarter",0420005
Magway,"Pakokku Township","No (6) Quarter",0420006
Magway,"Pakokku Township","No (7) Quarter",0420007
Magway,"Pakokku Township","No (8) Quarter",0420008
Magway,"Pakokku Township","No (9) Quarter",0420009
Magway,"Pakokku Township","No (10) Quarter",0420010
Magway,"Pakokku Township","No (11) Quarter",0420011
Magway,"Pakokku Township","No (12) Quarter",0420012
Magway,"Pakokku Township","No (13) Quarter",0420013
Magway,"Pakokku Township","No (14) Quarter",0420014
Magway,"Pakokku Township","No (15) Quarter",0420015
Magway,"Gangaw Township","Myauk Kone Quarter",0421001
Magway,"Gangaw Township","Si Pin Thar Yar Quarter",0421002
Magway,"Gangaw Township","Myo Ma Quarter",0421003
Magway,"Gangaw Township","Kyaw Taik Quarter",0421004
Magway,"Tilin Township","No (1) Quarter",0422001
Magway,"Tilin Township","No (2) Quarter",0422002
Magway,"Pauk Township","Aung Ta Khon Quarter",0423001
Magway,"Pauk Township","Aung Taw Mu Quarter",0423002
Magway,"Pauk Township","Aung Chan Thar Quarter",0423003
Magway,"Pauk Township","Shwe Pauk Pin Quarter",0423004
Magway,"Saw Township","Thi Ri Quarter",0424001
Magway,"Saw Township","Zay Yar Quarter",0424002
Magway,"Seikphyu Township","Ah Nauk Paing Quarter",0425001
Magway,"Seikphyu Township","Ah Lel Paing Quarter",0425002
Magway,"Seikphyu Township","Yaw Wa Quarter",0425003
Magway,"Seikphyu Township","Ywar Thit Quarter",0425004
Magway,"Saku Town","No (1) Quarter",0460001
Magway,"Saku Town","No (2) Quarter",0460002
Magway,"Saku Town","No (3) Quarter",0460003
Magway,"Sinphyukyun Town","No (1) Quarter",0461001
Magway,"Sinphyukyun Town","No (2) Quarter",0461002
Magway,"Sinphyukyun Town","No (3) Quarter",0461003
Magway,"Sa Lay Town","No (1) Quarter",0462001
Magway,"Sa Lay Town","No (2) Quarter",0462002
Magway,"Sa Lay Town","No (3) Quarter",0462003
Magway,"Sa Lay Town","No (4) Quarter",0462004
Magway,"Sa Lay Town","No (5) Quarter",0462005
Magway,"Kamma (PKU) Town","No (1) Quarter",0463001
Magway,"Kamma (PKU) Town","No (2) Quarter",0463002
Magway,"Kamma (PKU) Town","No (3) Quarter",0463003
Magway,"Kamma (PKU) Town","No (4) Quarter",0463004
Magway,"Kamma (PKU) Town","No (5) Quarter",0463005
Magway,"Kamma (PKU) Town","No (6) Quarter",0463006
Magway,"Kamma (PKU) Town","No (7) Quarter",0463007
Magway,"Kamma (PKU) Town","No (8) Quarter",0463008
Magway,"Kamma (PKU) Town","No (9) Quarter",0463009
Magway,"Kamma (PKU) Town","No (10) Quarter",0463010
Magway,"Kamma (PKU) Town","No (11) Quarter",0463011
Magway,"Kamma (PKU) Town","No (12) Quarter",0463012
Magway,"Myit Chay Town","No (1) Quarter",0464001
Magway,"Myit Chay Town","No (2) Quarter",0464002
Magway,"Myit Chay Town","No (3) Quarter",0464003
Magway,"Myit Chay Town","No (4) Quarter",0464004
Magway,"Myit Chay Town","No (5) Quarter",0464005
Magway,"Myit Chay Town","No (6) Quarter",0464006
Magway,"Myit Chay Town","No (7) Quarter",0464007
Magway,"Myit Chay Town","No (8) Quarter",0464008
Magway,"Kyaw Town","No (1) Quarter",0465001
Magway,"Kyaw Town","No (2) Quarter",0465002
Magway,"Kyaw Town","No (3) Quarter",0465003
Magway,"Kyaukhtu Town","Gon Bo Quarter",0466001
Magway,"Kyaukhtu Town","Myo Ma Quarter",0466002
Magway,"Kyaukhtu Town","Nat Ye Quarter",0466003
