﻿Region,"Town / Township","Quarter / Village Tract","Postal Code"
စစ်ကိုင်းတိုင်းဒေသကြီး,"နန်းယွန်း မြို့နယ်","ရှရ ရပ်ကွက်",0201001
စစ်ကိုင်းတိုင်းဒေသကြီး,"နန်းယွန်း မြို့နယ်","မြို့မ ရပ်ကွက်",0201002
စစ်ကိုင်းတိုင်းဒေသကြီး,"နန်းယွန်း မြို့နယ်","ရောကော ရပ်ကွက်",0201003
စစ်ကိုင်းတိုင်းဒေသကြီး,"လဟယ် မြို့နယ်","အမှုထမ်းများ ရပ်ကွက်",0202001
စစ်ကိုင်းတိုင်းဒေသကြီး,"လဟယ် မြို့နယ်","လဟယ်ရွာမ ရပ်ကွက်",0202002
စစ်ကိုင်းတိုင်းဒေသကြီး,"လဟယ် မြို့နယ်","အမှတ် (၁) တိုးချဲ့ ရပ်ကွက်",0202003
စစ်ကိုင်းတိုင်းဒေသကြီး,"လဟယ် မြို့နယ်","အမှတ် (၂) တိုးချဲ့ ရပ်ကွက်",0202004
စစ်ကိုင်းတိုင်းဒေသကြီး,"ခန္တီး မြို့နယ်","ပေါမိုင်း ရပ်ကွက်",0203001
စစ်ကိုင်းတိုင်းဒေသကြီး,"ခန္တီး မြို့နယ်","ခန္တီးမြို့မ ရပ်ကွက်",0203002
စစ်ကိုင်းတိုင်းဒေသကြီး,"ခန္တီး မြို့နယ်","ဇီးဖြူကုန်း ရပ်ကွက်",0203003
စစ်ကိုင်းတိုင်းဒေသကြီး,"လေရှီး မြို့နယ်","မြို့မ ရပ်ကွက်",0204001
စစ်ကိုင်းတိုင်းဒေသကြီး,"လေရှီး မြို့နယ်","အမှုထမ်း ရပ်ကွက်",0204002
စစ်ကိုင်းတိုင်းဒေသကြီး,"ဟုမ္မလင်း မြို့နယ်","ဟုမ္မလင်း ရပ်ကွက်",0205001
စစ်ကိုင်းတိုင်းဒေသကြီး,"ဟုမ္မလင်း မြို့နယ်","နောင်ပကျစ် ရပ်ကွက်",0205002
စစ်ကိုင်းတိုင်းဒေသကြီး,"ဟုမ္မလင်း မြို့နယ်","ခိုပဲဝ ရပ်ကွက်",0205003
စစ်ကိုင်းတိုင်းဒေသကြီး,"ဖောင်းပြင် မြို့နယ်","ကျွန်းရွှေဝါ ရပ်ကွက်",0206001
စစ်ကိုင်းတိုင်းဒေသကြီး,"ဖောင်းပြင် မြို့နယ်","အင်ကြင်းမြိုင် ရပ်ကွက်",0206002
စစ်ကိုင်းတိုင်းဒေသကြီး,"တမူး မြို့နယ်","တမူးမြို့မ ရပ်ကွက်",0207001
စစ်ကိုင်းတိုင်းဒေသကြီး,"တမူး မြို့နယ်","ဈေးတန်း ရပ်ကွက်",0207002
စစ်ကိုင်းတိုင်းဒေသကြီး,"တမူး မြို့နယ်","စန္ဒကူး ရပ်ကွက်",0207003
စစ်ကိုင်းတိုင်းဒေသကြီး,"တမူး မြို့နယ်","စော်ဘွားအင်း ရပ်ကွက်",0207004
စစ်ကိုင်းတိုင်းဒေသကြီး,"မော်လိုက် မြို့နယ်","မြို့မ အမှတ်(၁) ရပ်ကွက်",0208001
စစ်ကိုင်းတိုင်းဒေသကြီး,"မော်လိုက် မြို့နယ်","မြို့မ အမှတ်(၂) ရပ်ကွက်",0208002
စစ်ကိုင်းတိုင်းဒေသကြီး,"ကလေး မြို့နယ်","ညောင်ပင်သာ ရပ်ကွက်",0209001
စစ်ကိုင်းတိုင်းဒေသကြီး,"ကလေး မြို့နယ်","ပင်လုံ ရပ်ကွက်",0209002
စစ်ကိုင်းတိုင်းဒေသကြီး,"ကလေး မြို့နယ်","အောင်သစ္စာ ရပ်ကွက်",0209003
စစ်ကိုင်းတိုင်းဒေသကြီး,"ကလေး မြို့နယ်","အောင်မင်္ဂလာ ရပ်ကွက်",0209004
စစ်ကိုင်းတိုင်းဒေသကြီး,"ကလေး မြို့နယ်","တာဟန်း ရပ်ကွက်",0209005
စစ်ကိုင်းတိုင်းဒေသကြီး,"ကလေး မြို့နယ်","မင်္ဂလာဥယျာဉ် ရပ်ကွက်",0209006
စစ်ကိုင်းတိုင်းဒေသကြီး,"ကလေး မြို့နယ်","အောင်မြေမာန် ရပ်ကွက်",0209007
စစ်ကိုင်းတိုင်းဒေသကြီး,"ကလေး မြို့နယ်","အောင်ဇေယျ ရပ်ကွက်",0209008
စစ်ကိုင်းတိုင်းဒေသကြီး,"ကလေး မြို့နယ်","ချမ်းမြေ့အောင်စည် ရပ်ကွက်",0209009
စစ်ကိုင်းတိုင်းဒေသကြီး,"ကလေး မြို့နယ်","တပ်ဦးသီတာ ရပ်ကွက်",0209010
စစ်ကိုင်းတိုင်းဒေသကြီး,"ကလေး မြို့နယ်","သဇင် ရပ်ကွက်",0209011
စစ်ကိုင်းတိုင်းဒေသကြီး,"ကလေး မြို့နယ်","စမ်းမြို့ ရပ်ကွက်",0209012
စစ်ကိုင်းတိုင်းဒေသကြီး,"ကလေး မြို့နယ်","တောင်ဖီလာ ရပ်ကွက်",0209013
စစ်ကိုင်းတိုင်းဒေသကြီး,"ကလေး မြို့နယ်","တောင်ဇလပ် ရပ်ကွက်",0209014
စစ်ကိုင်းတိုင်းဒေသကြီး,"ကလေး မြို့နယ်","ကြို့သုံးပင် ရပ်ကွက်",0209015
စစ်ကိုင်းတိုင်းဒေသကြီး,"ကလေး မြို့နယ်","လှိုင်သာယာ ရပ်ကွက်",0209016
စစ်ကိုင်းတိုင်းဒေသကြီး,"ကလေး မြို့နယ်","မြို့လှ ရပ်ကွက်",0209017
စစ်ကိုင်းတိုင်းဒေသကြီး,"ကလေး မြို့နယ်","အင်ဒိုင်းကုန်း ရပ်ကွက်",0209018
စစ်ကိုင်းတိုင်းဒေသကြီး,"ကလေး မြို့နယ်","မြို့သာ ရပ်ကွက်",0209019
စစ်ကိုင်းတိုင်းဒေသကြီး,"ကလေး မြို့နယ်","အောင်မေတ္တာ ရပ်ကွက်",0209020
စစ်ကိုင်းတိုင်းဒေသကြီး,"ကလေးဝ မြို့နယ်","အမှတ် (၁) ရွာသစ် ရပ်ကွက်",0210001
စစ်ကိုင်းတိုင်းဒေသကြီး,"ကလေးဝ မြို့နယ်","အမှတ် (၂) အောင်ချမ်းသာ ရပ်ကွက်",0210002
စစ်ကိုင်းတိုင်းဒေသကြီး,"ကလေးဝ မြို့နယ်","အမှတ် (၃) အောင်မင်္ဂလာ ရပ်ကွက်",0210003
စစ်ကိုင်းတိုင်းဒေသကြီး,"မင်းကင်း မြို့နယ်","မြို့မ ရပ်ကွက်",0211001
စစ်ကိုင်းတိုင်းဒေသကြီး,"မင်းကင်း မြို့နယ်","ဈေးတန်း ရပ်ကွက်",0211002
စစ်ကိုင်းတိုင်းဒေသကြီး,"မင်းကင်း မြို့နယ်","သရက်တော ရပ်ကွက်",0211003
စစ်ကိုင်းတိုင်းဒေသကြီး,"ကနီ မြို့နယ်","အမှတ် (၁) ရပ်ကွက်",0212001
စစ်ကိုင်းတိုင်းဒေသကြီး,"ကနီ မြို့နယ်","အမှတ် (၂) ရပ်ကွက်",0212002
စစ်ကိုင်းတိုင်းဒေသကြီး,"ကနီ မြို့နယ်","အမှတ် (၃) ရပ်ကွက်",0212003
စစ်ကိုင်းတိုင်းဒေသကြီး,"ဗန်းမောက် မြို့နယ်","မြနန္ဒာ ရပ်ကွက်",0213001
စစ်ကိုင်းတိုင်းဒေသကြီး,"ဗန်းမောက် မြို့နယ်","မြို့မ ရပ်ကွက်",0213002
စစ်ကိုင်းတိုင်းဒေသကြီး,"ဗန်းမောက် မြို့နယ်","လွှစင်ကုန်း ရပ်ကွက်",0213003
စစ်ကိုင်းတိုင်းဒေသကြီး,"အင်းတော် မြို့နယ်","အောင်မင်္ဂလာ ရပ်ကွက်",0214001
စစ်ကိုင်းတိုင်းဒေသကြီး,"အင်းတော် မြို့နယ်","အောင်ချမ်းသာ ရပ်ကွက်",0214002
စစ်ကိုင်းတိုင်းဒေသကြီး,"အင်းတော် မြို့နယ်","အောင်ဇေယျ ရပ်ကွက်",0214003
စစ်ကိုင်းတိုင်းဒေသကြီး,"အင်းတော် မြို့နယ်","အောင်မေတ္တာ ရပ်ကွက်",0214004
စစ်ကိုင်းတိုင်းဒေသကြီး,"ကသာ မြို့နယ်","မြောက်ပိုင်း ရပ်ကွက်",0215001
စစ်ကိုင်းတိုင်းဒေသကြီး,"ကသာ မြို့နယ်","အလယ်ပိုင်း ရပ်ကွက်",0215002
စစ်ကိုင်းတိုင်းဒေသကြီး,"ကသာ မြို့နယ်","တောင်ပိုင်း ရပ်ကွက်",0215003
စစ်ကိုင်းတိုင်းဒေသကြီး,"ကသာ မြို့နယ်","သူဌေးကုန်း ရပ်ကွက်",0215004
စစ်ကိုင်းတိုင်းဒေသကြီး,"ကသာ မြို့နယ်","ဇေယျာချောင် ရပ်ကွက်",0215005
စစ်ကိုင်းတိုင်းဒေသကြီး,"ကသာ မြို့နယ်","စက်ပန်း ရပ်ကွက်",0215006
စစ်ကိုင်းတိုင်းဒေသကြီး,"ကသာ မြို့နယ်","လျှပ်စစ်ကုန်း ရပ်ကွက်",0215007
စစ်ကိုင်းတိုင်းဒေသကြီး,"ကသာ မြို့နယ်","ပိန္နဲကုန်း ရပ်ကွက်",0215008
စစ်ကိုင်းတိုင်းဒေသကြီး,"ကသာ မြို့နယ်","ပတ္တမြား ရပ်ကွက်",0215009
စစ်ကိုင်းတိုင်းဒေသကြီး,"ကသာ မြို့နယ်","သဖန်းဆိုင်း ရပ်ကွက်",0215010
စစ်ကိုင်းတိုင်းဒေသကြီး,"ပင်လည်ဘူး မြို့နယ်","မိုးကောင်း ရပ်ကွက်",0216001
စစ်ကိုင်းတိုင်းဒေသကြီး,"ပင်လည်ဘူး မြို့နယ်","မြို့မ ရပ်ကွက်",0216002
စစ်ကိုင်းတိုင်းဒေသကြီး,"ဝန်းသို မြို့နယ်","ရွှေဝန်းသီတာ ရပ်ကွက်",0217001
စစ်ကိုင်းတိုင်းဒေသကြီး,"ဝန်းသို မြို့နယ်","စော်ဘွားကြီး ရပ်ကွက်",0217002
စစ်ကိုင်းတိုင်းဒေသကြီး,"ဝန်းသို မြို့နယ်","ကျမိုင်း ရပ်ကွက်",0217003
စစ်ကိုင်းတိုင်းဒေသကြီး,"ဝန်းသို မြို့နယ်","စစ်ကဲကြီး ရပ်ကွက်",0217004
စစ်ကိုင်းတိုင်းဒေသကြီး,"ကောလင်း မြို့နယ်","မြောက်အင်း ရပ်ကွက်",0218001
စစ်ကိုင်းတိုင်းဒေသကြီး,"ကောလင်း မြို့နယ်","ကျော်ဇေယျာ (၁) ရပ်ကွက်",0218002
စစ်ကိုင်းတိုင်းဒေသကြီး,"ကောလင်း မြို့နယ်","ဈေးရုံဗိုလ်တဲ ရပ်ကွက်",0218003
စစ်ကိုင်းတိုင်းဒေသကြီး,"ကောလင်း မြို့နယ်","မြို့မမြို့ကုန်း ရပ်ကွက်",0218004
စစ်ကိုင်းတိုင်းဒေသကြီး,"ကောလင်း မြို့နယ်","ပြင်ဦးလွင် ရပ်ကွက်",0218005
စစ်ကိုင်းတိုင်းဒေသကြီး,"ကောလင်း မြို့နယ်","စက်ရုံလယ်ပြင် ရပ်ကွက်",0218006
စစ်ကိုင်းတိုင်းဒေသကြီး,"ကောလင်း မြို့နယ်","ကျော်ဇေယျာ (၂) ရပ်ကွက်",0218007
စစ်ကိုင်းတိုင်းဒေသကြီး,"ကောလင်း မြို့နယ်","မင်းတဲကြီး ရပ်ကွက်",0218008
စစ်ကိုင်းတိုင်းဒေသကြီး,"ထီးချိုင့် မြို့နယ်","စံပြ ရပ်ကွက်",0219001
စစ်ကိုင်းတိုင်းဒေသကြီး,"ထီးချိုင့် မြို့နယ်","အောင်ဇေယျာ ရပ်ကွက်",0219002
စစ်ကိုင်းတိုင်းဒေသကြီး,"ထီးချိုင့် မြို့နယ်","ဝိသာခါ ရပ်ကွက်",0219003
စစ်ကိုင်းတိုင်းဒေသကြီး,"ထီးချိုင့် မြို့နယ်","ဘုရင့်နောင် ရပ်ကွက်",0219004
စစ်ကိုင်းတိုင်းဒေသကြီး,"ကျွန်းလှ မြို့နယ်","ပိတောက်မြိုင် ရပ်ကွက်",0220001
စစ်ကိုင်းတိုင်းဒေသကြီး,"ကျွန်းလှ မြို့နယ်","သစ်ရာမြိုင် ရပ်ကွက်",0220002
စစ်ကိုင်းတိုင်းဒေသကြီး,"ကျွန်းလှ မြို့နယ်","အင်ကြင်းမြိုင် ရပ်ကွက်",0220003
စစ်ကိုင်းတိုင်းဒေသကြီး,"ကျွန်းလှ မြို့နယ်","ပျဉ်းမမြိုင် ရပ်ကွက်",0220004
စစ်ကိုင်းတိုင်းဒေသကြီး,"ကန့်ဘလူ မြို့နယ်","အမှတ် (၁) ရပ်ကွက်",0221001
စစ်ကိုင်းတိုင်းဒေသကြီး,"ကန့်ဘလူ မြို့နယ်","အမှတ် (၂) ရပ်ကွက်",0221002
စစ်ကိုင်းတိုင်းဒေသကြီး,"ကန့်ဘလူ မြို့နယ်","အမှတ် (၃) ရပ်ကွက်",0221003
စစ်ကိုင်းတိုင်းဒေသကြီး,"ကန့်ဘလူ မြို့နယ်","အမှတ် (၄) ရပ်ကွက်",0221004
စစ်ကိုင်းတိုင်းဒေသကြီး,"ကန့်ဘလူ မြို့နယ်","အမှတ် (၅) ရပ်ကွက်",0221005
စစ်ကိုင်းတိုင်းဒေသကြီး,"တန့်ဆည် မြို့နယ်","ဗိုလ်မြ ရပ်ကွက်",0222001
စစ်ကိုင်းတိုင်းဒေသကြီး,"တန့်ဆည် မြို့နယ်","ပေါ်ဦး ရပ်ကွက်",0222002
စစ်ကိုင်းတိုင်းဒေသကြီး,"တန့်ဆည် မြို့နယ်","မဟာမြိုင် ရပ်ကွက်",0222003
စစ်ကိုင်းတိုင်းဒေသကြီး,"တန့်ဆည် မြို့နယ်","မေတ္တာမြိုင် ရပ်ကွက်",0222004
စစ်ကိုင်းတိုင်းဒေသကြီး,"ခင်ဦး မြို့နယ်","မြကန်သာ ရပ်ကွက်",0223001
စစ်ကိုင်းတိုင်းဒေသကြီး,"ခင်ဦး မြို့နယ်","အောင်ချမ်းသာ ရပ်ကွက်",0223002
စစ်ကိုင်းတိုင်းဒေသကြီး,"ခင်ဦး မြို့နယ်","အောင်သီရိ ရပ်ကွက်",0223003
စစ်ကိုင်းတိုင်းဒေသကြီး,"ခင်ဦး မြို့နယ်","အောင်မင်္ဂလာ ရပ်ကွက်",0223004
စစ်ကိုင်းတိုင်းဒေသကြီး,"ခင်ဦး မြို့နယ်","မြနန္ဒာ ရပ်ကွက်",0223005
စစ်ကိုင်းတိုင်းဒေသကြီး,"ရေဦး မြို့နယ်","အောင်မင်္ဂလာ ရပ်ကွက်",0224001
စစ်ကိုင်းတိုင်းဒေသကြီး,"ရေဦး မြို့နယ်","ဗိုလ်အောင်ဇေယျ ရပ်ကွက်",0224002
စစ်ကိုင်းတိုင်းဒေသကြီး,"ရေဦး မြို့နယ်","အောင်ချမ်းသာ ရပ်ကွက်",0224003
စစ်ကိုင်းတိုင်းဒေသကြီး,"ရေဦး မြို့နယ်","အောင်ဆန်း ရပ်ကွက်",0224004
စစ်ကိုင်းတိုင်းဒေသကြီး,"ရေဦး မြို့နယ်","ရွှေပြည်သာ ရပ်ကွက်",0224005
စစ်ကိုင်းတိုင်းဒေသကြီး,"ဒီပဲယင်း မြို့နယ်","ဒီပဲယင်း ရပ်ကွက်",0225001
စစ်ကိုင်းတိုင်းဒေသကြီး,"ဒီပဲယင်း မြို့နယ်","တောင်ပြင် ရပ်ကွက်",0225002
စစ်ကိုင်းတိုင်းဒေသကြီး,"ရွှေဘို မြို့နယ်","အမှတ် (၁) ရပ်ကွက်",0226001
စစ်ကိုင်းတိုင်းဒေသကြီး,"ရွှေဘို မြို့နယ်","အမှတ် (၂) ရပ်ကွက်",0226002
စစ်ကိုင်းတိုင်းဒေသကြီး,"ရွှေဘို မြို့နယ်","အမှတ် (၃) ရပ်ကွက်",0226003
စစ်ကိုင်းတိုင်းဒေသကြီး,"ရွှေဘို မြို့နယ်","အမှတ် (၄) ရပ်ကွက်",0226004
စစ်ကိုင်းတိုင်းဒေသကြီး,"ရွှေဘို မြို့နယ်","အမှတ် (၅) ရပ်ကွက်",0226005
စစ်ကိုင်းတိုင်းဒေသကြီး,"ရွှေဘို မြို့နယ်","အမှတ် (၆) ရပ်ကွက်",0226006
စစ်ကိုင်းတိုင်းဒေသကြီး,"ရွှေဘို မြို့နယ်","အမှတ် (၇) ရပ်ကွက်",0226007
စစ်ကိုင်းတိုင်းဒေသကြီး,"ရွှေဘို မြို့နယ်","အမှတ် (၈) ရပ်ကွက်",0226008
စစ်ကိုင်းတိုင်းဒေသကြီး,"ရွှေဘို မြို့နယ်","အမှတ် (၉) ရပ်ကွက်",0226009
စစ်ကိုင်းတိုင်းဒေသကြီး,"ရွှေဘို မြို့နယ်","အမှတ် (၁၀) ရပ်ကွက်",0226010
စစ်ကိုင်းတိုင်းဒေသကြီး,"ဘုတလင် မြို့နယ်","မြဝတီ ရပ်ကွက်",0227001
စစ်ကိုင်းတိုင်းဒေသကြီး,"ဘုတလင် မြို့နယ်","မဟာဗန္ဓုလ ရပ်ကွက်",0227002
စစ်ကိုင်းတိုင်းဒေသကြီး,"ဘုတလင် မြို့နယ်","ခုံမင်းကြီး ရပ်ကွက်",0227003
စစ်ကိုင်းတိုင်းဒေသကြီး,"ဝက်လက် မြို့နယ်","အမှတ် (၁) ရပ်ကွက်",0228001
စစ်ကိုင်းတိုင်းဒေသကြီး,"ဝက်လက် မြို့နယ်","အမှတ် (၂) ရပ်ကွက်",0228002
စစ်ကိုင်းတိုင်းဒေသကြီး,"ဝက်လက် မြို့နယ်","အမှတ် (၃) ရပ်ကွက်",0228003
စစ်ကိုင်းတိုင်းဒေသကြီး,"အရာတော် မြို့နယ်","အမှတ် (၁) ရပ်ကွက်",0229001
စစ်ကိုင်းတိုင်းဒေသကြီး,"အရာတော် မြို့နယ်","အမှတ် (၂) ရပ်ကွက်",0229002
စစ်ကိုင်းတိုင်းဒေသကြီး,"အရာတော် မြို့နယ်","အမှတ် (၃) ရပ်ကွက်",0229003
စစ်ကိုင်းတိုင်းဒေသကြီး,"မုံရွာ မြို့နယ်","ကွေ့ကြီး ရပ်ကွက်",0230001
စစ်ကိုင်းတိုင်းဒေသကြီး,"မုံရွာ မြို့နယ်","အောင်ချမ်းသာ ရပ်ကွက်",0230002
စစ်ကိုင်းတိုင်းဒေသကြီး,"မုံရွာ မြို့နယ်","ဒေါနခြံ ရပ်ကွက်",0230003
စစ်ကိုင်းတိုင်းဒေသကြီး,"မုံရွာ မြို့နယ်","လယ်တီ ရပ်ကွက်",0230004
စစ်ကိုင်းတိုင်းဒေသကြီး,"မုံရွာ မြို့နယ်","ဖုန်းစိုး ရပ်ကွက်",0230005
စစ်ကိုင်းတိုင်းဒေသကြီး,"မုံရွာ မြို့နယ်","ရတနာပုံ ရပ်ကွက်",0230006
စစ်ကိုင်းတိုင်းဒေသကြီး,"မုံရွာ မြို့နယ်","ချမ်းမြသာစည် ရပ်ကွက်",0230007
စစ်ကိုင်းတိုင်းဒေသကြီး,"မုံရွာ မြို့နယ်","အေးသာယာ ရပ်ကွက်",0230008
စစ်ကိုင်းတိုင်းဒေသကြီး,"မုံရွာ မြို့နယ်","ရန်ကင်း ရပ်ကွက်",0230009
စစ်ကိုင်းတိုင်းဒေသကြီး,"မုံရွာ မြို့နယ်","သလ္လာ ရပ်ကွက်",0230010
စစ်ကိုင်းတိုင်းဒေသကြီး,"မုံရွာ မြို့နယ်","အလယ် ရပ်ကွက်",0230011
စစ်ကိုင်းတိုင်းဒေသကြီး,"မုံရွာ မြို့နယ်","သန်းတော ရပ်ကွက်",0230012
စစ်ကိုင်းတိုင်းဒေသကြီး,"မုံရွာ မြို့နယ်","အောင်မင်္ဂလာ ရပ်ကွက်",0230013
စစ်ကိုင်းတိုင်းဒေသကြီး,"မုံရွာ မြို့နယ်","မုံရွာတောင် ရပ်ကွက်",0230014
စစ်ကိုင်းတိုင်းဒေသကြီး,"မုံရွာ မြို့နယ်","မြဝတီ ရပ်ကွက်",0230015
စစ်ကိုင်းတိုင်းဒေသကြီး,"မုံရွာ မြို့နယ်","ဘုရားကြီး ရပ်ကွက်",0230016
စစ်ကိုင်းတိုင်းဒေသကြီး,"မုံရွာ မြို့နယ်","ရုံးကြီး ရပ်ကွက်",0230017
စစ်ကိုင်းတိုင်းဒေသကြီး,"မုံရွာ မြို့နယ်","ဆူးလေကုန်း ရပ်ကွက်",0230018
စစ်ကိုင်းတိုင်းဒေသကြီး,"မုံရွာ မြို့နယ်","စစ်ပင် ရပ်ကွက်",0230019
စစ်ကိုင်းတိုင်းဒေသကြီး,"မုံရွာ မြို့နယ်","အလုံ ရပ်ကွက်",0230020
စစ်ကိုင်းတိုင်းဒေသကြီး,"မုံရွာ မြို့နယ်","အိုးဘိုတောင် ရပ်ကွက်",0230021
စစ်ကိုင်းတိုင်းဒေသကြီး,"မုံရွာ မြို့နယ်","မြို့သစ် ရပ်ကွက်",0230022
စစ်ကိုင်းတိုင်းဒေသကြီး,"မုံရွာ မြို့နယ်","နန္ဒဝန် ရပ်ကွက်",0230023
စစ်ကိုင်းတိုင်းဒေသကြီး,"မုံရွာ မြို့နယ်","နတ်လူထိပ်ပန် ရပ်ကွက်",0230024
စစ်ကိုင်းတိုင်းဒေသကြီး,"မုံရွာ မြို့နယ်","စက်မှုဇုန် ရပ်ကွက်",0230025
စစ်ကိုင်းတိုင်းဒေသကြီး,"မုံရွာ မြို့နယ်","ကန်သာဦး ရပ်ကွက်",0230026
စစ်ကိုင်းတိုင်းဒေသကြီး,"မုံရွာ မြို့နယ်","ချမ်းမြဝတီ ရပ်ကွက်",0230027
စစ်ကိုင်းတိုင်းဒေသကြီး,"မုံရွာ မြို့နယ်","ရွှေဇလုပ် ရပ်ကွက်",0230028
စစ်ကိုင်းတိုင်းဒေသကြီး,"မုံရွာ မြို့နယ်","ပြည်တော်သာ ရပ်ကွက်",0230029
စစ်ကိုင်းတိုင်းဒေသကြီး,"မုံရွာ မြို့နယ်","ဗန္ဓုလ ရပ်ကွက်",0230030
စစ်ကိုင်းတိုင်းဒေသကြီး,"မုံရွာ မြို့နယ်","ရွှေပြည်အေး ရပ်ကွက်",0230031
စစ်ကိုင်းတိုင်းဒေသကြီး,"ယင်းမာပင် မြို့နယ်","(က) ရပ်ကွက်",0231001
စစ်ကိုင်းတိုင်းဒေသကြီး,"ယင်းမာပင် မြို့နယ်","(ခ) ရပ်ကွက်",0231002
စစ်ကိုင်းတိုင်းဒေသကြီး,"ယင်းမာပင် မြို့နယ်","(ဂ) ရပ်ကွက်",0231003
စစ်ကိုင်းတိုင်းဒေသကြီး,"ယင်းမာပင် မြို့နယ်","(ဃ) ရပ်ကွက်",0231004
စစ်ကိုင်းတိုင်းဒေသကြီး,"ဆားလင်းကြီး မြို့နယ်","အမှတ် (၁) ရပ်ကွက်",0232001
စစ်ကိုင်းတိုင်းဒေသကြီး,"ဆားလင်းကြီး မြို့နယ်","အမှတ် (၂) ရပ်ကွက်",0232002
စစ်ကိုင်းတိုင်းဒေသကြီး,"ဆားလင်းကြီး မြို့နယ်","အမှတ် (၃) ရပ်ကွက်",0232003
စစ်ကိုင်းတိုင်းဒေသကြီး,"ချောင်းဦး မြို့နယ်","မြို့သစ် ရပ်ကွက်",0233001
စစ်ကိုင်းတိုင်းဒေသကြီး,"ချောင်းဦး မြို့နယ်","မြို့မ ရပ်ကွက်",0233002
စစ်ကိုင်းတိုင်းဒေသကြီး,"ချောင်းဦး မြို့နယ်","ရန်အောင်မြေ ရပ်ကွက်",0233003
စစ်ကိုင်းတိုင်းဒေသကြီး,"ချောင်းဦး မြို့နယ်","ချောင်းဦးမြောက် ရပ်ကွက်",0233004
စစ်ကိုင်းတိုင်းဒေသကြီး,"ချောင်းဦး မြို့နယ်","တမာမြိုင် ရပ်ကွက်",0233005
စစ်ကိုင်းတိုင်းဒေသကြီး,"ချောင်းဦး မြို့နယ်","ချောင်းဦးတောင် ရပ်ကွက်",0233006
စစ်ကိုင်းတိုင်းဒေသကြီး,"မြင်းမူ မြို့နယ်","အနောက်ပိုင်း ရပ်ကွက်",0234001
စစ်ကိုင်းတိုင်းဒေသကြီး,"မြင်းမူ မြို့နယ်","မြောက်ပိုင်း ရပ်ကွက်",0234002
စစ်ကိုင်းတိုင်းဒေသကြီး,"မြင်းမူ မြို့နယ်","တောင်ပိုင်း ရပ်ကွက်",0234003
စစ်ကိုင်းတိုင်းဒေသကြီး,"မြင်းမူ မြို့နယ်","အရှေ့ပိုင်း ရပ်ကွက်",0234004
စစ်ကိုင်းတိုင်းဒေသကြီး,"ပုလဲ မြို့နယ်","မြောက်ပိုင်း ရပ်ကွက်",0235001
စစ်ကိုင်းတိုင်းဒေသကြီး,"ပုလဲ မြို့နယ်","တောင်ပိုင်း ရပ်ကွက်",0235002
စစ်ကိုင်းတိုင်းဒေသကြီး,"မြောင် မြို့နယ်","မြို့သစ် ရပ်ကွက်",0236001
စစ်ကိုင်းတိုင်းဒေသကြီး,"မြောင် မြို့နယ်","မြောက် ရပ်ကွက်",0236002
စစ်ကိုင်းတိုင်းဒေသကြီး,"မြောင် မြို့နယ်","အလယ် ရပ်ကွက်",0236003
စစ်ကိုင်းတိုင်းဒေသကြီး,"မြောင် မြို့နယ်","တောင် ရပ်ကွက်",0236004
စစ်ကိုင်းတိုင်းဒေသကြီး,"စစ်ကိုင်း မြို့နယ်","ထားဝယ်ဈေး ရပ်ကွက်",0237001
စစ်ကိုင်းတိုင်းဒေသကြီး,"စစ်ကိုင်း မြို့နယ်","ဧမြဝတီ ရပ်ကွက်",0237002
စစ်ကိုင်းတိုင်းဒေသကြီး,"စစ်ကိုင်း မြို့နယ်","နန္ဒဝန်ကွက်သစ် ရပ်ကွက်",0237003
စစ်ကိုင်းတိုင်းဒေသကြီး,"စစ်ကိုင်း မြို့နယ်","မိုးဇာ ရပ်ကွက်",0237004
စစ်ကိုင်းတိုင်းဒေသကြီး,"စစ်ကိုင်း မြို့နယ်","မြို့သစ် ရပ်ကွက်",0237005
စစ်ကိုင်းတိုင်းဒေသကြီး,"စစ်ကိုင်း မြို့နယ်","ပန်းဘဲတန်း ရပ်ကွက်",0237006
စစ်ကိုင်းတိုင်းဒေသကြီး,"စစ်ကိုင်း မြို့နယ်","ပိုးတန်း ရပ်ကွက်",0237007
စစ်ကိုင်းတိုင်းဒေသကြီး,"စစ်ကိုင်း မြို့နယ်","မင်းလမ်း ရပ်ကွက်",0237008
စစ်ကိုင်းတိုင်းဒေသကြီး,"စစ်ကိုင်း မြို့နယ်","တကောင်း ရပ်ကွက်",0237009
စစ်ကိုင်းတိုင်းဒေသကြီး,"စစ်ကိုင်း မြို့နယ်","စိန်ကုန်း ရပ်ကွက်",0237010
စစ်ကိုင်းတိုင်းဒေသကြီး,"စစ်ကိုင်း မြို့နယ်","ထုံးဘို ရပ်ကွက်",0237011
စစ်ကိုင်းတိုင်းဒေသကြီး,"စစ်ကိုင်း မြို့နယ်","ဇေယျကွက်သစ် ရပ်ကွက်",0237012
စစ်ကိုင်းတိုင်းဒေသကြီး,"စစ်ကိုင်း မြို့နယ်","ရွာထောင် ရပ်ကွက်",0237013
စစ်ကိုင်းတိုင်းဒေသကြီး,"စစ်ကိုင်း မြို့နယ်","မီးရထား ရပ်ကွက်",0237014
စစ်ကိုင်းတိုင်းဒေသကြီး,"စစ်ကိုင်း မြို့နယ်","ပတ္တမြား ရပ်ကွက်",0237015
စစ်ကိုင်းတိုင်းဒေသကြီး,"စစ်ကိုင်း မြို့နယ်","နီလာ ရပ်ကွက်",0237016
စစ်ကိုင်းတိုင်းဒေသကြီး,"စစ်ကိုင်း မြို့နယ်","ရွှေမင်းဝံ ရပ်ကွက်",0237017
စစ်ကိုင်းတိုင်းဒေသကြီး,"စစ်ကိုင်း မြို့နယ်","ပါရမီ ရပ်ကွက်",0237018
စစ်ကိုင်းတိုင်းဒေသကြီး,"စစ်ကိုင်း မြို့နယ်","တင်းတိပ် ရပ်ကွက်",0237019
စစ်ကိုင်းတိုင်းဒေသကြီး,"စစ်ကိုင်း မြို့နယ်","စီတီး ရပ်ကွက်",0237020
စစ်ကိုင်းတိုင်းဒေသကြီး,"စစ်ကိုင်း မြို့နယ်","ပဲကတိုး ရပ်ကွက်",0237021
စစ်ကိုင်းတိုင်းဒေသကြီး,"စစ်ကိုင်း မြို့နယ်","သောတာပန် ရပ်ကွက်",0237022
စစ်ကိုင်းတိုင်းဒေသကြီး,"စစ်ကိုင်း မြို့နယ်","ပြူကံ ရပ်ကွက်",0237023
စစ်ကိုင်းတိုင်းဒေသကြီး,"ပန်ဆောင် မြို့","အထက် ရပ်ကွက်",0260001
စစ်ကိုင်းတိုင်းဒေသကြီး,"ပန်ဆောင် မြို့","အလယ် ရပ်ကွက်",0260002
စစ်ကိုင်းတိုင်းဒေသကြီး,"ပန်ဆောင် မြို့","အောက် ရပ်ကွက်",0260003
စစ်ကိုင်းတိုင်းဒေသကြီး,"ဒုံဟီး မြို့","မြို့မ ရပ်ကွက်",0261001
စစ်ကိုင်းတိုင်းဒေသကြီး,"ဒုံဟီး မြို့","မီတဲ ရပ်ကွက်",0261002
စစ်ကိုင်းတိုင်းဒေသကြီး,"ဒုံဟီး မြို့","ထမ်ယုန်း ရပ်ကွက်",0261003
စစ်ကိုင်းတိုင်းဒေသကြီး,"ထန်ပါခွေ မြို့","ထန်ပါခွေ ရပ်ကွက်",0262001
စစ်ကိုင်းတိုင်းဒေသကြီး,"မိုပိုင်းလွတ် မြို့","အမှတ် (၁) ရပ်ကွက်",0263001
စစ်ကိုင်းတိုင်းဒေသကြီး,"မိုပိုင်းလွတ် မြို့","အမှတ် (၂) ရပ်ကွက်",0263002
စစ်ကိုင်းတိုင်းဒေသကြီး,"ဆွမ္မရာ မြို့","အမှတ် (၁) ရပ်ကွက်",0264001
စစ်ကိုင်းတိုင်းဒေသကြီး,"ဆွမ္မရာ မြို့","အမှတ် (၂) ရပ်ကွက်",0264002
စစ်ကိုင်းတိုင်းဒေသကြီး,"ဆွမ္မရာ မြို့","အမှတ် (၃) ရပ်ကွက်",0264003
စစ်ကိုင်းတိုင်းဒေသကြီး,"ရွှေပြည်အေး မြို့","အမှတ် (၁) ရပ်ကွက်",0265001
စစ်ကိုင်းတိုင်းဒေသကြီး,"ရွှေပြည်အေး မြို့","အမှတ် (၂) ရပ်ကွက်",0265002
စစ်ကိုင်းတိုင်းဒေသကြီး,"ရွှေပြည်အေး မြို့","အမှတ် (၃) ရပ်ကွက်",0265003
စစ်ကိုင်းတိုင်းဒေသကြီး,"ရွှေပြည်အေး မြို့","အမှတ် (၄) ရပ်ကွက်",0265004
စစ်ကိုင်းတိုင်းဒေသကြီး,"ရွှေပြည်အေး မြို့","အမှတ် (၅) ရပ်ကွက်",0265005
စစ်ကိုင်းတိုင်းဒေသကြီး,"ရွှေပြည်အေး မြို့","အမှတ် (၆) ရပ်ကွက်",0265006
စစ်ကိုင်းတိုင်းဒေသကြီး,"ရွှေပြည်အေး မြို့","အမှတ် (၇) ရပ်ကွက်",0265007
စစ်ကိုင်းတိုင်းဒေသကြီး,"ရွှေပြည်အေး မြို့","အမှတ် (၈) ရပ်ကွက်",0265008
စစ်ကိုင်းတိုင်းဒေသကြီး,"ရွှေပြည်အေး မြို့","အမှတ် (၉) ရပ်ကွက်",0265009
စစ်ကိုင်းတိုင်းဒေသကြီး,"ရွှေပြည်အေး မြို့","အမှတ် (၁၀) ရပ်ကွက်",0265010
စစ်ကိုင်းတိုင်းဒေသကြီး,"ရွှေပြည်အေး မြို့","အမှတ် (၁၁) ရပ်ကွက်",0265011
စစ်ကိုင်းတိုင်းဒေသကြီး,"မြို့သစ် မြို့","အမှတ် (၁) ရပ်ကွက်",0266001
စစ်ကိုင်းတိုင်းဒေသကြီး,"မြို့သစ် မြို့","အမှတ် (၂) ရပ်ကွက်",0266002
စစ်ကိုင်းတိုင်းဒေသကြီး,"မြို့သစ် မြို့","အမှတ် (၃) ရပ်ကွက်",0266003
စစ်ကိုင်းတိုင်းဒေသကြီး,"ခါမ်းပါတ် မြို့","အမှတ် (၁) ရပ်ကွက်",0267001
စစ်ကိုင်းတိုင်းဒေသကြီး,"ခါမ်းပါတ် မြို့","အမှတ် (၂) ရပ်ကွက်",0267002
စစ်ကိုင်းတိုင်းဒေသကြီး,"ခါမ်းပါတ် မြို့","အမှတ် (၃) ရပ်ကွက်",0267003
စစ်ကိုင်းတိုင်းဒေသကြီး,"ခါမ်းပါတ် မြို့","အမှတ် (၄) ရပ်ကွက်",0267004
စစ်ကိုင်းတိုင်းဒေသကြီး,"ခါမ်းပါတ် မြို့","အမှတ် (၅) ရပ်ကွက်",0267005
စစ်ကိုင်းတိုင်းဒေသကြီး,"မော်လူး မြို့","မင်းရာဇာ ရပ်ကွက်",0268001
စစ်ကိုင်းတိုင်းဒေသကြီး,"မော်လူး မြို့","မင်းဇေယျာ ရပ်ကွက်",0268002
စစ်ကိုင်းတိုင်းဒေသကြီး,"မော်လူး မြို့","မင်းချမ်းသာ ရပ်ကွက်",0268003
စစ်ကိုင်းတိုင်းဒေသကြီး,"မော်လူး မြို့","မင်းသုခ ရပ်ကွက်",0268004
စစ်ကိုင်းတိုင်းဒေသကြီး,"မော်လူး မြို့","မင်းသစ္စာ ရပ်ကွက်",0268005
စစ်ကိုင်းတိုင်းဒေသကြီး,"မော်လူး မြို့","မင်းသီရိ ရပ်ကွက်",0268006
စစ်ကိုင်းတိုင်းဒေသကြီး,"ဇီးကုန်း မြို့","ချမ်းအေးသာယာ ရပ်ကွက်",0269001
စစ်ကိုင်းတိုင်းဒေသကြီး,"ဇီးကုန်း မြို့","ရန်ကြီးအောင် ရပ်ကွက်",0269002
စစ်ကိုင်းတိုင်းဒေသကြီး,"ဇီးကုန်း မြို့","ရန်နိုင်အေး ရပ်ကွက်",0269003
စစ်ကိုင်းတိုင်းဒေသကြီး,"ဇီးကုန်း မြို့","အောင်သိဒ္ဓိ ရပ်ကွက်",0269004
စစ်ကိုင်းတိုင်းဒေသကြီး,"ဇီးကုန်း မြို့","လက်ဆည် ရပ်ကွက်",0269005
စစ်ကိုင်းတိုင်းဒေသကြီး,"ဇီးကုန်း မြို့","နဂါးပေါ် ရပ်ကွက်",0269006
စစ်ကိုင်းတိုင်းဒေသကြီး,"စိုင်ပြင် မြို့","အမှတ် (၁) ရပ်ကွက်",0270001
စစ်ကိုင်းတိုင်းဒေသကြီး,"စိုင်ပြင် မြို့","အမှတ် (၂) ရပ်ကွက်",0270002
စစ်ကိုင်းတိုင်းဒေသကြီး,"စိုင်ပြင် မြို့","အမှတ် (၃) ရပ်ကွက်",0270003
စစ်ကိုင်းတိုင်းဒေသကြီး,"စိုင်ပြင် မြို့","အမှတ် (၄) ရပ်ကွက်",0270004
စစ်ကိုင်းတိုင်းဒေသကြီး,"စိုင်ပြင် မြို့","အမှတ် (၅) ရပ်ကွက်",0270005
စစ်ကိုင်းတိုင်းဒေသကြီး,"​ကျောက်မြောင်း မြို့","အမှတ် (၁) ရပ်ကွက်",0271001
စစ်ကိုင်းတိုင်းဒေသကြီး,"​ကျောက်မြောင်း မြို့","အမှတ် (၂) ရပ်ကွက်",0271002
စစ်ကိုင်းတိုင်းဒေသကြီး,"​ကျောက်မြောင်း မြို့","အမှတ် (၃) ရပ်ကွက်",0271003
စစ်ကိုင်းတိုင်းဒေသကြီး,"​ကျောက်မြောင်း မြို့","အမှတ် (၄) ရပ်ကွက်",0271004
စစ်ကိုင်းတိုင်းဒေသကြီး,"ဆားတောင် မြို့","ရေကြည် ရပ်ကွက်",0272001
စစ်ကိုင်းတိုင်းဒေသကြီး,"ဆားတောင် မြို့","ရွာစိုက် ရပ်ကွက်",0272002
စစ်ကိုင်းတိုင်းဒေသကြီး,"ဆားတောင် မြို့","သင်းတွဲ ရပ်ကွက်",0272003
စစ်ကိုင်းတိုင်းဒေသကြီး,"ဆားတောင် မြို့","ပင်းသင်း ရပ်ကွက်",0272004
စစ်ကိုင်းတိုင်းဒေသကြီး,"ဆားတောင် မြို့","ကျောင်းနောက် ရပ်ကွက်",0272005
စစ်ကိုင်းတိုင်းဒေသကြီး,"ဆားတောင် မြို့","ရွာဝေး ရပ်ကွက်",0272006
စစ်ကိုင်းတိုင်းဒေသကြီး,"ဆားတောင် မြို့","သူဌေး ရပ်ကွက်",0272007
စစ်ကိုင်းတိုင်းဒေသကြီး,"ဆားတောင် မြို့","တောင်ပို ရပ်ကွက်",0272008
စစ်ကိုင်းတိုင်းဒေသကြီး,"ဆားတောင် မြို့","မြင်းကြွ ရပ်ကွက်",0272009
စစ်ကိုင်းတိုင်းဒေသကြီး,"ဆားတောင် မြို့","ညောင်ငုတ္တို ရပ်ကွက်",0272010
စစ်ကိုင်းတိုင်းဒေသကြီး,"ဆားတောင် မြို့","ရှားပင်ကန် ရပ်ကွက်",0272011
