﻿Region,"Town / Township","Quarter / Village Tract","Postal Code"
မန္တလေးတိုင်းဒေသကြီး,"အောင်မြေသာစံ မြို့နယ်","ဘုန်းတော်တိုး ရပ်ကွက်",0501001
မန္တလေးတိုင်းဒေသကြီး,"အောင်မြေသာစံ မြို့နယ်","ဒေါနဘွား ရပ်ကွက်",0501002
မန္တလေးတိုင်းဒေသကြီး,"အောင်မြေသာစံ မြို့နယ်","အနှိပ်တော် ရပ်ကွက်",0501003
မန္တလေးတိုင်းဒေသကြီး,"အောင်မြေသာစံ မြို့နယ်","ပြည်ကြီးကျက်သရေ (အရှေ့) ရပ်ကွက်",0501004
မန္တလေးတိုင်းဒေသကြီး,"အောင်မြေသာစံ မြို့နယ်","ပြည်ကြီးကျက်သရေ (အနောက်) ရပ်ကွက်",0501005
မန္တလေးတိုင်းဒေသကြီး,"အောင်မြေသာစံ မြို့နယ်","ပုလဲငွေရောင် ရပ်ကွက်",0501006
မန္တလေးတိုင်းဒေသကြီး,"အောင်မြေသာစံ မြို့နယ်","မေဃဂီရိ ရပ်ကွက်",0501007
မန္တလေးတိုင်းဒေသကြီး,"အောင်မြေသာစံ မြို့နယ်","အောင်မြေသာစံမြို့ ရပ်ကွက်",0501008
မန္တလေးတိုင်းဒေသကြီး,"အောင်မြေသာစံ မြို့နယ်","မင်းတဲအီကင်း ရပ်ကွက်",0501009
မန္တလေးတိုင်းဒေသကြီး,"အောင်မြေသာစံ မြို့နယ်","ညောင်ကွဲ ရပ်ကွက်",0501010
မန္တလေးတိုင်းဒေသကြီး,"အောင်မြေသာစံ မြို့နယ်","ပြည်ကြီးရန်လုံ ရပ်ကွက်",0501011
မန္တလေးတိုင်းဒေသကြီး,"အောင်မြေသာစံ မြို့နယ်","ပြည်လုံးချမ်းသာ ရပ်ကွက်",0501012
မန္တလေးတိုင်းဒေသကြီး,"အောင်မြေသာစံ မြို့နယ်","အမရဌာနီ (အရှေ့) ရပ်ကွက်",0501013
မန္တလေးတိုင်းဒေသကြီး,"အောင်မြေသာစံ မြို့နယ်","အမရဌာနီ (အနောက်) ရပ်ကွက်",0501014
မန္တလေးတိုင်းဒေသကြီး,"အောင်မြေသာစံ မြို့နယ်","ဥပုသ်တော် ရပ်ကွက်",0501015
မန္တလေးတိုင်းဒေသကြီး,"အောင်မြေသာစံ မြို့နယ်","အိုးဘို ရပ်ကွက်",0501016
မန္တလေးတိုင်းဒေသကြီး,"အောင်မြေသာစံ မြို့နယ်","သီရိမာလာ (အရှေ့) ရပ်ကွက်",0501017
မန္တလေးတိုင်းဒေသကြီး,"အောင်မြေသာစံ မြို့နယ်","သီရိမာလာ (အနောက်) ရပ်ကွက်",0501018
မန္တလေးတိုင်းဒေသကြီး,"အောင်မြေသာစံ မြို့နယ်","မဟာဇေယျာဘုံ ရပ်ကွက်",0501019
မန္တလေးတိုင်းဒေသကြီး,"ချမ်းအေးသာစံ မြို့နယ်","အောင်နန်းရိပ်သာ (အရှေ့) ရပ်ကွက်",0502001
မန္တလေးတိုင်းဒေသကြီး,"ချမ်းအေးသာစံ မြို့နယ်","အောင်နန်းရိပ်သာ (အနောက်) ရပ်ကွက်",0502002
မန္တလေးတိုင်းဒေသကြီး,"ချမ်းအေးသာစံ မြို့နယ်","ချမ်းအေးသာစံ (အရှေ့) ရပ်ကွက်",0502003
မန္တလေးတိုင်းဒေသကြီး,"ချမ်းအေးသာစံ မြို့နယ်","ချမ်းအေးသာစံ (အလယ်) ရပ်ကွက်",0502004
မန္တလေးတိုင်းဒေသကြီး,"ချမ်းအေးသာစံ မြို့နယ်","ချမ်းအေးသာစံ (အနောက်) ရပ်ကွက်",0502005
မန္တလေးတိုင်းဒေသကြီး,"ချမ်းအေးသာစံ မြို့နယ်","ဒေးဝန်း (အနောက်) ရပ်ကွက်",0502006
မန္တလေးတိုင်းဒေသကြီး,"ချမ်းအေးသာစံ မြို့နယ်","ဟေမာဇလ ရပ်ကွက်",0502007
မန္တလေးတိုင်းဒေသကြီး,"ချမ်းအေးသာစံ မြို့နယ်","ကံကောက် ရပ်ကွက်",0502008
မန္တလေးတိုင်းဒေသကြီး,"ချမ်းအေးသာစံ မြို့နယ်","ကဉ္စနမဟီ ရပ်ကွက်",0502009
မန္တလေးတိုင်းဒေသကြီး,"ချမ်းအေးသာစံ မြို့နယ်","မောရဂီဝါ ရပ်ကွက်",0502010
မန္တလေးတိုင်းဒေသကြီး,"ချမ်းအေးသာစံ မြို့နယ်","ပါတ်ကုန်းပျော်ဘွယ် ရပ်ကွက်",0502011
မန္တလေးတိုင်းဒေသကြီး,"ချမ်းအေးသာစံ မြို့နယ်","ပါတ်ကုန်းဝန်းကျင် ရပ်ကွက်",0502012
မန္တလေးတိုင်းဒေသကြီး,"ချမ်းအေးသာစံ မြို့နယ်","ပြည်ကြီးမျက်မှန် ရပ်ကွက်",0502013
မန္တလေးတိုင်းဒေသကြီး,"ချမ်းအေးသာစံ မြို့နယ်","ပြည်ကြီးမျက်ရှင် ရပ်ကွက်",0502014
မန္တလေးတိုင်းဒေသကြီး,"ချမ်းအေးသာစံ မြို့နယ်","ပြည်ကြီးပျော်ဘွယ် (အရှေ့) ရပ်ကွက်",0502015
မန္တလေးတိုင်းဒေသကြီး,"ချမ်းအေးသာစံ မြို့နယ်","ပြည်ကြီးပျော်ဘွယ် (အနောက်) ရပ်ကွက်",0502016
မန္တလေးတိုင်းဒေသကြီး,"ချမ်းအေးသာစံ မြို့နယ်","စိတ္တရမဟီ ရပ်ကွက်",0502017
မန္တလေးတိုင်းဒေသကြီး,"ချမ်းအေးသာစံ မြို့နယ်","သီရိဟေမာ (အရှေ့) ရပ်ကွက်",0502018
မန္တလေးတိုင်းဒေသကြီး,"ချမ်းအေးသာစံ မြို့နယ်","သီရိဟေမာ (အနောက်) ရပ်ကွက်",0502019
မန္တလေးတိုင်းဒေသကြီး,"ချမ်းအေးသာစံ မြို့နယ်","ရန်မျိုးလုံ ရပ်ကွက်",0502020
မန္တလေးတိုင်းဒေသကြီး,"မဟာအောင်မြေ မြို့နယ်","မဟာနွယ်စင် ရပ်ကွက်",0503001
မန္တလေးတိုင်းဒေသကြီး,"မဟာအောင်မြေ မြို့နယ်","စကြာနွယ်စဉ် ရပ်ကွက်",0503002
မန္တလေးတိုင်းဒေသကြီး,"မဟာအောင်မြေ မြို့နယ်","ဟေမမာလာ (မြောက်) ရပ်ကွက်",0503003
မန္တလေးတိုင်းဒေသကြီး,"မဟာအောင်မြေ မြို့နယ်","ဟေမမာလာ (တောင်) ရပ်ကွက်",0503004
မန္တလေးတိုင်းဒေသကြီး,"မဟာအောင်မြေ မြို့နယ်","ရတနာဘုမ္မိ (အရှေ့) ရပ်ကွက်",0503005
မန္တလေးတိုင်းဒေသကြီး,"မဟာအောင်မြေ မြို့နယ်","ရတနာဘုမ္မိ (အနောက်) ရပ်ကွက်",0503006
မန္တလေးတိုင်းဒေသကြီး,"မဟာအောင်မြေ မြို့နယ်","မဟာအောင်မြေ (အရှေ့) ရပ်ကွက်",0503007
မန္တလေးတိုင်းဒေသကြီး,"မဟာအောင်မြေ မြို့နယ်","မဟာအောင်မြေ (အနောက်) ရပ်ကွက်",0503008
မန္တလေးတိုင်းဒေသကြီး,"မဟာအောင်မြေ မြို့နယ်","ရွှေဘုန်းရှိန် ရပ်ကွက်",0503009
မန္တလေးတိုင်းဒေသကြီး,"မဟာအောင်မြေ မြို့နယ်","ချမ်းမြသာစည် (မြောက်) ရပ်ကွက်",0503010
မန္တလေးတိုင်းဒေသကြီး,"မဟာအောင်မြေ မြို့နယ်","တက္ကသိုလ် ရပ်ကွက်",0503011
မန္တလေးတိုင်းဒေသကြီး,"မဟာအောင်မြေ မြို့နယ်","စိန်ပန်း ရပ်ကွက်",0503012
မန္တလေးတိုင်းဒေသကြီး,"မဟာအောင်မြေ မြို့နယ်","ဒေးဝန်း (အရှေ့) ရပ်ကွက်",0503013
မန္တလေးတိုင်းဒေသကြီး,"မဟာအောင်မြေ မြို့နယ်","သံလျက်မော် (အနောက်) ရပ်ကွက်",0503014
မန္တလေးတိုင်းဒေသကြီး,"မဟာအောင်မြေ မြို့နယ်","သံလျက်မော် (အရှေ့) ရပ်ကွက်",0503015
မန္တလေးတိုင်းဒေသကြီး,"မဟာအောင်မြေ မြို့နယ်","မဟာမြိုင် (၁) ရပ်ကွက်",0503016
မန္တလေးတိုင်းဒေသကြီး,"မဟာအောင်မြေ မြို့နယ်","မဟာမြိုင် (၂) ရပ်ကွက်",0503017
မန္တလေးတိုင်းဒေသကြီး,"မဟာအောင်မြေ မြို့နယ်","ရဲမွန်တောင် ရပ်ကွက်",0503018
မန္တလေးတိုင်းဒေသကြီး,"ချမ်းမြသာစည် မြို့နယ်","သံလျှက်မော် (တောင်) ရပ်ကွက်",0504001
မန္တလေးတိုင်းဒေသကြီး,"ချမ်းမြသာစည် မြို့နယ်","ကျွန်းလုံးဥသျှောင် ရပ်ကွက်",0504002
မန္တလေးတိုင်းဒေသကြီး,"ချမ်းမြသာစည် မြို့နယ်","တမ္ပဝတီ ရပ်ကွက်",0504003
မန္တလေးတိုင်းဒေသကြီး,"ချမ်းမြသာစည် မြို့နယ်","ချမ်းမြသာစည် (တောင်) ရပ်ကွက်",0504004
မန္တလေးတိုင်းဒေသကြီး,"ချမ်းမြသာစည် မြို့နယ်","မြို့သစ်အမှတ် (၁) ရပ်ကွက်",0504005
မန္တလေးတိုင်းဒေသကြီး,"ချမ်းမြသာစည် မြို့နယ်","မြို့သစ်အမှတ် (၂) ရပ်ကွက်",0504006
မန္တလေးတိုင်းဒေသကြီး,"ချမ်းမြသာစည် မြို့နယ်","မြို့သစ်အမှတ် (၃) ရပ်ကွက်",0504007
မန္တလေးတိုင်းဒေသကြီး,"ချမ်းမြသာစည် မြို့နယ်","မြို့သစ်အမှတ် (၄) ရပ်ကွက်",0504008
မန္တလေးတိုင်းဒေသကြီး,"ချမ်းမြသာစည် မြို့နယ်","မြို့သစ်အမှတ် (၅) ရပ်ကွက်",0504009
မန္တလေးတိုင်းဒေသကြီး,"ချမ်းမြသာစည် မြို့နယ်","ကန်သာယာ ရပ်ကွက်",0504010
မန္တလေးတိုင်းဒေသကြီး,"ချမ်းမြသာစည် မြို့နယ်","အောင်ပင်လယ် ရပ်ကွက်",0504011
မန္တလေးတိုင်းဒေသကြီး,"ချမ်းမြသာစည် မြို့နယ်","ထွန်တုံး ရပ်ကွက်",0504012
မန္တလေးတိုင်းဒေသကြီး,"ချမ်းမြသာစည် မြို့နယ်","မြရည်နန္ဒာ ရပ်ကွက်",0504013
မန္တလေးတိုင်းဒေသကြီး,"ချမ်းမြသာစည် မြို့နယ်","အောင်သာယာ ရပ်ကွက်",0504014
မန္တလေးတိုင်းဒေသကြီး,"ပြည်ကြီးတံခွန် မြို့နယ်","ချမ်းမြသာယာ ရပ်ကွက်",0505001
မန္တလေးတိုင်းဒေသကြီး,"ပြည်ကြီးတံခွန် မြို့နယ်","ငွေတော်ကြည်ကုန်း ရပ်ကွက်",0505002
မန္တလေးတိုင်းဒေသကြီး,"ပြည်ကြီးတံခွန် မြို့နယ်","သင်ပန်းကုန်း ရပ်ကွက်",0505003
မန္တလေးတိုင်းဒေသကြီး,"ပြည်ကြီးတံခွန် မြို့နယ်","တံခွန်တိုင် ရပ်ကွက်",0505004
မန္တလေးတိုင်းဒေသကြီး,"ပြည်ကြီးတံခွန် မြို့နယ်","တောင်မြင့် ရပ်ကွက်",0505005
မန္တလေးတိုင်းဒေသကြီး,"ပြည်ကြီးတံခွန် မြို့နယ်","ယာတော် ရပ်ကွက်",0505006
မန္တလေးတိုင်းဒေသကြီး,"ပြည်ကြီးတံခွန် မြို့နယ်","ထိန်ကုန်း ရပ်ကွက်",0505007
မန္တလေးတိုင်းဒေသကြီး,"ပြည်ကြီးတံခွန် မြို့နယ်","(က) ရပ်ကွက်",0505008
မန္တလေးတိုင်းဒေသကြီး,"ပြည်ကြီးတံခွန် မြို့နယ်","(ခ) ရပ်ကွက်",0505009
မန္တလေးတိုင်းဒေသကြီး,"ပြည်ကြီးတံခွန် မြို့နယ်","(ဂ) ရပ်ကွက်",0505010
မန္တလေးတိုင်းဒေသကြီး,"ပြည်ကြီးတံခွန် မြို့နယ်","(ဃ) ရပ်ကွက်",0505011
မန္တလေးတိုင်းဒေသကြီး,"ပြည်ကြီးတံခွန် မြို့နယ်","(င) ရပ်ကွက်",0505012
မန္တလေးတိုင်းဒေသကြီး,"ပြည်ကြီးတံခွန် မြို့နယ်","(စ) ရပ်ကွက်",0505013
မန္တလေးတိုင်းဒေသကြီး,"ပြည်ကြီးတံခွန် မြို့နယ်","(ဆ) ရပ်ကွက်",0505014
မန္တလေးတိုင်းဒေသကြီး,"ပြည်ကြီးတံခွန် မြို့နယ်","(ဇ) ရပ်ကွက်",0505015
မန္တလေးတိုင်းဒေသကြီး,"ပြည်ကြီးတံခွန် မြို့နယ်","(ဈ) ရပ်ကွက်",0505016
မန္တလေးတိုင်းဒေသကြီး,"ပြည်ကြီးတံခွန် မြို့နယ်","(ည) ရပ်ကွက်",0505017
မန္တလေးတိုင်းဒေသကြီး,"ပြည်ကြီးတံခွန် မြို့နယ်","(ဋ) ရပ်ကွက်",0505018
မန္တလေးတိုင်းဒေသကြီး,"အမရပူရ မြို့နယ်","တောင်ကြီး ရပ်ကွက်",0506001
မန္တလေးတိုင်းဒေသကြီး,"အမရပူရ မြို့နယ်","ကျန်တန်း ရပ်ကွက်",0506002
မန္တလေးတိုင်းဒေသကြီး,"အမရပူရ မြို့နယ်","မှန်တန်း ရပ်ကွက်",0506003
မန္တလေးတိုင်းဒေသကြီး,"အမရပူရ မြို့နယ်","ဈေးချို ရပ်ကွက်",0506004
မန္တလေးတိုင်းဒေသကြီး,"အမရပူရ မြို့နယ်","ရွှေဂွမ်းထုတ် ရပ်ကွက်",0506005
မန္တလေးတိုင်းဒေသကြီး,"အမရပူရ မြို့နယ်","လေးစု ရပ်ကွက်",0506006
မန္တလေးတိုင်းဒေသကြီး,"အမရပူရ မြို့နယ်","အိုးတော် ရပ်ကွက်",0506007
မန္တလေးတိုင်းဒေသကြီး,"အမရပူရ မြို့နယ်","ဆင်စွယ်ပွတ် ရပ်ကွက်",0506008
မန္တလေးတိုင်းဒေသကြီး,"ပုသိမ်ကြီး မြို့နယ်","မြို့မ ရပ်ကွက်",0507001
မန္တလေးတိုင်းဒေသကြီး,"ပြင်ဦးလွင် မြို့နယ်","ရပ်ကွက်ကြီး (၁) ရပ်ကွက်",0508001
မန္တလေးတိုင်းဒေသကြီး,"ပြင်ဦးလွင် မြို့နယ်","ရပ်ကွက်ကြီး (၂) ရပ်ကွက်",0508002
မန္တလေးတိုင်းဒေသကြီး,"ပြင်ဦးလွင် မြို့နယ်","ရပ်ကွက်ကြီး (၃) ရပ်ကွက်",0508003
မန္တလေးတိုင်းဒေသကြီး,"ပြင်ဦးလွင် မြို့နယ်","ရပ်ကွက်ကြီး (၄) ရပ်ကွက်",0508004
မန္တလေးတိုင်းဒေသကြီး,"ပြင်ဦးလွင် မြို့နယ်","ရပ်ကွက်ကြီး (၅) ရပ်ကွက်",0508005
မန္တလေးတိုင်းဒေသကြီး,"ပြင်ဦးလွင် မြို့နယ်","ရပ်ကွက်ကြီး (၆) ရပ်ကွက်",0508006
မန္တလေးတိုင်းဒေသကြီး,"ပြင်ဦးလွင် မြို့နယ်","ရပ်ကွက်ကြီး (၇) ရပ်ကွက်",0508007
မန္တလေးတိုင်းဒေသကြီး,"ပြင်ဦးလွင် မြို့နယ်","ပဒေသာ(ရပ်ကွက်ကြီး-၈) ရပ်ကွက်",0508008
မန္တလေးတိုင်းဒေသကြီး,"ပြင်ဦးလွင် မြို့နယ်","နန္ဒဝန် (ရပ်ကွက်ကြီး-၉) ရပ်ကွက်",0508009
မန္တလေးတိုင်းဒေသကြီး,"ပြင်ဦးလွင် မြို့နယ်","ရပ်ကွက်ကြီး (၁၀) ရပ်ကွက်",0508010
မန္တလေးတိုင်းဒေသကြီး,"ပြင်ဦးလွင် မြို့နယ်","ရပ်ကွက်ကြီး (၁၁) ရပ်ကွက်",0508011
မန္တလေးတိုင်းဒေသကြီး,"ပြင်ဦးလွင် မြို့နယ်","ရပ်ကွက်ကြီး (၁၂) ရပ်ကွက်",0508012
မန္တလေးတိုင်းဒေသကြီး,"ပြင်ဦးလွင် မြို့နယ်","ရပ်ကွက်ကြီး (၁၃) ရပ်ကွက်",0508013
မန္တလေးတိုင်းဒေသကြီး,"ပြင်ဦးလွင် မြို့နယ်","ရပ်ကွက်ကြီး (၁၄) ရပ်ကွက်",0508014
မန္တလေးတိုင်းဒေသကြီး,"ပြင်ဦးလွင် မြို့နယ်","ရပ်ကွက်ကြီး (၁၅) ရပ်ကွက်",0508015
မန္တလေးတိုင်းဒေသကြီး,"ပြင်ဦးလွင် မြို့နယ်","ရပ်ကွက်ကြီး (၁၆) ရပ်ကွက်",0508016
မန္တလေးတိုင်းဒေသကြီး,"ပြင်ဦးလွင် မြို့နယ်","ရပ်ကွက်ကြီး (၁၇) ရပ်ကွက်",0508017
မန္တလေးတိုင်းဒေသကြီး,"ပြင်ဦးလွင် မြို့နယ်","ရပ်ကွက်ကြီး (၁၈) ရပ်ကွက်",0508018
မန္တလေးတိုင်းဒေသကြီး,"ပြင်ဦးလွင် မြို့နယ်","ရပ်ကွက်ကြီး (၁၉) ရပ်ကွက်",0508019
မန္တလေးတိုင်းဒေသကြီး,"ပြင်ဦးလွင် မြို့နယ်","ရပ်ကွက်ကြီး (၂၀) ရပ်ကွက်",0508020
မန္တလေးတိုင်းဒေသကြီး,"ပြင်ဦးလွင် မြို့နယ်","ရပ်ကွက်ကြီး (၂၁) ရပ်ကွက်",0508021
မန္တလေးတိုင်းဒေသကြီး,"မိုးကုတ် မြို့နယ်","မြို့မရပ် ရပ်ကွက်",0509001
မန္တလေးတိုင်းဒေသကြီး,"မိုးကုတ် မြို့နယ်","ရှောလီဝိုင်း ရပ်ကွက်",0509002
မန္တလေးတိုင်းဒေသကြီး,"မိုးကုတ် မြို့နယ်","မင်းတံတား ရပ်ကွက်",0509003
မန္တလေးတိုင်းဒေသကြီး,"မိုးကုတ် မြို့နယ်","လယ်ဦး ရပ်ကွက်",0509004
မန္တလေးတိုင်းဒေသကြီး,"မိုးကုတ် မြို့နယ်","ရေပူ ရပ်ကွက်",0509005
မန္တလေးတိုင်းဒေသကြီး,"သပိတ်ကျင်း မြို့နယ်","ဆိပ်ကမ်း ရပ်ကွက်",0510001
မန္တလေးတိုင်းဒေသကြီး,"သပိတ်ကျင်း မြို့နယ်","ကဘဲ့ ရပ်ကွက်",0510002
မန္တလေးတိုင်းဒေသကြီး,"စဉ့်ကူး မြို့နယ်","အမှတ် (၁) ရပ်ကွက်",0511001
မန္တလေးတိုင်းဒေသကြီး,"စဉ့်ကူး မြို့နယ်","အမှတ် (၂) ရပ်ကွက်",0511002
မန္တလေးတိုင်းဒေသကြီး,"မတ္တရာ မြို့နယ်","အမှတ် (၁) ရပ်ကွက်",0512001
မန္တလေးတိုင်းဒေသကြီး,"မတ္တရာ မြို့နယ်","အမှတ် (၂) ရပ်ကွက်",0512002
မန္တလေးတိုင်းဒေသကြီး,"မတ္တရာ မြို့နယ်","အမှတ် (၃) ရပ်ကွက်",0512003
မန္တလေးတိုင်းဒေသကြီး,"မတ္တရာ မြို့နယ်","အမှတ် (၄) ရပ်ကွက်",0512004
မန္တလေးတိုင်းဒေသကြီး,"မတ္တရာ မြို့နယ်","အမှတ် (၅) ရပ်ကွက်",0512005
မန္တလေးတိုင်းဒေသကြီး,"တံတားဦး မြို့နယ်","အမှတ် (၁) ရပ်ကွက်",0513001
မန္တလေးတိုင်းဒေသကြီး,"တံတားဦး မြို့နယ်","အမှတ် (၂) ရပ်ကွက်",0513002
မန္တလေးတိုင်းဒေသကြီး,"တံတားဦး မြို့နယ်","အမှတ် (၃) ရပ်ကွက်",0513003
မန္တလေးတိုင်းဒေသကြီး,"စဉ့်ကိုင် မြို့နယ်","မြို့သစ် ရပ်ကွက်",0514001
မန္တလေးတိုင်းဒေသကြီး,"စဉ့်ကိုင် မြို့နယ်","မြို့မ ရပ်ကွက်",0514002
မန္တလေးတိုင်းဒေသကြီး,"စဉ့်ကိုင် မြို့နယ်","ရွာနိုင် ရပ်ကွက်",0514003
မန္တလေးတိုင်းဒေသကြီး,"စဉ့်ကိုင် မြို့နယ်","တရုပ်စု ရပ်ကွက်",0514004
မန္တလေးတိုင်းဒေသကြီး,"စဉ့်ကိုင် မြို့နယ်","ရန်အောင်မြင် ရပ်ကွက်",0514005
မန္တလေးတိုင်းဒေသကြီး,"ကျောက်ဆည် မြို့နယ်","ဆူးကုန်း ရပ်ကွက်",0515001
မန္တလေးတိုင်းဒေသကြီး,"ကျောက်ဆည် မြို့နယ်","ဈေးတန်း ရပ်ကွက်",0515002
မန္တလေးတိုင်းဒေသကြီး,"ကျောက်ဆည် မြို့နယ်","ဖောင်ရွာ ရပ်ကွက်",0515003
မန္တလေးတိုင်းဒေသကြီး,"ကျောက်ဆည် မြို့နယ်","စုကြီး ရပ်ကွက်",0515004
မန္တလေးတိုင်းဒေသကြီး,"ကျောက်ဆည် မြို့နယ်","ပြည်လုံးနိုင် ရပ်ကွက်",0515005
မန္တလေးတိုင်းဒေသကြီး,"ကျောက်ဆည် မြို့နယ်","မင်းရပ် ရပ်ကွက်",0515006
မန္တလေးတိုင်းဒေသကြီး,"ကျောက်ဆည် မြို့နယ်","ဘောဂဝတီ ရပ်ကွက်",0515007
မန္တလေးတိုင်းဒေသကြီး,"ကျောက်ဆည် မြို့နယ်","ရဲစု ရပ်ကွက်",0515008
မန္တလေးတိုင်းဒေသကြီး,"ကျောက်ဆည် မြို့နယ်","ကြက်မင်းတွန် ရပ်ကွက်",0515009
မန္တလေးတိုင်းဒေသကြီး,"ကျောက်ဆည် မြို့နယ်","ဧမြကြည်လင် ရပ်ကွက်",0515010
မန္တလေးတိုင်းဒေသကြီး,"မြစ်သား မြို့နယ်","ဘူတာ ရပ်ကွက်",0516001
မန္တလေးတိုင်းဒေသကြီး,"မြစ်သား မြို့နယ်","မင်းကုန်း ရပ်ကွက်",0516002
မန္တလေးတိုင်းဒေသကြီး,"မြစ်သား မြို့နယ်","ရွှေသူဌေး ရပ်ကွက်",0516003
မန္တလေးတိုင်းဒေသကြီး,"မြစ်သား မြို့နယ်","ရှမ်းပွဲ ရပ်ကွက်",0516004
မန္တလေးတိုင်းဒေသကြီး,"မြစ်သား မြို့နယ်","မြို့မအနောက် ရပ်ကွက်",0516005
မန္တလေးတိုင်းဒေသကြီး,"မြစ်သား မြို့နယ်","မြို့မအရှေ့ ရပ်ကွက်",0516006
မန္တလေးတိုင်းဒေသကြီး,"ဝမ်းတွင်း မြို့နယ်","ဝမ်းတွင်းမြို့မအမှတ်(၁) ရပ်ကွက်",0517001
မန္တလေးတိုင်းဒေသကြီး,"ဝမ်းတွင်း မြို့နယ်","ဝမ်းတွင်းမြို့မအမှတ်(၂) ရပ်ကွက်",0517002
မန္တလေးတိုင်းဒေသကြီး,"ဝမ်းတွင်း မြို့နယ်","ဝမ်းတွင်းမြို့မအမှတ်(၃) ရပ်ကွက်",0517003
မန္တလေးတိုင်းဒေသကြီး,"ဝမ်းတွင်း မြို့နယ်","သဲတောမြို့မအမှတ်(၁) ရပ်ကွက်",0517004
မန္တလေးတိုင်းဒေသကြီး,"ဝမ်းတွင်း မြို့နယ်","သဲတောမြို့မအမှတ်(၂) ရပ်ကွက်",0517005
မန္တလေးတိုင်းဒေသကြီး,"ဝမ်းတွင်း မြို့နယ်","သဲတောမြို့မအမှတ်(၃) ရပ်ကွက်",0517006
မန္တလေးတိုင်းဒေသကြီး,"မိတ္ထီလာ မြို့နယ်","အောင်ဆန်း ရပ်ကွက်",0518001
မန္တလေးတိုင်းဒေသကြီး,"မိတ္ထီလာ မြို့နယ်","ပေါက်ချောင်း ရပ်ကွက်",0518002
မန္တလေးတိုင်းဒေသကြီး,"မိတ္ထီလာ မြို့နယ်","နန်းတော်ကုန်း ရပ်ကွက်",0518003
မန္တလေးတိုင်းဒေသကြီး,"မိတ္ထီလာ မြို့နယ်","မြို့မ ရပ်ကွက်",0518004
မန္တလေးတိုင်းဒေသကြီး,"မိတ္ထီလာ မြို့နယ်","အရှေ့ပြင် ရပ်ကွက်",0518005
မန္တလေးတိုင်းဒေသကြီး,"မိတ္ထီလာ မြို့နယ်","ရတနာမာန်အောင် ရပ်ကွက်",0518006
မန္တလေးတိုင်းဒေသကြီး,"မိတ္ထီလာ မြို့နယ်","အောင်ဇေယျာ ရပ်ကွက်",0518007
မန္တလေးတိုင်းဒေသကြီး,"မိတ္ထီလာ မြို့နယ်","ဝန်းဇင်း ရပ်ကွက်",0518008
မန္တလေးတိုင်းဒေသကြီး,"မိတ္ထီလာ မြို့နယ်","ရန်မျိုးအောင် ရပ်ကွက်",0518009
မန္တလေးတိုင်းဒေသကြီး,"မိတ္ထီလာ မြို့နယ်","ကြည်တော်ကုန်း ရပ်ကွက်",0518010
မန္တလေးတိုင်းဒေသကြီး,"မိတ္ထီလာ မြို့နယ်","သီရိမင်္ဂလာ ရပ်ကွက်",0518011
မန္တလေးတိုင်းဒေသကြီး,"မိတ္ထီလာ မြို့နယ်","ချည်စက် ရပ်ကွက်",0518012
မန္တလေးတိုင်းဒေသကြီး,"မိတ္ထီလာ မြို့နယ်","ပြည်သာယာ (တောင်) ရပ်ကွက်",0518013
မန္တလေးတိုင်းဒေသကြီး,"မိတ္ထီလာ မြို့နယ်","ပြည်သာယာ (မြောက်) ရပ်ကွက်",0518014
မန္တလေးတိုင်းဒေသကြီး,"သာစည် မြို့နယ်","အမှတ် (၁) ရပ်ကွက်",0519001
မန္တလေးတိုင်းဒေသကြီး,"သာစည် မြို့နယ်","အမှတ် (၂) ရပ်ကွက်",0519002
မန္တလေးတိုင်းဒေသကြီး,"သာစည် မြို့နယ်","အမှတ် (၃) ရပ်ကွက်",0519003
မန္တလေးတိုင်းဒေသကြီး,"သာစည် မြို့နယ်","အမှတ် (၄) ရပ်ကွက်",0519004
မန္တလေးတိုင်းဒေသကြီး,"သာစည် မြို့နယ်","အမှတ် (၅) ရပ်ကွက်",0519005
မန္တလေးတိုင်းဒေသကြီး,"သာစည် မြို့နယ်","အမှတ် (၆) ရပ်ကွက်",0519006
မန္တလေးတိုင်းဒေသကြီး,"သာစည် မြို့နယ်","အမှတ် (၇) ရပ်ကွက်",0519007
မန္တလေးတိုင်းဒေသကြီး,"မလှိုင် မြို့နယ်","အမှတ် (၁) ရပ်ကွက်",0520001
မန္တလေးတိုင်းဒေသကြီး,"မလှိုင် မြို့နယ်","အမှတ် (၂) ရပ်ကွက်",0520002
မန္တလေးတိုင်းဒေသကြီး,"မလှိုင် မြို့နယ်","အမှတ် (၃) ရပ်ကွက်",0520003
မန္တလေးတိုင်းဒေသကြီး,"မလှိုင် မြို့နယ်","အမှတ် (၄) ရပ်ကွက်",0520004
မန္တလေးတိုင်းဒေသကြီး,"ပျော်ဘွယ် မြို့နယ်","ရှမ်းပွဲ ရပ်ကွက်",0521001
မန္တလေးတိုင်းဒေသကြီး,"ပျော်ဘွယ် မြို့နယ်","မြင်းဘက် ရပ်ကွက်",0521002
မန္တလေးတိုင်းဒေသကြီး,"ပျော်ဘွယ် မြို့နယ်","မြို့မ ရပ်ကွက်",0521003
မန္တလေးတိုင်းဒေသကြီး,"ပျော်ဘွယ် မြို့နယ်","မြို့သစ် ရပ်ကွက်",0521004
မန္တလေးတိုင်းဒေသကြီး,"ပျော်ဘွယ် မြို့နယ်","ရွှေပြည်ရန်အောင် ရပ်ကွက်",0521005
မန္တလေးတိုင်းဒေသကြီး,"ပျော်ဘွယ် မြို့နယ်","ရွှေပြည်ရန်နိုင် ရပ်ကွက်",0521006
မန္တလေးတိုင်းဒေသကြီး,"ပျော်ဘွယ် မြို့နယ်","ရွှေပြည်ရန်လုံ ရပ်ကွက်",0521007
မန္တလေးတိုင်းဒေသကြီး,"ပျော်ဘွယ် မြို့နယ်","မန္တလေးတန်း ရပ်ကွက်",0521008
မန္တလေးတိုင်းဒေသကြီး,"ပျော်ဘွယ် မြို့နယ်","ပြည်သာယာ ရပ်ကွက်",0521009
မန္တလေးတိုင်းဒေသကြီး,"ရမည်းသင်း မြို့နယ်","မြို့မ ရပ်ကွက်",0522001
မန္တလေးတိုင်းဒေသကြီး,"ရမည်းသင်း မြို့နယ်","ဝါတိုး ရပ်ကွက်",0522002
မန္တလေးတိုင်းဒေသကြီး,"ရမည်းသင်း မြို့နယ်","အောင်မင်္ဂလာ ရပ်ကွက်",0522003
မန္တလေးတိုင်းဒေသကြီး,"ရမည်းသင်း မြို့နယ်","ရွှေစည်းခုံ ရပ်ကွက်",0522004
မန္တလေးတိုင်းဒေသကြီး,"ရမည်းသင်း မြို့နယ်","ကျောင်းတိုက်စု ရပ်ကွက်",0522005
မန္တလေးတိုင်းဒေသကြီး,"ညောင်ဦး မြို့နယ်","အမှတ် (၁) ရပ်ကွက်",0523001
မန္တလေးတိုင်းဒေသကြီး,"ညောင်ဦး မြို့နယ်","အမှတ် (၂) ရပ်ကွက်",0523002
မန္တလေးတိုင်းဒေသကြီး,"ညောင်ဦး မြို့နယ်","အမှတ် (၃) ရပ်ကွက်",0523003
မန္တလေးတိုင်းဒေသကြီး,"ညောင်ဦး မြို့နယ်","အမှတ် (၄) ရပ်ကွက်",0523004
မန္တလေးတိုင်းဒေသကြီး,"ညောင်ဦး မြို့နယ်","အမှတ် (၅) ရပ်ကွက်",0523005
မန္တလေးတိုင်းဒေသကြီး,"ညောင်ဦး မြို့နယ်","အမှတ် (၆) ရပ်ကွက်",0523006
မန္တလေးတိုင်းဒေသကြီး,"ညောင်ဦး မြို့နယ်","အမှတ် (၇) ရပ်ကွက်",0523007
မန္တလေးတိုင်းဒေသကြီး,"ကျောက်ပန်းတောင်း မြို့နယ်","မြောက်ပြည်တော်သာ ရပ်ကွက်",0524001
မန္တလေးတိုင်းဒေသကြီး,"ကျောက်ပန်းတောင်း မြို့နယ်","လွတ်လပ်ရေး ရပ်ကွက်",0524002
မန္တလေးတိုင်းဒေသကြီး,"ကျောက်ပန်းတောင်း မြို့နယ်","သာယာရေး ရပ်ကွက်",0524003
မန္တလေးတိုင်းဒေသကြီး,"ကျောက်ပန်းတောင်း မြို့နယ်","တမ္ပဝတီ ရပ်ကွက်",0524004
မန္တလေးတိုင်းဒေသကြီး,"ကျောက်ပန်းတောင်း မြို့နယ်","ဈေးကွက်သစ် ရပ်ကွက်",0524005
မန္တလေးတိုင်းဒေသကြီး,"ကျောက်ပန်းတောင်း မြို့နယ်","မြို့မကွက်သစ် ရပ်ကွက်",0524006
မန္တလေးတိုင်းဒေသကြီး,"ကျောက်ပန်းတောင်း မြို့နယ်","စံပြ ရပ်ကွက်",0524007
မန္တလေးတိုင်းဒေသကြီး,"ကျောက်ပန်းတောင်း မြို့နယ်","ဘူတာ ရပ်ကွက်",0524008
မန္တလေးတိုင်းဒေသကြီး,"ကျောက်ပန်းတောင်း မြို့နယ်","အောင်မင်္ဂလာ ရပ်ကွက်",0524009
မန္တလေးတိုင်းဒေသကြီး,"ကျောက်ပန်းတောင်း မြို့နယ်","မြို့မတောင် ရပ်ကွက်",0524010
မန္တလေးတိုင်းဒေသကြီး,"ကျောက်ပန်းတောင်း မြို့နယ်","မြို့မ ရပ်ကွက်",0524011
မန္တလေးတိုင်းဒေသကြီး,"ကျောက်ပန်းတောင်း မြို့နယ်","သီရိမင်္ဂလာ ရပ်ကွက်",0524012
မန္တလေးတိုင်းဒေသကြီး,"မြင်းခြံ မြို့နယ်","အမှတ် (၁) ရပ်ကွက်",0525001
မန္တလေးတိုင်းဒေသကြီး,"မြင်းခြံ မြို့နယ်","အမှတ် (၂) ရပ်ကွက်",0525002
မန္တလေးတိုင်းဒေသကြီး,"မြင်းခြံ မြို့နယ်","အမှတ် (၃) ရပ်ကွက်",0525003
မန္တလေးတိုင်းဒေသကြီး,"မြင်းခြံ မြို့နယ်","အမှတ် (၄) ရပ်ကွက်",0525004
မန္တလေးတိုင်းဒေသကြီး,"မြင်းခြံ မြို့နယ်","အမှတ် (၅) ရပ်ကွက်",0525005
မန္တလေးတိုင်းဒေသကြီး,"မြင်းခြံ မြို့နယ်","အမှတ် (၆) ရပ်ကွက်",0525006
မန္တလေးတိုင်းဒေသကြီး,"မြင်းခြံ မြို့နယ်","အမှတ် (၇) ရပ်ကွက်",0525007
မန္တလေးတိုင်းဒေသကြီး,"မြင်းခြံ မြို့နယ်","အမှတ် (၈) ရပ်ကွက်",0525008
မန္တလေးတိုင်းဒေသကြီး,"မြင်းခြံ မြို့နယ်","အမှတ် (၉) ရပ်ကွက်",0525009
မန္တလေးတိုင်းဒေသကြီး,"မြင်းခြံ မြို့နယ်","အမှတ် (၁၀) ရပ်ကွက်",0525010
မန္တလေးတိုင်းဒေသကြီး,"မြင်းခြံ မြို့နယ်","အမှတ် (၁၁) ရပ်ကွက်",0525011
မန္တလေးတိုင်းဒေသကြီး,"မြင်းခြံ မြို့နယ်","အမှတ် (၁၂) ရပ်ကွက်",0525012
မန္တလေးတိုင်းဒေသကြီး,"မြင်းခြံ မြို့နယ်","အမှတ် (၁၃) ရပ်ကွက်",0525013
မန္တလေးတိုင်းဒေသကြီး,"မြင်းခြံ မြို့နယ်","အမှတ် (၁၄) ရပ်ကွက်",0525014
မန္တလေးတိုင်းဒေသကြီး,"မြင်းခြံ မြို့နယ်","အမှတ် (၁၅) ရပ်ကွက်",0525015
မန္တလေးတိုင်းဒေသကြီး,"မြင်းခြံ မြို့နယ်","အမှတ် (၁၆) ရပ်ကွက်",0525016
မန္တလေးတိုင်းဒေသကြီး,"မြင်းခြံ မြို့နယ်","အမှတ် (၁၇) ရပ်ကွက်",0525017
မန္တလေးတိုင်းဒေသကြီး,"မြင်းခြံ မြို့နယ်","အမှတ် (၁၈) ရပ်ကွက်",0525018
မန္တလေးတိုင်းဒေသကြီး,"မြင်းခြံ မြို့နယ်","အမှတ် (၁၉) ရပ်ကွက်",0525019
မန္တလေးတိုင်းဒေသကြီး,"မြင်းခြံ မြို့နယ်","အမှတ် (၂၀) ရပ်ကွက်",0525020
မန္တလေးတိုင်းဒေသကြီး,"နွားထိုးကြီး မြို့နယ်","အမှတ် (၁) ရပ်ကွက်",0526001
မန္တလေးတိုင်းဒေသကြီး,"နွားထိုးကြီး မြို့နယ်","အမှတ် (၂) ရပ်ကွက်",0526002
မန္တလေးတိုင်းဒေသကြီး,"နွားထိုးကြီး မြို့နယ်","အမှတ် (၃) ရပ်ကွက်",0526003
မန္တလေးတိုင်းဒေသကြီး,"နွားထိုးကြီး မြို့နယ်","အမှတ် (၄) ရပ်ကွက်",0526004
မန္တလေးတိုင်းဒေသကြီး,"နွားထိုးကြီး မြို့နယ်","အမှတ် (၅) ရပ်ကွက်",0526005
မန္တလေးတိုင်းဒေသကြီး,"နွားထိုးကြီး မြို့နယ်","အမှတ် (၆) ရပ်ကွက်",0526006
မန္တလေးတိုင်းဒေသကြီး,"နွားထိုးကြီး မြို့နယ်","အမှတ် (၇) ရပ်ကွက်",0526007
မန္တလေးတိုင်းဒေသကြီး,"နွားထိုးကြီး မြို့နယ်","အမှတ် (၈) ရပ်ကွက်",0526008
မန္တလေးတိုင်းဒေသကြီး,"တောင်သာ မြို့နယ်","ဘုရားကြီးအနောက် ရပ်ကွက်",0527001
မန္တလေးတိုင်းဒေသကြီး,"တောင်သာ မြို့နယ်","မြို့မ ရပ်ကွက်",0527002
မန္တလေးတိုင်းဒေသကြီး,"တောင်သာ မြို့နယ်","တန်းမြင့်ကျောင်း ရပ်ကွက်",0527003
မန္တလေးတိုင်းဒေသကြီး,"တောင်သာ မြို့နယ်","ဈေး ရပ်ကွက်",0527004
မန္တလေးတိုင်းဒေသကြီး,"တောင်သာ မြို့နယ်","ဘူတာကုန်း ရပ်ကွက်",0527005
မန္တလေးတိုင်းဒေသကြီး,"တောင်သာ မြို့နယ်","မင်းစု ရပ်ကွက်",0527006
မန္တလေးတိုင်းဒေသကြီး,"ငါန်းဇွန် မြို့နယ်","အမှတ် (၁) ရပ်ကွက်",0528001
မန္တလေးတိုင်းဒေသကြီး,"ငါန်းဇွန် မြို့နယ်","အမှတ် (၂) ရပ်ကွက်",0528002
မန္တလေးတိုင်းဒေသကြီး,"ငါန်းဇွန် မြို့နယ်","အမှတ် (၃) ရပ်ကွက်",0528003
မန္တလေးတိုင်းဒေသကြီး,"ငါန်းဇွန် မြို့နယ်","အမှတ် (၄) ရပ်ကွက်",0528004
မန္တလေးတိုင်းဒေသကြီး,"မြစ်ငယ် မြို့","မြစ်ငယ် ရပ်ကွက်",0560001
မန္တလေးတိုင်းဒေသကြီး,"တကောင်း မြို့","အမှတ် (၁) ရပ်ကွက်",0561001
မန္တလေးတိုင်းဒေသကြီး,"တကောင်း မြို့","အမှတ် (၂) ရပ်ကွက်",0561002
မန္တလေးတိုင်းဒေသကြီး,"တကောင်း မြို့","အမှတ် (၃) ရပ်ကွက်",0561003
မန္တလေးတိုင်းဒေသကြီး,"ကူမဲ မြို့","အမှတ် (၁) ရပ်ကွက်",0562001
မန္တလေးတိုင်းဒေသကြီး,"ကူမဲ မြို့","အမှတ် (၂) ရပ်ကွက်",0562002
မန္တလေးတိုင်းဒေသကြီး,"ကူမဲ မြို့","အမှတ် (၃) ရပ်ကွက်",0562003
မန္တလေးတိုင်းဒေသကြီး,"ကူမဲ မြို့","အမှတ် (၄) ရပ်ကွက်",0562004
မန္တလေးတိုင်းဒေသကြီး,"ကူမဲ မြို့","အမှတ် (၅) ရပ်ကွက်",0562005
မန္တလေးတိုင်းဒေသကြီး,"ပုဂံ မြို့","ကျန်စစ်သား ရပ်ကွက်",0563001
မန္တလေးတိုင်းဒေသကြီး,"ပုဂံ မြို့","အနော်ရထာ ရပ်ကွက်",0563002
မန္တလေးတိုင်းဒေသကြီး,"ပုဂံ မြို့","သီရိပစ္စယာ ရပ်ကွက်",0563003
မန္တလေးတိုင်းဒေသကြီး,"ပုဂံ မြို့","ရွှေတွင်း ရပ်ကွက်",0563004
မန္တလေးတိုင်းဒေသကြီး,"ပုဂံ မြို့","အရှေ့ရွာနောင် ရပ်ကွက်",0563005
မန္တလေးတိုင်းဒေသကြီး,"ပုဂံ မြို့","ဂန့်ဂါ (ဟော်တယ်ဇုံ ၄) ရပ်ကွက်",0563006
မန္တလေးတိုင်းဒေသကြီး,"ငါ့သရောက် မြို့","အမှတ် (၁) ရပ်ကွက်",0564001
မန္တလေးတိုင်းဒေသကြီး,"ငါ့သရောက် မြို့","အမှတ် (၂) ရပ်ကွက်",0564002
မန္တလေးတိုင်းဒေသကြီး,"ငါ့သရောက် မြို့","အမှတ် (၃) ရပ်ကွက်",0564003
မန္တလေးတိုင်းဒေသကြီး,"ငါ့သရောက် မြို့","အမှတ် (၄) ရပ်ကွက်",0564004
မန္တလေးတိုင်းဒေသကြီး,"ဆီမီးခုံ မြို့","အမှတ် (၁) ရပ်ကွက်",0565001
မန္တလေးတိုင်းဒေသကြီး,"ဆီမီးခုံ မြို့","အမှတ် (၂) ရပ်ကွက်",0565002
မန္တလေးတိုင်းဒေသကြီး,"ဆီမီးခုံ မြို့","အမှတ် (၃) ရပ်ကွက်",0565003
မန္တလေးတိုင်းဒေသကြီး,"ဆီမီးခုံ မြို့","အမှတ် (၄) ရပ်ကွက်",0565004
