﻿Region,"Town / Township","Ward / Village Tract","Postal Code"
"Shan State (North)","Lashio Township","Thi Ri Ma Har Quarter",1601001
"Shan State (North)","Lashio Township","Aung Myit Tar Quarter",1601002
"Shan State (North)","Lashio Township","Shwe Bon Thar Quarter",1601003
"Shan State (North)","Lashio Township","Ahr Yon Taw Quarter",1601004
"Shan State (North)","Lashio Township","Aung Min Ga Lar Quarter",1601005
"Shan State (North)","Lashio Township","Shwe Li Quarter",1601006
"Shan State (North)","Lashio Township","Than Lwin Quarter",1601007
"Shan State (North)","Lashio Township","Aung Thi Dar Quarter",1601008
"Shan State (North)","Lashio Township","Myanmar Khar Yoe Quarter",1601009
"Shan State (North)","Lashio Township","Myo Wan Quarter",1601010
"Shan State (North)","Lashio Township","Nam Pa Hkyi Quarter",1601011
"Shan State (North)","Lashio Township","Lashio Gyi Quarter",1601012
"Shan State (North)","Hseni Township","No (1) Quarter",1602001
"Shan State (North)","Hseni Township","No (2) Quarter",1602002
"Shan State (North)","Hseni Township","No (3) Quarter",1602003
"Shan State (North)","Hseni Township","No (4) Quarter",1602004
"Shan State (North)","Mongyai Township","No (1) Quarter",1603001
"Shan State (North)","Mongyai Township","No (2) Quarter",1603002
"Shan State (North)","Mongyai Township","No (3) Quarter",1603003
"Shan State (North)","Tangyan Township","No (1) Quarter",1604001
"Shan State (North)","Tangyan Township","No (2) Quarter",1604002
"Shan State (North)","Tangyan Township","No (3) Quarter",1604003
"Shan State (North)","Tangyan Township","No (4) Quarter",1604004
"Shan State (North)","Tangyan Township","No (5) Quarter",1604005
"Shan State (North)","Tangyan Township","Wein Lawng Quarter",1604006
"Shan State (North)","Tangyan Township","Man Lwe Quarter",1604007
"Shan State (North)","Tangyan Township","Nawng Mo Quarter",1604008
"Shan State (North)","Tangyan Township","Man Hsan Quarter",1604009
"Shan State (North)","Tangyan Township","Ho Nam Quarter",1604010
"Shan State (North)","Pangsang (Panghkam) Township","No (1) Quarter",1605001
"Shan State (North)","Pangsang (Panghkam) Township","No (2) Quarter",1605002
"Shan State (North)","Pangsang (Panghkam) Township","No (3) Quarter",1605003
"Shan State (North)","Muse Township","Christan Quarter",1609001
"Shan State (North)","Muse Township","Zay Quarter",1609002
"Shan State (North)","Muse Township","Taung Quarter",1609003
"Shan State (North)","Muse Township","Ho Mun Quarter",1609004
"Shan State (North)","Muse Township","Myauk Quarter",1609005
"Shan State (North)","Muse Township","Kawng Nawng Quarter",1609006
"Shan State (North)","Muse Township","Sum Taw Quarter",1609007
"Shan State (North)","Muse Township","Taw Ywet Quarter",1609008
"Shan State (North)","Muse Township","Kawng Hmu Ton Quarter",1609009
"Shan State (North)","Namhkan Township","No (1) Quarter",1610001
"Shan State (North)","Namhkan Township","No (2) Quarter",1610002
"Shan State (North)","Namhkan Township","No (3) Quarter",1610003
"Shan State (North)","Namhkan Township","No (4) Quarter",1610004
"Shan State (North)","Namhkan Township","No (5) Quarter",1610005
"Shan State (North)","Namhkan Township","No (6) Quarter",1610006
"Shan State (North)","Namhkan Township","No (7) Quarter",1610007
"Shan State (North)","Namhkan Township","No (8) Quarter",1610008
"Shan State (North)","Namhkan Township","No (9) Quarter",1610009
"Shan State (North)","Namhkan Township","No (10) Quarter",1610010
"Shan State (North)","Namhkan Township","No (11) Quarter",1610011
"Shan State (North)","Namhkan Township","No (12) Quarter",1610012
"Shan State (North)","Namhkan Township","No (13) Quarter",1610013
"Shan State (North)","Namhkan Township","No (14) Quarter",1610014
"Shan State (North)","Kutkai Township","No (1) Quarter",1611001
"Shan State (North)","Kutkai Township","No (2) Quarter",1611002
"Shan State (North)","Kutkai Township","No (3) Quarter",1611003
"Shan State (North)","Kutkai Township","No (4) Quarter",1611004
"Shan State (North)","Kutkai Township","No (5) Quarter",1611005
"Shan State (North)","Kutkai Township","No (6) Quarter",1611006
"Shan State (North)","Kutkai Township","No (7) Quarter",1611007
"Shan State (North)","Kutkai Township","No (8) Quarter",1611008
"Shan State (North)","Kyaukme Township","No (1) Quarter",1612001
"Shan State (North)","Kyaukme Township","No (2) Quarter",1612002
"Shan State (North)","Kyaukme Township","No (3) Quarter",1612003
"Shan State (North)","Kyaukme Township","No (4) Quarter",1612004
"Shan State (North)","Kyaukme Township","No (5) Quarter",1612005
"Shan State (North)","Kyaukme Township","No (6) Quarter",1612006
"Shan State (North)","Kyaukme Township","No (7) Quarter",1612007
"Shan State (North)","Kyaukme Township","No (8) Quarter",1612008
"Shan State (North)","Kyaukme Township","No (9) Quarter",1612009
"Shan State (North)","Nawnghkio Township","Zay Quarter",1613001
"Shan State (North)","Nawnghkio Township","Bu Tar Quarter",1613002
"Shan State (North)","Nawnghkio Township","Taung Quarter",1613003
"Shan State (North)","Nawnghkio Township","Pa Hat Quarter",1613004
"Shan State (North)","Nawnghkio Township","Tha Pyay Yae Quarter",1613005
"Shan State (North)","Nawnghkio Township","Nar Sho Quarter",1613006
"Shan State (North)","Hsipaw Township","Myanmar Quarter",1614001
"Shan State (North)","Hsipaw Township","Myo Lel Quarter",1614002
"Shan State (North)","Hsipaw Township","Ah Nauk Quarter",1614003
"Shan State (North)","Hsipaw Township","Zay Quarter",1614004
"Shan State (North)","Hsipaw Township","Pan Tein (North) Quarter",1614005
"Shan State (North)","Hsipaw Township","Pan Tein (South) Quarter",1614006
"Shan State (North)","Hsipaw Township","Zat Su Quarter",1614007
"Shan State (North)","Hsipaw Township","Shwe Kyaung Quarter",1614008
"Shan State (North)","Hsipaw Township","Oke Kyin Quarter",1614009
"Shan State (North)","Hsipaw Township","Taung Myo Quarter",1614010
"Shan State (North)","Hsipaw Township","Mee Ya Htar Quarter",1614011
"Shan State (North)","Namtu Township","Namtu Quarter",1615001
"Shan State (North)","Namtu Township","Pang Haik Quarter",1615002
"Shan State (North)","Namhsan Township","Nam Waw Quarter",1616001
"Shan State (North)","Namhsan Township","Myo Lel Quarter",1616002
"Shan State (North)","Namhsan Township","Min Ga Lar Quarter",1616003
"Shan State (North)","Namhsan Township","Man Hkaik Quarter",1616004
"Shan State (North)","Namhsan Township","Moe Ge Quarter",1616005
"Shan State (North)","Namhsan Township","Man Mai Quarter",1616006
"Shan State (North)","Mongmit Township","Taung Paing Quarter",1617001
"Shan State (North)","Mongmit Township","Myauk Paing Quarter",1617002
"Shan State (North)","Mongmit Township","Let Khoke Tan Quarter",1617003
"Shan State (North)","Mongmit Township","Haw Kone (Haw Nan) Quarter",1617004
"Shan State (North)","Mabein Township","Myo Ma Quarter",1618001
"Shan State (North)","Mabein Township","Taik Kone Quarter",1618002
"Shan State (North)","Mabein Township","Kone Hkar Quarter",1618003
"Shan State (North)","Mabein Township","Nam Pong Pong Quarter",1618004
"Shan State (North)","Manton Township","Myo Ma Quarter",1619001
"Shan State (North)","Manton Township","No (1) Quarter",1619002
"Shan State (North)","Manton Township","No (2) Quarter",1619003
"Shan State (North)","Kunlong Township","Hko Long (a) Myo Ma Quarter",1620001
"Shan State (North)","Kunlong Township","Nyar Na Theik Pan Quarter",1620002
"Shan State (North)","Kunlong Township","Shan Ywar Ma Quarter",1620003
"Shan State (North)","Kunlong Township","Baw Ga Quarter",1620004
"Shan State (North)","Kunlong Township","Wun Htan Quarter",1620005
"Shan State (North)","Kunlong Township","Kan Thar Yar Quarter",1620006
"Shan State (North)","Hopang Township","Ho Pang Quarter",1621001
"Shan State (North)","Hopang Township","Kawng Hone Quarter",1621002
"Shan State (North)","Hopang Township","Man Khun Quarter",1621003
"Shan State (North)","Hopang Township","Zay Quarter",1621004
"Shan State (North)","Hopang Township","Pang Long Lan Quarter",1621005
"Shan State (North)","Hopang Township","Yone Kone Quarter",1621006
"Shan State (North)","Hopang Township","Mein Pan Quarter",1621007
"Shan State (North)","Hopang Township","Nam Hlan Quarter",1621008
"Shan State (North)","Hopang Township","Man Mai Quarter",1621009
"Shan State (North)","Hopang Township","Mong Pan (Lwe La) Quarter",1621010
"Shan State (North)","Laukkaing Township","No (1) Quarter",1622001
"Shan State (North)","Laukkaing Township","No (2) Quarter",1622002
"Shan State (North)","Laukkaing Township","No (3) Quarter",1622003
"Shan State (North)","Konkyan Township","No (1) Quarter",1623001
"Shan State (North)","Konkyan Township","No (2) Quarter",1623002
"Shan State (North)","Konkyan Township","No (3) Quarter",1623003
"Shan State (North)","Matman Township","No (1) Quarter",1624001
"Shan State (North)","Matman Township","No (2) Quarter",1624002
"Shan State (North)","Man Kan Town","No (1) Quarter",1660001
"Shan State (North)","Man Kan Town","No (2) Quarter",1660002
"Shan State (North)","Man Kan Town","No (3) Quarter",1660003
"Shan State (North)","Monekoe Town","No (1) Quarter",1661001
"Shan State (North)","Monekoe Town","No (2) Quarter",1661002
"Shan State (North)","Monekoe Town","No (3) Quarter",1661003
"Shan State (North)","Monekoe Town","No (4) Quarter",1661004
"Shan State (North)","Monekoe Town","No (5) Quarter",1661005
"Shan State (North)","Monekoe Town","No (6) Quarter",1661006
"Shan State (North)","Monekoe Town","No (7) Quarter",1661007
"Shan State (North)","Manhlyoe (Manhero) Town","No (1) Quarter",1662001
"Shan State (North)","Manhlyoe (Manhero) Town","No (2) Quarter",1662002
"Shan State (North)","Manhlyoe (Manhero) Town","No (3) Quarter",1662003
"Shan State (North)","Pang Hseng (Kyu Koke) Town","No (1) Quarter",1663001
"Shan State (North)","Pang Hseng (Kyu Koke) Town","No (2) Quarter",1663002
"Shan State (North)","Pang Hseng (Kyu Koke) Town","No (3) Quarter",1663003
"Shan State (North)","Pang Hseng (Kyu Koke) Town","No (4) Quarter",1663004
"Shan State (North)","Pang Hseng (Kyu Koke) Town","No (5) Quarter",1663005
"Shan State (North)","Tarmoenye Town","No (1) Quarter",1664001
"Shan State (North)","Tarmoenye Town","No (2) Quarter",1664002
"Shan State (North)","Tarmoenye Town","No (3) Quarter",1664003
"Shan State (North)","Tarmoenye Town","No (4) Quarter",1664004
"Shan State (North)","Tarmoenye Town","No (5) Quarter",1664005
"Shan State (North)","Tarmoenye Town","No (6) Quarter",1664006
"Shan State (North)","Tarmoenye Town","No (7) Quarter",1664007
"Shan State (North)","Tarmoenye Town","No (8) Quarter",1664008
"Shan State (North)","Mongngawt Town","Tar Long Quarter",1665001
"Shan State (North)","Mongngawt Town","Pang Hpat Hpar Quarter",1665002
"Shan State (North)","Mongngawt Town","Man Kawng Quarter",1665003
"Shan State (North)","Mongngawt Town","Man Long Quarter",1665004
"Shan State (North)","Mongngawt Town","Mong Ngawt Zay Quarter",1665005
"Shan State (North)","Monglon Town","Hkan Ti Quarter",1666001
"Shan State (North)","Monglon Town","Zay Quarter",1666002
"Shan State (North)","Monglon Town","Namt Paing Quarter",1666003
"Shan State (North)","Monglon Town","Ah Htet Paing Quarter",1666004
"Shan State (North)","Monglon Town","Ah Lel Paing Quarter",1666005
"Shan State (North)","Monglon Town","Auk Paing Quarter",1666006
"Shan State (North)","Nam Tit Town","No (1) Quarter",1667001
"Shan State (North)","Nam Tit Town","No (2) Quarter",1667002
"Shan State (North)","Nam Tit Town","No (3) Quarter",1667003
"Shan State (North)","Nam Tit Town","No (4) Quarter",1667004
"Shan State (North)","Nam Tit Town","No (5) Quarter",1667005
"Shan State (North)","Pan Lon Town","No (1) Quarter",1668001
"Shan State (North)","Pan Lon Town","No (2) Quarter",1668002
"Shan State (North)","Pan Lon Town","No (3) Quarter",1668003
"Shan State (North)","Pan Lon Town","No (4) Quarter",1668004
"Shan State (North)","Pan Lon Town","No (5) Quarter",1668005
"Shan State (North)","Pan Lon Town","No (6) Quarter",1668006
"Shan State (North)","Pan Lon Town","No (7) Quarter",1668007
"Shan State (North)","Pan Lon Town","No (8) Quarter",1668008
"Shan State (North)","Chinshwehaw Town","No (1) Ward Quarter",1669001
"Shan State (North)","Chinshwehaw Town","No (2) Ward Quarter",1669002
"Shan State (North)","Chinshwehaw Town","No (3) Ward Quarter",1669003
"Shan State (North)","Maw Hteik Town","No (1) Quarter",1670001
"Shan State (North)","Maw Hteik Town","No (2) Quarter",1670002
"Shan State (North)","Maw Hteik Town","No (3) Quarter",1670003
"Shan State (North)","Wein Kawn Town","Wein Kawn Quarter",1671001
