﻿Region,"Town / Township","Quarter / Village Tract","Postal Code"
Ayeyarwady,"Pathein Township","No (1) Quarter",1001001
Ayeyarwady,"Pathein Township","No (2) Quarter",1001002
Ayeyarwady,"Pathein Township","No (3) Quarter",1001003
Ayeyarwady,"Pathein Township","No (4) Quarter",1001004
Ayeyarwady,"Pathein Township","No (5) Quarter",1001005
Ayeyarwady,"Pathein Township","No (6) Quarter",1001006
Ayeyarwady,"Pathein Township","No (7) Quarter",1001007
Ayeyarwady,"Pathein Township","No (8) Quarter",1001008
Ayeyarwady,"Pathein Township","No (9) Quarter",1001009
Ayeyarwady,"Pathein Township","No (10) Quarter",1001010
Ayeyarwady,"Pathein Township","No (11) (Kan To Min Nei Myay) Quarter",1001011
Ayeyarwady,"Pathein Township","No (12)  (Yae  Kyi U ) Quarter",1001012
Ayeyarwady,"Pathein Township","No (13)  (Shwe Wit Hmon ) Quarter",1001013
Ayeyarwady,"Pathein Township","No (14) Quarter",1001014
Ayeyarwady,"Pathein Township","No (15) Quarter",1001015
Ayeyarwady,"Kangyidaunt Township","No (1) Quarter",1002001
Ayeyarwady,"Kangyidaunt Township","No (2) Quarter",1002002
Ayeyarwady,"Kangyidaunt Township","No (3) Quarter",1002003
Ayeyarwady,"Kangyidaunt Township","No (4) Quarter",1002004
Ayeyarwady,"Kangyidaunt Township","No (5) Quarter",1002005
Ayeyarwady,"Kangyidaunt Township","No (6) Quarter",1002006
Ayeyarwady,"Kangyidaunt Township","No (7) Quarter",1002007
Ayeyarwady,"Kyangin Township","Myo Ma Quarter",1003001
Ayeyarwady,"Kyangin Township","Ywar Thit Quarter",1003002
Ayeyarwady,"Kyangin Township","Shwe Taung Su Quarter",1003003
Ayeyarwady,"Myanaung Township","No (1) Quarter",1004001
Ayeyarwady,"Myanaung Township","No (2) Quarter",1004002
Ayeyarwady,"Myanaung Township","No (3) Quarter",1004003
Ayeyarwady,"Myanaung Township","No (4) Quarter",1004004
Ayeyarwady,"Myanaung Township","No (5) Quarter",1004005
Ayeyarwady,"Myanaung Township","No (6) Quarter",1004006
Ayeyarwady,"Ingapu Township","No (1) Quarter",1005001
Ayeyarwady,"Ingapu Township","No (2) Quarter",1005002
Ayeyarwady,"Ingapu Township","No (3) Quarter",1005003
Ayeyarwady,"Hinthada Township","Pyin Ma Chaung Quarter",1006001
Ayeyarwady,"Hinthada Township","Nyaung Pin Quarter",1006002
Ayeyarwady,"Hinthada Township","Tar Ngar Se (North) Quarter",1006003
Ayeyarwady,"Hinthada Township","Tar Ngar Se (South) Quarter",1006004
Ayeyarwady,"Hinthada Township","Let Tha Mar (North) Quarter",1006005
Ayeyarwady,"Hinthada Township","Yone Gyi Quarter",1006006
Ayeyarwady,"Hinthada Township","U Yin (North) Quarter",1006007
Ayeyarwady,"Hinthada Township","U Yin (South) Quarter",1006008
Ayeyarwady,"Hinthada Township","Shwe Ku Quarter",1006009
Ayeyarwady,"Hinthada Township","Za Kar Quarter",1006010
Ayeyarwady,"Hinthada Township","Kin Quarter",1006011
Ayeyarwady,"Hinthada Township","Pa Khan Chaung Quarter",1006012
Ayeyarwady,"Hinthada Township","Tar Ka Lay Quarter",1006013
Ayeyarwady,"Hinthada Township","Pan Be Dan Quarter",1006014
Ayeyarwady,"Hinthada Township","Hpa Yar Gyi Quarter",1006015
Ayeyarwady,"Hinthada Township","Ka Naung Su Quarter",1006016
Ayeyarwady,"Hinthada Township","Pa Da Myar Quarter",1006017
Ayeyarwady,"Hinthada Township","Thone Pin Kwin Quarter",1006018
Ayeyarwady,"Hinthada Township","Lel Ti Kwin Quarter",1006019
Ayeyarwady,"Hinthada Township","Mya Wa Di Quarter",1006020
Ayeyarwady,"Hinthada Township","Aye Mya Thar Yar Quarter",1006021
Ayeyarwady,"Lemyethna Township","No (1) Quarter",1007001
Ayeyarwady,"Lemyethna Township","No (2) Quarter",1007002
Ayeyarwady,"Lemyethna Township","No (3) Quarter",1007003
Ayeyarwady,"Lemyethna Township","No (4) Quarter",1007004
Ayeyarwady,"Lemyethna Township","No (5) Quarter",1007005
Ayeyarwady,"Yegyi Township","Nay Win Quarter",1008001
Ayeyarwady,"Yegyi Township","Sa Yar San Quarter",1008002
Ayeyarwady,"Yegyi Township","Aung San Quarter",1008003
Ayeyarwady,"Yegyi Township","Ba Htu Quarter",1008004
Ayeyarwady,"Yegyi Township","Myo Ma Quarter",1008005
Ayeyarwady,"Kyonpyaw Town Township","Tay Za Quarter",1009001
Ayeyarwady,"Kyonpyaw Town Township","Mya Wa Di Quarter",1009002
Ayeyarwady,"Kyonpyaw Town Township","Pin Lon Quarter",1009003
Ayeyarwady,"Kyonpyaw Town Township","Aung San Quarter",1009004
Ayeyarwady,"Kyaunggon Township","No (1) Quarter",1010001
Ayeyarwady,"Kyaunggon Township","No (2) Quarter",1010002
Ayeyarwady,"Kyaunggon Township","No (3) Quarter",1010003
Ayeyarwady,"Thabaung Township","No (1) Quarter",1011001
Ayeyarwady,"Thabaung Township","No (2) Quarter",1011002
Ayeyarwady,"Thabaung Township","No (3) Quarter",1011003
Ayeyarwady,"Labutta Township","No (1) Quarter",1012001
Ayeyarwady,"Labutta Township","No (2) Quarter",1012002
Ayeyarwady,"Labutta Township","No (3) Quarter",1012003
Ayeyarwady,"Labutta Township","No (4) Quarter",1012004
Ayeyarwady,"Labutta Township","No (5) Quarter",1012005
Ayeyarwady,"Labutta Township","No (6) Quarter",1012006
Ayeyarwady,"Labutta Township","No (7) Quarter",1012007
Ayeyarwady,"Labutta Township","No (8) Quarter",1012008
Ayeyarwady,"Labutta Township","No (9) Quarter",1012009
Ayeyarwady,"Labutta Township","No (10) Quarter",1012010
Ayeyarwady,"Ngapudaw Township","Myauk Paing Quarter",1013001
Ayeyarwady,"Ngapudaw Township","Taung Paing Quarter",1013002
Ayeyarwady,"Ngapudaw Township","Ah Shey Paing Quarter",1013003
Ayeyarwady,"Ngapudaw Township","Ah Nauk Paing Quarter",1013004
Ayeyarwady,"Zalun Township","Kan Nar Quarter",1014001
Ayeyarwady,"Zalun Township","Lan Ma Taw (North) Quarter",1014002
Ayeyarwady,"Zalun Township","Lan Ma Taw (South) Quarter",1014003
Ayeyarwady,"Zalun Township","San Tan Quarter",1014004
Ayeyarwady,"Zalun Township","Nyaung Pin Zay Quarter",1014005
Ayeyarwady,"Danubyu Township","No (1) Quarter",1015001
Ayeyarwady,"Danubyu Township","No (2) Quarter",1015002
Ayeyarwady,"Danubyu Township","No (3) Quarter",1015003
Ayeyarwady,"Danubyu Township","No (4) Quarter",1015004
Ayeyarwady,"Danubyu Township","No (5) Quarter",1015005
Ayeyarwady,"Danubyu Township","No (6) Quarter",1015006
Ayeyarwady,"Danubyu Township","No (7) Quarter",1015007
Ayeyarwady,"Danubyu Township","No (8) Quarter",1015008
Ayeyarwady,"Danubyu Township","No (9) Quarter",1015009
Ayeyarwady,"Danubyu Township","No (10) Quarter",1015010
Ayeyarwady,"Danubyu Township","No (11) Quarter",1015011
Ayeyarwady,"Danubyu Township","No (12) Quarter",1015012
Ayeyarwady,"Danubyu Township","No (13) Quarter",1015013
Ayeyarwady,"Danubyu Township","No (14) Quarter",1015014
Ayeyarwady,"Danubyu Township","No (15) Quarter",1015015
Ayeyarwady,"Danubyu Township","No (16) Quarter",1015016
Ayeyarwady,"Danubyu Township","No (17) Quarter",1015017
Ayeyarwady,"Danubyu Township","No (18) Quarter",1015018
Ayeyarwady,"Nyaungdon Township","No (1) Quarter",1016001
Ayeyarwady,"Nyaungdon Township","No (2) Quarter",1016002
Ayeyarwady,"Nyaungdon Township","No (3) Quarter",1016003
Ayeyarwady,"Nyaungdon Township","No (4) Quarter",1016004
Ayeyarwady,"Nyaungdon Township","No (5) Quarter",1016005
Ayeyarwady,"Nyaungdon Township","No (6) Quarter",1016006
Ayeyarwady,"Nyaungdon Township","No (7) Quarter",1016007
Ayeyarwady,"Nyaungdon Township","No (8) Quarter",1016008
Ayeyarwady,"Nyaungdon Township","No (9) Quarter",1016009
Ayeyarwady,"Nyaungdon Township","No (10) Quarter",1016010
Ayeyarwady,"Pantanaw Township","Ah Shey Paing Quarter",1017001
Ayeyarwady,"Pantanaw Township","Ah Lel Paing Quarter",1017002
Ayeyarwady,"Pantanaw Township","Ah Nauk Paing Quarter",1017003
Ayeyarwady,"Pantanaw Township","Myo Kwet Thit Quarter",1017004
Ayeyarwady,"Maubin Township","Sar Yay Kone Quarter",1018001
Ayeyarwady,"Maubin Township","Baw Lone Kwin Quarter",1018002
Ayeyarwady,"Maubin Township","Zay Quarter",1018003
Ayeyarwady,"Maubin Township","Myo Lel Kyaung Quarter",1018004
Ayeyarwady,"Maubin Township","Say Yon Quarter",1018005
Ayeyarwady,"Maubin Township","Ah Hta Ka (1) Kyaung Quarter",1018006
Ayeyarwady,"Maubin Township","Hlay Seik Myauk Paing Quarter",1018007
Ayeyarwady,"Maubin Township","Hlay Seik Taung Paing Quarter",1018008
Ayeyarwady,"Maubin Township","Aung Myay Thar Zi Quarter",1018009
Ayeyarwady,"Maubin Township","Ma Har Baw Di Quarter",1018010
Ayeyarwady,"Maubin Township","Ah Hta Ka (2) Kyaung Quarter",1018011
Ayeyarwady,"Maubin Township","Paw Taw Mu Quarter",1018012
Ayeyarwady,"Einme Township","Chaung Wa Paing Quarter",1019001
Ayeyarwady,"Einme Township","Ah Htet Paing Quarter",1019002
Ayeyarwady,"Einme Township","Ein Me Gyi Paing Quarter",1019003
Ayeyarwady,"Einme Township","Lel Paw Paing Quarter",1019004
Ayeyarwady,"Einme Township","Sar Chun Khan Paing Quarter",1019005
Ayeyarwady,"Wakema Township","Thaw Ka Quarter",1020001
Ayeyarwady,"Wakema Township","Ta Yoke Tan Quarter",1020002
Ayeyarwady,"Wakema Township","Hlay Kyin Kone (Hlay Kyin ) Quarter",1020003
Ayeyarwady,"Wakema Township","Ywar Lel Quarter",1020004
Ayeyarwady,"Wakema Township","Yae Kyaw Quarter",1020005
Ayeyarwady,"Wakema Township","Pa Da Myar Quarter",1020006
Ayeyarwady,"Wakema Township","Sar Yay Kone Quarter",1020007
Ayeyarwady,"Wakema Township","Ywar Thit Quarter",1020008
Ayeyarwady,"Wakema Township","Htaw Ka Nwut Quarter",1020009
Ayeyarwady,"Wakema Township","Mya Thein Tan Quarter",1020010
Ayeyarwady,"Wakema Township","Say Yon Quarter",1020011
Ayeyarwady,"Wakema Township","Zay Quarter",1020012
Ayeyarwady,"Wakema Township","Min Paing Quarter",1020013
Ayeyarwady,"Wakema Township","Than Kyoe Taing Quarter",1020014
Ayeyarwady,"Myaungmya Township","No (1) Quarter",1021001
Ayeyarwady,"Myaungmya Township","No (2) Quarter",1021002
Ayeyarwady,"Myaungmya Township","No (3) Quarter",1021003
Ayeyarwady,"Myaungmya Township","No (4) Quarter",1021004
Ayeyarwady,"Myaungmya Township","No (5) Quarter",1021005
Ayeyarwady,"Myaungmya Township","No (6) Quarter",1021006
Ayeyarwady,"Myaungmya Township","No (7) Quarter",1021007
Ayeyarwady,"Myaungmya Township","No (8) Quarter",1021008
Ayeyarwady,"Myaungmya Township","No (9) Quarter",1021009
Ayeyarwady,"Myaungmya Township","No (10) Quarter",1021010
Ayeyarwady,"Myaungmya Township","Ma Yan Kone Quarter",1021011
Ayeyarwady,"Myaungmya Township","Kant Kaw Myaing Quarter",1021012
Ayeyarwady,"Myaungmya Township","Mya Kan Thar Quarter",1021013
Ayeyarwady,"Myaungmya Township","Mya Ya Da Nar Quarter",1021014
Ayeyarwady,"Myaungmya Township","Mya Sandar Quarter",1021015
Ayeyarwady,"Myaungmya Township","Mya Hay Mar Quarter",1021016
Ayeyarwady,"Mawlamyinegyun Township","No (1) Quarter",1022001
Ayeyarwady,"Mawlamyinegyun Township","No (2) Quarter",1022002
Ayeyarwady,"Mawlamyinegyun Township","No (3) Quarter",1022003
Ayeyarwady,"Mawlamyinegyun Township","No (4) Quarter",1022004
Ayeyarwady,"Mawlamyinegyun Township","No (5) Quarter",1022005
Ayeyarwady,"Mawlamyinegyun Township","No (6) Quarter",1022006
Ayeyarwady,"Mawlamyinegyun Township","No (7) Quarter",1022007
Ayeyarwady,"Mawlamyinegyun Township","No (8) Quarter",1022008
Ayeyarwady,"Mawlamyinegyun Township","No (9) Quarter",1022009
Ayeyarwady,"Mawlamyinegyun Township","No (10) Quarter",1022010
Ayeyarwady,"Mawlamyinegyun Township","No (11) Quarter",1022011
Ayeyarwady,"Mawlamyinegyun Township","No (12) Quarter",1022012
Ayeyarwady,"Mawlamyinegyun Township","Chan Myayt Thar Yar Quarter",1022013
Ayeyarwady,"Bogale Township","No (1) Quarter",1023001
Ayeyarwady,"Bogale Township","No (2) Quarter",1023002
Ayeyarwady,"Bogale Township","No (3) Quarter",1023003
Ayeyarwady,"Bogale Township","No (4) Quarter",1023004
Ayeyarwady,"Bogale Township","No (5) Quarter",1023005
Ayeyarwady,"Bogale Township","No (6) Quarter",1023006
Ayeyarwady,"Bogale Township","No (7) Quarter",1023007
Ayeyarwady,"Bogale Township","No (8) Quarter",1023008
Ayeyarwady,"Bogale Township","No (9) Quarter",1023009
Ayeyarwady,"Bogale Township","No (10) Quarter",1023010
Ayeyarwady,"Kyaiklat Township","No (1) Quarter",1024001
Ayeyarwady,"Kyaiklat Township","No (2) Quarter",1024002
Ayeyarwady,"Kyaiklat Township","No (3) Quarter",1024003
Ayeyarwady,"Kyaiklat Township","No (4) Quarter",1024004
Ayeyarwady,"Kyaiklat Township","No (5) Quarter",1024005
Ayeyarwady,"Kyaiklat Township","No (6) Quarter",1024006
Ayeyarwady,"Pyapon Township","No (1) (Da Ni Taw ) Quarter",1025001
Ayeyarwady,"Pyapon Township","No (2)  (Zay Paing ) Quarter",1025002
Ayeyarwady,"Pyapon Township","No (3)  (Myo U ) Quarter",1025003
Ayeyarwady,"Pyapon Township","No (4) (Ma Gyi Tan) Quarter",1025004
Ayeyarwady,"Pyapon Township","No (5) (Ywa Lel Hpa Yar ) Quarter",1025005
Ayeyarwady,"Pyapon Township","No (6) (Thin Baw Seik ) Quarter",1025006
Ayeyarwady,"Pyapon Township","No (7) (Shwe Gu Chaung ) Quarter",1025007
Ayeyarwady,"Pyapon Township","No (8)(Ah Pyaung) Quarter",1025008
Ayeyarwady,"Pyapon Township","No (9) (Kwet Thit (North) ) Quarter",1025009
Ayeyarwady,"Pyapon Township","No (10)Kwet Thit (Middle)) Quarter",1025010
Ayeyarwady,"Pyapon Township","No (11)  (Kwet Thit (South) ) Quarter",1025011
Ayeyarwady,"Pyapon Township","No (12)  (Sit Tan ) Quarter",1025012
Ayeyarwady,"Pyapon Township","No (13)  (Thein Hpa Yar ) Quarter",1025013
Ayeyarwady,"Pyapon Township","No (14) (Sit Kwet Thit ) Quarter",1025014
Ayeyarwady,"Pyapon Township","No (15)  (Bo Chyoke Kwet Thit ) Quarter",1025015
Ayeyarwady,"Pyapon Township","No (16)  (Ah Gyi Kwet Thit ) Quarter",1025016
Ayeyarwady,"Pyapon Township","No (17)  (Leik U Kone Kwet Thit ) Quarter",1025017
Ayeyarwady,"Pyapon Township","No (18) (Kan Taw Min Ga Lar ) Quarter",1025018
Ayeyarwady,"Pyapon Township","No (19)  (Tu Myaung) Quarter",1025019
Ayeyarwady,"Dedaye Township","No (1) Quarter",1026001
Ayeyarwady,"Dedaye Township","No (2) Quarter",1026002
Ayeyarwady,"Dedaye Township","No (3) Quarter",1026003
Ayeyarwady,"Shwethaungyan Town","No (1) Quarter",1060001
Ayeyarwady,"Shwethaungyan Town","No (2) Quarter",1060002
Ayeyarwady,"Shwethaungyan Town","No (3) Quarter",1060003
Ayeyarwady,"Ngwesaung Town","No (1) Quarter",1061001
Ayeyarwady,"Ngwesaung Town","No (2) Quarter",1061002
Ayeyarwady,"Ngwesaung Town","No (3) Quarter",1061003
Ayeyarwady,"Ngwesaung Town","No (4) Quarter",1061004
Ayeyarwady,"Chaung Thar Town","No (1) Quarter",1062001
Ayeyarwady,"Chaung Thar Town","No (2) Quarter",1062002
Ayeyarwady,"Chaung Thar Town","No (3) Quarter",1062003
Ayeyarwady,"Batye Town","No (1) Quarter",1063001
Ayeyarwady,"Batye Town","No (2) Quarter",1063002
Ayeyarwady,"Kanaung Town","Myauk Paing Quarter",1064001
Ayeyarwady,"Kanaung Town","Ah Lel Paing Quarter",1064002
Ayeyarwady,"Kanaung Town","Zay Paing Quarter",1064003
Ayeyarwady,"Kanaung Town","Myo Ma Quarter",1064004
Ayeyarwady,"Kanaung Town","Yaik Su Quarter",1064005
Ayeyarwady,"In Pin Town","No (1) Quarter",1065001
Ayeyarwady,"In Pin Town","No (2) Quarter",1065002
Ayeyarwady,"In Pin Town","No (3) Quarter",1065003
Ayeyarwady,"In Pin Town","No (4) Quarter",1065004
Ayeyarwady,"Htoogyi Town","No (1) Quarter",1066001
Ayeyarwady,"Htoogyi Town","No (2) Quarter",1066002
Ayeyarwady,"Htoogyi Town","No (3) Quarter",1066003
Ayeyarwady,"Htoogyi Town","No (4) Quarter",1066004
Ayeyarwady,"Htoogyi Town","No (5) Quarter",1066005
Ayeyarwady,"Me Za Li Kone Town","No (1) Quarter",1067001
Ayeyarwady,"Me Za Li Kone Town","No (2) Quarter",1067002
Ayeyarwady,"Me Za Li Kone Town","No (3) Quarter",1067003
Ayeyarwady,"Me Za Li Kone Town","No (4) Quarter",1067004
Ayeyarwady,"Ta Loke Htaw Town","No (1) Quarter",1068001
Ayeyarwady,"Ta Loke Htaw Town","No (2) Quarter",1068002
Ayeyarwady,"Ta Loke Htaw Town","No (3) Quarter",1068003
Ayeyarwady,"Ta Loke Htaw Town","No (4) Quarter",1068004
Ayeyarwady,"Ta Loke Htaw Town","No (5) Quarter",1068005
Ayeyarwady,"Du Yar Town","No (1) Quarter",1069001
Ayeyarwady,"Du Yar Town","No (2) Quarter",1069002
Ayeyarwady,"Du Yar Town","No (3) Quarter",1069003
Ayeyarwady,"Du Yar Town","No (4) Quarter",1069004
Ayeyarwady,"Du Yar Town","No (5) Quarter",1069005
Ayeyarwady,"Ngathaingchaung Town","Shey Saung Quarter",1070001
Ayeyarwady,"Ngathaingchaung Town","Myo Ma Quarter",1070002
Ayeyarwady,"Ngathaingchaung Town","Nga Wun Quarter",1070003
Ayeyarwady,"Ngathaingchaung Town","Thaung Tan (Aung San) Quarter",1070004
Ayeyarwady,"Ngathaingchaung Town","Myo Thit Quarter",1070005
Ayeyarwady,"Ngathaingchaung Town","Shwe Bo Quarter",1070006
Ayeyarwady,"Ahthoke Town","No (1) Quarter",1071001
Ayeyarwady,"Ahthoke Town","No (2) Quarter",1071002
Ayeyarwady,"Ahthoke Town","No (3) Quarter",1071003
Ayeyarwady,"Ahthoke Town","No (4) Quarter",1071004
Ayeyarwady,"Ahthoke Town","No (5) Quarter",1071005
Ayeyarwady,"Ahtaung Town","No (1) Quarter",1072001
Ayeyarwady,"Ahtaung Town","No (2) Quarter",1072002
Ayeyarwady,"Ahtaung Town","No (3) Quarter",1072003
Ayeyarwady,"Ahtaung Town","No (4) Quarter",1072004
Ayeyarwady,"Pyinsalu Town","No (1) Quarter",1073001
Ayeyarwady,"Pyinsalu Town","No (2) Quarter",1073002
Ayeyarwady,"Pyinsalu Town","No (3) Quarter",1073003
Ayeyarwady,"Labutta (3) Mile Town","No (1) Quarter",1074001
Ayeyarwady,"Labutta (3) Mile Town","No (2) Quarter",1074002
Ayeyarwady,"Labutta (3) Mile Town","No (3) Quarter",1074003
Ayeyarwady,"Labutta (3) Mile Town","No (4) Quarter",1074004
Ayeyarwady,"Ngayokekaung Town","No (1) Quarter",1075001
Ayeyarwady,"Ngayokekaung Town","No (2) Quarter",1075002
Ayeyarwady,"Hainggyikyun Town","No (1) Quarter",1076001
Ayeyarwady,"Hainggyikyun Town","No (2) Quarter",1076002
Ayeyarwady,"Hainggyikyun Town","No (3) Quarter",1076003
Ayeyarwady,"Kyonmangae Town","Mya Sein Quarter",1077001
Ayeyarwady,"Kyonmangae Town","Thi Ri Hay Mar Quarter",1077002
Ayeyarwady,"Kyonmangae Town","Nat Hteik Quarter",1077003
Ayeyarwady,"Kyonmangae Town","Pale Aung Myay Quarter",1077004
Ayeyarwady,"Kyonmangae Town","Nadi Aung Myay Quarter",1077005
Ayeyarwady,"Ahmar Town","No (1) Quarter",1078001
Ayeyarwady,"Ahmar Town","No (2) Quarter",1078002
Ayeyarwady,"Ahmar Town","No (3) Quarter",1078003
Ayeyarwady,"Ahmar Town","No (4) Quarter",1078004
