﻿Region,"Town / Township","Quarter / Village Tract","Postal Code"
ရခိုင်ပြည်နယ်,"စစ်တွေ မြို့နယ်","ကျေးပင်ကြီး ရပ်ကွက်",0701001
ရခိုင်ပြည်နယ်,"စစ်တွေ မြို့နယ်","မောလိပ် ရပ်ကွက်",0701002
ရခိုင်ပြည်နယ်,"စစ်တွေ မြို့နယ်","အိုးတန်း ရပ်ကွက်",0701003
ရခိုင်ပြည်နယ်,"စစ်တွေ မြို့နယ်","မိဇံ ရပ်ကွက်",0701004
ရခိုင်ပြည်နယ်,"စစ်တွေ မြို့နယ်","ရူပတောင် ရပ်ကွက်",0701005
ရခိုင်ပြည်နယ်,"စစ်တွေ မြို့နယ်","ရူပမြောက် ရပ်ကွက်",0701006
ရခိုင်ပြည်နယ်,"စစ်တွေ မြို့နယ်","မြို့သူကြီး ရပ်ကွက်",0701007
ရခိုင်ပြည်နယ်,"စစ်တွေ မြို့နယ်","တရားသီးစု ရပ်ကွက်",0701008
ရခိုင်ပြည်နယ်,"စစ်တွေ မြို့နယ်","လမ္မတော်တောင် ရပ်ကွက်",0701009
ရခိုင်ပြည်နယ်,"စစ်တွေ မြို့နယ်","လမ္မတော်မြောက် ရပ်ကွက်",0701010
ရခိုင်ပြည်နယ်,"စစ်တွေ မြို့နယ်","ရွှေပြား ရပ်ကွက်",0701011
ရခိုင်ပြည်နယ်,"စစ်တွေ မြို့နယ်","ဆင်ကူးလမ်း ရပ်ကွက်",0701012
ရခိုင်ပြည်နယ်,"စစ်တွေ မြို့နယ်","အုန်းတပင် ရပ်ကွက်",0701013
ရခိုင်ပြည်နယ်,"စစ်တွေ မြို့နယ်","လမ်းသစ် ရပ်ကွက်",0701014
ရခိုင်ပြည်နယ်,"စစ်တွေ မြို့နယ်","ရွာကြီးမြောက် ရပ်ကွက်",0701015
ရခိုင်ပြည်နယ်,"စစ်တွေ မြို့နယ်","ရွာကြီးတောင် ရပ်ကွက်",0701016
ရခိုင်ပြည်နယ်,"စစ်တွေ မြို့နယ်","ဘောင်းဒွတ် ရပ်ကွက်",0701017
ရခိုင်ပြည်နယ်,"စစ်တွေ မြို့နယ်","ဘောက်သီးစု ရပ်ကွက်",0701018
ရခိုင်ပြည်နယ်,"စစ်တွေ မြို့နယ်","ကျောင်းတက်လမ်း ရပ်ကွက်",0701019
ရခိုင်ပြည်နယ်,"စစ်တွေ မြို့နယ်","ပြည်တော်သာ ရပ်ကွက်",0701020
ရခိုင်ပြည်နယ်,"စစ်တွေ မြို့နယ်","ဓညဝတီ ရပ်ကွက်",0701021
ရခိုင်ပြည်နယ်,"စစ်တွေ မြို့နယ်","အနောက်စံပြ ရပ်ကွက်",0701022
ရခိုင်ပြည်နယ်,"စစ်တွေ မြို့နယ်","ရဲနွယ်စု ရပ်ကွက်",0701023
ရခိုင်ပြည်နယ်,"စစ်တွေ မြို့နယ်","မကျဉ်းမြိုင် ရပ်ကွက်",0701024
ရခိုင်ပြည်နယ်,"စစ်တွေ မြို့နယ်","ကသဲရွာ ရပ်ကွက်",0701025
ရခိုင်ပြည်နယ်,"စစ်တွေ မြို့နယ်","စက်ရုံစု ရပ်ကွက်",0701026
ရခိုင်ပြည်နယ်,"စစ်တွေ မြို့နယ်","ကုန်တန်း ရပ်ကွက်",0701027
ရခိုင်ပြည်နယ်,"စစ်တွေ မြို့နယ်","ဘောလုံးကွင်း ရပ်ကွက်",0701028
ရခိုင်ပြည်နယ်,"စစ်တွေ မြို့နယ်","ကျောင်းကြီးလမ်း ရပ်ကွက်",0701029
ရခိုင်ပြည်နယ်,"စစ်တွေ မြို့နယ်","အောင်မင်္ဂလာ ရပ်ကွက်",0701030
ရခိုင်ပြည်နယ်,"စစ်တွေ မြို့နယ်","ဆတ်ရိုးကျ ရပ်ကွက်",0701031
ရခိုင်ပြည်နယ်,"စစ်တွေ မြို့နယ်","မင်းဂံ ရပ်ကွက်",0701032
ရခိုင်ပြည်နယ်,"စစ်တွေ မြို့နယ်","အောင်မင်္ဂလာမြောက် ရပ်ကွက်",0701033
ရခိုင်ပြည်နယ်,"မောင်တော မြို့နယ်","မြို့မအနောက် ရပ်ကွက်",0702001
ရခိုင်ပြည်နယ်,"မောင်တော မြို့နယ်","မြို့မတောင် ရပ်ကွက်",0702002
ရခိုင်ပြည်နယ်,"မောင်တော မြို့နယ်","မြို့မမြောက် ရပ်ကွက်",0702003
ရခိုင်ပြည်နယ်,"မောင်တော မြို့နယ်","မြို့မအရှေ့ ရပ်ကွက်",0702004
ရခိုင်ပြည်နယ်,"မောင်တော မြို့နယ်","ရွာသစ်ကေ ရပ်ကွက်",0702005
ရခိုင်ပြည်နယ်,"မောင်တော မြို့နယ်","၄-မိုင် ရပ်ကွက်",0702006
ရခိုင်ပြည်နယ်,"မောင်တော မြို့နယ်","ကညင်တန်း ရပ်ကွက်",0702007
ရခိုင်ပြည်နယ်,"မောင်တော မြို့နယ်","မောင်နီ ရပ်ကွက်",0702008
ရခိုင်ပြည်နယ်,"မောင်တော မြို့နယ်","မြို့သူကြီး ရပ်ကွက်",0702009
ရခိုင်ပြည်နယ်,"မောင်တော မြို့နယ်","ဝေသာလီ ရပ်ကွက်",0702010
ရခိုင်ပြည်နယ်,"မောင်တော မြို့နယ်","မြို့ဦး ရပ်ကွက်",0702011
ရခိုင်ပြည်နယ်,"မောင်တော မြို့နယ်","လက်သာ ရပ်ကွက်",0702012
ရခိုင်ပြည်နယ်,"ဘူးသီးတောင် မြို့နယ်","အနောက် ရပ်ကွက်",0703001
ရခိုင်ပြည်နယ်,"ဘူးသီးတောင် မြို့နယ်","မြို့မ ရပ်ကွက်",0703002
ရခိုင်ပြည်နယ်,"ဘူးသီးတောင် မြို့နယ်","မြို့သစ် ရပ်ကွက်",0703003
ရခိုင်ပြည်နယ်,"ဘူးသီးတောင် မြို့နယ်","သပြေကုန်း ရပ်ကွက်",0703004
ရခိုင်ပြည်နယ်,"ဘူးသီးတောင် မြို့နယ်","တောင် ရပ်ကွက်",0703005
ရခိုင်ပြည်နယ်,"ဘူးသီးတောင် မြို့နယ်","မြို့သစ်တောင် ရပ်ကွက်",0703006
ရခိုင်ပြည်နယ်,"ဘူးသီးတောင် မြို့နယ်","မီးရထားဆိပ် ရပ်ကွက်",0703007
ရခိုင်ပြည်နယ်,"ရသေ့တောင် မြို့နယ်","တောင်ရင်း ရပ်ကွက်",0704001
ရခိုင်ပြည်နယ်,"ရသေ့တောင် မြို့နယ်","ချောင်းဝ ရပ်ကွက်",0704002
ရခိုင်ပြည်နယ်,"ရသေ့တောင် မြို့နယ်","အရှေ့မြောက် ရပ်ကွက်",0704003
ရခိုင်ပြည်နယ်,"ရသေ့တောင် မြို့နယ်","အရှေ့တောင် ရပ်ကွက်",0704004
ရခိုင်ပြည်နယ်,"ပုဏ္ဏားကျွန်း မြို့နယ်","စံပြ ရပ်ကွက်",0705001
ရခိုင်ပြည်နယ်,"ပုဏ္ဏားကျွန်း မြို့နယ်","မြို့သစ် ရပ်ကွက်",0705002
ရခိုင်ပြည်နယ်,"ပုဏ္ဏားကျွန်း မြို့နယ်","အလယ်စု ရပ်ကွက်",0705003
ရခိုင်ပြည်နယ်,"ပုဏ္ဏားကျွန်း မြို့နယ်","ရွာဟောင်း ရပ်ကွက်",0705004
ရခိုင်ပြည်နယ်,"ကျောက်တော် မြို့နယ်","ရှမ်းရွာ ရပ်ကွက်",0706001
ရခိုင်ပြည်နယ်,"ကျောက်တော် မြို့နယ်","မြို့သစ် ရပ်ကွက်",0706002
ရခိုင်ပြည်နယ်,"ကျောက်တော် မြို့နယ်","ကျောက်တော် ရပ်ကွက်",0706003
ရခိုင်ပြည်နယ်,"ကျောက်တော် မြို့နယ်","ပြည်တော်သာ ရပ်ကွက်",0706004
ရခိုင်ပြည်နယ်,"ကျောက်တော် မြို့နယ်","ပိုက်သည် ရပ်ကွက်",0706005
ရခိုင်ပြည်နယ်,"ဂွ မြို့နယ်","ကင်းရုံး ရပ်ကွက်",0707001
ရခိုင်ပြည်နယ်,"ဂွ မြို့နယ်","ရွာမ ရပ်ကွက်",0707002
ရခိုင်ပြည်နယ်,"ဂွ မြို့နယ်","မြို့မ ရပ်ကွက်",0707003
ရခိုင်ပြည်နယ်,"ပေါက်တော မြို့နယ်","အနောက်ပိုင်း ရပ်ကွက်",0708001
ရခိုင်ပြည်နယ်,"ပေါက်တော မြို့နယ်","အလယ်ပိုင်း ရပ်ကွက်",0708002
ရခိုင်ပြည်နယ်,"ပေါက်တော မြို့နယ်","အရှေ့ပိုင်း ရပ်ကွက်",0708003
ရခိုင်ပြည်နယ်,"ပေါက်တော မြို့နယ်","ဘဝမ်းချောင်းဝစု ရပ်ကွက်",0708004
ရခိုင်ပြည်နယ်,"ပေါက်တော မြို့နယ်","ဘဝမ်းချောင်းဖျားစု ရပ်ကွက်",0708005
ရခိုင်ပြည်နယ်,"မင်းပြား မြို့နယ်","အလယ်ပိုင်း ရပ်ကွက်",0709001
ရခိုင်ပြည်နယ်,"မင်းပြား မြို့နယ်","ဈေးဟောင်းပိုင်း ရပ်ကွက်",0709002
ရခိုင်ပြည်နယ်,"မင်းပြား မြို့နယ်","မြို့သစ် ရပ်ကွက်",0709003
ရခိုင်ပြည်နယ်,"မင်းပြား မြို့နယ်","ဥက္ကာပျံ ရပ်ကွက်",0709004
ရခိုင်ပြည်နယ်,"မင်းပြား မြို့နယ်","ဦးစိုးတင့် ရပ်ကွက်",0709005
ရခိုင်ပြည်နယ်,"မင်းပြား မြို့နယ်","ပြည်တော်သာ ရပ်ကွက်",0709006
ရခိုင်ပြည်နယ်,"မင်းပြား မြို့နယ်","ပြည်တော်လှ ရပ်ကွက်",0709007
ရခိုင်ပြည်နယ်,"မင်းပြား မြို့နယ်","မင်းဘာကြီး ရပ်ကွက်",0709008
ရခိုင်ပြည်နယ်,"မြောက်ဦး မြို့နယ်","ညောင်ပင်ဈေး ရပ်ကွက်",0710001
ရခိုင်ပြည်နယ်,"မြောက်ဦး မြို့နယ်","လက်ကောက်ဈေး ရပ်ကွက်",0710002
ရခိုင်ပြည်နယ်,"မြောက်ဦး မြို့နယ်","အလယ်ဈေး ရပ်ကွက်",0710003
ရခိုင်ပြည်နယ်,"မြောက်ဦး မြို့နယ်","တောင်ရပ် ရပ်ကွက်",0710004
ရခိုင်ပြည်နယ်,"မြောက်ဦး မြို့နယ်","အောင်တပ် ရပ်ကွက်",0710005
ရခိုင်ပြည်နယ်,"မြောက်ဦး မြို့နယ်","လော်ကမူ ရပ်ကွက်",0710006
ရခိုင်ပြည်နယ်,"မြောက်ဦး မြို့နယ်","ထမ္မရာဇ် ရပ်ကွက်",0710007
ရခိုင်ပြည်နယ်,"မြေပုံ မြို့နယ်","ကုလားတောင် ရပ်ကွက်",0711001
ရခိုင်ပြည်နယ်,"မြေပုံ မြို့နယ်","ကံသာထွက်ဝ ရပ်ကွက်",0711002
ရခိုင်ပြည်နယ်,"မြေပုံ မြို့နယ်","မြေပုံမြောက်ပိုင်း ရပ်ကွက်",0711003
ရခိုင်ပြည်နယ်,"မြေပုံ မြို့နယ်","မြေပုံတောင်ပိုင်း ရပ်ကွက်",0711004
ရခိုင်ပြည်နယ်,"မြေပုံ မြို့နယ်","မြေပုံအလယ်ပိုင်း ရပ်ကွက်",0711005
ရခိုင်ပြည်နယ်,"မြေပုံ မြို့နယ်","ဈေးပိုင်း ရပ်ကွက်",0711006
ရခိုင်ပြည်နယ်,"မြေပုံ မြို့နယ်","တရုပ်တန်း ရပ်ကွက်",0711007
ရခိုင်ပြည်နယ်,"မြေပုံ မြို့နယ်","သဲတန်း ရပ်ကွက်",0711008
ရခိုင်ပြည်နယ်,"မြေပုံ မြို့နယ်","ရွာသစ်ကေ ရပ်ကွက်",0711009
ရခိုင်ပြည်နယ်,"ကျောက်ဖြူ မြို့နယ်","အရာရှိ ရပ်ကွက်",0712001
ရခိုင်ပြည်နယ်,"ကျောက်ဖြူ မြို့နယ်","အစိုးရ ရပ်ကွက်",0712002
ရခိုင်ပြည်နယ်,"ကျောက်ဖြူ မြို့နယ်","သံပန်ချောင်း ရပ်ကွက်",0712003
ရခိုင်ပြည်နယ်,"ကျောက်ဖြူ မြို့နယ်","အနောက်ပိုင်း ရပ်ကွက်",0712004
ရခိုင်ပြည်နယ်,"ကျောက်ဖြူ မြို့နယ်","အလယ်ပိုင်း ရပ်ကွက်",0712005
ရခိုင်ပြည်နယ်,"ကျောက်ဖြူ မြို့နယ်","အရှေ့ပိုင်း ရပ်ကွက်",0712006
ရခိုင်ပြည်နယ်,"ကျောက်ဖြူ မြို့နယ်","မြစ်နားတန်း ရပ်ကွက်",0712007
ရခိုင်ပြည်နယ်,"ကျောက်ဖြူ မြို့နယ်","ရခိုင်ပိုက်ဆိပ် ရပ်ကွက်",0712008
ရခိုင်ပြည်နယ်,"ကျောက်ဖြူ မြို့နယ်","ကုလားပိုက်ဆိပ် ရပ်ကွက်",0712009
ရခိုင်ပြည်နယ်,"ကျောက်ဖြူ မြို့နယ်","စေတီတောင် ရပ်ကွက်",0712010
ရခိုင်ပြည်နယ်,"ကျောက်ဖြူ မြို့နယ်","ပြင်ဖြူမော် ရပ်ကွက်",0712011
ရခိုင်ပြည်နယ်,"ကျောက်ဖြူ မြို့နယ်","တောင်ရင်း ရပ်ကွက်",0712012
ရခိုင်ပြည်နယ်,"ကျောက်ဖြူ မြို့နယ်","စေတီ ရပ်ကွက်",0712013
ရခိုင်ပြည်နယ်,"ကျောက်ဖြူ မြို့နယ်","ငလပွေ့ ရပ်ကွက်",0712014
ရခိုင်ပြည်နယ်,"ကျောက်ဖြူ မြို့နယ်","ကုလားဘာတောင် ရပ်ကွက်",0712015
ရခိုင်ပြည်နယ်,"ကျောက်ဖြူ မြို့နယ်","ကညင်တော ရပ်ကွက်",0712016
ရခိုင်ပြည်နယ်,"ကျောက်ဖြူ မြို့နယ်","တိုးချဲ့ ရပ်ကွက်",0712017
ရခိုင်ပြည်နယ်,"ရမ်းဗြဲ မြို့နယ်","အမှတ် (၁) ရပ်ကွက်",0713001
ရခိုင်ပြည်နယ်,"ရမ်းဗြဲ မြို့နယ်","အမှတ် (၂) ရပ်ကွက်",0713002
ရခိုင်ပြည်နယ်,"ရမ်းဗြဲ မြို့နယ်","အမှတ် (၃) ရပ်ကွက်",0713003
ရခိုင်ပြည်နယ်,"ရမ်းဗြဲ မြို့နယ်","အမှတ် (၄) ရပ်ကွက်",0713004
ရခိုင်ပြည်နယ်,"ရမ်းဗြဲ မြို့နယ်","အမှတ် (၅) ရပ်ကွက်",0713005
ရခိုင်ပြည်နယ်,"ရမ်းဗြဲ မြို့နယ်","အမှတ် (၆) ရပ်ကွက်",0713006
ရခိုင်ပြည်နယ်,"မာန်အောင် မြို့နယ်","အနောက်စု ရပ်ကွက်",0714001
ရခိုင်ပြည်နယ်,"မာန်အောင် မြို့နယ်","မြို့မ ရပ်ကွက်",0714002
ရခိုင်ပြည်နယ်,"မာန်အောင် မြို့နယ်","ရန်အောင်မြင် ရပ်ကွက်",0714003
ရခိုင်ပြည်နယ်,"မာန်အောင် မြို့နယ်","မြို့သစ် ရပ်ကွက်",0714004
ရခိုင်ပြည်နယ်,"မာန်အောင် မြို့နယ်","ကမ်းနားတန်း ရပ်ကွက်",0714005
ရခိုင်ပြည်နယ်,"အမ်း မြို့နယ်","မြောက်ပိုင်း ရပ်ကွက်",0715001
ရခိုင်ပြည်နယ်,"အမ်း မြို့နယ်","အနောက်ပိုင်း ရပ်ကွက်",0715002
ရခိုင်ပြည်နယ်,"အမ်း မြို့နယ်","အရှေ့ပိုင်း ရပ်ကွက်",0715003
ရခိုင်ပြည်နယ်,"အမ်း မြို့နယ်","အစိုးရအမှုထမ်း ရပ်ကွက်",0715004
ရခိုင်ပြည်နယ်,"အမ်း မြို့နယ်","အမှတ် (၅) ရပ်ကွက်",0715005
ရခိုင်ပြည်နယ်,"အမ်း မြို့နယ်","​မြောက်ဘက် ရပ်ကွက်",0715006
ရခိုင်ပြည်နယ်,"အမ်း မြို့နယ်","လေယာဉ်ကွင်း ရပ်ကွက်",0715007
ရခိုင်ပြည်နယ်,"အမ်း မြို့နယ်","ဈေး ရပ်ကွက်",0715008
ရခိုင်ပြည်နယ်,"အမ်း မြို့နယ်","ဈေးတောင် ရပ်ကွက်",0715009
ရခိုင်ပြည်နယ်,"တောင်ကုတ် မြို့နယ်","သိမ်တောင် ရပ်ကွက်",0716001
ရခိုင်ပြည်နယ်,"တောင်ကုတ် မြို့နယ်","ကံပိုင် ရပ်ကွက်",0716002
ရခိုင်ပြည်နယ်,"တောင်ကုတ် မြို့နယ်","ဂူတာ ရပ်ကွက်",0716003
ရခိုင်ပြည်နယ်,"တောင်ကုတ် မြို့နယ်","ချောင်းကောက် ရပ်ကွက်",0716004
ရခိုင်ပြည်နယ်,"သံတွဲ မြို့နယ်","အမှတ် (၁) ရပ်ကွက်",0717001
ရခိုင်ပြည်နယ်,"သံတွဲ မြို့နယ်","အမှတ် (၂) ရပ်ကွက်",0717002
ရခိုင်ပြည်နယ်,"သံတွဲ မြို့နယ်","အမှတ် (၃) ရပ်ကွက်",0717003
ရခိုင်ပြည်နယ်,"သံတွဲ မြို့နယ်","အမှတ် (၄) ရပ်ကွက်",0717004
ရခိုင်ပြည်နယ်,"သံတွဲ မြို့နယ်","အမှတ် (၅) ရပ်ကွက်",0717005
ရခိုင်ပြည်နယ်,"သံတွဲ မြို့နယ်","အမှတ် (၆) ရပ်ကွက်",0717006
ရခိုင်ပြည်နယ်,"သံတွဲ မြို့နယ်","အမှတ် (၇) ရပ်ကွက်",0717007
ရခိုင်ပြည်နယ်,"သံတွဲ မြို့နယ်","အမှတ် (၈)  (ဒွါရာဝတီမြို့သစ်) ရပ်ကွက်",0717008
ရခိုင်ပြည်နယ်,"တောင်ပြိုလက်ဝဲ မြို့","အမှတ် (၁) ရပ်ကွက်",0760001
ရခိုင်ပြည်နယ်,"တောင်ပြိုလက်ဝဲ မြို့","အမှတ် (၂) ရပ်ကွက်",0760002
ရခိုင်ပြည်နယ်,"တောင်ပြိုလက်ဝဲ မြို့","အမှတ် (၃) ရပ်ကွက်",0760003
ရခိုင်ပြည်နယ်,"တောင်ပြိုလက်ဝဲ မြို့","အမှတ် (၄) ရပ်ကွက်",0760004
ရခိုင်ပြည်နယ်,"တောင်ပြိုလက်ဝဲ မြို့","အမှတ် (၅) ရပ်ကွက်",0760005
ရခိုင်ပြည်နယ်,"ခမောင်းဆိပ် မြို့","အရှေ့ပိုင်း ရပ်ကွက်",0761001
ရခိုင်ပြည်နယ်,"ခမောင်းဆိပ် မြို့","အစံကျော် ရပ်ကွက်",0761002
ရခိုင်ပြည်နယ်,"ခမောင်းဆိပ် မြို့","ရဲဘောက်ကျာ ရပ်ကွက်",0761003
ရခိုင်ပြည်နယ်,"ခမောင်းဆိပ် မြို့","တိုင်းဘင်္ဂါ ရပ်ကွက်",0761004
ရခိုင်ပြည်နယ်,"ခမောင်းဆိပ် မြို့","မင်းခမောင်း ရပ်ကွက်",0761005
ရခိုင်ပြည်နယ်,"မြင်းလွှတ် မြို့","အနောက်ပိုင်း ရပ်ကွက်",0762001
ရခိုင်ပြည်နယ်,"မြင်းလွှတ် မြို့","အလယ်ပိုင်း ရပ်ကွက်",0762002
ရခိုင်ပြည်နယ်,"မြင်းလွှတ် မြို့","အရှေ့ပိုင်း ရပ်ကွက်",0762003
ရခိုင်ပြည်နယ်,"မြင်းလွှတ် မြို့","ရွာသစ် ရပ်ကွက်",0762004
ရခိုင်ပြည်နယ်,"မြင်းလွှတ် မြို့","ရှီးဒါး ရပ်ကွက်",0762005
ရခိုင်ပြည်နယ်,"မြင်းလွှတ် မြို့","ဖွေရာ ရပ်ကွက်",0762006
ရခိုင်ပြည်နယ်,"မြင်းလွှတ် မြို့","မြောချောင်း ရပ်ကွက်",0762007
ရခိုင်ပြည်နယ်,"မြင်းလွှတ် မြို့","ဂြင်းတော ရပ်ကွက်",0762008
ရခိုင်ပြည်နယ်,"ကမ်းထောင့်ကြီး မြို့","အလယ်ပိုင်း ရပ်ကွက်",0763001
ရခိုင်ပြည်နယ်,"ကမ်းထောင့်ကြီး မြို့","တောင်ပိုင်း ရပ်ကွက်",0763002
ရခိုင်ပြည်နယ်,"ကမ်းထောင့်ကြီး မြို့","မြောက်ပိုင်း ရပ်ကွက်",0763003
ရခိုင်ပြည်နယ်,"ကမ်းထောင့်ကြီး မြို့","ရွာသာယာ ရပ်ကွက်",0763004
ရခိုင်ပြည်နယ်,"ကမ်းထောင့်ကြီး မြို့","ရွာသစ် ရပ်ကွက်",0763005
ရခိုင်ပြည်နယ်,"စနဲ မြို့","ကံပြင် ရပ်ကွက်",0764001
ရခိုင်ပြည်နယ်,"စနဲ မြို့","အလယ်ပိုင်း ရပ်ကွက်",0764002
ရခိုင်ပြည်နယ်,"စနဲ မြို့","တောင်ငူစု ရပ်ကွက်",0764003
ရခိုင်ပြည်နယ်,"စနဲ မြို့","ရွှေဟင်္သာ ရပ်ကွက်",0764004
ရခိုင်ပြည်နယ်,"စနဲ မြို့","ထိန်ဒွေ ရပ်ကွက်",0764005
ရခိုင်ပြည်နယ်,"လေးတောင် မြို့","အမှတ် (၁) ရပ်ကွက်",0765001
ရခိုင်ပြည်နယ်,"လေးတောင် မြို့","အမှတ် (၂) ရပ်ကွက်",0765002
ရခိုင်ပြည်နယ်,"လေးတောင် မြို့","အမှတ် (၃) ရပ်ကွက်",0765003
ရခိုင်ပြည်နယ်,"လေးတောင် မြို့","အမှတ် (၄) ရပ်ကွက်",0765004
ရခိုင်ပြည်နယ်,"လေးတောင် မြို့","အမှတ် (၅) ရပ်ကွက်",0765005
ရခိုင်ပြည်နယ်,"တပ်တောင် မြို့","အမှတ် (၁) ရပ်ကွက်",0766001
ရခိုင်ပြည်နယ်,"တပ်တောင် မြို့","အမှတ် (၂) ရပ်ကွက်",0766002
ရခိုင်ပြည်နယ်,"တပ်တောင် မြို့","အမှတ် (၃) ရပ်ကွက်",0766003
ရခိုင်ပြည်နယ်,"မအီ မြို့","အမှတ် (၁) ရပ်ကွက်",0767001
ရခိုင်ပြည်နယ်,"မအီ မြို့","အမှတ် (၂) ရပ်ကွက်",0767002
ရခိုင်ပြည်နယ်,"မအီ မြို့","အမှတ် (၃) ရပ်ကွက်",0767003
ရခိုင်ပြည်နယ်,"မအီ မြို့","အမှတ် (၄) ရပ်ကွက်",0767004
ရခိုင်ပြည်နယ်,"တန်းလွဲရွာမ မြို့","အမှတ် (၁) (အထက်ပိုင်း) ရပ်ကွက်",0768001
ရခိုင်ပြည်နယ်,"တန်းလွဲရွာမ မြို့","အမှတ် (၂) (အလယ်ပိုင်း) ရပ်ကွက်",0768002
ရခိုင်ပြည်နယ်,"တန်းလွဲရွာမ မြို့","အမှတ် (၃) (အောက်ပိုင်း) ရပ်ကွက်",0768003
ရခိုင်ပြည်နယ်,"တန်းလွဲရွာမ မြို့","အမှတ် (၄) (ရွာသစ်) ရပ်ကွက်",0768004
ရခိုင်ပြည်နယ်,"တန်းလွဲရွာမ မြို့","အမှတ် (၅) (ကူးတို့ဆိပ်) ရပ်ကွက်",0768005
ရခိုင်ပြည်နယ်,"တန်းလွဲရွာမ မြို့","အမှတ် (၆) (မော်လှမော်) ရပ်ကွက်",0768006
ရခိုင်ပြည်နယ်,"ငပလီ မြို့","ဂေါ့ ရပ်ကွက်",0769001
ရခိုင်ပြည်နယ်,"ငပလီ မြို့","ဇီးဖြူကုန်း ရပ်ကွက်",0769002
ရခိုင်ပြည်နယ်,"ငပလီ မြို့","လင်းသာ ရပ်ကွက်",0769003
ရခိုင်ပြည်နယ်,"ငပလီ မြို့","မြပြင် ရပ်ကွက်",0769004
ရခိုင်ပြည်နယ်,"ငပလီ မြို့","ဂျိတ္တော ရပ်ကွက်",0769005
ရခိုင်ပြည်နယ်,"ကျိန္တလီ မြို့","အမှတ် (၁) ရပ်ကွက်",0770001
ရခိုင်ပြည်နယ်,"ကျိန္တလီ မြို့","အမှတ် (၂) ရပ်ကွက်",0770002
ရခိုင်ပြည်နယ်,"ကျိန္တလီ မြို့","အမှတ် (၃) ရပ်ကွက်",0770003
