﻿Region,"Town / Township","Ward / Village Tract","Postal Code"
"ပဲခူးတိုင်းဒေသကြီး (အနောက်)","ပြည် မြို့နယ်","နဝင်း ရပ်ကွက်",1801001
"ပဲခူးတိုင်းဒေသကြီး (အနောက်)","ပြည် မြို့နယ်","ရွှေကူ ရပ်ကွက်",1801002
"ပဲခူးတိုင်းဒေသကြီး (အနောက်)","ပြည် မြို့နယ်","အိုးတန်း ရပ်ကွက်",1801003
"ပဲခူးတိုင်းဒေသကြီး (အနောက်)","ပြည် မြို့နယ်","ဆံတော် ရပ်ကွက်",1801004
"ပဲခူးတိုင်းဒေသကြီး (အနောက်)","ပြည် မြို့နယ်","ဆင်စု ရပ်ကွက်",1801005
"ပဲခူးတိုင်းဒေသကြီး (အနောက်)","ပြည် မြို့နယ်","ရွာဘဲ ရပ်ကွက်",1801006
"ပဲခူးတိုင်းဒေသကြီး (အနောက်)","ပြည် မြို့နယ်","ခေတ္တရာမြို့သစ် ရပ်ကွက်",1801007
"ပဲခူးတိုင်းဒေသကြီး (အနောက်)","ပြည် မြို့နယ်","ပြည်သာယာ ရပ်ကွက်",1801008
"ပဲခူးတိုင်းဒေသကြီး (အနောက်)","ပြည် မြို့နယ်","နဝဒေး ရပ်ကွက်",1801009
"ပဲခူးတိုင်းဒေသကြီး (အနောက်)","ပြည် မြို့နယ်","ရွှေတံခါး ရပ်ကွက်",1801010
"ပဲခူးတိုင်းဒေသကြီး (အနောက်)","ပေါက်ခေါင်း မြို့နယ်","အမှတ် (၁) ရပ်ကွက်",1802001
"ပဲခူးတိုင်းဒေသကြီး (အနောက်)","ပေါက်ခေါင်း မြို့နယ်","အမှတ် (၂) ရပ်ကွက်",1802002
"ပဲခူးတိုင်းဒေသကြီး (အနောက်)","ပေါက်ခေါင်း မြို့နယ်","အမှတ် (၃) ရပ်ကွက်",1802003
"ပဲခူးတိုင်းဒေသကြီး (အနောက်)","ပေါက်ခေါင်း မြို့နယ်","အမှတ် (၄) ရပ်ကွက်",1802004
"ပဲခူးတိုင်းဒေသကြီး (အနောက်)","ပေါက်ခေါင်း မြို့နယ်","အမှတ် (၅) ရပ်ကွက်",1802005
"ပဲခူးတိုင်းဒေသကြီး (အနောက်)","ပန်းတောင်း မြို့နယ်","ကြခပ် ရပ်ကွက်",1803001
"ပဲခူးတိုင်းဒေသကြီး (အနောက်)","ပန်းတောင်း မြို့နယ်","မင်းရပ် ရပ်ကွက်",1803002
"ပဲခူးတိုင်းဒေသကြီး (အနောက်)","ပန်းတောင်း မြို့နယ်","ဝန်လို ရပ်ကွက်",1803003
"ပဲခူးတိုင်းဒေသကြီး (အနောက်)","ပန်းတောင်း မြို့နယ်","စီသာ ရပ်ကွက်",1803004
"ပဲခူးတိုင်းဒေသကြီး (အနောက်)","ပန်းတောင်း မြို့နယ်","ဖောင်းကံ ရပ်ကွက်",1803005
"ပဲခူးတိုင်းဒေသကြီး (အနောက်)","ပေါင်းတည် မြို့နယ်","ဘွဲ့ပင်ကန် ရပ်ကွက်",1804001
"ပဲခူးတိုင်းဒေသကြီး (အနောက်)","ပေါင်းတည် မြို့နယ်","ပျဉ်းပင်ကန် ရပ်ကွက်",1804002
"ပဲခူးတိုင်းဒေသကြီး (အနောက်)","ပေါင်းတည် မြို့နယ်","အုတ်ဖို (၁) အရှေ့ ရပ်ကွက်",1804003
"ပဲခူးတိုင်းဒေသကြီး (အနောက်)","ပေါင်းတည် မြို့နယ်","အုတ်ဖို (၂) အနောက် ရပ်ကွက်",1804004
"ပဲခူးတိုင်းဒေသကြီး (အနောက်)","ပေါင်းတည် မြို့နယ်","ဈေး (၁) ရပ်ကွက်",1804005
"ပဲခူးတိုင်းဒေသကြီး (အနောက်)","ပေါင်းတည် မြို့နယ်","ဈေး (၂) ရပ်ကွက်",1804006
"ပဲခူးတိုင်းဒေသကြီး (အနောက်)","ပေါင်းတည် မြို့နယ်","မင်းကွက် (၁) ရပ်ကွက်",1804007
"ပဲခူးတိုင်းဒေသကြီး (အနောက်)","ပေါင်းတည် မြို့နယ်","မင်းကွက် (၂) ရပ်ကွက်",1804008
"ပဲခူးတိုင်းဒေသကြီး (အနောက်)","ပေါင်းတည် မြို့နယ်","မင်းကွက် (၃) ရပ်ကွက်",1804009
"ပဲခူးတိုင်းဒေသကြီး (အနောက်)","ပေါင်းတည် မြို့နယ်","နွယ်ချို (၁) ရပ်ကွက်",1804010
"ပဲခူးတိုင်းဒေသကြီး (အနောက်)","ပေါင်းတည် မြို့နယ်","နွယ်ချို (၂) ရပ်ကွက်",1804011
"ပဲခူးတိုင်းဒေသကြီး (အနောက်)","ပေါင်းတည် မြို့နယ်","ဟင်္သာကန် ရပ်ကွက်",1804012
"ပဲခူးတိုင်းဒေသကြီး (အနောက်)","သဲကုန်း မြို့နယ်","မြို့မ ရပ်ကွက်",1805001
"ပဲခူးတိုင်းဒေသကြီး (အနောက်)","သဲကုန်း မြို့နယ်","ကန်တော်မင်္ဂလာ ရပ်ကွက်",1805002
"ပဲခူးတိုင်းဒေသကြီး (အနောက်)","သဲကုန်း မြို့နယ်","ထန်းရင်း ရပ်ကွက်",1805003
"ပဲခူးတိုင်းဒေသကြီး (အနောက်)","သဲကုန်း မြို့နယ်","ပေါက်တော ရပ်ကွက်",1805004
"ပဲခူးတိုင်းဒေသကြီး (အနောက်)","ရွှေတောင် မြို့နယ်","သရက်တော ရပ်ကွက်",1806001
"ပဲခူးတိုင်းဒေသကြီး (အနောက်)","ရွှေတောင် မြို့နယ်","ကြာနီကန် ရပ်ကွက်",1806002
"ပဲခူးတိုင်းဒေသကြီး (အနောက်)","ရွှေတောင် မြို့နယ်","ယွန်းတန်း ရပ်ကွက်",1806003
"ပဲခူးတိုင်းဒေသကြီး (အနောက်)","သာယာဝတီ မြို့နယ်","ဈေးပိုင်း ရပ်ကွက်",1807001
"ပဲခူးတိုင်းဒေသကြီး (အနောက်)","သာယာဝတီ မြို့နယ်","ကွက်သစ် ရပ်ကွက်",1807002
"ပဲခူးတိုင်းဒေသကြီး (အနောက်)","သာယာဝတီ မြို့နယ်","အလယ်ပိုင်း ရပ်ကွက်",1807003
"ပဲခူးတိုင်းဒေသကြီး (အနောက်)","သာယာဝတီ မြို့နယ်","ကျောင်းစု ရပ်ကွက်",1807004
"ပဲခူးတိုင်းဒေသကြီး (အနောက်)","သာယာဝတီ မြို့နယ်","ကရင်စု ရပ်ကွက်",1807005
"ပဲခူးတိုင်းဒေသကြီး (အနောက်)","သာယာဝတီ မြို့နယ်","ရေဝေ ရပ်ကွက်",1807006
"ပဲခူးတိုင်းဒေသကြီး (အနောက်)","သာယာဝတီ မြို့နယ်","ရွာကြီးကုန်း ရပ်ကွက်",1807007
"ပဲခူးတိုင်းဒေသကြီး (အနောက်)","သာယာဝတီ မြို့နယ်","ပြည်တော်သာ ရပ်ကွက်",1807008
"ပဲခူးတိုင်းဒေသကြီး (အနောက်)","လက်ပံတန်း မြို့နယ်","မြို့မ ရပ်ကွက်",1808001
"ပဲခူးတိုင်းဒေသကြီး (အနောက်)","လက်ပံတန်း မြို့နယ်","မင်းရပ် ရပ်ကွက်",1808002
"ပဲခူးတိုင်းဒေသကြီး (အနောက်)","လက်ပံတန်း မြို့နယ်","မအူကုန်း ရပ်ကွက်",1808003
"ပဲခူးတိုင်းဒေသကြီး (အနောက်)","လက်ပံတန်း မြို့နယ်","ဘီးလင်းတန်း ရပ်ကွက်",1808004
"ပဲခူးတိုင်းဒေသကြီး (အနောက်)","မင်းလှ မြို့နယ်","ဇီးကုန်းလေး ရပ်ကွက်",1809001
"ပဲခူးတိုင်းဒေသကြီး (အနောက်)","မင်းလှ မြို့နယ်","ကန်ကြီးတန်း ရပ်ကွက်",1809002
"ပဲခူးတိုင်းဒေသကြီး (အနောက်)","မင်းလှ မြို့နယ်","လမ်းမတော် ရပ်ကွက်",1809003
"ပဲခူးတိုင်းဒေသကြီး (အနောက်)","မင်းလှ မြို့နယ်","ရုံးလမ်း ရပ်ကွက်",1809004
"ပဲခူးတိုင်းဒေသကြီး (အနောက်)","မင်းလှ မြို့နယ်","မင်းတန်း ရပ်ကွက်",1809005
"ပဲခူးတိုင်းဒေသကြီး (အနောက်)","မင်းလှ မြို့နယ်","ဈေးချိုတန်း ရပ်ကွက်",1809006
"ပဲခူးတိုင်းဒေသကြီး (အနောက်)","မင်းလှ မြို့နယ်","ပြည်တော်သာ ရပ်ကွက်",1809007
"ပဲခူးတိုင်းဒေသကြီး (အနောက်)","မင်းလှ မြို့နယ်","ပန်းဘဲချောင် ရပ်ကွက်",1809008
"ပဲခူးတိုင်းဒေသကြီး (အနောက်)","အုတ်ဖို မြို့နယ်","မြို့မ ရပ်ကွက်",1810001
"ပဲခူးတိုင်းဒေသကြီး (အနောက်)","အုတ်ဖို မြို့နယ်","အောင်မင်္ဂလာ ရပ်ကွက်",1810002
"ပဲခူးတိုင်းဒေသကြီး (အနောက်)","အုတ်ဖို မြို့နယ်","ကျောင်းကြီးတန်း ရပ်ကွက်",1810003
"ပဲခူးတိုင်းဒေသကြီး (အနောက်)","အုတ်ဖို မြို့နယ်","မိုးညိုတန်း ရပ်ကွက်",1810004
"ပဲခူးတိုင်းဒေသကြီး (အနောက်)","အုတ်ဖို မြို့နယ်","ကွေးချောင်း ရပ်ကွက်",1810005
"ပဲခူးတိုင်းဒေသကြီး (အနောက်)","အုတ်ဖို မြို့နယ်","ရွာမ ရပ်ကွက်",1810006
"ပဲခူးတိုင်းဒေသကြီး (အနောက်)","ဇီးကုန်း မြို့နယ်","အမှတ် (၁) ရပ်ကွက်",1811001
"ပဲခူးတိုင်းဒေသကြီး (အနောက်)","ဇီးကုန်း မြို့နယ်","အမှတ် (၂) ရပ်ကွက်",1811002
"ပဲခူးတိုင်းဒေသကြီး (အနောက်)","ဇီးကုန်း မြို့နယ်","အမှတ် (၃) ရပ်ကွက်",1811003
"ပဲခူးတိုင်းဒေသကြီး (အနောက်)","ဇီးကုန်း မြို့နယ်","အမှတ် (၄) ရပ်ကွက်",1811004
"ပဲခူးတိုင်းဒေသကြီး (အနောက်)","ဇီးကုန်း မြို့နယ်","အမှတ် (၅) ရပ်ကွက်",1811005
"ပဲခူးတိုင်းဒေသကြီး (အနောက်)","နတ်တလင်း မြို့နယ်","မြို့မ ရပ်ကွက်",1812001
"ပဲခူးတိုင်းဒေသကြီး (အနောက်)","နတ်တလင်း မြို့နယ်","သာဇီ ရပ်ကွက်",1812002
"ပဲခူးတိုင်းဒေသကြီး (အနောက်)","နတ်တလင်း မြို့နယ်","ရွာမ ရပ်ကွက်",1812003
"ပဲခူးတိုင်းဒေသကြီး (အနောက်)","နတ်တလင်း မြို့နယ်","ဇီးကုန်းကလေး ရပ်ကွက်",1812004
"ပဲခူးတိုင်းဒေသကြီး (အနောက်)","မိုးညို မြို့နယ်","ရွှေဥဒေါင်း ရပ်ကွက်",1813001
"ပဲခူးတိုင်းဒေသကြီး (အနောက်)","မိုးညို မြို့နယ်","ဇောတိက ရပ်ကွက်",1813002
"ပဲခူးတိုင်းဒေသကြီး (အနောက်)","မိုးညို မြို့နယ်","သခင်လှရှိန် ရပ်ကွက်",1813003
"ပဲခူးတိုင်းဒေသကြီး (အနောက်)","မိုးညို မြို့နယ်","မြို့မ ရပ်ကွက်",1813004
"ပဲခူးတိုင်းဒေသကြီး (အနောက်)","မိုးညို မြို့နယ်","ရွှေပြည်သာ ရပ်ကွက်",1813005
"ပဲခူးတိုင်းဒေသကြီး (အနောက်)","ကြို့ပင်ကောက် မြို့နယ်","ဈေးချိုတောင် ရပ်ကွက်",1814001
"ပဲခူးတိုင်းဒေသကြီး (အနောက်)","ကြို့ပင်ကောက် မြို့နယ်","ဈေးချိုမြောက် ရပ်ကွက်",1814002
"ပဲခူးတိုင်းဒေသကြီး (အနောက်)","ကြို့ပင်ကောက် မြို့နယ်","တောင်ရွာမ ရပ်ကွက်",1814003
"ပဲခူးတိုင်းဒေသကြီး (အနောက်)","ကြို့ပင်ကောက် မြို့နယ်","မြောက်ရွာမ ရပ်ကွက်",1814004
"ပဲခူးတိုင်းဒေသကြီး (အနောက်)","ကြို့ပင်ကောက် မြို့နယ်","ပန်းတင် ရပ်ကွက်",1814005
"ပဲခူးတိုင်းဒေသကြီး (အနောက်)","ကြို့ပင်ကောက် မြို့နယ်","သဲကုန်း ရပ်ကွက်",1814006
"ပဲခူးတိုင်းဒေသကြီး (အနောက်)","ကြို့ပင်ကောက် မြို့နယ်","အနောက်တောင် ရပ်ကွက်",1814007
"ပဲခူးတိုင်းဒေသကြီး (အနောက်)","ကြို့ပင်ကောက် မြို့နယ်","အနောက်မြောက် ရပ်ကွက်",1814008
"ပဲခူးတိုင်းဒေသကြီး (အနောက်)","ကြို့ပင်ကောက် မြို့နယ်","နွယ်ခွေ ရပ်ကွက်",1814009
"ပဲခူးတိုင်းဒေသကြီး (အနောက်)","ကြို့ပင်ကောက် မြို့နယ်","စက်တိုင်ကုန်း ရပ်ကွက်",1814010
"ပဲခူးတိုင်းဒေသကြီး (အနောက်)","ပေါင်းတလည် မြို့","အရှေ့ပိုင်း ရပ်ကွက်",1860001
"ပဲခူးတိုင်းဒေသကြီး (အနောက်)","ပေါင်းတလည် မြို့","အနောက်ပိုင်း ရပ်ကွက်",1860002
"ပဲခူးတိုင်းဒေသကြီး (အနောက်)","ပေါင်းတလည် မြို့","တောင်ပိုင်း ရပ်ကွက်",1860003
"ပဲခူးတိုင်းဒေသကြီး (အနောက်)","ပေါင်းတလည် မြို့","မြောက်ပိုင်း ရပ်ကွက်",1860004
"ပဲခူးတိုင်းဒေသကြီး (အနောက်)","ဥရှစ်ပင် မြို့","ရတနာပုံ ရပ်ကွက်",1861001
"ပဲခူးတိုင်းဒေသကြီး (အနောက်)","ဥရှစ်ပင် မြို့","ရွှေပင် ရပ်ကွက်",1861002
"ပဲခူးတိုင်းဒေသကြီး (အနောက်)","ဥရှစ်ပင် မြို့","ပြည်တော်သာ ရပ်ကွက်",1861003
"ပဲခူးတိုင်းဒေသကြီး (အနောက်)","ပုတီးကုန်း မြို့","ချမ်းမြေ့သာယာ ရပ်ကွက်",1862001
"ပဲခူးတိုင်းဒေသကြီး (အနောက်)","ပုတီးကုန်း မြို့","သုခဝေဖြာ ရပ်ကွက်",1862002
"ပဲခူးတိုင်းဒေသကြီး (အနောက်)","အင်းမ မြို့","သီရိရတနာ ရပ်ကွက်",1863001
"ပဲခူးတိုင်းဒေသကြီး (အနောက်)","အင်းမ မြို့","သီရိဝေဖြာ ရပ်ကွက်",1863002
"ပဲခူးတိုင်းဒေသကြီး (အနောက်)","အင်းမ မြို့","သီရိသုခ ရပ်ကွက်",1863003
"ပဲခူးတိုင်းဒေသကြီး (အနောက်)","အင်းမ မြို့","သီရိမင်္ဂလာ ရပ်ကွက်",1863004
"ပဲခူးတိုင်းဒေသကြီး (အနောက်)","အင်းမ မြို့","သီရိကန်သာ ရပ်ကွက်",1863005
"ပဲခူးတိုင်းဒေသကြီး (အနောက်)","ဆင်မြီးဆွဲ မြို့","(၁) အောင်ရတနာ ရပ်ကွက်",1864001
"ပဲခူးတိုင်းဒေသကြီး (အနောက်)","ဆင်မြီးဆွဲ မြို့","(၂) ဗဟို ရပ်ကွက်",1864002
"ပဲခူးတိုင်းဒေသကြီး (အနောက်)","ဆင်မြီးဆွဲ မြို့","(၃) ခေတ်သစ်ရတနာ ရပ်ကွက်",1864003
"ပဲခူးတိုင်းဒေသကြီး (အနောက်)","သုံးဆယ် မြို့","အလယ်ကုန်း ရပ်ကွက်",1865001
"ပဲခူးတိုင်းဒေသကြီး (အနောက်)","သုံးဆယ် မြို့","အနောက်လက်ပံခုန် ရပ်ကွက်",1865002
"ပဲခူးတိုင်းဒေသကြီး (အနောက်)","သုံးဆယ် မြို့","အရှေ့လက်ပံခုန် ရပ်ကွက်",1865003
"ပဲခူးတိုင်းဒေသကြီး (အနောက်)","သုံးဆယ် မြို့","သခွတ်ကုန်း ရပ်ကွက်",1865004
"ပဲခူးတိုင်းဒေသကြီး (အနောက်)","သုံးဆယ် မြို့","အရှေ့သပြေကုန်း ရပ်ကွက်",1865005
"ပဲခူးတိုင်းဒေသကြီး (အနောက်)","သုံးဆယ် မြို့","အနောက်သပြေကုန်း ရပ်ကွက်",1865006
"ပဲခူးတိုင်းဒေသကြီး (အနောက်)","သုံးဆယ် မြို့","ဘုရားကြီးလမ်း ရပ်ကွက်",1865007
"ပဲခူးတိုင်းဒေသကြီး (အနောက်)","သုံးဆယ် မြို့","စံရွေးတန်း ရပ်ကွက်",1865008
"ပဲခူးတိုင်းဒေသကြီး (အနောက်)","သုံးဆယ် မြို့","ဈေးပိုင်း ရပ်ကွက်",1865009
"ပဲခူးတိုင်းဒေသကြီး (အနောက်)","သုံးဆယ် မြို့","ပေပင်ကုန်း ရပ်ကွက်",1865010
"ပဲခူးတိုင်းဒေသကြီး (အနောက်)","သုံးဆယ် မြို့","အနောက်ရိုးကြီး ရပ်ကွက်",1865011
"ပဲခူးတိုင်းဒေသကြီး (အနောက်)","သုံးဆယ် မြို့","အရှေ့ရိုးကြီး ရပ်ကွက်",1865012
"ပဲခူးတိုင်းဒေသကြီး (အနောက်)","သုံးဆယ် မြို့","ဗေဒင်ကုန်း ရပ်ကွက်",1865013
"ပဲခူးတိုင်းဒေသကြီး (အနောက်)","စစ်ကွင်း မြို့","ဝဇီယာ ရပ်ကွက်",1866001
"ပဲခူးတိုင်းဒေသကြီး (အနောက်)","စစ်ကွင်း မြို့","မြောက်စု ရပ်ကွက်",1866002
"ပဲခူးတိုင်းဒေသကြီး (အနောက်)","စစ်ကွင်း မြို့","မြို့မ ရပ်ကွက်",1866003
"ပဲခူးတိုင်းဒေသကြီး (အနောက်)","စစ်ကွင်း မြို့","ရွှေတောင်တန်း ရပ်ကွက်",1866004
"ပဲခူးတိုင်းဒေသကြီး (အနောက်)","အိုးသည်ကုန်း မြို့","မြို့မ ရပ်ကွက်",1867001
"ပဲခူးတိုင်းဒေသကြီး (အနောက်)","အိုးသည်ကုန်း မြို့","ရွာသစ် ရပ်ကွက်",1867002
"ပဲခူးတိုင်းဒေသကြီး (အနောက်)","အိုးသည်ကုန်း မြို့","လမ်းမတော် ရပ်ကွက်",1867003
"ပဲခူးတိုင်းဒေသကြီး (အနောက်)","အိုးသည်ကုန်း မြို့","ပြည်တော်သာ ရပ်ကွက်",1867004
"ပဲခူးတိုင်းဒေသကြီး (အနောက်)","တာပွန် မြို့","တောင်ပိုင်း ရပ်ကွက်",1868001
"ပဲခူးတိုင်းဒေသကြီး (အနောက်)","တာပွန် မြို့","မြောက်ပိုင်း ရပ်ကွက်",1868002
"ပဲခူးတိုင်းဒေသကြီး (အနောက်)","တာပွန် မြို့","အလယ်ပိုင်း ရပ်ကွက်",1868003
