﻿Region,"Town / Township","Quarter / Village Tract","Postal Code"
"Bago Region (East)","Bago Township","Myo Twin (East-Ka Gyi) Quarter",0801001
"Bago Region (East)","Bago Township","Myo Twin (East-Kha Gway) Quarter",0801002
"Bago Region (East)","Bago Township","Myo Twin (West-Ka Gyi) Quarter",0801003
"Bago Region (East)","Bago Township","Myo Twin (West-Kha Gway) Quarter",0801004
"Bago Region (East)","Bago Township","Leik Pyar Kan Quarter",0801005
"Bago Region (East)","Bago Township","Pon Nar Su Quarter",0801006
"Bago Region (East)","Bago Township","Pan Hlaing Quarter",0801007
"Bago Region (East)","Bago Township","Zay Paing Quarter",0801008
"Bago Region (East)","Bago Township","Nyaung Waing (South) Quarter",0801009
"Bago Region (East)","Bago Township","Nyaung Waing (North) Quarter",0801010
"Bago Region (East)","Bago Township","Thun Hpa Yar Kone Quarter",0801011
"Bago Region (East)","Bago Township","Kyauk Gyi Su Quarter",0801012
"Bago Region (East)","Bago Township","Zyaing Ga Naing (South) Quarter",0801013
"Bago Region (East)","Bago Township","Zyaing Ga Naing (North) Quarter",0801014
"Bago Region (East)","Bago Township","Ma Zin (Ka Gyi) Quarter",0801015
"Bago Region (East)","Bago Township","Ma Zin (Kha Gway) Quarter",0801016
"Bago Region (East)","Bago Township","Ma Zin( Ga Nge) Quarter",0801017
"Bago Region (East)","Bago Township","Hin Thar Kone Quarter",0801018
"Bago Region (East)","Bago Township","Bo Kone Quarter",0801019
"Bago Region (East)","Bago Township","Han Thar Wa Di Quarter",0801020
"Bago Region (East)","Bago Township","Ywar Thit Quarter",0801021
"Bago Region (East)","Bago Township","Myo Thit Quarter",0801022
"Bago Region (East)","Bago Township","No (1) Quarter",0801023
"Bago Region (East)","Bago Township","No (2) Quarter",0801024
"Bago Region (East)","Bago Township","No (3) Quarter",0801025
"Bago Region (East)","Bago Township","No (4) Quarter",0801026
"Bago Region (East)","Bago Township","No (5) Quarter",0801027
"Bago Region (East)","Bago Township","No (6) Quarter",0801028
"Bago Region (East)","Bago Township","No (7) Quarter",0801029
"Bago Region (East)","Bago Township","No (8) Quarter",0801030
"Bago Region (East)","Bago Township","No (9) Quarter",0801031
"Bago Region (East)","Kyauktaga Township","Kwin (West) Quarter",0802001
"Bago Region (East)","Kyauktaga Township","Sar Taik Quarter",0802002
"Bago Region (East)","Kyauktaga Township","Zay Paing Quarter",0802003
"Bago Region (East)","Kyauktaga Township","Kwin (South) Quarter",0802004
"Bago Region (East)","Kyauktaga Township","Kwin (North) Quarter",0802005
"Bago Region (East)","Nyaunglebin Township","Myo Ma No (1) Quarter",0803001
"Bago Region (East)","Nyaunglebin Township","Myo Ma  No  (2) Quarter",0803002
"Bago Region (East)","Nyaunglebin Township","Myo Ma  No (3) Quarter",0803003
"Bago Region (East)","Nyaunglebin Township","Myo Ma  No (4) Quarter",0803004
"Bago Region (East)","Nyaunglebin Township","Myo Ma  No (5) Quarter",0803005
"Bago Region (East)","Kyaukkyi Township","Bago Quarter",0804001
"Bago Region (East)","Kyaukkyi Township","Sar Tan Quarter",0804002
"Bago Region (East)","Kyaukkyi Township","Kat Kyay Quarter",0804003
"Bago Region (East)","Kyaukkyi Township","Thein Tan Quarter",0804004
"Bago Region (East)","Kyaukkyi Township","Taungoo Tan Quarter",0804005
"Bago Region (East)","Kyaukkyi Township","Myit Tar Quarter",0804006
"Bago Region (East)","Kyaukkyi Township","Laung Poke Quarter",0804007
"Bago Region (East)","Shwegyin Township","Ma Gyi Tan Quarter",0805001
"Bago Region (East)","Shwegyin Township","Pwe Kone Quarter",0805002
"Bago Region (East)","Shwegyin Township","Kyay Nan Tan + Shan Kone Quarter",0805003
"Bago Region (East)","Shwegyin Township","Pyin Ma Pin Quarter",0805004
"Bago Region (East)","Shwegyin Township","Gant Gaw Waing Quarter",0805005
"Bago Region (East)","Shwegyin Township","Pan Be Dan Quarter",0805006
"Bago Region (East)","Shwegyin Township","Ta Yoke Tan + Nyaung Waing Quarter",0805007
"Bago Region (East)","Shwegyin Township","Kywe Te Quarter",0805008
"Bago Region (East)","Daik-U Township","Zay Paing Quarter",0806001
"Bago Region (East)","Daik-U Township","Kon Thei Quarter",0806002
"Bago Region (East)","Daik-U Township","War So Quarter",0806003
"Bago Region (East)","Daik-U Township","Kyaung Su Quarter",0806004
"Bago Region (East)","Daik-U Township","Than Ta Dar Quarter",0806005
"Bago Region (East)","Daik-U Township","Min Te Quarter",0806006
"Bago Region (East)","Daik-U Township","Set Kwin Quarter",0806007
"Bago Region (East)","Daik-U Township","Da Yei Mee Quarter",0806008
"Bago Region (East)","Daik-U Township","Hpa Aung Wea Quarter",0806009
"Bago Region (East)","Waw Township","Kan Taw Quarter",0807001
"Bago Region (East)","Waw Township","Thit Set Quarter",0807002
"Bago Region (East)","Waw Township","Chan Mya Thar Si Quarter",0807003
"Bago Region (East)","Waw Township","Aye Chan Thar Yar Quarter",0807004
"Bago Region (East)","Waw Township","Boe Bon Quarter",0807005
"Bago Region (East)","Waw Township","Waw Ah Shey Bet Kan Quarter",0807006
"Bago Region (East)","Thanatpin Township","Zay Paing Quarter",0808001
"Bago Region (East)","Thanatpin Township","Auk Su Paing Quarter",0808002
"Bago Region (East)","Thanatpin Township","Hpa Yar Gyi Paing Quarter",0808003
"Bago Region (East)","Thanatpin Township","Bu Tar Paing Quarter",0808004
"Bago Region (East)","Thanatpin Township","Set Kone Paing Quarter",0808005
"Bago Region (East)","Thanatpin Township","Ywar Thit Paing Quarter",0808006
"Bago Region (East)","Kawa Township","Kawa Ywar Thit Quarter",0809001
"Bago Region (East)","Kawa Township","Ta Dar Gyi Quarter",0809002
"Bago Region (East)","Kawa Township","Kyaung Gyi Quarter",0809003
"Bago Region (East)","Kawa Township","Min Paing Quarter",0809004
"Bago Region (East)","Kawa Township","Yone Gyi Quarter",0809005
"Bago Region (East)","Kawa Township","Kha May Lay Quarter",0809006
"Bago Region (East)","Taungoo Township","Htee Hlaing Quarter",0810001
"Bago Region (East)","Taungoo Township","Rakhine Su /Nay Pu Kone Quarter",0810002
"Bago Region (East)","Taungoo Township","Yoe Da Yar Tan Quarter",0810003
"Bago Region (East)","Taungoo Township","Kyet Ti Quarter",0810004
"Bago Region (East)","Taungoo Township","Pan Be Dan (South) Quarter",0810005
"Bago Region (East)","Taungoo Township","Pan Be Dan (North) Quarter",0810006
"Bago Region (East)","Taungoo Township","Shan Tan Kwayt Zay Quarter",0810007
"Bago Region (East)","Taungoo Township","Oke Kyut Tan (South) Quarter",0810008
"Bago Region (East)","Taungoo Township","Oke Kyut Tan (West) Quarter",0810009
"Bago Region (East)","Taungoo Township","Oke Kyut Tan (East) Quarter",0810010
"Bago Region (East)","Taungoo Township","Kan Taw Quarter",0810011
"Bago Region (East)","Taungoo Township","Zaung Chan (South) Quarter",0810012
"Bago Region (East)","Taungoo Township","Man Quarter",0810013
"Bago Region (East)","Taungoo Township","Zay Tan Quarter",0810014
"Bago Region (East)","Taungoo Township","Lan Ma Kye Quarter",0810015
"Bago Region (East)","Taungoo Township","Zay Quarter",0810016
"Bago Region (East)","Taungoo Township","Taung Kwayt Zay Quarter",0810017
"Bago Region (East)","Taungoo Township","Ngwe Hlan Oe Kone Quarter",0810018
"Bago Region (East)","Taungoo Township","Tat Myay Quarter",0810019
"Bago Region (East)","Taungoo Township","Myo Gyi Quarter",0810020
"Bago Region (East)","Taungoo Township","Zay Yar Khin U Quarter",0810021
"Bago Region (East)","Taungoo Township","Min Gyi Nyo Quarter",0810022
"Bago Region (East)","Taungoo Township","Chin Thayt U Quarter",0810023
"Bago Region (East)","Yedashe Township","Ywar Ma Quarter",0811001
"Bago Region (East)","Yedashe Township","Zay Quarter",0811002
"Bago Region (East)","Yedashe Township","Bo Te Quarter",0811003
"Bago Region (East)","Yedashe Township","Pay Kone Quarter",0811004
"Bago Region (East)","Yedashe Township","Shwe Kyet Yet (South) Quarter",0811005
"Bago Region (East)","Yedashe Township","Shwe Kyet Yet (North) Quarter",0811006
"Bago Region (East)","Oktwin Township","Me Kone Quarter",0812001
"Bago Region (East)","Oktwin Township","Ka Thit Tan Quarter",0812002
"Bago Region (East)","Oktwin Township","Zay Quarter",0812003
"Bago Region (East)","Oktwin Township","Bago Lan Quarter",0812004
"Bago Region (East)","Oktwin Township","Kyet Thun Khin (1) Quarter",0812005
"Bago Region (East)","Oktwin Township","Kyet Thun Khin (2) Quarter",0812006
"Bago Region (East)","Htantabin Township","Aung Min Ga Lar Quarter",0813001
"Bago Region (East)","Htantabin Township","Thi Ri Hay Mar Quarter",0813002
"Bago Region (East)","Htantabin Township","Thi Ri Ya Da Nar Quarter",0813003
"Bago Region (East)","Htantabin Township","Aung Thu Kha Quarter",0813004
"Bago Region (East)","Htantabin Township","Aung Chan Thar Quarter",0813005
"Bago Region (East)","Htantabin Township","Seik Gyi Quarter",0813006
"Bago Region (East)","Phyu Township","Thein Kone Quarter",0814001
"Bago Region (East)","Phyu Township","Oke Hpyat Quarter",0814002
"Bago Region (East)","Phyu Township","Htan Kone Quarter",0814003
"Bago Region (East)","Phyu Township","Bu Tar (North) Quarter",0814004
"Bago Region (East)","Phyu Township","Bu Tar (South) Quarter",0814005
"Bago Region (East)","Phyu Township","Zay Quarter",0814006
"Bago Region (East)","Phyu Township","Myo Ma (East) Quarter",0814007
"Bago Region (East)","Phyu Township","Myo Ma (West) Quarter",0814008
"Bago Region (East)","Phyu Township","Yone Quarter",0814009
"Bago Region (East)","Phyu Township","Say Yon Quarter",0814010
"Bago Region (East)","Hpayargyi Town","Hpa Yar Gyi (1) Quarter",0860001
"Bago Region (East)","Hpayargyi Town","Hpa Yar Gyi (2) Quarter",0860002
"Bago Region (East)","Hpayargyi Town","Hpa Yar Gyi (3) Quarter",0860003
"Bago Region (East)","Inntakaw Town","No (1) Quarter",0861001
"Bago Region (East)","Inntakaw Town","No (2) Quarter",0861002
"Bago Region (East)","Inntakaw Town","No (3) Quarter",0861003
"Bago Region (East)","Inntakaw Town","No (4) Quarter",0861004
"Bago Region (East)","Inntakaw Town","No (5) Quarter",0861005
"Bago Region (East)","Inntakaw Town","No (6) Quarter",0861006
"Bago Region (East)","Penwegon Town","Ta Pin Shwe Htee Quarter",0862001
"Bago Region (East)","Penwegon Town","Gon Taw Quarter",0862002
"Bago Region (East)","Penwegon Town","Pyi Taw Thar Quarter",0862003
"Bago Region (East)","Penwegon Town","Tha Ti Pa Htan Quarter",0862004
"Bago Region (East)","Penwegon Town","Myo Ma Quarter",0862005
"Bago Region (East)","Penwegon Town","Than Ma Ni Quarter",0862006
"Bago Region (East)","Penwegon Town","Aung Myay Quarter",0862007
"Bago Region (East)","Penwegon Town","Kan Baw Za Quarter",0862008
"Bago Region (East)","Hpa Do Town","Boe Paik San (1) Quarter",0863001
"Bago Region (East)","Hpa Do Town","Boe Paik San (2) Quarter",0863002
"Bago Region (East)","Hpa Do Town","Boe Paik San (3) Quarter",0863003
"Bago Region (East)","Hpa Do Town","Boe Paik San (4) Quarter",0863004
"Bago Region (East)","Hpa Do Town","Boe Paik San (5) Quarter",0863005
"Bago Region (East)","Madauk Town","Myo Ma No (1) Quarter",0864001
"Bago Region (East)","Madauk Town","Myo Ma No (2) Quarter",0864002
"Bago Region (East)","Pyuntasa Town","Myo Ma No (1) Quarter",0865001
"Bago Region (East)","Pyuntasa Town","Myo Ma No (2) Quarter",0865002
"Bago Region (East)","Pyuntasa Town","Myo Ma No (3) Quarter",0865003
"Bago Region (East)","Pyuntasa Town","Myo Ma No (4) Quarter",0865004
"Bago Region (East)","Peinzalok Town","Myo Ma No (1) Quarter",0866001
"Bago Region (East)","Peinzalok Town","Myo Ma No (2) Quarter",0866002
"Bago Region (East)","Thetkala Town","Kan Taw Min Ga Lar Quarter",0867001
"Bago Region (East)","Thetkala Town","Aung Min Ga Lar Quarter",0867002
"Bago Region (East)","Thetkala Town","Zay Gyi Quarter",0867003
"Bago Region (East)","Thetkala Town","Bu Tar Quarter",0867004
"Bago Region (East)","Thetkala Town","Myo Ma San Pya Quarter",0867005
"Bago Region (East)","Thetkala Town","Shwe Pyi Aye Quarter",0867006
"Bago Region (East)","Kaytumati Town","Nat Shin Naung Quarter",0868001
"Bago Region (East)","Kaytumati Town","Ta Pin Shwe Htee Quarter",0868002
"Bago Region (East)","Kaytumati Town","Min Gyi Swe Quarter",0868003
"Bago Region (East)","Kaytumati Town","Tha Wun Nge Quarter",0868004
"Bago Region (East)","Hswar Town","Hswar Myauk Paing Quarter",0869001
"Bago Region (East)","Hswar Town","Hswar Taung Paing Quarter",0869002
"Bago Region (East)","Yae Ni Town","No (1) Quarter",0870001
"Bago Region (East)","Yae Ni Town","No (2) Quarter",0870002
"Bago Region (East)","Yae Ni Town","No (3) Quarter",0870003
"Bago Region (East)","Yae Ni Town","No (4) Quarter",0870004
"Bago Region (East)","Myo Hla Town","No (1) Quarter",0871001
"Bago Region (East)","Myo Hla Town","No (2) Quarter",0871002
"Bago Region (East)","Myo Hla Town","No (3) Quarter",0871003
"Bago Region (East)","Myo Hla Town","No (4) Quarter",0871004
"Bago Region (East)","Myo Hla Town","No (5) Quarter",0871005
"Bago Region (East)","Kywe Pwe Town","No (1) Quarter",0872001
"Bago Region (East)","Kywe Pwe Town","No (2) Quarter",0872002
"Bago Region (East)","Kywe Pwe Town","No (3) Quarter",0872003
"Bago Region (East)","Kywe Pwe Town","No (4) Quarter",0872004
"Bago Region (East)","Kywe Pwe Town","No (5) Quarter",0872005
"Bago Region (East)","Kanyutkwin Town","Ka Nyut Kwin Ah Shey (1) Quarter",0873001
"Bago Region (East)","Kanyutkwin Town","Ka Nyut Kwin Ah Shey (2) Quarter",0873002
"Bago Region (East)","Kanyutkwin Town","Ka Nyut Kwin Ah Nauk (1) Quarter",0873003
"Bago Region (East)","Kanyutkwin Town","Ka Nyut Kwin Ah Nauk (2) Quarter",0873004
"Bago Region (East)","Zayyawadi Town","No (1) Quarter",0874001
"Bago Region (East)","Zayyawadi Town","No (2) Quarter",0874002
"Bago Region (East)","Zayyawadi Town","No (3) Quarter",0874003
"Bago Region (East)","Zayyawadi Town","No (4) Quarter",0874004
