﻿Region,"Town / Township","Quarter / Village Tract","Postal Code"
"Bago Region (West)","Pyay Township","Na Win Ward Quarter",1801001
"Bago Region (West)","Pyay Township","Shwe Ku Quarter",1801002
"Bago Region (West)","Pyay Township","Oe Tan Quarter",1801003
"Bago Region (West)","Pyay Township","San Taw Quarter",1801004
"Bago Region (West)","Pyay Township","Sin Su Quarter",1801005
"Bago Region (West)","Pyay Township","Ywar Be Quarter",1801006
"Bago Region (West)","Pyay Township","Khit Ta Yar Myo Thit Quarter",1801007
"Bago Region (West)","Pyay Township","Pyi Thar Yar Quarter",1801008
"Bago Region (West)","Pyay Township","Na Wa Day Quarter",1801009
"Bago Region (West)","Pyay Township","Shwe Ta Gar Quarter",1801010
"Bago Region (West)","Paukkhaung Township","No (1) Quarter",1802001
"Bago Region (West)","Paukkhaung Township","No (2) Quarter",1802002
"Bago Region (West)","Paukkhaung Township","No (3) Quarter",1802003
"Bago Region (West)","Paukkhaung Township","No (4) Quarter",1802004
"Bago Region (West)","Paukkhaung Township","No (၅) Quarter",1802005
"Bago Region (West)","Padaung Township","Kya Khat Quarter",1803001
"Bago Region (West)","Padaung Township","Min Yat Quarter",1803002
"Bago Region (West)","Padaung Township","Wun Lo Quarter",1803003
"Bago Region (West)","Padaung Township","Si Thar Quarter",1803004
"Bago Region (West)","Padaung Township","Hpaung Kan Quarter",1803005
"Bago Region (West)","Paungde Township","Bweit Pin Kan Quarter",1804001
"Bago Region (West)","Paungde Township","Pyin Pin Kan Quarter",1804002
"Bago Region (West)","Paungde Township","Oke Hpo (1) Ah Shey Quarter",1804003
"Bago Region (West)","Paungde Township","Oke Hpo (2) Ah Nauk Quarter",1804004
"Bago Region (West)","Paungde Township","Zay (1) Quarter",1804005
"Bago Region (West)","Paungde Township","Zay (2) Quarter",1804006
"Bago Region (West)","Paungde Township","Min Kwet (1) Quarter",1804007
"Bago Region (West)","Paungde Township","Min Kwet  (2) Quarter",1804008
"Bago Region (West)","Paungde Township","Min Kwet (3) Quarter",1804009
"Bago Region (West)","Paungde Township","Nwe Cho (1) Quarter",1804010
"Bago Region (West)","Paungde Township","Nwe Cho (2) Quarter",1804011
"Bago Region (West)","Paungde Township","Hin Thar Kan Quarter",1804012
"Bago Region (West)","Thegon Township","Myo Ma Quarter",1805001
"Bago Region (West)","Thegon Township","Kan Taw Min Ga Lar Quarter",1805002
"Bago Region (West)","Thegon Township","Htan Yin Quarter",1805003
"Bago Region (West)","Thegon Township","Pauk Taw Quarter",1805004
"Bago Region (West)","Shwedaung Township","Tha Yet Taw Quarter",1806001
"Bago Region (West)","Shwedaung Township","Kyar Ni Kan Quarter",1806002
"Bago Region (West)","Shwedaung Township","Yun Tan Quarter",1806003
"Bago Region (West)","Thayarwady Township","Zay Paing Quarter",1807001
"Bago Region (West)","Thayarwady Township","Kwet Thit Quarter",1807002
"Bago Region (West)","Thayarwady Township","Ah Lel Paing Quarter",1807003
"Bago Region (West)","Thayarwady Township","Kyaung Su Quarter",1807004
"Bago Region (West)","Thayarwady Township","Kayin Su Quarter",1807005
"Bago Region (West)","Thayarwady Township","Yae Wai Quarter",1807006
"Bago Region (West)","Thayarwady Township","Ywar Gyi Kone Quarter",1807007
"Bago Region (West)","Thayarwady Township","Pyi Taw Thar Quarter",1807008
"Bago Region (West)","Letpadan Township","Myo Ma Quarter",1808001
"Bago Region (West)","Letpadan Township","Min Yat Quarter",1808002
"Bago Region (West)","Letpadan Township","Ma Au Kon Quarter",1808003
"Bago Region (West)","Letpadan Township","Bee Lin Tan Quarter",1808004
"Bago Region (West)","Minhla Township","Zee Kone Lay Quarter",1809001
"Bago Region (West)","Minhla Township","Kan Gyi Tan Quarter",1809002
"Bago Region (West)","Minhla Township","Lan Ma Taw Quarter",1809003
"Bago Region (West)","Minhla Township","Yone Lan Quarter",1809004
"Bago Region (West)","Minhla Township","Min Tan Quarter",1809005
"Bago Region (West)","Minhla Township","Zay Cho Tan Quarter",1809006
"Bago Region (West)","Minhla Township","Pyi Taw Thar Quarter",1809007
"Bago Region (West)","Minhla Township","Pan Be Chaung Quarter",1809008
"Bago Region (West)","Okpho Township","Myo Ma Quarter",1810001
"Bago Region (West)","Okpho Township","Aung Min Ga Lar Quarter",1810002
"Bago Region (West)","Okpho Township","Kyaung Gyi Tan Quarter",1810003
"Bago Region (West)","Okpho Township","Moe Nyo Tan Quarter",1810004
"Bago Region (West)","Okpho Township","Kway Chaung Quarter",1810005
"Bago Region (West)","Okpho Township","Ywar Ma Quarter",1810006
"Bago Region (West)","Zigon Township","No (1) Quarter",1811001
"Bago Region (West)","Zigon Township","No (2) Quarter",1811002
"Bago Region (West)","Zigon Township","No (3) Quarter",1811003
"Bago Region (West)","Zigon Township","No (4) Quarter",1811004
"Bago Region (West)","Zigon Township","No (၅) Quarter",1811005
"Bago Region (West)","Nattalin Township","Myo Ma Quarter",1812001
"Bago Region (West)","Nattalin Township","Thar Zi Quarter",1812002
"Bago Region (West)","Nattalin Township","Ywar Ma Quarter",1812003
"Bago Region (West)","Nattalin Township","Zee Kone Ka Lay Quarter",1812004
"Bago Region (West)","Monyo Township","Shwe U Daung Quarter",1813001
"Bago Region (West)","Monyo Township","Zaw Ti  Ka Quarter",1813002
"Bago Region (West)","Monyo Township","Tha Khin Hla Shein Quarter",1813003
"Bago Region (West)","Monyo Township","Myo Ma Quarter",1813004
"Bago Region (West)","Monyo Township","Shwe Pyi Thar Quarter",1813005
"Bago Region (West)","Gyobingauk Township","Zay Cho (South) Quarter",1814001
"Bago Region (West)","Gyobingauk Township","Zay Cho (North) Quarter",1814002
"Bago Region (West)","Gyobingauk Township","Taung Ywar Ma Quarter",1814003
"Bago Region (West)","Gyobingauk Township","Myauk Ywar Ma Quarter",1814004
"Bago Region (West)","Gyobingauk Township","Pan Tin Quarter",1814005
"Bago Region (West)","Gyobingauk Township","Thea Kone Quarter",1814006
"Bago Region (West)","Gyobingauk Township","Ah Nauk Taung Quarter",1814007
"Bago Region (West)","Gyobingauk Township","Ah Nauk Myauk Quarter",1814008
"Bago Region (West)","Gyobingauk Township","Nwe Khwe Quarter",1814009
"Bago Region (West)","Gyobingauk Township","Set Taing Kone Quarter",1814010
"Bago Region (West)","Paungdale Town","Ah Shey Paing Quarter",1860001
"Bago Region (West)","Paungdale Town","Ah Nauk Paing Quarter",1860002
"Bago Region (West)","Paungdale Town","Taung Paing Quarter",1860003
"Bago Region (West)","Paungdale Town","Myauk Paing Quarter",1860004
"Bago Region (West)","Oakshitpin Town","Ya Da Nar Pon Quarter",1861001
"Bago Region (West)","Oakshitpin Town","Shwe Pin Quarter",1861002
"Bago Region (West)","Oakshitpin Town","Pyi Taw Thar Quarter",1861003
"Bago Region (West)","Puteekone Town","Chan Myayt Thar Yar Quarter",1862001
"Bago Region (West)","Puteekone Town","Thu Kha Wai Hpyar Quarter",1862002
"Bago Region (West)","Inn Ma Town","Thi Ri Ya Da Nar Quarter",1863001
"Bago Region (West)","Inn Ma Town","Thiri Wai Phyar Quarter",1863002
"Bago Region (West)","Inn Ma Town","Thiri Thu Kha Quarter",1863003
"Bago Region (West)","Inn Ma Town","Thiri Mingalar Quarter",1863004
"Bago Region (West)","Inn Ma Town","Thiri Kan Thar Quarter",1863005
"Bago Region (West)","Sin Mee Swea Town","(1) Aung Ya Da Nar Quarter",1864001
"Bago Region (West)","Sin Mee Swea Town","(2) Baho Quarter",1864002
"Bago Region (West)","Sin Mee Swea Town","(3) Khit Thit Ya Da Nar Quarter",1864003
"Bago Region (West)","Thonse Town","Ah Lel Kone Quarter",1865001
"Bago Region (West)","Thonse Town","Ah Nauk Let Pan Khon Quarter",1865002
"Bago Region (West)","Thonse Town","Ah Shey Let Pan Khon Quarter",1865003
"Bago Region (West)","Thonse Town","Tha Khut Kone Quarter",1865004
"Bago Region (West)","Thonse Town","Ah Shey Tha Pyay Kone Quarter",1865005
"Bago Region (West)","Thonse Town","Ah Nauk Tha Pyay Kone Quarter",1865006
"Bago Region (West)","Thonse Town","Hpa Yar Gyi Lan Quarter",1865007
"Bago Region (West)","Thonse Town","San Ywe Tan Quarter",1865008
"Bago Region (West)","Thonse Town","Zay Paing Quarter",1865009
"Bago Region (West)","Thonse Town","Pay Pin Kone Quarter",1865010
"Bago Region (West)","Thonse Town","Ah Nauk Yoe Gyi Quarter",1865011
"Bago Region (West)","Thonse Town","Ah Shey Yoe Gyi Quarter",1865012
"Bago Region (West)","Thonse Town","Bay Din Kone Quarter",1865013
"Bago Region (West)","Sit Kwin Town","Wa Zi Yar Quarter",1866001
"Bago Region (West)","Sit Kwin Town","Myauk Su Quarter",1866002
"Bago Region (West)","Sit Kwin Town","Myo Ma Quarter",1866003
"Bago Region (West)","Sit Kwin Town","Shwe Taung Tan Quarter",1866004
"Bago Region (West)","Oe Thei Kone Town","Myo Ma Quarter",1867001
"Bago Region (West)","Oe Thei Kone Town","Ywar Thit Quarter",1867002
"Bago Region (West)","Oe Thei Kone Town","Lan Ma Taw Quarter",1867003
"Bago Region (West)","Oe Thei Kone Town","Pyi Taw Thar Quarter",1867004
"Bago Region (West)","Tar Pun Town","Taung Paing Quarter",1868001
"Bago Region (West)","Tar Pun Town","Myauk Paing Quarter",1868002
"Bago Region (West)","Tar Pun Town","Ah Lel Paing Quarter",1868003
