﻿Region,"Town / Township","Quarter / Village Tract","Postal Code"
ကချင်ပြည်နယ်,"မြစ်ကြီးနား မြို့နယ်","ဧရာ ရပ်ကွက်",0101001
ကချင်ပြည်နယ်,"မြစ်ကြီးနား မြို့နယ်","သီတာ ရပ်ကွက်",0101002
ကချင်ပြည်နယ်,"မြစ်ကြီးနား မြို့နယ်","ရန်ကြီးအောင် ရပ်ကွက်",0101003
ကချင်ပြည်နယ်,"မြစ်ကြီးနား မြို့နယ်","ဒူကထောင် ရပ်ကွက်",0101004
ကချင်ပြည်နယ်,"မြစ်ကြီးနား မြို့နယ်","မြို့မ ရပ်ကွက်",0101005
ကချင်ပြည်နယ်,"မြစ်ကြီးနား မြို့နယ်","မင်းရပ် ရပ်ကွက်",0101006
ကချင်ပြည်နယ်,"မြစ်ကြီးနား မြို့နယ်","ရှမ်းစုမြောက် ရပ်ကွက်",0101007
ကချင်ပြည်နယ်,"မြစ်ကြီးနား မြို့နယ်","ရှမ်းစုတောင် ရပ်ကွက်",0101008
ကချင်ပြည်နယ်,"မြစ်ကြီးနား မြို့နယ်","ကချင်စု ရပ်ကွက်",0101009
ကချင်ပြည်နယ်,"မြစ်ကြီးနား မြို့နယ်","ကျွန်းပင်သာ ရပ်ကွက်",0101010
ကချင်ပြည်နယ်,"မြစ်ကြီးနား မြို့နယ်","အေးစေတီ ရပ်ကွက်",0101011
ကချင်ပြည်နယ်,"မြစ်ကြီးနား မြို့နယ်","ရွှေညောင်ပင် ရပ်ကွက်",0101012
ကချင်ပြည်နယ်,"မြစ်ကြီးနား မြို့နယ်","မြို့သစ် ရပ်ကွက်",0101013
ကချင်ပြည်နယ်,"မြစ်ကြီးနား မြို့နယ်","အောင်နန်းရိပ်သာ ရပ်ကွက်",0101014
ကချင်ပြည်နယ်,"မြစ်ကြီးနား မြို့နယ်","ခေမာသီရိ ရပ်ကွက်",0101015
ကချင်ပြည်နယ်,"မြစ်ကြီးနား မြို့နယ်","ယုဇန ရပ်ကွက်",0101016
ကချင်ပြည်နယ်,"မြစ်ကြီးနား မြို့နယ်","မြေမြင့် ရပ်ကွက်",0101017
ကချင်ပြည်နယ်,"မြစ်ကြီးနား မြို့နယ်","ရွှေစက် ရပ်ကွက်",0101018
ကချင်ပြည်နယ်,"မြစ်ကြီးနား မြို့နယ်","မန်ခိန် ရပ်ကွက်",0101019
ကချင်ပြည်နယ်,"မြစ်ကြီးနား မြို့နယ်","တပ်ကုန်း ရပ်ကွက်",0101020
ကချင်ပြည်နယ်,"မြစ်ကြီးနား မြို့နယ်","စီတာပူ ရပ်ကွက်",0101021
ကချင်ပြည်နယ်,"မြစ်ကြီးနား မြို့နယ်","ရမ်ပူ ရပ်ကွက်",0101022
ကချင်ပြည်နယ်,"မြစ်ကြီးနား မြို့နယ်","ကြက်ပေါင်ခြံ ရပ်ကွက်",0101023
ကချင်ပြည်နယ်,"မြစ်ကြီးနား မြို့နယ်","မြို့သစ်ကြီး ရပ်ကွက်",0101024
ကချင်ပြည်နယ်,"မြစ်ကြီးနား မြို့နယ်","လယ်ကုန်း ရပ်ကွက်",0101025
ကချင်ပြည်နယ်,"မြစ်ကြီးနား မြို့နယ်","ရွှေအိုက် ရပ်ကွက်",0101026
ကချင်ပြည်နယ်,"မြစ်ကြီးနား မြို့နယ်","ရွှေပြည်သာ ရပ်ကွက်",0101027
ကချင်ပြည်နယ်,"မြစ်ကြီးနား မြို့နယ်","ပမ္မတီး ရပ်ကွက်",0101028
ကချင်ပြည်နယ်,"အင်ဂျန်းယန် မြို့နယ်","အမှတ် (၁) ရပ်ကွက်",0102001
ကချင်ပြည်နယ်,"အင်ဂျန်းယန် မြို့နယ်","အမှတ် (၂) ရပ်ကွက်",0102002
ကချင်ပြည်နယ်,"အင်ဂျန်းယန် မြို့နယ်","အမှတ် (၃) ရပ်ကွက်",0102003
ကချင်ပြည်နယ်,"အင်ဂျန်းယန် မြို့နယ်","အမှတ် (၄) ရပ်ကွက်",0102004
ကချင်ပြည်နယ်,"နောင်မွန်း မြို့နယ်","အမှတ် (၁) ရပ်ကွက်",0103001
ကချင်ပြည်နယ်,"နောင်မွန်း မြို့နယ်","အမှတ် (၂) ရပ်ကွက်",0103002
ကချင်ပြည်နယ်,"နောင်မွန်း မြို့နယ်","အမှတ် (၃) ရပ်ကွက်",0103003
ကချင်ပြည်နယ်,"နောင်မွန်း မြို့နယ်","အမှတ် (၄) ရပ်ကွက်",0103004
ကချင်ပြည်နယ်,"နောင်မွန်း မြို့နယ်","အမှတ် (၅) ရပ်ကွက်",0103005
ကချင်ပြည်နယ်,"မချမ်းဘော မြို့နယ်","အမှတ် (၁) ရပ်ကွက်",0104001
ကချင်ပြည်နယ်,"မချမ်းဘော မြို့နယ်","အမှတ် (၂) ရပ်ကွက်",0104002
ကချင်ပြည်နယ်,"မချမ်းဘော မြို့နယ်","အမှတ် (၃) ရပ်ကွက်",0104003
ကချင်ပြည်နယ်,"မချမ်းဘော မြို့နယ်","အမှတ် (၄) ရပ်ကွက်",0104004
ကချင်ပြည်နယ်,"ပူတာအို မြို့နယ်","ပန်းလှိုင် ရပ်ကွက်",0105001
ကချင်ပြည်နယ်,"ပူတာအို မြို့နယ်","ဟိုခို ရပ်ကွက်",0105002
ကချင်ပြည်နယ်,"ပူတာအို မြို့နယ်","မြို့မ ရပ်ကွက်",0105003
ကချင်ပြည်နယ်,"ပူတာအို မြို့နယ်","ကောင်ကထောင် ရပ်ကွက်",0105004
ကချင်ပြည်နယ်,"ပူတာအို မြို့နယ်","တပ်သစ် ရပ်ကွက်",0105005
ကချင်ပြည်နယ်,"ပူတာအို မြို့နယ်","တုံလီထု ရပ်ကွက်",0105006
ကချင်ပြည်နယ်,"ပူတာအို မြို့နယ်","ပါအင် ရပ်ကွက်",0105007
ကချင်ပြည်နယ်,"ပူတာအို မြို့နယ်","လေယာဉ်ကွင်း ရပ်ကွက်",0105008
ကချင်ပြည်နယ်,"ပူတာအို မြို့နယ်","ဒုတ္တန် ရပ်ကွက်",0105009
ကချင်ပြည်နယ်,"ပူတာအို မြို့နယ်","လုံးစွတ် ရပ်ကွက်",0105010
ကချင်ပြည်နယ်,"ပူတာအို မြို့နယ်","မူလာရှီဒီး ရပ်ကွက်",0105011
ကချင်ပြည်နယ်,"ဆွမ်ပရာဘွမ် မြို့နယ်","ကဘရန်ခူး ရပ်ကွက်",0106001
ကချင်ပြည်နယ်,"ဆွမ်ပရာဘွမ် မြို့နယ်","မြို.မ ရပ်ကွက်",0106002
ကချင်ပြည်နယ်,"ဆွမ်ပရာဘွမ် မြို့နယ်","ဝါစပ်ခူး ရပ်ကွက်",0106003
ကချင်ပြည်နယ်,"ချီ​ဖွေ မြို့နယ်","ရစ်လောခေါင် ရပ်ကွက်",0107001
ကချင်ပြည်နယ်,"ချီ​ဖွေ မြို့နယ်","ဥက္ကပ် ရပ်ကွက်",0107002
ကချင်ပြည်နယ်,"ချီ​ဖွေ မြို့နယ်","ဘာလဲ့ဒမ် ရပ်ကွက်",0107003
ကချင်ပြည်နယ်,"ချီ​ဖွေ မြို့နယ်","ကန်ပိုင်ယံ ရပ်ကွက်",0107004
ကချင်ပြည်နယ်,"ဝိုင်းမော် မြို့နယ်","အမှတ် (၁) ရပ်ကွက်",0108001
ကချင်ပြည်နယ်,"ဝိုင်းမော် မြို့နယ်","အမှတ် (၂) ရပ်ကွက်",0108002
ကချင်ပြည်နယ်,"ဝိုင်းမော် မြို့နယ်","အမှတ် (၃) ရပ်ကွက်",0108003
ကချင်ပြည်နယ်,"ဝိုင်းမော် မြို့နယ်","အမှတ် (၄) ရပ်ကွက်",0108004
ကချင်ပြည်နယ်,"ဝိုင်းမော် မြို့နယ်","အမှတ် (၅) ရပ်ကွက်",0108005
ကချင်ပြည်နယ်,"တနိုင်း မြို့နယ်","ဆင်ဆာ့ကောင်း ရပ်ကွက်",0109001
ကချင်ပြည်နယ်,"တနိုင်း မြို့နယ်","မုန်ဒိန်ကောင်း ရပ်ကွက်",0109002
ကချင်ပြည်နယ်,"တနိုင်း မြို့နယ်","ဟူးကောင်း ရပ်ကွက်",0109003
ကချင်ပြည်နယ်,"တနိုင်း မြို့နယ်","ကင်ဆား ရပ်ကွက်",0109004
ကချင်ပြည်နယ်,"တနိုင်း မြို့နယ်","ဒူကောင်း ရပ်ကွက်",0109005
ကချင်ပြည်နယ်,"တနိုင်း မြို့နယ်","ပုန်ခုန်ကောင်း ရပ်ကွက်",0109006
ကချင်ပြည်နယ်,"မိုးကောင်း မြို့နယ်","နန့်ရင်း ရပ်ကွက်",0110001
ကချင်ပြည်နယ်,"မိုးကောင်း မြို့နယ်","အိုးတန်း ရပ်ကွက်",0110002
ကချင်ပြည်နယ်,"မိုးကောင်း မြို့နယ်","အလယ် ရပ်ကွက်",0110003
ကချင်ပြည်နယ်,"မိုးကောင်း မြို့နယ်","အရှေ့ ရပ်ကွက်",0110004
ကချင်ပြည်နယ်,"မိုးကောင်း မြို့နယ်","ဈေးကုန်း ရပ်ကွက်",0110005
ကချင်ပြည်နယ်,"မိုးကောင်း မြို့နယ်","နတ်ကြီးကုန်း ရပ်ကွက်",0110006
ကချင်ပြည်နယ်,"မိုးကောင်း မြို့နယ်","ရွာသစ် ရပ်ကွက်",0110007
ကချင်ပြည်နယ်,"မိုးကောင်း မြို့နယ်","နောင်ကိုင်တော် ရပ်ကွက်",0110008
ကချင်ပြည်နယ်,"မိုးကောင်း မြို့နယ်","မြို့ဦး ရပ်ကွက်",0110009
ကချင်ပြည်နယ်,"မိုးကောင်း မြို့နယ်","ကျွန်းတော ရပ်ကွက်",0110010
ကချင်ပြည်နယ်,"မိုးညှင်း မြို့နယ်","နန့်ခါ ရပ်ကွက်",0111001
ကချင်ပြည်နယ်,"မိုးညှင်း မြို့နယ်","မြို့မ ရပ်ကွက်",0111002
ကချင်ပြည်နယ်,"မိုးညှင်း မြို့နယ်","အုတ်ကျင်း ရပ်ကွက်",0111003
ကချင်ပြည်နယ်,"မိုးညှင်း မြို့နယ်","အရှေ့စု ရပ်ကွက်",0111004
ကချင်ပြည်နယ်,"မိုးညှင်း မြို့နယ်","အောင်သပြေ ရပ်ကွက်",0111005
ကချင်ပြည်နယ်,"ရွှေကူ မြို့နယ်","အမှတ် (၁) ရပ်ကွက်",0112001
ကချင်ပြည်နယ်,"ရွှေကူ မြို့နယ်","အမှတ် (၂) ရပ်ကွက်",0112002
ကချင်ပြည်နယ်,"ရွှေကူ မြို့နယ်","အမှတ် (၃) ရပ်ကွက်",0112003
ကချင်ပြည်နယ်,"ရွှေကူ မြို့နယ်","အမှတ် (၄) ရပ်ကွက်",0112004
ကချင်ပြည်နယ်,"ဗန်းမော် မြို့နယ်","ခွန်သာ ရပ်ကွက်",0113001
ကချင်ပြည်နယ်,"ဗန်းမော် မြို့နယ်","မြို့မ ရပ်ကွက်",0113002
ကချင်ပြည်နယ်,"ဗန်းမော် မြို့နယ်","အလည်ရပ် ရပ်ကွက်",0113003
ကချင်ပြည်နယ်,"ဗန်းမော် မြို့နယ်","မင်းကုန်း ရပ်ကွက်",0113004
ကချင်ပြည်နယ်,"ဗန်းမော် မြို့နယ်","သာစည် ရပ်ကွက်",0113005
ကချင်ပြည်နယ်,"ဗန်းမော် မြို့နယ်","ပေါက်ကုန်း ရပ်ကွက်",0113006
ကချင်ပြည်နယ်,"ဗန်းမော် မြို့နယ်","မင်းကျောင်းကုန်း ရပ်ကွက်",0113007
ကချင်ပြည်နယ်,"ဗန်းမော် မြို့နယ်","ညောင်ပင် ရပ်ကွက်",0113008
ကချင်ပြည်နယ်,"ဗန်းမော် မြို့နယ်","သီရိ ရပ်ကွက်",0113009
ကချင်ပြည်နယ်,"ဗန်းမော် မြို့နယ်","ဆင်ကုန်း ရပ်ကွက်",0113010
ကချင်ပြည်နယ်,"ဗန်းမော် မြို့နယ်","နမ့်ဖား ရပ်ကွက်",0113011
ကချင်ပြည်နယ်,"ဗန်းမော် မြို့နယ်","နောင်ခို ရပ်ကွက်",0113012
ကချင်ပြည်နယ်,"ဗန်းမော် မြို့နယ်","ရွှေကျီးနား ရပ်ကွက်",0113013
ကချင်ပြည်နယ်,"ဗန်းမော် မြို့နယ်","ရွှေပြည်သာ ရပ်ကွက်",0113014
ကချင်ပြည်နယ်,"ဗန်းမော် မြို့နယ်","ဟန်းတဲ ရပ်ကွက်",0113015
ကချင်ပြည်နယ်,"ဗန်းမော် မြို့နယ်","အောင်သာ ရပ်ကွက်",0113016
ကချင်ပြည်နယ်,"မံစီ မြို့နယ်","မောရဝတီ ရပ်ကွက်",0114001
ကချင်ပြည်နယ်,"မံစီ မြို့နယ်","ဂျိန်းဖော့မြေ ရပ်ကွက်",0114002
ကချင်ပြည်နယ်,"မံစီ မြို့နယ်","ပြင်ဦးလွင် ရပ်ကွက်",0114003
ကချင်ပြည်နယ်,"မံစီ မြို့နယ်","ကောင်ရာ ရပ်ကွက်",0114004
ကချင်ပြည်နယ်,"မိုးမောက် မြို့နယ်","ခါနန် ရပ်ကွက်",0115001
ကချင်ပြည်နယ်,"မိုးမောက် မြို့နယ်","အလင်းကောင် ရပ်ကွက်",0115002
ကချင်ပြည်နယ်,"မိုးမောက် မြို့နယ်","ကျေးနန်းဝိုင်း ရပ်ကွက်",0115003
ကချင်ပြည်နယ်,"ဖားကန့် မြို့နယ်","မော်ဝမ်း ရပ်ကွက်",0116001
ကချင်ပြည်နယ်,"ဖားကန့် မြို့နယ်","ငှက်ပျောတော ရပ်ကွက်",0116002
ကချင်ပြည်နယ်,"ဖားကန့် မြို့နယ်","မြို့မ ရပ်ကွက်",0116003
ကချင်ပြည်နယ်,"ဖားကန့် မြို့နယ်","အေးမြသာယာ ရပ်ကွက်",0116004
ကချင်ပြည်နယ်,"ဖားကန့် မြို့နယ်","မရှီကထောင် ရပ်ကွက်",0116005
ကချင်ပြည်နယ်,"ဆော့လော် မြို့နယ်","ဆော့လော် ရပ်ကွက်",0117001
ကချင်ပြည်နယ်,"ခေါင်လန်ဖူး မြို့နယ်","အမှတ် (၁) ရပ်ကွက်",0118001
ကချင်ပြည်နယ်,"ခေါင်လန်ဖူး မြို့နယ်","အမှတ် (၂) ရပ်ကွက်",0118002
ကချင်ပြည်နယ်,"ခေါင်လန်ဖူး မြို့နယ်","အမှတ် (၃) ရပ်ကွက်",0118003
ကချင်ပြည်နယ်,"ခေါင်လန်ဖူး မြို့နယ်","အမှတ် (၄) ရပ်ကွက်",0118004
ကချင်ပြည်နယ်,"ဆင်ဘို မြို့","ဧရာဦး ရပ်ကွက်",0160001
ကချင်ပြည်နယ်,"ဆင်ဘို မြို့","အောင်မင်္ဂလာ ရပ်ကွက်",0160002
ကချင်ပြည်နယ်,"ဆင်ဘို မြို့","အောင်ချမ်းသာ ရပ်ကွက်",0160003
ကချင်ပြည်နယ်,"ပန်နန်းဒင် မြို့","မြို့မ ရပ်ကွက်",0161001
ကချင်ပြည်နယ်,"ပန်ဝါ မြို့","အမှတ် (၁) ရပ်ကွက်",0162001
ကချင်ပြည်နယ်,"ပန်ဝါ မြို့","အမှတ် (၂) ရပ်ကွက်",0162002
ကချင်ပြည်နယ်,"ပန်ဝါ မြို့","အမှတ် (၃) ရပ်ကွက်",0162003
ကချင်ပြည်နယ်,"ဆဒုံး မြို့","အမှတ် (၁) ရပ်ကွက်",0163001
ကချင်ပြည်နယ်,"ဆဒုံး မြို့","အမှတ် (၂) ရပ်ကွက်",0163002
ကချင်ပြည်နယ်,"ဆဒုံး မြို့","အမှတ် (၃) ရပ်ကွက်",0163003
ကချင်ပြည်နယ်,"ဆဒုံး မြို့","အမှတ် (၄) ရပ်ကွက်",0163004
ကချင်ပြည်နယ်,"ဆဒုံး မြို့","အမှတ် (၅) ရပ်ကွက်",0163005
ကချင်ပြည်နယ်,"ကန်ပိုက်တီ မြို့","အမှတ် (၁) ရပ်ကွက်",0164001
ကချင်ပြည်နယ်,"ကန်ပိုက်တီ မြို့","အမှတ် (၂) ရပ်ကွက်",0164002
ကချင်ပြည်နယ်,"ကန်ပိုက်တီ မြို့","အမှတ် (၃) ရပ်ကွက်",0164003
ကချင်ပြည်နယ်,"ရှင်ဗွေယန် မြို့","အမှတ် (၁) ရပ်ကွက်",0165001
ကချင်ပြည်နယ်,"ရှင်ဗွေယန် မြို့","အမှတ် (၂) ရပ်ကွက်",0165002
ကချင်ပြည်နယ်,"ရှင်ဗွေယန် မြို့","အမှတ် (၃) ရပ်ကွက်",0165003
ကချင်ပြည်နယ်,"ရှင်ဗွေယန် မြို့","အမှတ် (၄) ရပ်ကွက်",0165004
ကချင်ပြည်နယ်,"နမ္မတီး မြို့","မြို့မ ရပ်ကွက်",0166001
ကချင်ပြည်နယ်,"နမ္မတီး မြို့","မြို့ဦး ရပ်ကွက်",0166002
ကချင်ပြည်နယ်,"နမ္မတီး မြို့","မြို့လှ ရပ်ကွက်",0166003
ကချင်ပြည်နယ်,"နမ္မတီး မြို့","မြို့သာယာ ရပ်ကွက်",0166004
ကချင်ပြည်နယ်,"ဟိုပင် မြို့","မြသီတာ ရပ်ကွက်",0167001
ကချင်ပြည်နယ်,"ဟိုပင် မြို့","မြဇေယျာ ရပ်ကွက်",0167002
ကချင်ပြည်နယ်,"ဟိုပင် မြို့","မြို့မတောင် ရပ်ကွက်",0167003
ကချင်ပြည်နယ်,"ဟိုပင် မြို့","မြို့မမြောက် ရပ်ကွက်",0167004
ကချင်ပြည်နယ်,"အင်းတော်ကြီး မြို့","ရွှေအင်းသာ ရပ်ကွက်",0168001
ကချင်ပြည်နယ်,"အင်းတော်ကြီး မြို့","ရွှေပြည်သာ ရပ်ကွက်",0168002
ကချင်ပြည်နယ်,"အင်းတော်ကြီး မြို့","ရွှေချောင်းသာ ရပ်ကွက်",0168003
ကချင်ပြည်နယ်,"အင်းတော်ကြီး မြို့","တောင်တန်းသာ ရပ်ကွက်",0168004
ကချင်ပြည်နယ်,"နန့်မွန်း မြို့","အမှတ် (၁) ရပ်ကွက်",0169001
ကချင်ပြည်နယ်,"နန့်မွန်း မြို့","အမှတ် (၂) ရပ်ကွက်",0169002
ကချင်ပြည်နယ်,"နန့်မွန်း မြို့","အမှတ် (၃) ရပ်ကွက်",0169003
ကချင်ပြည်နယ်,"နန့်မွန်း မြို့","အမှတ် (၄) ရပ်ကွက်",0169004
ကချင်ပြည်နယ်,"နန်းမား မြို့","မြို့မရန်အောင် ရပ်ကွက်",0170001
ကချင်ပြည်နယ်,"နန်းမား မြို့","ညောင်ကုန်း ရပ်ကွက်",0170002
ကချင်ပြည်နယ်,"နန်းမား မြို့","ရှမ်းစု ရပ်ကွက်",0170003
ကချင်ပြည်နယ်,"နန်းမား မြို့","နန်းသာယာ ရပ်ကွက်",0170004
ကချင်ပြည်နယ်,"နန်းမား မြို့","ချောင်းသာ ရပ်ကွက်",0170005
ကချင်ပြည်နယ်,"မြို့လှ မြို့","အမှတ် (၁) ရပ်ကွက်",0171001
ကချင်ပြည်နယ်,"မြို့လှ မြို့","အမှတ် (၂) ရပ်ကွက်",0171002
ကချင်ပြည်နယ်,"မြို့လှ မြို့","အမှတ် (၃) ရပ်ကွက်",0171003
ကချင်ပြည်နယ်,"မြို့လှ မြို့","အမှတ် (၄) ရပ်ကွက်",0171004
ကချင်ပြည်နယ်,"လွယ်ဂျယ် မြို့","အောင်မင်္ဂလာ ရပ်ကွက်",0172001
ကချင်ပြည်နယ်,"လွယ်ဂျယ် မြို့","အောင်သီရိ ရပ်ကွက်",0172002
ကချင်ပြည်နယ်,"လွယ်ဂျယ် မြို့","အောင်ချမ်းသာ ရပ်ကွက်",0172003
ကချင်ပြည်နယ်,"လွယ်ဂျယ် မြို့","အောင်သစ္စာ ရပ်ကွက်",0172004
ကချင်ပြည်နယ်,"လွယ်ဂျယ် မြို့","အောင်ဇေယျာ ရပ်ကွက်",0172005
ကချင်ပြည်နယ်,"လွယ်ဂျယ် မြို့","ဆိုင်ဂျာ ရပ်ကွက်",0172006
ကချင်ပြည်နယ်,"လွယ်ဂျယ် မြို့","ကောင်နန် ရပ်ကွက်",0172007
ကချင်ပြည်နယ်,"ဒေါ့ဖုန်းယန် မြို့","အမှတ် (၁) ရပ်ကွက်",0173001
ကချင်ပြည်နယ်,"ဒေါ့ဖုန်းယန် မြို့","အမှတ် (၂) ရပ်ကွက်",0173002
ကချင်ပြည်နယ်,"ဒေါ့ဖုန်းယန် မြို့","အမှတ် (၃) ရပ်ကွက်",0173003
ကချင်ပြည်နယ်,"ကာမိုင်း မြို့","ကာမိုင်း ရပ်ကွက်",0174001
