﻿Region,"Town / Township","Ward / Village Tract","Postal Code"
"Bago Region (West)","Pyay Township","Wet Htee Kan Village Tract",1801200
"Bago Region (West)","Pyay Township","Hnaw Kan Village Tract",1801201
"Bago Region (West)","Pyay Township","Wet Myay Taw Village Tract",1801202
"Bago Region (West)","Pyay Township","War Yon Seik Village Tract",1801203
"Bago Region (West)","Pyay Township","Hlwa Zin Village Tract",1801204
"Bago Region (West)","Pyay Township","La Ba Village Tract",1801205
"Bago Region (West)","Pyay Township","Myo Ma Village Tract",1801206
"Bago Region (West)","Pyay Township","Tha Khwet Sauk Village Tract",1801207
"Bago Region (West)","Pyay Township","Kone Zin Village Tract",1801208
"Bago Region (West)","Pyay Township","Inn Win Village Tract",1801209
"Bago Region (West)","Pyay Township","Te Gyi Kone Village Tract",1801210
"Bago Region (West)","Pyay Township","Pa Ni Pin Village Tract",1801211
"Bago Region (West)","Pyay Township","Thit Cho Pin Village Tract",1801212
"Bago Region (West)","Pyay Township","Pauk Nwe Chon Village Tract",1801213
"Bago Region (West)","Pyay Township","Ah Lo Taw Ya Village Tract",1801214
"Bago Region (West)","Pyay Township","Pyin Ma Aing Village Tract",1801215
"Bago Region (West)","Pyay Township","Kwin Gyi Village Tract",1801216
"Bago Region (West)","Pyay Township","Kyaw Thar Village Tract",1801217
"Bago Region (West)","Pyay Township","Kan Kyi Kone Village Tract",1801218
"Bago Region (West)","Pyay Township","Kan Kyoe Village Tract",1801219
"Bago Region (West)","Pyay Township","Ta Loke Pin Village Tract",1801220
"Bago Region (West)","Pyay Township","Taung Tee Village Tract",1801221
"Bago Region (West)","Pyay Township","Thu Htay Village Tract",1801222
"Bago Region (West)","Pyay Township","Taung Khway Ye Village Tract",1801223
"Bago Region (West)","Pyay Township","Moke Htaw Village Tract",1801224
"Bago Region (West)","Pyay Township","Paung Ta Mawt Village Tract",1801225
"Bago Region (West)","Pyay Township","Twin Byee Village Tract",1801226
"Bago Region (West)","Pyay Township","Paung Ta Lei Village Tract",1801227
"Bago Region (West)","Pyay Township","Byu Kone Village Tract",1801228
"Bago Region (West)","Pyay Township","Bant Pyin Village Tract",1801229
"Bago Region (West)","Pyay Township","Myaung Son Village Tract",1801230
"Bago Region (West)","Pyay Township","Hmaw Zar Village Tract",1801231
"Bago Region (West)","Pyay Township","Hmoke Shey Village Tract",1801232
"Bago Region (West)","Pyay Township","Ywar Ma Gyi Village Tract",1801233
"Bago Region (West)","Pyay Township","Ah Shey Let Khoke Pin Village Tract",1801234
"Bago Region (West)","Pyay Township","Thea Kone Village Tract",1801235
"Bago Region (West)","Pyay Township","Ah Shey Pauk Taw Village Tract",1801236
"Bago Region (West)","Pyay Township","Let Pan Taw Village Tract",1801237
"Bago Region (West)","Pyay Township","Te Kone Village Tract",1801238
"Bago Region (West)","Pyay Township","Oke Swea Village Tract",1801239
"Bago Region (West)","Pyay Township","Kya Khat Village Tract",1801240
"Bago Region (West)","Pyay Township","Kyar Inn Village Tract",1801241
"Bago Region (West)","Pyay Township","Ngar Ywar Village Tract",1801242
"Bago Region (West)","Pyay Township","Zee Oke Village Tract",1801243
"Bago Region (West)","Pyay Township","Za Lon Village Tract",1801244
"Bago Region (West)","Pyay Township","Htan Ma Kauk Village Tract",1801245
"Bago Region (West)","Pyay Township","Nat Ta Lin Village Tract",1801246
"Bago Region (West)","Pyay Township","Mway Yoe Village Tract",1801247
"Bago Region (West)","Pyay Township","Ma Au Taw Village Tract",1801248
"Bago Region (West)","Pyay Township","Thit Chi Tin Village Tract",1801249
"Bago Region (West)","Pyay Township","Ah Nauk Let Khoke Pin Village Tract",1801250
"Bago Region (West)","Pyay Township","Kone Thar Lin Village Tract",1801251
"Bago Region (West)","Pyay Township","Ah Nauk Ywar Thit Village Tract",1801252
"Bago Region (West)","Pyay Township","Bo Kone Village Tract",1801253
"Bago Region (West)","Pyay Township","Myauk Na Win Ywar Thit Gyi Village Tract",1801254
"Bago Region (West)","Pyay Township","Ywar Ma Village Tract",1801255
"Bago Region (West)","Paukkhaung Township","Yat Thit Village Tract",1802200
"Bago Region (West)","Paukkhaung Township","Wet Toe Village Tract",1802201
"Bago Region (West)","Paukkhaung Township","Tha Phan Cho Village Tract",1802202
"Bago Region (West)","Paukkhaung Township","Bant Pyin Village Tract",1802203
"Bago Region (West)","Paukkhaung Township","Paung Sa Par Village Tract",1802204
"Bago Region (West)","Paukkhaung Township","Ywar Htaung Village Tract",1802205
"Bago Region (West)","Paukkhaung Township","Kywe Paung Pin Village Tract",1802206
"Bago Region (West)","Paukkhaung Township","Nyaung Pin Thar Village Tract",1802207
"Bago Region (West)","Paukkhaung Township","Chaung Zauk Village Tract",1802208
"Bago Region (West)","Paukkhaung Township","Myauk Let Gyi Village Tract",1802209
"Bago Region (West)","Paukkhaung Township","Dhamma Thaw Village Tract",1802210
"Bago Region (West)","Paukkhaung Township","Htone Taung Village Tract",1802211
"Bago Region (West)","Paukkhaung Township","Pi Tauk Kone Village Tract",1802212
"Bago Region (West)","Paukkhaung Township","War Yon Pin Lel Village Tract",1802213
"Bago Region (West)","Paukkhaung Township","Ah Shey Kyoet Kone Village Tract",1802214
"Bago Region (West)","Paukkhaung Township","Htan Ta Pin Village Tract",1802215
"Bago Region (West)","Paukkhaung Township","Nyaung Kone Village Tract",1802216
"Bago Region (West)","Paukkhaung Township","Hle Ku Village Tract",1802217
"Bago Region (West)","Paukkhaung Township","Taung Let Gyi Village Tract",1802218
"Bago Region (West)","Paukkhaung Township","Taung Lel Village Tract",1802219
"Bago Region (West)","Paukkhaung Township","Nyaung Wun Village Tract",1802220
"Bago Region (West)","Paukkhaung Township","Myo Taung Village Tract",1802221
"Bago Region (West)","Paukkhaung Township","Ah Shey Ma Kway Village Tract",1802222
"Bago Region (West)","Paukkhaung Township","Taung Shwe Laung Village Tract",1802223
"Bago Region (West)","Paukkhaung Township","Ah Yar Taw Village Tract",1802224
"Bago Region (West)","Paukkhaung Township","Chaung Phyaunt Village Tract",1802225
"Bago Region (West)","Paukkhaung Township","Chaung Kaung Village Tract",1802226
"Bago Region (West)","Paukkhaung Township","Tha Pyay Taung Village Tract",1802227
"Bago Region (West)","Paukkhaung Township","Kin Mun Chon Village Tract",1802228
"Bago Region (West)","Paukkhaung Township","Thit Yaung Pyan Village Tract",1802229
"Bago Region (West)","Paukkhaung Township","Kyoet Pin Waing Village Tract",1802230
"Bago Region (West)","Paukkhaung Township","Tha Phan Kaing Village Tract",1802231
"Bago Region (West)","Paukkhaung Township","Nga Khu Aing Village Tract",1802232
"Bago Region (West)","Paukkhaung Township","Ywar Shey Village Tract",1802233
"Bago Region (West)","Paukkhaung Township","In Ngar Gwa Village Tract",1802234
"Bago Region (West)","Paukkhaung Township","Ah Nauk Kyoet Kone Village Tract",1802235
"Bago Region (West)","Paukkhaung Township","Baw Di Kone Village Tract",1802236
"Bago Region (West)","Paukkhaung Township","Ma Soe Yein Village Tract",1802237
"Bago Region (West)","Paukkhaung Township","Gway Pin Khon Village Tract",1802238
"Bago Region (West)","Paukkhaung Township","Bant Bway Taung Village Tract",1802239
"Bago Region (West)","Paukkhaung Township","Kywe Ka Lay San Village Tract",1802240
"Bago Region (West)","Paukkhaung Township","Myauk Shwe Laung Village Tract",1802241
"Bago Region (West)","Paukkhaung Township","Lay Thar Taung Gyi Village Tract",1802242
"Bago Region (West)","Paukkhaung Township","Thit Poke Village Tract",1802243
"Bago Region (West)","Paukkhaung Township","Kyu Wut Village Tract",1802244
"Bago Region (West)","Paukkhaung Township","San Myaing Aye Village Tract",1802245
"Bago Region (West)","Paukkhaung Township","Ma Gyi Khon Village Tract",1802246
"Bago Region (West)","Paukkhaung Township","Nwar Myaw Village Tract",1802247
"Bago Region (West)","Paukkhaung Township","Sin Gaung Village Tract",1802248
"Bago Region (West)","Paukkhaung Township","Thit Seint Pin Village Tract",1802249
"Bago Region (West)","Paukkhaung Township","Kan Kyin Village Tract",1802250
"Bago Region (West)","Paukkhaung Township","Dee Doke Village Tract",1802251
"Bago Region (West)","Paukkhaung Township","Shwe Taung Ngwe Taung Village Tract",1802252
"Bago Region (West)","Padaung Township","Ywar Thar Yar Village Tract",1803200
"Bago Region (West)","Padaung Township","Shwe Bon Thar Village Tract",1803201
"Bago Region (West)","Padaung Township","Sin Te Village Tract",1803202
"Bago Region (West)","Padaung Township","Tha Yet Lein Village Tract",1803203
"Bago Region (West)","Padaung Township","Taung Bway Village Tract",1803204
"Bago Region (West)","Padaung Township","Yae Lel Kyun Village Tract",1803205
"Bago Region (West)","Padaung Township","Ma Gyi Htone Village Tract",1803206
"Bago Region (West)","Padaung Township","Oke Shit Pin Village Tract",1803207
"Bago Region (West)","Padaung Township","Swei Taw Village Tract",1803208
"Bago Region (West)","Padaung Township","Dant Da Lun Village Tract",1803209
"Bago Region (West)","Padaung Township","Ngar Se Pay Village Tract",1803210
"Bago Region (West)","Padaung Township","Daung Ma Nar Village Tract",1803211
"Bago Region (West)","Padaung Township","Thu Ye Tan Village Tract",1803212
"Bago Region (West)","Padaung Township","Hteik Pauk Village Tract",1803213
"Bago Region (West)","Padaung Township","Kyauk Hpu Village Tract",1803214
"Bago Region (West)","Padaung Township","Yat Thar Village Tract",1803215
"Bago Region (West)","Padaung Township","Ta Loke Pin Village Tract",1803216
"Bago Region (West)","Padaung Township","Kaing Gyi Village Tract",1803217
"Bago Region (West)","Padaung Township","Za Yat Hla Village Tract",1803218
"Bago Region (West)","Padaung Township","Taung Boet Gyi Village Tract",1803219
"Bago Region (West)","Padaung Township","Kyaung U Village Tract",1803220
"Bago Region (West)","Padaung Township","Yae Kyaw Village Tract",1803221
"Bago Region (West)","Padaung Township","Nyaung Pin Village Tract",1803222
"Bago Region (West)","Padaung Township","Nat Mauk Village Tract",1803223
"Bago Region (West)","Padaung Township","Shwe Nyi Naung Village Tract",1803224
"Bago Region (West)","Padaung Township","Pe Gyi Village Tract",1803225
"Bago Region (West)","Padaung Township","Hle Ku Village Tract",1803226
"Bago Region (West)","Padaung Township","Kyoe Kyar Village Tract",1803227
"Bago Region (West)","Padaung Township","Kyun Mee Village Tract",1803228
"Bago Region (West)","Padaung Township","Htone Bo Village Tract",1803229
"Bago Region (West)","Padaung Township","San Wa Village Tract",1803230
"Bago Region (West)","Padaung Township","Myaung Village Tract",1803231
"Bago Region (West)","Padaung Township","Kone Ka Lay Village Tract",1803232
"Bago Region (West)","Padaung Township","Kwin Hla Village Tract",1803233
"Bago Region (West)","Padaung Township","Htauk Kyant Kone Village Tract",1803234
"Bago Region (West)","Padaung Township","Ton Kin Village Tract",1803235
"Bago Region (West)","Padaung Township","Kyee Taw Village Tract",1803236
"Bago Region (West)","Padaung Township","Hpa Yon Kar Village Tract",1803237
"Bago Region (West)","Padaung Township","Kyee Pin Village Tract",1803238
"Bago Region (West)","Padaung Township","Le Village Tract",1803239
"Bago Region (West)","Padaung Township","Nyaung Chay Htauk Village Tract",1803240
"Bago Region (West)","Padaung Township","Nyaung Kyoe Village Tract",1803241
"Bago Region (West)","Paungde Township","Thit Poke Village Tract",1804200
"Bago Region (West)","Paungde Township","Pyan Chi Tet Village Tract",1804201
"Bago Region (West)","Paungde Township","Kaing Kwin Village Tract",1804202
"Bago Region (West)","Paungde Township","Kyauk Ta Gar Village Tract",1804203
"Bago Region (West)","Paungde Township","Thein Kone Village Tract",1804204
"Bago Region (West)","Paungde Township","Kyar Ni Kan Village Tract",1804205
"Bago Region (West)","Paungde Township","Ma Gyi San Village Tract",1804206
"Bago Region (West)","Paungde Township","Zee Pin Hla Village Tract",1804207
"Bago Region (West)","Paungde Township","Agga Yar Pyayt Village Tract",1804208
"Bago Region (West)","Paungde Township","Pauk Taw Village Tract",1804209
"Bago Region (West)","Paungde Township","Thea Me Village Tract",1804210
"Bago Region (West)","Paungde Township","Nwar Chan Kone Village Tract",1804211
"Bago Region (West)","Paungde Township","Myauk Kone Gyi Village Tract",1804212
"Bago Region (West)","Paungde Township","Hmat Taing Village Tract",1804213
"Bago Region (West)","Paungde Township","Ywar Thit Gyi Village Tract",1804214
"Bago Region (West)","Paungde Township","Kan Nge Village Tract",1804215
"Bago Region (West)","Paungde Township","Taung Boet Hla Village Tract",1804216
"Bago Region (West)","Paungde Township","Byet Gyi Village Tract",1804217
"Bago Region (West)","Paungde Township","Kyu Taw Kan Village Tract",1804218
"Bago Region (West)","Paungde Township","Pauk Aing Gyi Village Tract",1804219
"Bago Region (West)","Paungde Township","Htan Thone Gwa Village Tract",1804220
"Bago Region (West)","Paungde Township","Ko Wun Saung Village Tract",1804221
"Bago Region (West)","Paungde Township","Gyone Gyone Kya Village Tract",1804222
"Bago Region (West)","Paungde Township","Kyoet Kone Village Tract",1804223
"Bago Region (West)","Paungde Township","Nyaung Kat Pin Village Tract",1804224
"Bago Region (West)","Paungde Township","Koke Ko Pin Village Tract",1804225
"Bago Region (West)","Paungde Township","Nyaung Hpyu Village Tract",1804226
"Bago Region (West)","Paungde Township","Pyin Pon Village Tract",1804227
"Bago Region (West)","Paungde Township","Kyoet Pin Village Tract",1804228
"Bago Region (West)","Paungde Township","Tha Hpan Pin Seik Village Tract",1804229
"Bago Region (West)","Paungde Township","Ma Gyi Pin Village Tract",1804230
"Bago Region (West)","Paungde Township","Boe Thar Aung Kone Village Tract",1804231
"Bago Region (West)","Paungde Township","Kyaung Taw Yar Village Tract",1804232
"Bago Region (West)","Paungde Township","Tha Pyay Gyi Su Village Tract",1804233
"Bago Region (West)","Paungde Township","Hpa Yar Ngar Su Village Tract",1804234
"Bago Region (West)","Paungde Township","Khay Man Village Tract",1804235
"Bago Region (West)","Paungde Township","Sin Lu Village Tract",1804236
"Bago Region (West)","Paungde Township","Ywar Pale Village Tract",1804237
"Bago Region (West)","Paungde Township","Kyoet Pin Thar Village Tract",1804238
"Bago Region (West)","Paungde Township","Me Khaung Village Tract",1804239
"Bago Region (West)","Paungde Township","Htan Ta Pin Village Tract",1804240
"Bago Region (West)","Paungde Township","Ma Gyi Kone Village Tract",1804241
"Bago Region (West)","Paungde Township","Kyoet Kone Village Tract",1804242
"Bago Region (West)","Paungde Township","Nyaung Ni Pin Village Tract",1804243
"Bago Region (West)","Thegon Township","Peik Chin Kone Village Tract",1805200
"Bago Region (West)","Thegon Township","Ye Ye Kan Village Tract",1805201
"Bago Region (West)","Thegon Township","Oke Swea Village Tract",1805202
"Bago Region (West)","Thegon Township","Oke Hpo Village Tract",1805203
"Bago Region (West)","Thegon Township","Ywar Ma Village Tract",1805204
"Bago Region (West)","Thegon Township","Lein Tan Village Tract",1805205
"Bago Region (West)","Thegon Township","Za Leit Village Tract",1805206
"Bago Region (West)","Thegon Township","Tha Hpan Cho Village Tract",1805207
"Bago Region (West)","Thegon Township","Byanma Inn Village Tract",1805208
"Bago Region (West)","Thegon Township","Dar Thway Kyauk Village Tract",1805209
"Bago Region (West)","Thegon Township","Yone Pin Tet Village Tract",1805210
"Bago Region (West)","Thegon Township","Zee Kone Village Tract",1805211
"Bago Region (West)","Thegon Township","Thit Ni Taw Village Tract",1805212
"Bago Region (West)","Thegon Township","Pu Tee Kone Village Tract",1805213
"Bago Region (West)","Thegon Township","Lin Le Village Tract",1805214
"Bago Region (West)","Thegon Township","Let Pan Lone Hla Village Tract",1805215
"Bago Region (West)","Thegon Township","Kan Hnit Sint Village Tract",1805216
"Bago Region (West)","Thegon Township","Nyaung Win Village Tract",1805217
"Bago Region (West)","Thegon Township","Launt Gyi Village Tract",1805218
"Bago Region (West)","Thegon Township","Kant Lant Kone Village Tract",1805219
"Bago Region (West)","Thegon Township","Tha Pyay Hla Village Tract",1805220
"Bago Region (West)","Thegon Township","Zee Oke Village Tract",1805221
"Bago Region (West)","Thegon Township","Ywar Thit Village Tract",1805222
"Bago Region (West)","Thegon Township","Yin Taik Hmaw Village Tract",1805223
"Bago Region (West)","Thegon Township","Inn Ma Ah Shey Paing Village Tract",1805224
"Bago Region (West)","Thegon Township","Kayin Kone Village Tract",1805225
"Bago Region (West)","Thegon Township","Taung Kyoet Kone Village Tract",1805226
"Bago Region (West)","Thegon Township","Ta Khun Taing Village Tract",1805227
"Bago Region (West)","Thegon Township","Hnget Taw Myee Village Tract",1805228
"Bago Region (West)","Thegon Township","Chaung Kan Gyi Village Tract",1805229
"Bago Region (West)","Thegon Township","Kyay Thar Village Tract",1805230
"Bago Region (West)","Thegon Township","Ta Pin Hmaw Village Tract",1805231
"Bago Region (West)","Thegon Township","Inn Paw Nge Village Tract",1805232
"Bago Region (West)","Thegon Township","Sauk Chon Gyi Village Tract",1805233
"Bago Region (West)","Thegon Township","Kyoet Pin Thar Village Tract",1805234
"Bago Region (West)","Thegon Township","Kywe Gaung Village Tract",1805235
"Bago Region (West)","Thegon Township","Char Hlar Kone Village Tract",1805236
"Bago Region (West)","Thegon Township","Yat Thar Village Tract",1805237
"Bago Region (West)","Thegon Township","Gway Kone Village Tract",1805238
"Bago Region (West)","Thegon Township","Kyu Taw Village Tract",1805239
"Bago Region (West)","Thegon Township","Kyet Nar Village Tract",1805240
"Bago Region (West)","Thegon Township","Kwayt Tet Village Tract",1805241
"Bago Region (West)","Thegon Township","Nwe Kauk Village Tract",1805242
"Bago Region (West)","Thegon Township","Nyaung Kone Village Tract",1805243
"Bago Region (West)","Thegon Township","Min Hla Village Tract",1805244
"Bago Region (West)","Thegon Township","But Taw Village Tract",1805245
"Bago Region (West)","Thegon Township","Kyoet Kone Village Tract",1805246
"Bago Region (West)","Thegon Township","Ywar Thar Yar Village Tract",1805247
"Bago Region (West)","Thegon Township","Kyoet Yat Thar Village Tract",1805248
"Bago Region (West)","Thegon Township","Moe Tein Pyin Village Tract",1805249
"Bago Region (West)","Thegon Township","Sin Kyone Village Tract",1805250
"Bago Region (West)","Shwedaung Township","Htan Kone Village Tract",1806200
"Bago Region (West)","Shwedaung Township","Me Taw Village Tract",1806201
"Bago Region (West)","Shwedaung Township","War Taw Village Tract",1806202
"Bago Region (West)","Shwedaung Township","Paung Choke Village Tract",1806203
"Bago Region (West)","Shwedaung Township","Gway Tauk Hmyaung Village Tract",1806204
"Bago Region (West)","Shwedaung Township","Kwin Yar Gyi Village Tract",1806205
"Bago Region (West)","Shwedaung Township","Ka Thit Taing Village Tract",1806206
"Bago Region (West)","Shwedaung Township","Mee Laung Village Tract",1806207
"Bago Region (West)","Shwedaung Township","Kyoet Kone Village Tract",1806208
"Bago Region (West)","Shwedaung Township","Nwar Ma Yan Village Tract",1806209
"Bago Region (West)","Shwedaung Township","Min Kun Village Tract",1806210
"Bago Region (West)","Shwedaung Township","Ma Yar Man Village Tract",1806211
"Bago Region (West)","Shwedaung Township","Oe Htein Kone Village Tract",1806212
"Bago Region (West)","Shwedaung Township","Kan Thone Sint Village Tract",1806213
"Bago Region (West)","Shwedaung Township","Taw Haing Village Tract",1806214
"Bago Region (West)","Shwedaung Township","Kyauk Myint Village Tract",1806215
"Bago Region (West)","Shwedaung Township","Nwar Chan Kone Village Tract",1806216
"Bago Region (West)","Shwedaung Township","Du Rin Du Bo Village Tract",1806217
"Bago Region (West)","Shwedaung Township","Min Te Kyun Village Tract",1806218
"Bago Region (West)","Shwedaung Township","Myaung Tat Village Tract",1806219
"Bago Region (West)","Shwedaung Township","Myo Ma Village Tract",1806220
"Bago Region (West)","Shwedaung Township","Thar Zi Kone Village Tract",1806221
"Bago Region (West)","Shwedaung Township","Kyee Thea Village Tract",1806222
"Bago Region (West)","Shwedaung Township","Ma Gyi Pauk Kone Village Tract",1806223
"Bago Region (West)","Shwedaung Township","Kyaung Kone Village Tract",1806224
"Bago Region (West)","Shwedaung Township","Tha Yet Thone Pin Village Tract",1806225
"Bago Region (West)","Shwedaung Township","Kyauk Hta Yan Village Tract",1806226
"Bago Region (West)","Shwedaung Township","Shwe Hin Thar Village Tract",1806227
"Bago Region (West)","Shwedaung Township","Shar Taing Village Tract",1806228
"Bago Region (West)","Shwedaung Township","Tei Kone Gyi Village Tract",1806229
"Bago Region (West)","Shwedaung Township","Kyun Ka Lay Village Tract",1806230
"Bago Region (West)","Shwedaung Township","Nyaung Sar Yay Village Tract",1806231
"Bago Region (West)","Shwedaung Township","Tha Yet Ta Pin Village Tract",1806232
"Bago Region (West)","Shwedaung Township","Sin Thay Village Tract",1806233
"Bago Region (West)","Shwedaung Township","Zee Kyun Village Tract",1806234
"Bago Region (West)","Shwedaung Township","Shar Pin Zin Village Tract",1806235
"Bago Region (West)","Shwedaung Township","Ta Yoke Hmaw Village Tract",1806236
"Bago Region (West)","Shwedaung Township","La Maing Village Tract",1806237
"Bago Region (West)","Shwedaung Township","Kwayt Ma Village Tract",1806238
"Bago Region (West)","Shwedaung Township","Yin Mu Kone Village Tract",1806239
"Bago Region (West)","Shwedaung Township","Ma Me Lay Village Tract",1806240
"Bago Region (West)","Shwedaung Township","Shar Pin Kone Village Tract",1806241
"Bago Region (West)","Shwedaung Township","Thaung Pyin Kone Village Tract",1806242
"Bago Region (West)","Shwedaung Township","Seik Gyi Village Tract",1806243
"Bago Region (West)","Shwedaung Township","Kywe Ta Lin Village Tract",1806244
"Bago Region (West)","Shwedaung Township","Ta Bu Sar Village Tract",1806245
"Bago Region (West)","Shwedaung Township","Zei Ma Village Tract",1806246
"Bago Region (West)","Shwedaung Township","Se Gyi Kone Village Tract",1806247
"Bago Region (West)","Thayarwady Township","Ah Tha Yaw Village Tract",1807200
"Bago Region (West)","Thayarwady Township","Bee Lin Village Tract",1807201
"Bago Region (West)","Thayarwady Township","Eik La Har Village Tract",1807202
"Bago Region (West)","Thayarwady Township","Zee Pwe Village Tract",1807203
"Bago Region (West)","Thayarwady Township","Hpoe Khaung Village Tract",1807204
"Bago Region (West)","Thayarwady Township","Daw Wi Village Tract",1807205
"Bago Region (West)","Thayarwady Township","Kyun Ka Lay Village Tract",1807206
"Bago Region (West)","Thayarwady Township","Tha Zin Aing Village Tract",1807207
"Bago Region (West)","Thayarwady Township","Aing Ka Don Village Tract",1807208
"Bago Region (West)","Thayarwady Township","Myit Kyoe Village Tract",1807209
"Bago Region (West)","Thayarwady Township","Let Pan Khon Village Tract",1807210
"Bago Region (West)","Thayarwady Township","Kone Mee Nin Village Tract",1807211
"Bago Region (West)","Thayarwady Township","Nga Hpyu Ka Lay Village Tract",1807212
"Bago Region (West)","Thayarwady Township","Kywe Chan Inn Village Tract",1807213
"Bago Region (West)","Thayarwady Township","Yae Twin Kone Village Tract",1807214
"Bago Region (West)","Thayarwady Township","Ywar Ma Village Tract",1807215
"Bago Region (West)","Thayarwady Township","Nyaung Kauk Kway Village Tract",1807216
"Bago Region (West)","Thayarwady Township","Nyaung Waing Village Tract",1807217
"Bago Region (West)","Thayarwady Township","Auk Let Pan Khon Village Tract",1807218
"Bago Region (West)","Thayarwady Township","Kan Ka Lay Village Tract",1807219
"Bago Region (West)","Thayarwady Township","Thin Taw Yoe Village Tract",1807220
"Bago Region (West)","Thayarwady Township","Kywe That Village Tract",1807221
"Bago Region (West)","Thayarwady Township","Inn Ywar Village Tract",1807222
"Bago Region (West)","Thayarwady Township","Kyun Kone Village Tract",1807223
"Bago Region (West)","Thayarwady Township","Thea Hpyu Village Tract",1807224
"Bago Region (West)","Thayarwady Township","Chaung Thone Gwa Village Tract",1807225
"Bago Region (West)","Thayarwady Township","Thone Daunt Kan Village Tract",1807226
"Bago Region (West)","Thayarwady Township","Tha Pyay Kone Village Tract",1807227
"Bago Region (West)","Thayarwady Township","Kyauk Twin Village Tract",1807228
"Bago Region (West)","Thayarwady Township","Hpar Shwe Kyaw Village Tract",1807229
"Bago Region (West)","Thayarwady Township","Sin Sa Khan Gyi Village Tract",1807230
"Bago Region (West)","Thayarwady Township","Hle Lan Ku Village Tract",1807231
"Bago Region (West)","Thayarwady Township","Sa Khan Gyi Village Tract",1807232
"Bago Region (West)","Thayarwady Township","Kyaung Hnyar Kone Village Tract",1807233
"Bago Region (West)","Thayarwady Township","Zein Zar Village Tract",1807234
"Bago Region (West)","Thayarwady Township","Gon Min Myaung Village Tract",1807235
"Bago Region (West)","Thayarwady Township","Myauk Pan Swea Village Tract",1807236
"Bago Region (West)","Thayarwady Township","Taung Pan Swea Village Tract",1807237
"Bago Region (West)","Thayarwady Township","Let Pan Tone Village Tract",1807238
"Bago Region (West)","Thayarwady Township","Si Pin Village Tract",1807239
"Bago Region (West)","Thayarwady Township","Chan Thar Kone Village Tract",1807240
"Bago Region (West)","Thayarwady Township","Kyoet Kone Village Tract",1807241
"Bago Region (West)","Thayarwady Township","Thit Yar Kone Village Tract",1807242
"Bago Region (West)","Thayarwady Township","Ma Gyi Kwin Village Tract",1807243
"Bago Region (West)","Thayarwady Township","Taung Boet Shey Village Tract",1807244
"Bago Region (West)","Thayarwady Township","Chi Gyi Kwin Village Tract",1807245
"Bago Region (West)","Thayarwady Township","San Yway Village Tract",1807246
"Bago Region (West)","Thayarwady Township","Thar Yar Aye Village Tract",1807247
"Bago Region (West)","Letpadan Township","Kaing Taw Su Village Tract",1808200
"Bago Region (West)","Letpadan Township","Sin Ta Lin Village Tract",1808201
"Bago Region (West)","Letpadan Township","Yae Ngan Village Tract",1808202
"Bago Region (West)","Letpadan Township","Thit Yaung Pyin Village Tract",1808203
"Bago Region (West)","Letpadan Township","Myay See Village Tract",1808204
"Bago Region (West)","Letpadan Township","War Yon Pin Zin Village Tract",1808205
"Bago Region (West)","Letpadan Township","Hmaw Inn Village Tract",1808206
"Bago Region (West)","Letpadan Township","Pu Tein Su Village Tract",1808207
"Bago Region (West)","Letpadan Township","Moe Aing Village Tract",1808208
"Bago Region (West)","Letpadan Township","Kyun Ka Lay Village Tract",1808209
"Bago Region (West)","Letpadan Township","Chan Thar Kone Village Tract",1808210
"Bago Region (West)","Letpadan Township","Kyoet Pin Sa Khan Village Tract",1808211
"Bago Region (West)","Letpadan Township","Kun Chan Village Tract",1808212
"Bago Region (West)","Letpadan Township","Gway Tauk Kwin Village Tract",1808213
"Bago Region (West)","Letpadan Township","Ma Gyi Kwin Village Tract",1808214
"Bago Region (West)","Letpadan Township","Thaik War Chaung Village Tract",1808215
"Bago Region (West)","Letpadan Township","Na Be Kwin Village Tract",1808216
"Bago Region (West)","Letpadan Township","Sin Ku Wet Hla Village Tract",1808217
"Bago Region (West)","Letpadan Township","Yae Kan Village Tract",1808218
"Bago Region (West)","Letpadan Township","Pyin Htaung Twin Village Tract",1808219
"Bago Region (West)","Letpadan Township","Gon Min Kwin Village Tract",1808220
"Bago Region (West)","Letpadan Township","Nat Sin Kone Village Tract",1808221
"Bago Region (West)","Letpadan Township","Tar Sone Village Tract",1808222
"Bago Region (West)","Letpadan Township","Sin Ku Ywar Thit Village Tract",1808223
"Bago Region (West)","Letpadan Township","Nyaung Waing Village Tract",1808224
"Bago Region (West)","Letpadan Township","Oke Twin Village Tract",1808225
"Bago Region (West)","Letpadan Township","Kha Mon Seik Village Tract",1808226
"Bago Region (West)","Letpadan Township","Gon Hnyin Tan Village Tract",1808227
"Bago Region (West)","Letpadan Township","Taw Lat Tha Village Tract",1808228
"Bago Region (West)","Letpadan Township","Myin Ka Wa Village Tract",1808229
"Bago Region (West)","Letpadan Township","Aung Lan Kone Village Tract",1808230
"Bago Region (West)","Letpadan Township","Nat Hpan Kwin Village Tract",1808231
"Bago Region (West)","Letpadan Township","Sin Ma Ni Village Tract",1808232
"Bago Region (West)","Letpadan Township","Thi Dar Kone Village Tract",1808233
"Bago Region (West)","Letpadan Township","Ka Nyin To Village Tract",1808234
"Bago Region (West)","Letpadan Township","Thar Ra Waw Village Tract",1808235
"Bago Region (West)","Letpadan Township","Sein Tone Village Tract",1808236
"Bago Region (West)","Letpadan Township","Aing Ta Loke Village Tract",1808237
"Bago Region (West)","Letpadan Township","Zee Hpyu Kone Village Tract",1808238
"Bago Region (West)","Letpadan Township","Pauk Taw Su Village Tract",1808239
"Bago Region (West)","Letpadan Township","Lu Lin Kyaw Village Tract",1808240
"Bago Region (West)","Letpadan Township","Kun Thee Ta Pin Village Tract",1808241
"Bago Region (West)","Letpadan Township","Pyin Ka Toe Kone Village Tract",1808242
"Bago Region (West)","Letpadan Township","Taw Ka Lat Village Tract",1808243
"Bago Region (West)","Letpadan Township","Shan Su Village Tract",1808244
"Bago Region (West)","Letpadan Township","Yae Hlyan Village Tract",1808245
"Bago Region (West)","Letpadan Township","Yun Thwei Village Tract",1808246
"Bago Region (West)","Letpadan Township","Yae Kyi Village Tract",1808247
"Bago Region (West)","Letpadan Township","Baw Di Pin Village Tract",1808248
"Bago Region (West)","Minhla Township","Let Set Village Tract",1809200
"Bago Region (West)","Minhla Township","Tha Yaw (G) Village Tract",1809201
"Bago Region (West)","Minhla Township","Pan Taw Village Tract",1809202
"Bago Region (West)","Minhla Township","Let Pan Yae Kyaw Village Tract",1809203
"Bago Region (West)","Minhla Township","Tha Yaw (M) Village Tract",1809204
"Bago Region (West)","Minhla Township","Hle Pyin Tin Village Tract",1809205
"Bago Region (West)","Minhla Township","Htauk Kyant Kwin (M) Village Tract",1809206
"Bago Region (West)","Minhla Township","Nyaung Win Village Tract",1809207
"Bago Region (West)","Minhla Township","Tha Yet Ta Pin Village Tract",1809208
"Bago Region (West)","Minhla Township","Kywe Ta Lin Village Tract",1809209
"Bago Region (West)","Minhla Township","San Taung Kwayt Village Tract",1809210
"Bago Region (West)","Minhla Township","But Sein Bu Village Tract",1809211
"Bago Region (West)","Minhla Township","Khwet Ma Village Tract",1809212
"Bago Region (West)","Minhla Township","Kaing Pyin Gyi Village Tract",1809213
"Bago Region (West)","Minhla Township","San Boke Village Tract",1809214
"Bago Region (West)","Minhla Township","Wet Hla Gyi Village Tract",1809215
"Bago Region (West)","Minhla Township","U To Ka Nyin Pin Village Tract",1809216
"Bago Region (West)","Minhla Township","Si Kone Village Tract",1809217
"Bago Region (West)","Minhla Township","Thin Aing Village Tract",1809218
"Bago Region (West)","Minhla Township","Yway Kone Village Tract",1809219
"Bago Region (West)","Minhla Township","Za Yit Chaung Village Tract",1809220
"Bago Region (West)","Minhla Township","In Gyin Kone Village Tract",1809221
"Bago Region (West)","Minhla Township","Pet Tan Village Tract",1809222
"Bago Region (West)","Minhla Township","Htauk Kyant Village Tract",1809223
"Bago Region (West)","Minhla Township","Nyaung Thone Pin Village Tract",1809224
"Bago Region (West)","Minhla Township","Sar Ni Su Village Tract",1809225
"Bago Region (West)","Minhla Township","Oe Kwe Village Tract",1809226
"Bago Region (West)","Minhla Township","Kyaung Ywar Village Tract",1809227
"Bago Region (West)","Minhla Township","Gant Gaw Pin Village Tract",1809228
"Bago Region (West)","Minhla Township","Sit Kwin Village Tract",1809229
"Bago Region (West)","Minhla Township","Pauk Kone Village Tract",1809230
"Bago Region (West)","Minhla Township","Shar Taw Kwin Village Tract",1809231
"Bago Region (West)","Minhla Township","Byet Gyi Village Tract",1809232
"Bago Region (West)","Minhla Township","Thar Yar Kone Village Tract",1809233
"Bago Region (West)","Minhla Township","Ta Nar Po Village Tract",1809234
"Bago Region (West)","Minhla Township","Kan Thar Yar Village Tract",1809235
"Bago Region (West)","Minhla Township","Kyoet Kone (2) Village Tract",1809236
"Bago Region (West)","Minhla Township","Wet Hla Ka Lay Village Tract",1809237
"Bago Region (West)","Minhla Township","Thin Taw Kan Village Tract",1809238
"Bago Region (West)","Minhla Township","Shan Kone Village Tract",1809239
"Bago Region (West)","Minhla Township","Pay Pin Tan Village Tract",1809240
"Bago Region (West)","Minhla Township","Nyaung Kone Village Tract",1809241
"Bago Region (West)","Minhla Township","Oke Twin Village Tract",1809242
"Bago Region (West)","Minhla Township","Thea Kaw Village Tract",1809243
"Bago Region (West)","Minhla Township","Shwe Laung Village Tract",1809244
"Bago Region (West)","Minhla Township","Kyoet Kone (1) Village Tract",1809245
"Bago Region (West)","Minhla Township","Hle Ku Village Tract",1809246
"Bago Region (West)","Minhla Township","Di Hlaing Village Tract",1809247
"Bago Region (West)","Minhla Township","Sein Bu Village Tract",1809248
"Bago Region (West)","Minhla Township","Htan Pin Kone Village Tract",1809249
"Bago Region (West)","Minhla Township","Sin Te Kone Village Tract",1809250
"Bago Region (West)","Minhla Township","Thin Taw Yoe Village Tract",1809251
"Bago Region (West)","Minhla Township","Ah Lel Kone Village Tract",1809252
"Bago Region (West)","Minhla Township","Inn Boke Kone Village Tract",1809253
"Bago Region (West)","Minhla Township","Ohn Pin Pauk Village Tract",1809254
"Bago Region (West)","Okpho Township","Na Nwin Kone Village Tract",1810200
"Bago Region (West)","Okpho Township","Nga Shint Yoe Village Tract",1810201
"Bago Region (West)","Okpho Township","Tha Yet Kone Village Tract",1810202
"Bago Region (West)","Okpho Township","Ma Taunt Ta Village Tract",1810203
"Bago Region (West)","Okpho Township","Taung Kone Village Tract",1810204
"Bago Region (West)","Okpho Township","Kyat Chaung Village Tract",1810205
"Bago Region (West)","Okpho Township","Htu Kone Village Tract",1810206
"Bago Region (West)","Okpho Township","Ba Lar Village Tract",1810207
"Bago Region (West)","Okpho Township","Tet Swea Village Tract",1810208
"Bago Region (West)","Okpho Township","Hmet Ka Tan Village Tract",1810209
"Bago Region (West)","Okpho Township","Oke Twin Kone Village Tract",1810210
"Bago Region (West)","Okpho Township","Oe Thei Kone Village Tract",1810211
"Bago Region (West)","Okpho Township","Oke Shit Kone Village Tract",1810212
"Bago Region (West)","Okpho Township","Aye Mya Thar Yar Village Tract",1810213
"Bago Region (West)","Okpho Township","Ma Gyi Pin Village Tract",1810214
"Bago Region (West)","Okpho Township","Tei Pin Kyaw Village Tract",1810215
"Bago Region (West)","Okpho Township","Tei Pin Yoe Village Tract",1810216
"Bago Region (West)","Okpho Township","Htauk Kyant Kwin Village Tract",1810217
"Bago Region (West)","Okpho Township","Tin Goke Gyi Village Tract",1810218
"Bago Region (West)","Okpho Township","Lay Te Village Tract",1810219
"Bago Region (West)","Okpho Township","Shan Ywar Village Tract",1810220
"Bago Region (West)","Okpho Township","Gon Hnyin Tan Village Tract",1810221
"Bago Region (West)","Okpho Township","Ka Mun Chon Village Tract",1810222
"Bago Region (West)","Okpho Township","Tha Yet Pin Seik Village Tract",1810223
"Bago Region (West)","Okpho Township","Kyun Kauk Pin Village Tract",1810224
"Bago Region (West)","Okpho Township","Shar Taw Kwin Village Tract",1810225
"Bago Region (West)","Okpho Township","Sin Gaung Village Tract",1810226
"Bago Region (West)","Okpho Township","Kyun Kone Village Tract",1810227
"Bago Region (West)","Okpho Township","Thin Pan Kone Village Tract",1810228
"Bago Region (West)","Okpho Township","Hlwa Zin Village Tract",1810229
"Bago Region (West)","Okpho Township","Bu Ta Let Tan Village Tract",1810230
"Bago Region (West)","Okpho Township","Tin Seik Village Tract",1810231
"Bago Region (West)","Okpho Township","Daung Sa Par Village Tract",1810232
"Bago Region (West)","Okpho Township","Let Pa Taw Village Tract",1810233
"Bago Region (West)","Okpho Township","Waing Village Tract",1810234
"Bago Region (West)","Okpho Township","Hpa Lan Pin Village Tract",1810235
"Bago Region (West)","Okpho Township","Auk Kaing Village Tract",1810236
"Bago Region (West)","Okpho Township","Kyoet Koe Pin Village Tract",1810237
"Bago Region (West)","Okpho Township","Kaing Gyi Village Tract",1810238
"Bago Region (West)","Okpho Township","Tha Hpan Pin Seik Village Tract",1810239
"Bago Region (West)","Okpho Township","Myaung Village Tract",1810240
"Bago Region (West)","Okpho Township","Hnaw Kone Village Tract",1810241
"Bago Region (West)","Okpho Township","Tein Myoke Village Tract",1810242
"Bago Region (West)","Okpho Township","Ah Lel Kone Village Tract",1810243
"Bago Region (West)","Okpho Township","Htan Pin Kone Village Tract",1810244
"Bago Region (West)","Okpho Township","Win Tha Yet Village Tract",1810245
"Bago Region (West)","Okpho Township","Kan Thar Yar Village Tract",1810246
"Bago Region (West)","Okpho Township","Tha Yet Hnit Hpyar Lein Village Tract",1810247
"Bago Region (West)","Okpho Township","Shan Kone Village Tract",1810248
"Bago Region (West)","Okpho Township","Thea Kaw Village Tract",1810249
"Bago Region (West)","Okpho Township","Pan Tin Village Tract",1810250
"Bago Region (West)","Okpho Township","Chaung Gaung Village Tract",1810251
"Bago Region (West)","Okpho Township","Leik U Kone Village Tract",1810252
"Bago Region (West)","Okpho Township","Chaung Gwa (G) Village Tract",1810253
"Bago Region (West)","Zigon Township","Tei Pin Kan Village Tract",1811200
"Bago Region (West)","Zigon Township","Lay Myet Hnar Village Tract",1811201
"Bago Region (West)","Zigon Township","Za Yat Hla Village Tract",1811202
"Bago Region (West)","Zigon Township","Chaung Kan Village Tract",1811203
"Bago Region (West)","Zigon Township","Thit Na Hpar Village Tract",1811204
"Bago Region (West)","Zigon Township","Taung Poet Thar Yar Village Tract",1811205
"Bago Region (West)","Zigon Township","Thar Paung Village Tract",1811206
"Bago Region (West)","Zigon Township","Nwar Te Kone Village Tract",1811207
"Bago Region (West)","Zigon Township","Wet Sa Poe Village Tract",1811208
"Bago Region (West)","Zigon Township","Chaung Zauk Village Tract",1811209
"Bago Region (West)","Zigon Township","Ku Hpyu Village Tract",1811210
"Bago Region (West)","Zigon Township","Lel Ma Village Tract",1811211
"Bago Region (West)","Zigon Township","Hpa Yar Gyi Kone Village Tract",1811212
"Bago Region (West)","Zigon Township","Thin Kan Village Tract",1811213
"Bago Region (West)","Zigon Township","Ywar Waing Gyi Village Tract",1811214
"Bago Region (West)","Zigon Township","Baw Bin Village Tract",1811215
"Bago Region (West)","Zigon Township","Mee Kauk Pin Village Tract",1811216
"Bago Region (West)","Zigon Township","Seik Hpu Kyin Village Tract",1811217
"Bago Region (West)","Zigon Township","Kan Ka Lay Village Tract",1811218
"Bago Region (West)","Zigon Township","Shwe Kyoet Pin Village Tract",1811219
"Bago Region (West)","Zigon Township","Maw Ya Village Tract",1811220
"Bago Region (West)","Zigon Township","Tha Yet Ta Pin Village Tract",1811221
"Bago Region (West)","Zigon Township","Kan Ta Li Village Tract",1811222
"Bago Region (West)","Zigon Township","Tha Pyay Sein Village Tract",1811223
"Bago Region (West)","Zigon Township","Ma Yin Village Tract",1811224
"Bago Region (West)","Zigon Township","Hpa Yar Pyo Village Tract",1811225
"Bago Region (West)","Zigon Township","Sa Bai Hmyaung Village Tract",1811226
"Bago Region (West)","Zigon Township","Ka Zin Gyi Village Tract",1811227
"Bago Region (West)","Zigon Township","Be Inn Village Tract",1811228
"Bago Region (West)","Nattalin Township","Hlay Kyat Kone Village Tract",1812200
"Bago Region (West)","Nattalin Township","Pwe Thar Village Tract",1812201
"Bago Region (West)","Nattalin Township","Chin Kone Kan Village Tract",1812202
"Bago Region (West)","Nattalin Township","Kywe Thay Village Tract",1812203
"Bago Region (West)","Nattalin Township","Mon Ywar Gyi Village Tract",1812204
"Bago Region (West)","Nattalin Township","Chin Yoke Kwin Village Tract",1812205
"Bago Region (West)","Nattalin Township","Pauk Kone Village Tract",1812206
"Bago Region (West)","Nattalin Township","Chaung Gwa Village Tract",1812207
"Bago Region (West)","Nattalin Township","Hteik Peik Village Tract",1812208
"Bago Region (West)","Nattalin Township","Thar Yar Kone Village Tract",1812209
"Bago Region (West)","Nattalin Township","Ma Gyi Su Village Tract",1812210
"Bago Region (West)","Nattalin Township","Chaung Thone Gwa Village Tract",1812211
"Bago Region (West)","Nattalin Township","Kyan Taw Village Tract",1812212
"Bago Region (West)","Nattalin Township","Tar Pun Village Tract",1812213
"Bago Region (West)","Nattalin Township","Zee Pin Kwayt Village Tract",1812214
"Bago Region (West)","Nattalin Township","Shwe Kyar Pin Village Tract",1812215
"Bago Region (West)","Nattalin Township","Hla Pa Chin Village Tract",1812216
"Bago Region (West)","Nattalin Township","Oke Twin Kone Village Tract",1812217
"Bago Region (West)","Nattalin Township","Ku Lar Tet Twin Village Tract",1812218
"Bago Region (West)","Nattalin Township","Tha Khut Tan Village Tract",1812219
"Bago Region (West)","Nattalin Township","Nwe Khway Village Tract",1812220
"Bago Region (West)","Nattalin Township","Kone Thar Village Tract",1812221
"Bago Region (West)","Nattalin Township","Yae Kyi Village Tract",1812222
"Bago Region (West)","Nattalin Township","Hpa Lan Kone Village Tract",1812223
"Bago Region (West)","Nattalin Township","Yae Hmway Village Tract",1812224
"Bago Region (West)","Nattalin Township","Taung Yar Taw Village Tract",1812225
"Bago Region (West)","Nattalin Township","Ka Tet Kone Village Tract",1812226
"Bago Region (West)","Nattalin Township","Pyin Ma Kone Village Tract",1812227
"Bago Region (West)","Nattalin Township","Kyoe Kyar Kan Village Tract",1812228
"Bago Region (West)","Nattalin Township","Oke Hpo Su Village Tract",1812229
"Bago Region (West)","Nattalin Township","Dhamma Kya Village Tract",1812230
"Bago Region (West)","Nattalin Township","Pan Tin Gyi Village Tract",1812231
"Bago Region (West)","Nattalin Township","Gyeik Taw Gyi Village Tract",1812232
"Bago Region (West)","Nattalin Township","Shar Hpyu Kone Village Tract",1812233
"Bago Region (West)","Nattalin Township","Ka Nyin Kan Village Tract",1812234
"Bago Region (West)","Nattalin Township","Mei Za Li Tan Village Tract",1812235
"Bago Region (West)","Nattalin Township","Put Su Village Tract",1812236
"Bago Region (West)","Nattalin Township","Le Taw Village Tract",1812237
"Bago Region (West)","Nattalin Township","Gyin Yar Kone Village Tract",1812238
"Bago Region (West)","Nattalin Township","Tha Yet Ta Pin Village Tract",1812239
"Bago Region (West)","Nattalin Township","Myo Chan Village Tract",1812240
"Bago Region (West)","Nattalin Township","Kan Thar Village Tract",1812241
"Bago Region (West)","Nattalin Township","Ah Nauk Su Village Tract",1812242
"Bago Region (West)","Nattalin Township","Htein Thay Village Tract",1812243
"Bago Region (West)","Nattalin Township","Myo Soe Village Tract",1812244
"Bago Region (West)","Nattalin Township","Ta Khun Taing Village Tract",1812245
"Bago Region (West)","Nattalin Township","Ywar Thar Kone Village Tract",1812246
"Bago Region (West)","Nattalin Township","Kya Khat War Yon Village Tract",1812247
"Bago Region (West)","Nattalin Township","Thet Nge Pyin Village Tract",1812248
"Bago Region (West)","Nattalin Township","Pa Dat Kone Village Tract",1812249
"Bago Region (West)","Nattalin Township","Pauk Tone Village Tract",1812250
"Bago Region (West)","Nattalin Township","Let Khoke Pin Village Tract",1812251
"Bago Region (West)","Nattalin Township","Thea Chaung Village Tract",1812252
"Bago Region (West)","Nattalin Township","Kyun Ka Lay Village Tract",1812253
"Bago Region (West)","Nattalin Township","But Taw Village Tract",1812254
"Bago Region (West)","Nattalin Township","Oke Tan Village Tract",1812255
"Bago Region (West)","Nattalin Township","Pe Ma Khan Village Tract",1812256
"Bago Region (West)","Nattalin Township","Kyoet Pin Thar Village Tract",1812257
"Bago Region (West)","Nattalin Township","San Ka Lay Village Tract",1812258
"Bago Region (West)","Nattalin Township","Dahmma Nge Village Tract",1812259
"Bago Region (West)","Nattalin Township","San Chaung Village Tract",1812260
"Bago Region (West)","Nattalin Township","Tin Pyin Khway Village Tract",1812261
"Bago Region (West)","Nattalin Township","Saung Hwet Village Tract",1812262
"Bago Region (West)","Nattalin Township","Let Pan Pin Su Village Tract",1812263
"Bago Region (West)","Nattalin Township","Si Son Kone Village Tract",1812264
"Bago Region (West)","Nattalin Township","Hpa Lan Pin Village Tract",1812265
"Bago Region (West)","Nattalin Township","Thar Si Village Tract",1812266
"Bago Region (West)","Nattalin Township","Chaung Kan Gyi Village Tract",1812267
"Bago Region (West)","Nattalin Township","Lel Thar Village Tract",1812268
"Bago Region (West)","Nattalin Township","Kyauk Khwet Village Tract",1812269
"Bago Region (West)","Nattalin Township","Lel Ma Inn Village Tract",1812270
"Bago Region (West)","Nattalin Township","Pyin Pon Village Tract",1812271
"Bago Region (West)","Nattalin Township","Aung Ya Ta Nar Village Tract",1812272
"Bago Region (West)","Nattalin Township","Aung Thar Yar Village Tract",1812273
"Bago Region (West)","Nattalin Township","Aung Myanmar (2) Village Tract",1812274
"Bago Region (West)","Nattalin Township","Aung Zay Yar Village Tract",1812275
"Bago Region (West)","Nattalin Township","Pyin Ma Khaung Village Tract",1812276
"Bago Region (West)","Nattalin Township","Aung Myanmar (1) Village Tract",1812277
"Bago Region (West)","Monyo Township","Zee Pin Village Tract",1813200
"Bago Region (West)","Monyo Township","Tet Swea Village Tract",1813201
"Bago Region (West)","Monyo Township","Htan Pin Kone Village Tract",1813202
"Bago Region (West)","Monyo Township","Thar Yar Kone Village Tract",1813203
"Bago Region (West)","Monyo Township","Kyun Nyo Village Tract",1813204
"Bago Region (West)","Monyo Township","Nyaung Waing Village Tract",1813205
"Bago Region (West)","Monyo Township","Nga Kei Village Tract",1813206
"Bago Region (West)","Monyo Township","Wea Gyi Village Tract",1813207
"Bago Region (West)","Monyo Township","Sa Bai Hmyaung Village Tract",1813208
"Bago Region (West)","Monyo Township","Htein Taw Village Tract",1813209
"Bago Region (West)","Monyo Township","Ma Tawt Kone Village Tract",1813210
"Bago Region (West)","Monyo Township","Zin Chaung Village Tract",1813211
"Bago Region (West)","Monyo Township","Kyoet Pin Thar Village Tract",1813212
"Bago Region (West)","Monyo Township","Shwe Khe Village Tract",1813213
"Bago Region (West)","Monyo Township","Pauk Kone Village Tract",1813214
"Bago Region (West)","Monyo Township","Hpa Yar Ngu Village Tract",1813215
"Bago Region (West)","Monyo Township","Inn Taw Ta Loke Village Tract",1813216
"Bago Region (West)","Monyo Township","Yae Kin Village Tract",1813217
"Bago Region (West)","Monyo Township","Son Kone Village Tract",1813218
"Bago Region (West)","Monyo Township","Oe Bo Kyun Village Tract",1813219
"Bago Region (West)","Monyo Township","Myit Thar Village Tract",1813220
"Bago Region (West)","Monyo Township","Pat Taw Village Tract",1813221
"Bago Region (West)","Monyo Township","Kayin Chaung Village Tract",1813222
"Bago Region (West)","Monyo Township","Myauk Loke Kone Village Tract",1813223
"Bago Region (West)","Monyo Township","Ywar Thar Yar Village Tract",1813224
"Bago Region (West)","Monyo Township","Kyauk Wa Village Tract",1813225
"Bago Region (West)","Monyo Township","Sin Ma Naing Village Tract",1813226
"Bago Region (West)","Monyo Township","Let Pan Khon Village Tract",1813227
"Bago Region (West)","Monyo Township","Sin Gaung Village Tract",1813228
"Bago Region (West)","Monyo Township","Hin Thar Chaung Village Tract",1813229
"Bago Region (West)","Monyo Township","Shar Taw Kyun Village Tract",1813230
"Bago Region (West)","Monyo Township","Nyaung Lay Pin Village Tract",1813231
"Bago Region (West)","Monyo Township","Yae Lel Thaung Village Tract",1813232
"Bago Region (West)","Monyo Township","Myay Zar Village Tract",1813233
"Bago Region (West)","Monyo Township","Hpan Khar Pin Village Tract",1813234
"Bago Region (West)","Monyo Township","Hpa Lan Chaung Village Tract",1813235
"Bago Region (West)","Monyo Township","Min Du Village Tract",1813236
"Bago Region (West)","Gyobingauk Township","Min Oh Village Tract",1814200
"Bago Region (West)","Gyobingauk Township","Nyaung Pin Myin See Village Tract",1814201
"Bago Region (West)","Gyobingauk Township","Hpa Yar Gyi Kone Village Tract",1814202
"Bago Region (West)","Gyobingauk Township","Zin Pyun Kone Village Tract",1814203
"Bago Region (West)","Gyobingauk Township","Tha Yet Kone Village Tract",1814204
"Bago Region (West)","Gyobingauk Township","Zay Di Kone Village Tract",1814205
"Bago Region (West)","Gyobingauk Township","Kyauk Wa Village Tract",1814206
"Bago Region (West)","Gyobingauk Township","Chaung Nar Su Village Tract",1814207
"Bago Region (West)","Gyobingauk Township","Oe Bo Kone Village Tract",1814208
"Bago Region (West)","Gyobingauk Township","Ohn Hne Kyaw Tan Village Tract",1814209
"Bago Region (West)","Gyobingauk Township","Shar Pin Ta Village Tract",1814210
"Bago Region (West)","Gyobingauk Township","Sit Kone (1) Village Tract",1814211
"Bago Region (West)","Gyobingauk Township","Pyin Taung Kwin Village Tract",1814212
"Bago Region (West)","Gyobingauk Township","Sin Nin Pin Village Tract",1814213
"Bago Region (West)","Gyobingauk Township","Lein Pin Kwin Village Tract",1814214
"Bago Region (West)","Gyobingauk Township","Gon Ma Kwin Village Tract",1814215
"Bago Region (West)","Gyobingauk Township","Oke Kan Village Tract",1814216
"Bago Region (West)","Gyobingauk Township","Kyun Kone Gyi Village Tract",1814217
"Bago Region (West)","Gyobingauk Township","Saing Gaung Village Tract",1814218
"Bago Region (West)","Gyobingauk Township","Bu Gyi Village Tract",1814219
"Bago Region (West)","Gyobingauk Township","Tu Myaung Village Tract",1814220
"Bago Region (West)","Gyobingauk Township","Let Pan Pin Su Village Tract",1814221
"Bago Region (West)","Gyobingauk Township","Aung Pin Thar Village Tract",1814222
"Bago Region (West)","Gyobingauk Township","Ma Yin Chaung Gwa Village Tract",1814223
"Bago Region (West)","Gyobingauk Township","Kywe Thay Village Tract",1814224
"Bago Region (West)","Gyobingauk Township","Kya Khat Tan Village Tract",1814225
"Bago Region (West)","Gyobingauk Township","Kyoet Pin Sa Khan Village Tract",1814226
"Bago Region (West)","Gyobingauk Township","Sit Kone (2) Village Tract",1814227
"Bago Region (West)","Gyobingauk Township","Thet Yin Kone Village Tract",1814228
"Bago Region (West)","Gyobingauk Township","Kyoet Kone Village Tract",1814229
"Bago Region (West)","Gyobingauk Township","Hpone Soe Su Village Tract",1814230
"Bago Region (West)","Gyobingauk Township","Kyun Kone Village Tract",1814231
"Bago Region (West)","Gyobingauk Township","Bwet Yoe Village Tract",1814232
"Bago Region (West)","Gyobingauk Township","Ohn Taw Village Tract",1814233
"Bago Region (West)","Gyobingauk Township","Htu Kan Village Tract",1814234
"Bago Region (West)","Gyobingauk Township","Kan Gyi Village Tract",1814235
"Bago Region (West)","Gyobingauk Township","Kaing Yar Shey Village Tract",1814236
"Bago Region (West)","Gyobingauk Township","Hlay Tone Village Tract",1814237
"Bago Region (West)","Gyobingauk Township","Oke Twin Kone Village Tract",1814238
"Bago Region (West)","Gyobingauk Township","Tha Pyay Yon Village Tract",1814239
"Bago Region (West)","Gyobingauk Township","Hnget Gyi Thaik Village Tract",1814240
"Bago Region (West)","Gyobingauk Township","Kyun Net Kone Village Tract",1814241
"Bago Region (West)","Gyobingauk Township","Hman Pin Htu Village Tract",1814242
"Bago Region (West)","Gyobingauk Township","Myo Twin Village Tract",1814243
"Bago Region (West)","Gyobingauk Township","Myo Kaing Village Tract",1814244
"Bago Region (West)","Gyobingauk Township","Yone Chaung Village Tract",1814245
"Bago Region (West)","Gyobingauk Township","U Yin Gyi Village Tract",1814246
"Bago Region (West)","Gyobingauk Township","Kan U Village Tract",1814247
"Bago Region (West)","Gyobingauk Township","Kone Ywar Village Tract",1814248
