﻿Region,"Town / Township","Ward / Village Tract","Postal Code"
"Mandalay Region","Aungmyaythazan Township","Bone Taw Toe Quarter",0501001
"Mandalay Region","Aungmyaythazan Township","Daw Na Bwar Quarter",0501002
"Mandalay Region","Aungmyaythazan Township","Ah Hneik Taw Quarter",0501003
"Mandalay Region","Aungmyaythazan Township","Pyi Gyi Kyet Tha Yae (East) Quarter",0501004
"Mandalay Region","Aungmyaythazan Township","Pyi Gyi Kyet Tha Yae (West) Quarter",0501005
"Mandalay Region","Aungmyaythazan Township","Pale Ngwe Yaung Quarter",0501006
"Mandalay Region","Aungmyaythazan Township","May Ga Gi Ri Quarter",0501007
"Mandalay Region","Aungmyaythazan Township","Aung Myay Thar Zan Quarter",0501008
"Mandalay Region","Aungmyaythazan Township","Min Tei Ei Kin Quarter",0501009
"Mandalay Region","Aungmyaythazan Township","Nyaung Kwe Quarter",0501010
"Mandalay Region","Aungmyaythazan Township","Pyi Gyi Yan Lon Quarter",0501011
"Mandalay Region","Aungmyaythazan Township","Pyi Lone Chan Thar Quarter",0501012
"Mandalay Region","Aungmyaythazan Township","Ah Ma Ra Htar Ni (East) Quarter",0501013
"Mandalay Region","Aungmyaythazan Township","Ah Ma Ra Htar Ni (West) Quarter",0501014
"Mandalay Region","Aungmyaythazan Township","U Poke Htaw Quarter",0501015
"Mandalay Region","Aungmyaythazan Township","Oe Bo Quarter",0501016
"Mandalay Region","Aungmyaythazan Township","Thi Ri Mar Lar (East) Quarter",0501017
"Mandalay Region","Aungmyaythazan Township","Thi Ri Mar Lar (West) Quarter",0501018
"Mandalay Region","Aungmyaythazan Township","Ma Har Zay Yar Bon Quarter",0501019
"Mandalay Region","Chanayethazan Township","Aung Nan Yeik Thar (East) Quarter",0502001
"Mandalay Region","Chanayethazan Township","Aung Nan Yeik Thar (West) Quarter",0502002
"Mandalay Region","Chanayethazan Township","Chan Aye Thar Zan (East) Quarter",0502003
"Mandalay Region","Chanayethazan Township","Chan Aye Thar Zan (Middle) Quarter",0502004
"Mandalay Region","Chanayethazan Township","Chan Aye Thar Zan (West) Quarter",0502005
"Mandalay Region","Chanayethazan Township","Day Wun (West) Quarter",0502006
"Mandalay Region","Chanayethazan Township","Hay Mar Za La Quarter",0502007
"Mandalay Region","Chanayethazan Township","Kan Kauk Quarter",0502008
"Mandalay Region","Chanayethazan Township","Kit Sa Na Ma Hi Quarter",0502009
"Mandalay Region","Chanayethazan Township","Maw Ra Gi War Quarter",0502010
"Mandalay Region","Chanayethazan Township","Pat Kone Pyaw Bwei Quarter",0502011
"Mandalay Region","Chanayethazan Township","Pat Kone Wun Kyin Quarter",0502012
"Mandalay Region","Chanayethazan Township","Pyi Gyi Myet Hman Quarter",0502013
"Mandalay Region","Chanayethazan Township","Pyi Gyi Myet Shin Quarter",0502014
"Mandalay Region","Chanayethazan Township","Pyi Gyi Pyawbwe (East) Quarter",0502015
"Mandalay Region","Chanayethazan Township","Pyi Gyi Pyawbwe (West) Quarter",0502016
"Mandalay Region","Chanayethazan Township","Seik Ta Ra Ma Hi Quarter",0502017
"Mandalay Region","Chanayethazan Township","Thi Ri Hay Mar (East) Quarter",0502018
"Mandalay Region","Chanayethazan Township","Thi Ri Hay Mar (West) Quarter",0502019
"Mandalay Region","Chanayethazan Township","Yan Myo Lon Quarter",0502020
"Mandalay Region","Mahaaungmyay Township","Ma Har Nwe Sin Quarter",0503001
"Mandalay Region","Mahaaungmyay Township","Set Kyar Nwe Sin Quarter",0503002
"Mandalay Region","Mahaaungmyay Township","Hay Ma Mar Lar (North) Quarter",0503003
"Mandalay Region","Mahaaungmyay Township","Hay Ma Mar Lar (South) Quarter",0503004
"Mandalay Region","Mahaaungmyay Township","Ya Da Nar Bon Mi (East) Quarter",0503005
"Mandalay Region","Mahaaungmyay Township","Ya Da Nar Bon Mi (West) Quarter",0503006
"Mandalay Region","Mahaaungmyay Township","Ma Har Aung Myay (East) Quarter",0503007
"Mandalay Region","Mahaaungmyay Township","Ma Har Aung Myay (West) Quarter",0503008
"Mandalay Region","Mahaaungmyay Township","Shwe Hpone Shein Quarter",0503009
"Mandalay Region","Mahaaungmyay Township","Chan Mya Thar Zi (North) Quarter",0503010
"Mandalay Region","Mahaaungmyay Township","Tet Ka Tho Quarter",0503011
"Mandalay Region","Mahaaungmyay Township","Sein Pan Quarter",0503012
"Mandalay Region","Mahaaungmyay Township","Day Wun (East) Quarter",0503013
"Mandalay Region","Mahaaungmyay Township","Than Hlyat Maw (West) Quarter",0503014
"Mandalay Region","Mahaaungmyay Township","Than Hlyat Maw (East) Quarter",0503015
"Mandalay Region","Mahaaungmyay Township","Ma Har Myaing (1) Quarter",0503016
"Mandalay Region","Mahaaungmyay Township","Ma Har Myaing (2) Quarter",0503017
"Mandalay Region","Mahaaungmyay Township","Ye Mun (South) Quarter",0503018
"Mandalay Region","Chanmyathazi Township","Than Hlyet Maw (South) Quarter",0504001
"Mandalay Region","Chanmyathazi Township","Kyung Lone U Shaung Quarter",0504002
"Mandalay Region","Chanmyathazi Township","Tan Pa Wa Di Quarter",0504003
"Mandalay Region","Chanmyathazi Township","Chan Mya Thar Zi (South) Quarter",0504004
"Mandalay Region","Chanmyathazi Township","Myo Thit No (1) Quarter",0504005
"Mandalay Region","Chanmyathazi Township","Myo Thit No (2) Quarter",0504006
"Mandalay Region","Chanmyathazi Township","Myo Thit No (3) Quarter",0504007
"Mandalay Region","Chanmyathazi Township","Myo Thit No (4) Quarter",0504008
"Mandalay Region","Chanmyathazi Township","Myo Thit No (5) Quarter",0504009
"Mandalay Region","Chanmyathazi Township","Kan Thar Yar Quarter",0504010
"Mandalay Region","Chanmyathazi Township","Aung Pin Lel Quarter",0504011
"Mandalay Region","Chanmyathazi Township","Htun Tone Quarter",0504012
"Mandalay Region","Chanmyathazi Township","Mya Yi Nan Dar Quarter",0504013
"Mandalay Region","Chanmyathazi Township","Aung Thar Yar Quarter",0504014
"Mandalay Region","Pyigyitagon Township","Chan Mya Thar Yar Quarter",0505001
"Mandalay Region","Pyigyitagon Township","Ngwe Taw Kyi Kone Quarter",0505002
"Mandalay Region","Pyigyitagon Township","Thin Pan Kone Quarter",0505003
"Mandalay Region","Pyigyitagon Township","Ta Khun Taing Quarter",0505004
"Mandalay Region","Pyigyitagon Township","Taung Myint Quarter",0505005
"Mandalay Region","Pyigyitagon Township","Yar Taw Quarter",0505006
"Mandalay Region","Pyigyitagon Township","Htein Kone Quarter",0505007
"Mandalay Region","Pyigyitagon Township","(Ka Gyi) Quarter",0505008
"Mandalay Region","Pyigyitagon Township","(Kha Gway) Quarter",0505009
"Mandalay Region","Pyigyitagon Township","(Ga Nge) Quarter",0505010
"Mandalay Region","Pyigyitagon Township","(Ga Gyi) Quarter",0505011
"Mandalay Region","Pyigyitagon Township","(Nga) Quarter",0505012
"Mandalay Region","Pyigyitagon Township","(Sa Lone) Quarter",0505013
"Mandalay Region","Pyigyitagon Township","(Sa Lein) Quarter",0505014
"Mandalay Region","Pyigyitagon Township","(Za Gwe) Quarter",0505015
"Mandalay Region","Pyigyitagon Township","(Za Myin Zwe) Quarter",0505016
"Mandalay Region","Pyigyitagon Township","(Nya) Quarter",0505017
"Mandalay Region","Pyigyitagon Township","(Ta Ta Lin Cheik) Quarter",0505018
"Mandalay Region","Amarapura Township","Taung Gyi Quarter",0506001
"Mandalay Region","Amarapura Township","Kyan Tan Quarter",0506002
"Mandalay Region","Amarapura Township","Hman Tan Quarter",0506003
"Mandalay Region","Amarapura Township","Zay Cho Quarter",0506004
"Mandalay Region","Amarapura Township","Shwe Gun Htoke Quarter",0506005
"Mandalay Region","Amarapura Township","Lay Su Ward Quarter",0506006
"Mandalay Region","Amarapura Township","Oe Taw Quarter",0506007
"Mandalay Region","Amarapura Township","Sin Swei Put Quarter",0506008
"Mandalay Region","Patheingyi Township","Myo Ma Quarter",0507001
"Mandalay Region","Pyinoolwin Township","Yat Kwet Gyi (1) Ward Quarter",0508001
"Mandalay Region","Pyinoolwin Township","Yat Kwet Gyi (2) Ward Quarter",0508002
"Mandalay Region","Pyinoolwin Township","Yat Kwet Gyi (3) Ward Quarter",0508003
"Mandalay Region","Pyinoolwin Township","Yat Kwet Gyi (4) Ward Quarter",0508004
"Mandalay Region","Pyinoolwin Township","Yat Kwet Gyi (5) Ward Quarter",0508005
"Mandalay Region","Pyinoolwin Township","Yat Kwet Gyi (6) Ward Quarter",0508006
"Mandalay Region","Pyinoolwin Township","Yat Kwet Gyi (7) Ward Quarter",0508007
"Mandalay Region","Pyinoolwin Township","Pa Day Thar(Yat Kwet Gyi (8) ) Quarter",0508008
"Mandalay Region","Pyinoolwin Township","Nan Da Wun  (Yat Kwet Gyi (9)) Quarter",0508009
"Mandalay Region","Pyinoolwin Township","Yat Kwet Gyi (10) Ward Quarter",0508010
"Mandalay Region","Pyinoolwin Township","Yat Kwet Gyi (11) Ward Quarter",0508011
"Mandalay Region","Pyinoolwin Township","Yat Kwet Gyi (12) Ward Quarter",0508012
"Mandalay Region","Pyinoolwin Township","Yat Kwet Gyi (13) Ward Quarter",0508013
"Mandalay Region","Pyinoolwin Township","Yat Kwet Gyi (14) Ward Quarter",0508014
"Mandalay Region","Pyinoolwin Township","Yat Kwet Gyi (15) Ward Quarter",0508015
"Mandalay Region","Pyinoolwin Township","Yat Kwet Gyi (16) Ward Quarter",0508016
"Mandalay Region","Pyinoolwin Township","Yat Kwet Gyi (17) Ward Quarter",0508017
"Mandalay Region","Pyinoolwin Township","Yat Kwet Gyi (18) Ward Quarter",0508018
"Mandalay Region","Pyinoolwin Township","Yat Kwet Gyi (19) Ward Quarter",0508019
"Mandalay Region","Pyinoolwin Township","Yat Kwet Gyi (20) Ward Quarter",0508020
"Mandalay Region","Pyinoolwin Township","Yat Kwet Gyi (21) Ward Quarter",0508021
"Mandalay Region","Mogoke Township","Myo Ma Quarter",0509001
"Mandalay Region","Mogoke Township","Shaw Li Waing Quarter",0509002
"Mandalay Region","Mogoke Township","Min Ta Dar Quarter",0509003
"Mandalay Region","Mogoke Township","Lel U Quarter",0509004
"Mandalay Region","Mogoke Township","Yae Pu Quarter",0509005
"Mandalay Region","Thabeikkyin Township","Seik Kan Quarter",0510001
"Mandalay Region","Thabeikkyin Township","Ka Beit Quarter",0510002
"Mandalay Region","Singu Township","No (1) Quarter",0511001
"Mandalay Region","Singu Township","No (2) Quarter",0511002
"Mandalay Region","Madaya Township","No (1) Quarter",0512001
"Mandalay Region","Madaya Township","No (2) Quarter",0512002
"Mandalay Region","Madaya Township","No (3) Quarter",0512003
"Mandalay Region","Madaya Township","No (4) Quarter",0512004
"Mandalay Region","Madaya Township","No (5) Quarter",0512005
"Mandalay Region","Tada-U Township","No (1) Quarter",0513001
"Mandalay Region","Tada-U Township","No (2) Quarter",0513002
"Mandalay Region","Tada-U Township","No (3) Quarter",0513003
"Mandalay Region","Sintgaing Township","Myo Thit Quarter",0514001
"Mandalay Region","Sintgaing Township","Myo Ma Quarter",0514002
"Mandalay Region","Sintgaing Township","Ywar Naing Quarter",0514003
"Mandalay Region","Sintgaing Township","Ta Yoke Su Quarter",0514004
"Mandalay Region","Sintgaing Township","Yan Aung Myin Quarter",0514005
"Mandalay Region","Kyaukse Township","Su Kone Quarter",0515001
"Mandalay Region","Kyaukse Township","Zay Tan Quarter",0515002
"Mandalay Region","Kyaukse Township","Hpaung Ywar Quarter",0515003
"Mandalay Region","Kyaukse Township","Su Gyi Quarter",0515004
"Mandalay Region","Kyaukse Township","Pyi Lone Naing Quarter",0515005
"Mandalay Region","Kyaukse Township","Min Yat Quarter",0515006
"Mandalay Region","Kyaukse Township","Baw Ga Wa Di Quarter",0515007
"Mandalay Region","Kyaukse Township","Ye Su Quarter",0515008
"Mandalay Region","Kyaukse Township","Kyet Min Tun Quarter",0515009
"Mandalay Region","Kyaukse Township","Aye Mya Kyi Lin Quarter",0515010
"Mandalay Region","Myittha Township","Bu Tar Quarter",0516001
"Mandalay Region","Myittha Township","Min Kone Quarter",0516002
"Mandalay Region","Myittha Township","Shwe Thu Htay Quarter",0516003
"Mandalay Region","Myittha Township","Shan Pwe Quarter",0516004
"Mandalay Region","Myittha Township","Myo Ma (West) Quarter",0516005
"Mandalay Region","Myittha Township","Myo Ma (East) Quarter",0516006
"Mandalay Region","Wundwin Township","Wundwin Myo Ma No (1) Quarter",0517001
"Mandalay Region","Wundwin Township","Wundwin Myo Ma No (2) Quarter",0517002
"Mandalay Region","Wundwin Township","Wundwin Myo Ma No (3) Quarter",0517003
"Mandalay Region","Wundwin Township","Thea Taw Myo Ma No (1) Quarter",0517004
"Mandalay Region","Wundwin Township","Thea Taw Myo Ma No (2) Quarter",0517005
"Mandalay Region","Wundwin Township","Thea Taw Myo Ma No (3) Quarter",0517006
"Mandalay Region","Meiktila Township","Aung San Quarter",0518001
"Mandalay Region","Meiktila Township","Pauk Chaung Quarter",0518002
"Mandalay Region","Meiktila Township","Nan Taw Kone Quarter",0518003
"Mandalay Region","Meiktila Township","Myo Ma Quarter",0518004
"Mandalay Region","Meiktila Township","Ah Shey Pyin Quarter",0518005
"Mandalay Region","Meiktila Township","Ya Da Nar Man Aung Quarter",0518006
"Mandalay Region","Meiktila Township","Aung Zay Yar Quarter",0518007
"Mandalay Region","Meiktila Township","Wun Zin Quarter",0518008
"Mandalay Region","Meiktila Township","Yan Myo Aung Quarter",0518009
"Mandalay Region","Meiktila Township","Kyi Taw Kone Quarter",0518010
"Mandalay Region","Meiktila Township","Thi Ri Min Ga Lar Quarter",0518011
"Mandalay Region","Meiktila Township","Chi Set Quarter",0518012
"Mandalay Region","Meiktila Township","Pyi Thar Yar (South) Quarter",0518013
"Mandalay Region","Meiktila Township","Pyi Thar Yar  (North) Quarter",0518014
"Mandalay Region","Thazi Township","No (1) Quarter",0519001
"Mandalay Region","Thazi Township","No (2) Quarter",0519002
"Mandalay Region","Thazi Township","No (3) Quarter",0519003
"Mandalay Region","Thazi Township","No (4) Quarter",0519004
"Mandalay Region","Thazi Township","No (5) Quarter",0519005
"Mandalay Region","Thazi Township","No (6) Quarter",0519006
"Mandalay Region","Thazi Township","No (7) Quarter",0519007
"Mandalay Region","Mahlaing Township","No (1) Quarter",0520001
"Mandalay Region","Mahlaing Township","No (2) Quarter",0520002
"Mandalay Region","Mahlaing Township","No (3) Quarter",0520003
"Mandalay Region","Mahlaing Township","No (4) Quarter",0520004
"Mandalay Region","Pyawbwe Township","Shan Pwe Quarter",0521001
"Mandalay Region","Pyawbwe Township","Myin Bet Quarter",0521002
"Mandalay Region","Pyawbwe Township","Myo Ma Quarter",0521003
"Mandalay Region","Pyawbwe Township","Myo Thit Quarter",0521004
"Mandalay Region","Pyawbwe Township","Shwe Pyi Yan Aung Quarter",0521005
"Mandalay Region","Pyawbwe Township","Shwe Pyi Yan Naing Quarter",0521006
"Mandalay Region","Pyawbwe Township","Shwe Pyi Yan Lon Quarter",0521007
"Mandalay Region","Pyawbwe Township","Mandalay Tan Quarter",0521008
"Mandalay Region","Pyawbwe Township","Pyi Thar Yar Quarter",0521009
"Mandalay Region","Yamethin Township","Myo Ma Quarter",0522001
"Mandalay Region","Yamethin Township","War Toe Quarter",0522002
"Mandalay Region","Yamethin Township","Aung Min Ga Lar Quarter",0522003
"Mandalay Region","Yamethin Township","Shwe Si Khon Quarter",0522004
"Mandalay Region","Yamethin Township","Kyaung Taik Su Quarter",0522005
"Mandalay Region","Nyaung-U Township","No (1) Quarter",0523001
"Mandalay Region","Nyaung-U Township","No (2) Quarter",0523002
"Mandalay Region","Nyaung-U Township","No (3) Quarter",0523003
"Mandalay Region","Nyaung-U Township","No (4) Quarter",0523004
"Mandalay Region","Nyaung-U Township","No (5) Quarter",0523005
"Mandalay Region","Nyaung-U Township","No (6) Quarter",0523006
"Mandalay Region","Nyaung-U Township","No (7) Quarter",0523007
"Mandalay Region","Kyaukpadaung Township","Myauk Pyi Taw Thar Quarter",0524001
"Mandalay Region","Kyaukpadaung Township","Lut Lat Yay Quarter",0524002
"Mandalay Region","Kyaukpadaung Township","Thar Yar Yay Quarter",0524003
"Mandalay Region","Kyaukpadaung Township","Tan Pa Wa Di Quarter",0524004
"Mandalay Region","Kyaukpadaung Township","Zay Kwet Thit Quarter",0524005
"Mandalay Region","Kyaukpadaung Township","Myo Ma Kwet Thit Quarter",0524006
"Mandalay Region","Kyaukpadaung Township","San Pya Quarter",0524007
"Mandalay Region","Kyaukpadaung Township","Bu Tar Quarter",0524008
"Mandalay Region","Kyaukpadaung Township","Aung Min Ga Lar Quarter",0524009
"Mandalay Region","Kyaukpadaung Township","Myo Ma (South) Quarter",0524010
"Mandalay Region","Kyaukpadaung Township","Myo Ma Quarter",0524011
"Mandalay Region","Kyaukpadaung Township","Thi Ri Min Ga Lar Quarter",0524012
"Mandalay Region","Myingyan Township","No (1) Quarter",0525001
"Mandalay Region","Myingyan Township","No (2) Quarter",0525002
"Mandalay Region","Myingyan Township","No (3) Quarter",0525003
"Mandalay Region","Myingyan Township","No (4) Quarter",0525004
"Mandalay Region","Myingyan Township","No (5) Quarter",0525005
"Mandalay Region","Myingyan Township","No (6) Quarter",0525006
"Mandalay Region","Myingyan Township","No (7) Quarter",0525007
"Mandalay Region","Myingyan Township","No (8) Quarter",0525008
"Mandalay Region","Myingyan Township","No (9) Quarter",0525009
"Mandalay Region","Myingyan Township","No (10) Quarter",0525010
"Mandalay Region","Myingyan Township","No (11) Quarter",0525011
"Mandalay Region","Myingyan Township","No (12) Quarter",0525012
"Mandalay Region","Myingyan Township","No (13) Quarter",0525013
"Mandalay Region","Myingyan Township","No (14) Quarter",0525014
"Mandalay Region","Myingyan Township","No (15) Quarter",0525015
"Mandalay Region","Myingyan Township","No (16) Quarter",0525016
"Mandalay Region","Myingyan Township","No (17) Quarter",0525017
"Mandalay Region","Myingyan Township","No (18) Quarter",0525018
"Mandalay Region","Myingyan Township","No (19) Quarter",0525019
"Mandalay Region","Myingyan Township","No (20) Quarter",0525020
"Mandalay Region","Natogyi Township","No (1) Quarter",0526001
"Mandalay Region","Natogyi Township","No (2) Quarter",0526002
"Mandalay Region","Natogyi Township","No (3) Quarter",0526003
"Mandalay Region","Natogyi Township","No (4) Quarter",0526004
"Mandalay Region","Natogyi Township","No (5) Quarter",0526005
"Mandalay Region","Natogyi Township","No (၆) Quarter",0526006
"Mandalay Region","Natogyi Township","No (၇) Quarter",0526007
"Mandalay Region","Natogyi Township","No (8) Quarter",0526008
"Mandalay Region","Taungtha Township","Hpa Yar Gyi (West) Quarter",0527001
"Mandalay Region","Taungtha Township","Myo Ma Quarter",0527002
"Mandalay Region","Taungtha Township","Tan Myint Kyaung Quarter",0527003
"Mandalay Region","Taungtha Township","Zay Quarter",0527004
"Mandalay Region","Taungtha Township","Bu Tar Kone Quarter",0527005
"Mandalay Region","Taungtha Township","Min Su Quarter",0527006
"Mandalay Region","Ngazun Township","No (1) Quarter",0528001
"Mandalay Region","Ngazun Township","No (2) Quarter",0528002
"Mandalay Region","Ngazun Township","No (3) Quarter",0528003
"Mandalay Region","Ngazun Township","No (4) Quarter",0528004
"Mandalay Region","Myitnge Town","Myit Nge Quarter",0560001
"Mandalay Region","Takaung Town","No (1) Quarter",0561001
"Mandalay Region","Takaung Town","No (2) Quarter",0561002
"Mandalay Region","Takaung Town","No (3) Quarter",0561003
"Mandalay Region","Ku Me Town","No (1) Quarter",0562001
"Mandalay Region","Ku Me Town","No (2) Quarter",0562002
"Mandalay Region","Ku Me Town","No (3) Quarter",0562003
"Mandalay Region","Ku Me Town","No (4) Quarter",0562004
"Mandalay Region","Ku Me Town","No (5) Ward Quarter",0562005
"Mandalay Region","Bagan Town","Kyan Sit Thar Quarter",0563001
"Mandalay Region","Bagan Town","Ah Naw Ra Htar Quarter",0563002
"Mandalay Region","Bagan Town","Thi Ri Pyit Sa Yar Quarter",0563003
"Mandalay Region","Bagan Town","Shwe Twin Quarter",0563004
"Mandalay Region","Bagan Town","Ah Shey Ywar Naung Quarter",0563005
"Mandalay Region","Bagan Town","Gang Ga (Hotel Zone 4) Quarter",0563006
"Mandalay Region","Ngathayauk Town","No (1) Quarter",0564001
"Mandalay Region","Ngathayauk Town","No (2) Quarter",0564002
"Mandalay Region","Ngathayauk Town","No (3) Quarter",0564003
"Mandalay Region","Ngathayauk Town","No (4) Quarter",0564004
"Mandalay Region","Si Mee Khon Town","No (1) Quarter",0565001
"Mandalay Region","Si Mee Khon Town","No (2) Quarter",0565002
"Mandalay Region","Si Mee Khon Town","No (3) Quarter",0565003
"Mandalay Region","Si Mee Khon Town","No (4) Quarter",0565004
