﻿Region,"Town / Township","Ward / Village Tract","Postal Code"
Mon,"Mawlamyine Township","Shwe Myaing Thi Ri Quarter",1201001
Mon,"Mawlamyine Township","Kyaik Hpa Nei Quarter",1201002
Mon,"Mawlamyine Township","Hlaing Shan Su Quarter",1201003
Mon,"Mawlamyine Township","Auk Kyin Quarter",1201004
Mon,"Mawlamyine Township","Mandalay Quarter",1201005
Mon,"Mawlamyine Township","Hpet Tan Quarter",1201006
Mon,"Mawlamyine Township","Shwe Taung Quarter",1201007
Mon,"Mawlamyine Township","Sit Ke Kone Quarter",1201008
Mon,"Mawlamyine Township","Ma Yan Kone Quarter",1201009
Mon,"Mawlamyine Township","Pan Be Dan Quarter",1201010
Mon,"Mawlamyine Township","Bo Kone Quarter",1201011
Mon,"Mawlamyine Township","Maung Ngan Quarter",1201012
Mon,"Mawlamyine Township","Kwin Yat Quarter",1201013
Mon,"Mawlamyine Township","Myay Ni Kone Quarter",1201014
Mon,"Mawlamyine Township","Zay Kyo Quarter",1201015
Mon,"Mawlamyine Township","Thi Ri Myaing Quarter",1201016
Mon,"Mawlamyine Township","Mu Pon Quarter",1201017
Mon,"Mawlamyine Township","Zay Yar Thi Ri Quarter",1201018
Mon,"Mawlamyine Township","Thar Yar Aye Quarter",1201019
Mon,"Mawlamyine Township","Thi Ri Min Ga Lar Quarter",1201020
Mon,"Mawlamyine Township","Myaing Thar Yar Quarter",1201021
Mon,"Mawlamyine Township","Zay Yar Myaing Quarter",1201022
Mon,"Mawlamyine Township","Kyauk Tan Quarter",1201023
Mon,"Mawlamyine Township","San Gyi Quarter",1201024
Mon,"Mawlamyine Township","Gway Kone Quarter",1201025
Mon,"Mawlamyine Township","Naung Kha Ri Quarter",1201026
Mon,"Mawlamyine Township","Ngan Tay Quarter",1201027
Mon,"Mawlamyine Township","Chauk Maing Kywe Chan Kone Quarter",1201028
Mon,"Mawlamyine Township","Nyaung Pin Seik Quarter",1201029
Mon,"Mawlamyine Township","Ka Toe Village Tract",1201200
Mon,"Mawlamyine Township","Kawt Sein Village Tract",1201201
Mon,"Mawlamyine Township","Kyauk Tan Village Tract",1201202
Mon,"Mawlamyine Township","San Gyi Village Tract",1201203
Mon,"Mawlamyine Township","Kawt Tun Village Tract",1201204
Mon,"Mawlamyine Township","Kawt Hnat Village Tract",1201205
Mon,"Mawlamyine Township","Kawt Hlar Village Tract",1201206
Mon,"Mawlamyine Township","Kawt Pauk Village Tract",1201207
Mon,"Mawlamyine Township","Ngan Tay Village Tract",1201208
Mon,"Mawlamyine Township","Min Ywar Village Tract",1201209
Mon,"Mawlamyine Township","Mu Yaung Village Tract",1201210
Mon,"Mawlamyine Township","Gway Kone Village Tract",1201211
Mon,"Mawlamyine Township","Chauk Maing Kywe Chan Kone Village Tract",1201212
Mon,"Mawlamyine Township","Kawt Kha Ni Village Tract",1201213
Mon,"Mawlamyine Township","Naung Kha Ri Village Tract",1201214
Mon,"Mawlamyine Township","Kyar Inn Village Tract",1201215
Mon,"Mawlamyine Township","Kawt Kha Mei Village Tract",1201216
Mon,"Mawlamyine Township","Hpar Auk Village Tract",1201217
Mon,"Mawlamyine Township","Yo Go Village Tract",1201218
Mon,"Kyaikto Township","Zay Yar Mun Quarter",1202001
Mon,"Kyaikto Township","Myauk Paing Quarter",1202002
Mon,"Kyaikto Township","Kawt San Naing Quarter",1202003
Mon,"Kyaikto Township","Taung Paing Quarter",1202004
Mon,"Kyaikto Township","Kant Kaw Quarter",1202005
Mon,"Kyaikto Township","Taung Thu Su Quarter",1202006
Mon,"Kyaikto Township","Ah Baing Village Tract",1202200
Mon,"Kyaikto Township","Kyu Chaung Village Tract",1202201
Mon,"Kyaikto Township","Thone Gwa Village Tract",1202202
Mon,"Kyaikto Township","Win Kan Village Tract",1202203
Mon,"Kyaikto Township","Hle Lan Ku Village Tract",1202204
Mon,"Kyaikto Township","In Ga Po Village Tract",1202205
Mon,"Kyaikto Township","Ka Daing Dut Village Tract",1202206
Mon,"Kyaikto Township","Kan Ni Village Tract",1202207
Mon,"Kyaikto Township","Kha Ywea Village Tract",1202208
Mon,"Kyaikto Township","Moke Kha Mawt Village Tract",1202209
Mon,"Kyaikto Township","Kawt Htin Village Tract",1202210
Mon,"Kyaikto Township","Kawt Bein Village Tract",1202211
Mon,"Kyaikto Township","Kyaung Ywar Village Tract",1202212
Mon,"Kyaikto Township","Kyaik Ka Thar Village Tract",1202213
Mon,"Kyaikto Township","Kyaik Pi Village Tract",1202214
Mon,"Kyaikto Township","Kin Mun Chaung Village Tract",1202215
Mon,"Kyaikto Township","Ma Lawt Chaung Village Tract",1202216
Mon,"Kyaikto Township","Mar Lar Hpu Village Tract",1202217
Mon,"Kyaikto Township","Moke Kha Mu Village Tract",1202218
Mon,"Kyaikto Township","Ma Yan Chaung Kwar Yi Ywar Thit Village Tract",1202219
Mon,"Kyaikto Township","Kyun Taw Village Tract",1202220
Mon,"Kyaikto Township","Hnget Pyaw Taw Village Tract",1202221
Mon,"Kyaikto Township","Thein Za Yat Village Tract",1202222
Mon,"Kyaikto Township","Kyauk Ka Lat Village Tract",1202223
Mon,"Kyaikto Township","Bo Yar Gyi Village Tract",1202224
Mon,"Kyaikto Township","Pyin Ka Toe Kone Village Tract",1202225
Mon,"Kyaikto Township","Hpet Ka Leik Village Tract",1202226
Mon,"Kyaikto Township","Pi Ti Village Tract",1202227
Mon,"Kyaikto Township","Sit Taung Village Tract",1202228
Mon,"Kyaikto Township","Sut Pa Nu Village Tract",1202229
Mon,"Kyaikto Township","Kha Lun Village Tract",1202230
Mon,"Kyaikto Township","War Boe Chaung Village Tract",1202231
Mon,"Kyaikto Township","Kwin Ka Lay Village Tract",1202232
Mon,"Kyaikto Township","Zee Pyaung Village Tract",1202233
Mon,"Kyaikto Township","Moke Pa Lin Village Tract",1202234
Mon,"Kyaikto Township","Kyike Htee Yoe Yinpyintaw Village Tract",1202235
Mon,"Bilin Township","Sa Yar San Quarter",1203001
Mon,"Bilin Township","Hpoe Yar Zar Quarter",1203002
Mon,"Bilin Township","Kan Thar Yar Quarter",1203003
Mon,"Bilin Township","Hpoe Hla Gyi Quarter",1203004
Mon,"Bilin Township","Bo Tay Za Quarter",1203005
Mon,"Bilin Township","Hnin Pale Village Tract",1203200
Mon,"Bilin Township","Shwe Hlay Village Tract",1203201
Mon,"Bilin Township","Nyaung Pa Lin Village Tract",1203202
Mon,"Bilin Township","Leik Khone Village Tract",1203203
Mon,"Bilin Township","Ta Bet Swea Village Tract",1203204
Mon,"Bilin Township","Ah Naing Pun Village Tract",1203205
Mon,"Bilin Township","Mu Thin Village Tract",1203206
Mon,"Bilin Township","Zwe Ka Lar Village Tract",1203207
Mon,"Bilin Township","Zoke Thoke Village Tract",1203208
Mon,"Bilin Township","Zoke Ka Li Village Tract",1203209
Mon,"Bilin Township","Kawt Ka Dut Village Tract",1203210
Mon,"Bilin Township","Yun Da Lin Kone Village Tract",1203211
Mon,"Bilin Township","Taung Sun Village Tract",1203212
Mon,"Bilin Township","Pauk Taw Village Tract",1203213
Mon,"Bilin Township","Kin Ywar Village Tract",1203214
Mon,"Bilin Township","Taung Gyi Village Tract",1203215
Mon,"Bilin Township","Win Ka Village Tract",1203216
Mon,"Bilin Township","Ah Yet Thi Ma Village Tract",1203217
Mon,"Bilin Township","Ma Yan Kone Village Tract",1203218
Mon,"Bilin Township","Thein Ngu Village Tract",1203219
Mon,"Bilin Township","Thea Hpyu Chaung Village Tract",1203220
Mon,"Bilin Township","Ah Lu Village Tract",1203221
Mon,"Bilin Township","Win Pyan Village Tract",1203222
Mon,"Bilin Township","Kyauk Yae Twin Village Tract",1203223
Mon,"Bilin Township","Hpoe War Thein Village Tract",1203224
Mon,"Bilin Township","Gon Hnyin Nwei Village Tract",1203225
Mon,"Bilin Township","Win Thaung Village Tract",1203226
Mon,"Bilin Township","Ka Di Pu Village Tract",1203227
Mon,"Bilin Township","Dauk Yat Village Tract",1203228
Mon,"Bilin Township","Shwe Yaung Pya Village Tract",1203229
Mon,"Bilin Township","Kya Khat Chaung Village Tract",1203230
Mon,"Bilin Township","Ta Nyin Kone Village Tract",1203231
Mon,"Bilin Township","Ka Zaing Village Tract",1203232
Mon,"Bilin Township","Yin Ohn Village Tract",1203233
Mon,"Bilin Township","Me Lan Village Tract",1203234
Mon,"Bilin Township","Me Lan Gaung Village Tract",1203235
Mon,"Bilin Township","Ah Hone Wa Village Tract",1203236
Mon,"Bilin Township","Hpa Yar Seik Village Tract",1203237
Mon,"Bilin Township","Nat Gyi Village Tract",1203238
Mon,"Bilin Township","Me Na Than Village Tract",1203239
Mon,"Bilin Township","Me Pa Li Village Tract",1203240
Mon,"Bilin Township","Pi Ti Village Tract",1203241
Mon,"Bilin Township","Baw Naw Khee Village Tract",1203242
Mon,"Bilin Township","Ah Su Chaung Village Tract",1203243
Mon,"Bilin Township","Win Tar Pan Village Tract",1203244
Mon,"Bilin Township","Lay Kay Village Tract",1203245
Mon,"Bilin Township","Kyoe Waing Village Tract",1203246
Mon,"Bilin Township","Paing Da Wei Village Tract",1203247
Mon,"Bilin Township","Kyar Kwin Village Tract",1203248
Mon,"Bilin Township","Kyauk Lone Gyi Village Tract",1203249
Mon,"Bilin Township","Sin Inn Village Tract",1203250
Mon,"Thaton Township","Leik Inn Quarter",1204001
Mon,"Thaton Township","Nan Khe Quarter",1204002
Mon,"Thaton Township","Auk Kyin Quarter",1204003
Mon,"Thaton Township","Thein Kone Quarter",1204004
Mon,"Thaton Township","Bin Hlaing Quarter",1204005
Mon,"Thaton Township","Taung Kyar Village Tract",1204200
Mon,"Thaton Township","Win Pa Village Tract",1204201
Mon,"Thaton Township","Kawt Hlaing Village Tract",1204202
Mon,"Thaton Township","Chaung Zauk Village Tract",1204203
Mon,"Thaton Township","Wi Yaw Village Tract",1204204
Mon,"Thaton Township","Pein Hne Taw Village Tract",1204205
Mon,"Thaton Township","Da Nu Village Tract",1204206
Mon,"Thaton Township","Win Hpone Village Tract",1204207
Mon,"Thaton Township","Mat Cha Village Tract",1204208
Mon,"Thaton Township","Naung Ka Toke Village Tract",1204209
Mon,"Thaton Township","Thein Seik Village Tract",1204210
Mon,"Thaton Township","Kyaik Kaw Village Tract",1204211
Mon,"Thaton Township","Ta Dar U Village Tract",1204212
Mon,"Thaton Township","Moe Kaung Village Tract",1204213
Mon,"Thaton Township","Don Wun Village Tract",1204214
Mon,"Thaton Township","Ka Taik Ka Lay Village Tract",1204215
Mon,"Thaton Township","Ka Taik Gyi Village Tract",1204216
Mon,"Thaton Township","Da Nu Ka Taik Village Tract",1204217
Mon,"Thaton Township","Seik Kyun Village Tract",1204218
Mon,"Thaton Township","Taw Gyi Village Tract",1204219
Mon,"Thaton Township","Thaung Gyi Village Tract",1204220
Mon,"Thaton Township","Za Yit Chaung Village Tract",1204221
Mon,"Thaton Township","Myay Ni Kone Village Tract",1204222
Mon,"Thaton Township","Sin Hpyu Kyun Village Tract",1204223
Mon,"Thaton Township","Naung Bo Village Tract",1204224
Mon,"Thaton Township","Paw Taw Mu Village Tract",1204225
Mon,"Thaton Township","Bu Din Chaung Village Tract",1204226
Mon,"Thaton Township","Ma Yan Kone Village Tract",1204227
Mon,"Thaton Township","Zaik Ka Ye Village Tract",1204228
Mon,"Thaton Township","Htein Pin Village Tract",1204229
Mon,"Thaton Township","Naung Ku Lar Village Tract",1204230
Mon,"Thaton Township","Day Ba Yein Village Tract",1204231
Mon,"Thaton Township","Tha Yet Taw Village Tract",1204232
Mon,"Thaton Township","Aung Saing Village Tract",1204233
Mon,"Thaton Township","Taung Sun Village Tract",1204234
Mon,"Thaton Township","Oke Hpo Chaung Village Tract",1204235
Mon,"Thaton Township","Kyauk Tan Village Tract",1204236
Mon,"Thaton Township","Kyon Par Village Tract",1204237
Mon,"Thaton Township","Gawt Village Tract",1204238
Mon,"Thaton Township","Win Sein Ywar Thit Village Tract",1204239
Mon,"Thaton Township","Win Sein Ah Lel Village Tract",1204240
Mon,"Thaton Township","Du Yin Seik Village Tract",1204241
Mon,"Thaton Township","Htaung Hmu Village Tract",1204242
Mon,"Thaton Township","Sin Kyone Village Tract",1204243
Mon,"Thaton Township","Zay Ma Thwei (Lower) Village Tract",1204244
Mon,"Thaton Township","Zay Ma Thwei (Upper) Village Tract",1204245
Mon,"Thaton Township","Sa Khan Gyi Village Tract",1204246
Mon,"Thaton Township","Ah Nan Pin Village Tract",1204247
Mon,"Thaton Township","Kyet Tu Yway Thaung Village Tract",1204248
Mon,"Thaton Township","Thu Damah Wady Village Tract",1204249
Mon,"Paung Township","Moe Naing Quarter",1205001
Mon,"Paung Township","Ka Don See Quarter",1205002
Mon,"Paung Township","Paung Quarter",1205003
Mon,"Paung Township","Ka Dar Quarter",1205004
Mon,"Paung Township","Nyaung Kone Lay Village Tract",1205200
Mon,"Paung Township","Pan Kone Village Tract",1205201
Mon,"Paung Township","Oke Ta Dar Village Tract",1205202
Mon,"Paung Township","Da Rein Village Tract",1205203
Mon,"Paung Township","Day Kin Village Tract",1205204
Mon,"Paung Township","Ka Mar Bi Village Tract",1205205
Mon,"Paung Township","Ah Hauk Village Tract",1205206
Mon,"Paung Township","Htan Pin Chaung Gyi Village Tract",1205207
Mon,"Paung Township","Zin Kyaik Village Tract",1205208
Mon,"Paung Township","Tat Hmu Chaung Village Tract",1205209
Mon,"Paung Township","Kawt Htaw Village Tract",1205210
Mon,"Paung Township","Kywe Chan Village Tract",1205211
Mon,"Paung Township","Kawt Kayin Village Tract",1205212
Mon,"Paung Township","Ka Daing Village Tract",1205213
Mon,"Paung Township","Bant Bway Kone Village Tract",1205214
Mon,"Paung Township","Tha Pyay Kone Village Tract",1205215
Mon,"Paung Township","Hpa Lat Village Tract",1205216
Mon,"Paung Township","Yin Nyein (North) Village Tract",1205217
Mon,"Paung Township","Yin Nyein (South) Village Tract",1205218
Mon,"Paung Township","Ywar Tan Shey Village Tract",1205219
Mon,"Paung Township","Hpyu Ba Village Tract",1205220
Mon,"Paung Township","Ka Tun Village Tract",1205221
Mon,"Paung Township","Kyauk Yae Twin Village Tract",1205222
Mon,"Paung Township","Inn Pyaung Village Tract",1205223
Mon,"Paung Township","Mya Lay Chaung Village Tract",1205224
Mon,"Paung Township","Htan Pin Chaung Lay Village Tract",1205225
Mon,"Paung Township","Nyaung Kone Gyi Village Tract",1205226
Mon,"Paung Township","Kyon Haw Village Tract",1205227
Mon,"Paung Township","Thea Kone Village Tract",1205228
Mon,"Paung Township","Ka Taik Village Tract",1205229
Mon,"Paung Township","Ohn Ta Pin Village Tract",1205230
Mon,"Paung Township","Sin Ywar Village Tract",1205231
Mon,"Paung Township","Wea Pa Tan Village Tract",1205232
Mon,"Paung Township","Moke Ta Ma-Kywe Chan Village Tract",1205233
Mon,"Paung Township","Kyauk Sa Yit Village Tract",1205234
Mon,"Paung Township","Let Pan Taw Village Tract",1205235
Mon,"Paung Township","Oke Kan Village Tract",1205236
Mon,"Paung Township","Hmaw Bi Village Tract",1205237
Mon,"Paung Township","Nat Hmaw Village Tract",1205238
Mon,"Paung Township","Thea Ein Village Tract",1205239
Mon,"Paung Township","Thea Hpyu Kone Village Tract",1205240
Mon,"Paung Township","Kawt Ka Daik Village Tract",1205241
Mon,"Paung Township","Kyar Bo Village Tract",1205242
Mon,"Paung Township","Moke Ta Ma Village Tract",1205243
Mon,"Paung Township","Nat Gyi Chaung Village Tract",1205244
Mon,"Paung Township","Kyon Ka Village Tract",1205245
Mon,"Paung Township","Ah Hlat Village Tract",1205246
Mon,"Paung Township","Lat Pan Kyun Village Tract",1205247
Mon,"Paung Township","Kya Khat Ngu Village Tract",1205248
Mon,"Paung Township","Ei Byit Village Tract",1205249
Mon,"Paung Township","Tha Byu Chaung Village Tract",1205250
Mon,"Chaungzon Township","Ah Nauk Quarter",1206001
Mon,"Chaungzon Township","Ah Shey Quarter",1206002
Mon,"Chaungzon Township","Toe Cheit Quarter",1206003
Mon,"Chaungzon Township","Ywar Lut Village Tract",1206200
Mon,"Chaungzon Township","Da Yei Village Tract",1206201
Mon,"Chaungzon Township","Ka Lwi Village Tract",1206202
Mon,"Chaungzon Township","Ka Mar Mo Village Tract",1206203
Mon,"Chaungzon Township","Nyaung Lan Village Tract",1206204
Mon,"Chaungzon Township","Taw Ka Nar Village Tract",1206205
Mon,"Chaungzon Township","Hnee Hmoke Village Tract",1206206
Mon,"Chaungzon Township","Se Pa Lar Village Tract",1206207
Mon,"Chaungzon Township","Zee Kone Village Tract",1206208
Mon,"Chaungzon Township","Mu Yit Gyi Village Tract",1206209
Mon,"Chaungzon Township","Taw Pun Village Tract",1206210
Mon,"Chaungzon Township","Kayin Win Sein Village Tract",1206211
Mon,"Chaungzon Township","Mu Kwe Village Tract",1206212
Mon,"Chaungzon Township","Ka Lawt Village Tract",1206213
Mon,"Chaungzon Township","Kun Yaik Village Tract",1206214
Mon,"Chaungzon Township","Ka Ma Nin Village Tract",1206215
Mon,"Chaungzon Township","Saw Ke Village Tract",1206216
Mon,"Chaungzon Township","Ka Yaik Du Village Tract",1206217
Mon,"Chaungzon Township","Mu Yit Kalay Village Tract",1206218
Mon,"Chaungzon Township","Hpan Hpa Village Tract",1206219
Mon,"Chaungzon Township","Ta Ku Pa Ti Village Tract",1206220
Mon,"Chaungzon Township","Ku Lar Toet Village Tract",1206221
Mon,"Chaungzon Township","Kha Yaik Thit Village Tract",1206222
Mon,"Chaungzon Township","Kun Thea Village Tract",1206223
Mon,"Chaungzon Township","Ma Yan Village Tract",1206224
Mon,"Chaungzon Township","Ku Lar Bi Village Tract",1206225
Mon,"Chaungzon Township","Wei Lan Village Tract",1206226
Mon,"Chaungzon Township","Hin Thar Kyun Village Tract",1206227
Mon,"Chaungzon Township","Kawt Ka Daik Village Tract",1206228
Mon,"Chaungzon Township","Ah Bit Village Tract",1206229
Mon,"Chaungzon Township","Kun Hlar Village Tract",1206230
Mon,"Chaungzon Township","Ka Mar Kay Village Tract",1206231
Mon,"Chaungzon Township","Kha Yaik Hnee Hu Village Tract",1206232
Mon,"Chaungzon Township","Thet Kaw Village Tract",1206233
Mon,"Chaungzon Township","Taung Sun Village Tract",1206234
Mon,"Chaungzon Township","Daung Yat (West) Village Tract",1206235
Mon,"Chaungzon Township","Daung Yet (East) Village Tract",1206236
Mon,"Chaungzon Township","Kawt Mu Pun Village Tract",1206237
Mon,"Chaungzon Township","Ka Hnyaw Village Tract",1206238
Mon,"Chaungzon Township","Boe Net Village Tract",1206239
Mon,"Chaungzon Township","Mu Du Village Tract",1206240
Mon,"Chaungzon Township","Nat Hmaw Village Tract",1206241
Mon,"Chaungzon Township","Daung U Village Tract",1206242
Mon,"Kyaikmaraw Township","Shin Saw Pu Quarter",1207001
Mon,"Kyaikmaraw Township","Yan Myo Aung Quarter",1207002
Mon,"Kyaikmaraw Township","Ah Hta Yan Quarter",1207003
Mon,"Kyaikmaraw Township","Aung Thu Kha Quarter",1207004
Mon,"Kyaikmaraw Township","An Ka Ye Village Tract",1207200
Mon,"Kyaikmaraw Township","Ah Hta Yan Village Tract",1207201
Mon,"Kyaikmaraw Township","Bar Bu Kone Village Tract",1207202
Mon,"Kyaikmaraw Township","Bein Byaw Village Tract",1207203
Mon,"Kyaikmaraw Township","Dhamma Tha Village Tract",1207204
Mon,"Kyaikmaraw Township","Hla Ka Zaing Village Tract",1207205
Mon,"Kyaikmaraw Township","Ka Dar Village Tract",1207206
Mon,"Kyaikmaraw Township","Ka Laing Ka Naing Village Tract",1207207
Mon,"Kyaikmaraw Township","Kha Naung Village Tract",1207208
Mon,"Kyaikmaraw Township","Kawt Bwee Village Tract",1207209
Mon,"Kyaikmaraw Township","Kawt Kha Lein Village Tract",1207210
Mon,"Kyaikmaraw Township","Kawt Pa Laing Village Tract",1207211
Mon,"Kyaikmaraw Township","Kawt Ka Lawt Village Tract",1207212
Mon,"Kyaikmaraw Township","Kawt Pa Naw Village Tract",1207213
Mon,"Kyaikmaraw Township","Kawt That Village Tract",1207214
Mon,"Kyaikmaraw Township","Kha Yon Village Tract",1207215
Mon,"Kyaikmaraw Township","Kun Ngan Village Tract",1207216
Mon,"Kyaikmaraw Township","Kyaik Pa Yan Village Tract",1207217
Mon,"Kyaikmaraw Township","Kyee Oke Village Tract",1207218
Mon,"Kyaikmaraw Township","Kyon Kwei Village Tract",1207219
Mon,"Kyaikmaraw Township","Kyon Sein Village Tract",1207220
Mon,"Kyaikmaraw Township","Kyon Wan Village Tract",1207221
Mon,"Kyaikmaraw Township","Kyun Ywar Village Tract",1207222
Mon,"Kyaikmaraw Township","La Mu Kho Village Tract",1207223
Mon,"Kyaikmaraw Township","Let Pan Village Tract",1207224
Mon,"Kyaikmaraw Township","Mei Ka Yo Village Tract",1207225
Mon,"Kyaikmaraw Township","Mi Ka Thit Village Tract",1207226
Mon,"Kyaikmaraw Township","Moke Soe Kyun Village Tract",1207227
Mon,"Kyaikmaraw Township","Nga Pu Inn Village Tract",1207228
Mon,"Kyaikmaraw Township","Nga Pyay Ma Village Tract",1207229
Mon,"Kyaikmaraw Township","Ni Don Village Tract",1207230
Mon,"Kyaikmaraw Township","Nyaung Pin Seik Village Tract",1207231
Mon,"Kyaikmaraw Township","Hpar Pyauk Village Tract",1207232
Mon,"Kyaikmaraw Township","Pein Hne Kone Village Tract",1207233
Mon,"Kyaikmaraw Township","Hpa Non Village Tract",1207234
Mon,"Kyaikmaraw Township","Hpar Thein Village Tract",1207235
Mon,"Kyaikmaraw Township","Ta Ra Nar Village Tract",1207236
Mon,"Kyaikmaraw Township","Than Ka Laung Village Tract",1207237
Mon,"Kyaikmaraw Township","U Lay Village Tract",1207238
Mon,"Kyaikmaraw Township","Yae Twin Kone Village Tract",1207239
Mon,"Kyaikmaraw Township","Hlwa Zin Kone Village Tract",1207240
Mon,"Kyaikmaraw Township","Chaung Hnit Khwa Village Tract",1207241
Mon,"Kyaikmaraw Township","Ka Ton Si Village Tract",1207242
Mon,"Kyaikmaraw Township","Yae Pu Village Tract",1207243
Mon,"Mudon Township","Myo Ma (1) Quarter",1208001
Mon,"Mudon Township","Myo Ma (2) Quarter",1208002
Mon,"Mudon Township","Myo Ma (3) Quarter",1208003
Mon,"Mudon Township","Myo Ma (4) Quarter",1208004
Mon,"Mudon Township","Tar Pa Thun Village Tract",1208200
Mon,"Mudon Township","Kwayt Wan Village Tract",1208201
Mon,"Mudon Township","Naing Pyaing Village Tract",1208202
Mon,"Mudon Township","Kyauk Ta Lone Village Tract",1208203
Mon,"Mudon Township","Hmein Ga Nein Village Tract",1208204
Mon,"Mudon Township","Kawt Kha Pon Village Tract",1208205
Mon,"Mudon Township","Kun Tar Village Tract",1208206
Mon,"Mudon Township","Be Yan Village Tract",1208207
Mon,"Mudon Township","Kin Chaung Village Tract",1208208
Mon,"Mudon Township","Kyon Hpaik Village Tract",1208209
Mon,"Mudon Township","Wet Te Village Tract",1208210
Mon,"Mudon Township","Nyaung Kone Village Tract",1208211
Mon,"Mudon Township","Kawt Pa Ran Village Tract",1208212
Mon,"Mudon Township","Ka Tone Paw Village Tract",1208213
Mon,"Mudon Township","Ba Lauk Nyaung Waing Village Tract",1208214
Mon,"Mudon Township","Wea Ka Li Village Tract",1208215
Mon,"Mudon Township","Kyaik Ywea Village Tract",1208216
Mon,"Mudon Township","Ta Khun Taing Village Tract",1208217
Mon,"Mudon Township","Taw Ku Village Tract",1208218
Mon,"Mudon Township","Naing Hlon Let Tet Village Tract",1208219
Mon,"Mudon Township","Ah Khun Village Tract",1208220
Mon,"Mudon Township","Gon Hnyin Tan Village Tract",1208221
Mon,"Mudon Township","Thein Kone Village Tract",1208222
Mon,"Mudon Township","Ka Mar Wet Village Tract",1208223
Mon,"Mudon Township","Htaung Kay Village Tract",1208224
Mon,"Mudon Township","Sein Taung Village Tract",1208225
Mon,"Mudon Township","Hpe Do Village Tract",1208226
Mon,"Mudon Township","Ka Lawt Thawt Village Tract",1208227
Mon,"Mudon Township","Kawt Pi Htaw Village Tract",1208228
Mon,"Mudon Township","Do Mar Village Tract",1208229
Mon,"Mudon Township","Taung Pa Village Tract",1208230
Mon,"Mudon Township","Hton Man Village Tract",1208231
Mon,"Mudon Township","Kun Ka Bwee Village Tract",1208232
Mon,"Mudon Township","Hnee Pa Daw Village Tract",1208233
Mon,"Mudon Township","Set Thwei Village Tract",1208234
Mon,"Mudon Township","Ka Mar Oke Village Tract",1208235
Mon,"Mudon Township","Yaung Daung Village Tract",1208236
Mon,"Mudon Township","Kun Hlar Village Tract",1208237
Mon,"Thanbyuzayat Township","Kyar Kan Quarter",1209001
Mon,"Thanbyuzayat Township","Aung Chan Thar Quarter",1209002
Mon,"Thanbyuzayat Township","Set Thit Quarter",1209003
Mon,"Thanbyuzayat Township","Aung Min Ga Lar Quarter",1209004
Mon,"Thanbyuzayat Township","Han Thar Wa Di Quarter",1209005
Mon,"Thanbyuzayat Township","Aung Zay Ya Quarter",1209006
Mon,"Thanbyuzayat Township","Kyaung Paing Quarter",1209007
Mon,"Thanbyuzayat Township","Kyant Khaing Yay Quarter",1209008
Mon,"Thanbyuzayat Township","Aung Thar Yar Quarter",1209009
Mon,"Thanbyuzayat Township","Hpaung Sein Quarter",1209010
Mon,"Thanbyuzayat Township","Mya Mar Lar Village Tract",1209200
Mon,"Thanbyuzayat Township","Hnit Kaing Village Tract",1209201
Mon,"Thanbyuzayat Township","Sin Taung Village Tract",1209202
Mon,"Thanbyuzayat Township","Kayin Thaung Village Tract",1209203
Mon,"Thanbyuzayat Township","Pa Dar Ngan Village Tract",1209204
Mon,"Thanbyuzayat Township","Kun That Village Tract",1209205
Mon,"Thanbyuzayat Township","Kyon Ka Dat Village Tract",1209206
Mon,"Thanbyuzayat Township","Set Se Village Tract",1209207
Mon,"Thanbyuzayat Township","Taung Hpa Lu Village Tract",1209208
Mon,"Thanbyuzayat Township","War Kha Yu Village Tract",1209209
Mon,"Thanbyuzayat Township","Hpaung Sein Village Tract",1209210
Mon,"Thanbyuzayat Township","Kyon Ka Yoke Village Tract",1209211
Mon,"Thanbyuzayat Township","Pa Nga Village Tract",1209212
Mon,"Thanbyuzayat Township","Wea Yet Ywar Thit Village Tract",1209213
Mon,"Thanbyuzayat Township","Wea Ka Li Village Tract",1209214
Mon,"Thanbyuzayat Township","Wea Ka War Village Tract",1209215
Mon,"Thanbyuzayat Township","Wea Win Ka Yar Village Tract",1209216
Mon,"Thanbyuzayat Township","Ka Yoke Pi Village Tract",1209217
Mon,"Thanbyuzayat Township","Sa Khan Gyi Village Tract",1209218
Mon,"Thanbyuzayat Township","Wea Ka Laung Village Tract",1209219
Mon,"Thanbyuzayat Township","An Khe Village Tract",1209220
Mon,"Thanbyuzayat Township","Kawt Lay Village Tract",1209221
Mon,"Thanbyuzayat Township","Htin Shu Village Tract",1209222
Mon,"Thanbyuzayat Township","Wea Kha Mi Village Tract",1209223
Mon,"Thanbyuzayat Township","Kyaung Ywar Village Tract",1209224
Mon,"Thanbyuzayat Township","Ah Nin Village Tract",1209225
Mon,"Ye Township","Thi Ri Zay Yar Quarter",1210001
Mon,"Ye Township","Thi Ri Mar Lar Quarter",1210002
Mon,"Ye Township","Thi Ri Nan Dar Quarter",1210003
Mon,"Ye Township","Thi Ri Khay Mar Quarter",1210004
Mon,"Ye Township","Yan Myo Aung Quarter",1210005
Mon,"Ye Township","Yan Gyi Aung Quarter",1210006
Mon,"Ye Township","Aung Thu Kha Quarter",1210007
Mon,"Ye Township","Aung Myit Tar Quarter",1210008
Mon,"Ye Township","Aung Min Ga Lar Quarter",1210009
Mon,"Ye Township","Ah Sin Village Tract",1210200
Mon,"Ye Township","Zee Hpyu Thaung Village Tract",1210201
Mon,"Ye Township","Ah Baw Village Tract",1210202
Mon,"Ye Township","Tu Myaung Village Tract",1210203
Mon,"Ye Township","Kyaung Ywar Village Tract",1210204
Mon,"Ye Township","An Din Village Tract",1210205
Mon,"Ye Township","Ka Lawt Village Tract",1210206
Mon,"Ye Township","Kyauk Mi Kyaung Village Tract",1210207
Mon,"Ye Township","Chaung Taung Village Tract",1210208
Mon,"Ye Township","Du Yar Village Tract",1210209
Mon,"Ye Township","Thin Gan Kyun Village Tract",1210210
Mon,"Ye Township","Ahr Yu Taung Village Tract",1210211
Mon,"Ye Township","Han Gan Village Tract",1210212
Mon,"Ye Township","Mawt Ka Nin Village Tract",1210213
Mon,"Ye Township","Don Hpi Village Tract",1210214
Mon,"Ye Township","Kawt Dut Village Tract",1210215
Mon,"Ye Township","Ku Lar Koke Village Tract",1210216
Mon,"Ye Township","Bay La Maing Village Tract",1210217
Mon,"Ye Township","Thaung Pyin Village Tract",1210218
Mon,"Ye Township","Hnit Kayin Village Tract",1210219
Mon,"Ye Township","Be La Mu Village Tract",1210220
Mon,"Ye Township","Ka Nin Ka Mawt Village Tract",1210221
Mon,"Ye Township","Hnin Sone Village Tract",1210222
Mon,"Ye Township","Taung Bon Village Tract",1210223
Mon,"Ye Township","Koe Maing Village Tract",1210224
Mon,"Ye Township","Kawt Hlaing Village Tract",1210225
Mon,"Ye Township","Ka Byar Village Tract",1210226
Mon,"Ye Township","Ma Gyi Village Tract",1210227
Mon,"Ye Township","Yin Yei Village Tract",1210228
Mon,"Ye Township","Kyon Nye Village Tract",1210229
Mon,"Thein Za Yat Town","No (1) Quarter",1260001
Mon,"Thein Za Yat Town","No (2) Quarter",1260002
Mon,"Thein Za Yat Town","No (3) Quarter",1260003
Mon,"Thein Za Yat Town","No (4) Ward Quarter",1260004
Mon,"Thuwunnawady Town","Thein Seik Quarter",1261001
Mon,"Thuwunnawady Town","Kyeik Kaw Quarter",1261002
Mon,"Thuwunnawady Town","Taung Kyar Quarter",1261003
Mon,"Zinkyaik Town","Zinkyaik Quarter",1262001
Mon,"Zinkyaik Town","Kha Lauk Inn Quarter",1262002
Mon,"Zinkyaik Town","Hpa Lup Quarter",1262003
Mon,"Zinkyaik Town","Sar Hpo Su Quarter",1262004
Mon,"Kamarwet Town","Ka Mar Wet Quarter",1263001
Mon,"Kamarwet Town","Thein Kone Quarter",1263002
Mon,"Kamarwet Town","Sein Taung Quarter",1263003
Mon,"Kamarwet Town","Htaung Kay Quarter",1263004
Mon,"Kamarwet Town","Gon Nyin Tan Quarter",1263005
Mon,"Kyaikkhami Town","Dhamma Zay Di Quarter",1264001
Mon,"Kyaikkhami Town","Aung Pin Lel Quarter",1264002
Mon,"Kyaikkhami Town","Myo Ma Zay Quarter",1264003
Mon,"Kyaikkhami Town","Aung Thu Kha Quarter",1264004
Mon,"Kyaikkhami Town","Yang Aung Myay Quarter",1264005
Mon,"Kyaikkhami Town","Man Ya Da Nar Quarter",1264006
Mon,"Lamaing Town","No (1) Quarter",1265001
Mon,"Lamaing Town","No (2) Quarter",1265002
Mon,"Lamaing Town","No (3) Quarter",1265003
Mon,"Khawzar Town","No (1) Quarter",1266001
Mon,"Khawzar Town","No (2) Quarter",1266002
