﻿Region,"Town / Township","Quarter / Village Tract","Postal Code"
Mon State,"Mawlamyine Township","Shwe Myaing Thi Ri Quarter",1201001
Mon State,"Mawlamyine Township","Kyaik Hpa Nei Quarter",1201002
Mon State,"Mawlamyine Township","Hlaing Shan Su Quarter",1201003
Mon State,"Mawlamyine Township","Auk Kyin Quarter",1201004
Mon State,"Mawlamyine Township","Mandalay Quarter",1201005
Mon State,"Mawlamyine Township","Hpet Tan Quarter",1201006
Mon State,"Mawlamyine Township","Shwe Taung Quarter",1201007
Mon State,"Mawlamyine Township","Sit Ke Kone Quarter",1201008
Mon State,"Mawlamyine Township","Ma Yan Kone Quarter",1201009
Mon State,"Mawlamyine Township","Pan Be Dan Quarter",1201010
Mon State,"Mawlamyine Township","Bo Kone Quarter",1201011
Mon State,"Mawlamyine Township","Maung Ngan Quarter",1201012
Mon State,"Mawlamyine Township","Kwin Yat Quarter",1201013
Mon State,"Mawlamyine Township","Myay Ni Kone Quarter",1201014
Mon State,"Mawlamyine Township","Zay Kyo Quarter",1201015
Mon State,"Mawlamyine Township","Thi Ri Myaing Quarter",1201016
Mon State,"Mawlamyine Township","Mu Pon Quarter",1201017
Mon State,"Mawlamyine Township","Zay Yar Thi Ri Quarter",1201018
Mon State,"Mawlamyine Township","Thar Yar Aye Quarter",1201019
Mon State,"Mawlamyine Township","Thi Ri Min Ga Lar Quarter",1201020
Mon State,"Mawlamyine Township","Myaing Thar Yar Quarter",1201021
Mon State,"Mawlamyine Township","Zay Yar Myaing Quarter",1201022
Mon State,"Mawlamyine Township","Kyauk Tan Quarter",1201023
Mon State,"Mawlamyine Township","San Gyi Quarter",1201024
Mon State,"Mawlamyine Township","Gway Kone Quarter",1201025
Mon State,"Mawlamyine Township","Naung Kha Ri Quarter",1201026
Mon State,"Mawlamyine Township","Ngan Tay Quarter",1201027
Mon State,"Mawlamyine Township","Chauk Maing Kywe Chan Kone Quarter",1201028
Mon State,"Mawlamyine Township","Nyaung Pin Seik Quarter",1201029
Mon State,"Mawlamyine Township","Ka Toe Village Tract",1201200
Mon State,"Mawlamyine Township","Kawt Sein Village Tract",1201201
Mon State,"Mawlamyine Township","Kyauk Tan Village Tract",1201202
Mon State,"Mawlamyine Township","San Gyi Village Tract",1201203
Mon State,"Mawlamyine Township","Kawt Tun Village Tract",1201204
Mon State,"Mawlamyine Township","Kawt Hnat Village Tract",1201205
Mon State,"Mawlamyine Township","Kawt Hlar Village Tract",1201206
Mon State,"Mawlamyine Township","Kawt Pauk Village Tract",1201207
Mon State,"Mawlamyine Township","Ngan Tay Village Tract",1201208
Mon State,"Mawlamyine Township","Min Ywar Village Tract",1201209
Mon State,"Mawlamyine Township","Mu Yaung Village Tract",1201210
Mon State,"Mawlamyine Township","Gway Kone Village Tract",1201211
Mon State,"Mawlamyine Township","Chauk Maing Kywe Chan Kone Village Tract",1201212
Mon State,"Mawlamyine Township","Kawt Kha Ni Village Tract",1201213
Mon State,"Mawlamyine Township","Naung Kha Ri Village Tract",1201214
Mon State,"Mawlamyine Township","Kyar Inn Village Tract",1201215
Mon State,"Mawlamyine Township","Kawt Kha Mei Village Tract",1201216
Mon State,"Mawlamyine Township","Hpar Auk Village Tract",1201217
Mon State,"Mawlamyine Township","Yo Go Village Tract",1201218
Mon State,"Kyaikto Township","Zay Yar Mun Quarter",1202001
Mon State,"Kyaikto Township","Myauk Paing Quarter",1202002
Mon State,"Kyaikto Township","Kawt San Naing Quarter",1202003
Mon State,"Kyaikto Township","Taung Paing Quarter",1202004
Mon State,"Kyaikto Township","Kant Kaw Quarter",1202005
Mon State,"Kyaikto Township","Taung Thu Su Quarter",1202006
Mon State,"Kyaikto Township","Ah Baing Village Tract",1202200
Mon State,"Kyaikto Township","Kyu Chaung Village Tract",1202201
Mon State,"Kyaikto Township","Thone Gwa Village Tract",1202202
Mon State,"Kyaikto Township","Win Kan Village Tract",1202203
Mon State,"Kyaikto Township","Hle Lan Ku Village Tract",1202204
Mon State,"Kyaikto Township","In Ga Po Village Tract",1202205
Mon State,"Kyaikto Township","Ka Daing Dut Village Tract",1202206
Mon State,"Kyaikto Township","Kan Ni Village Tract",1202207
Mon State,"Kyaikto Township","Kha Ywea Village Tract",1202208
Mon State,"Kyaikto Township","Moke Kha Mawt Village Tract",1202209
Mon State,"Kyaikto Township","Kawt Htin Village Tract",1202210
Mon State,"Kyaikto Township","Kawt Bein Village Tract",1202211
Mon State,"Kyaikto Township","Kyaung Ywar Village Tract",1202212
Mon State,"Kyaikto Township","Kyaik Ka Thar Village Tract",1202213
Mon State,"Kyaikto Township","Kyaik Pi Village Tract",1202214
Mon State,"Kyaikto Township","Kin Mun Chaung Village Tract",1202215
Mon State,"Kyaikto Township","Ma Lawt Chaung Village Tract",1202216
Mon State,"Kyaikto Township","Mar Lar Hpu Village Tract",1202217
Mon State,"Kyaikto Township","Moke Kha Mu Village Tract",1202218
Mon State,"Kyaikto Township","Ma Yan Chaung Kwar Yi Ywar Thit Village Tract",1202219
Mon State,"Kyaikto Township","Kyun Taw Village Tract",1202220
Mon State,"Kyaikto Township","Hnget Pyaw Taw Village Tract",1202221
Mon State,"Kyaikto Township","Thein Za Yat Village Tract",1202222
Mon State,"Kyaikto Township","Kyauk Ka Lat Village Tract",1202223
Mon State,"Kyaikto Township","Bo Yar Gyi Village Tract",1202224
Mon State,"Kyaikto Township","Pyin Ka Toe Kone Village Tract",1202225
Mon State,"Kyaikto Township","Hpet Ka Leik Village Tract",1202226
Mon State,"Kyaikto Township","Pi Ti Village Tract",1202227
Mon State,"Kyaikto Township","Sit Taung Village Tract",1202228
Mon State,"Kyaikto Township","Sut Pa Nu Village Tract",1202229
Mon State,"Kyaikto Township","Kha Lun Village Tract",1202230
Mon State,"Kyaikto Township","War Boe Chaung Village Tract",1202231
Mon State,"Kyaikto Township","Kwin Ka Lay Village Tract",1202232
Mon State,"Kyaikto Township","Zee Pyaung Village Tract",1202233
Mon State,"Kyaikto Township","Moke Pa Lin Village Tract",1202234
Mon State,"Kyaikto Township","Kyike Htee Yoe Yinpyintaw Village Tract",1202235
Mon State,"Bilin Township","Sa Yar San Quarter",1203001
Mon State,"Bilin Township","Hpoe Yar Zar Quarter",1203002
Mon State,"Bilin Township","Kan Thar Yar Quarter",1203003
Mon State,"Bilin Township","Hpoe Hla Gyi Quarter",1203004
Mon State,"Bilin Township","Bo Tay Za Quarter",1203005
Mon State,"Bilin Township","Hnin Pale Village Tract",1203200
Mon State,"Bilin Township","Shwe Hlay Village Tract",1203201
Mon State,"Bilin Township","Nyaung Pa Lin Village Tract",1203202
Mon State,"Bilin Township","Leik Khone Village Tract",1203203
Mon State,"Bilin Township","Ta Bet Swea Village Tract",1203204
Mon State,"Bilin Township","Ah Naing Pun Village Tract",1203205
Mon State,"Bilin Township","Mu Thin Village Tract",1203206
Mon State,"Bilin Township","Zwe Ka Lar Village Tract",1203207
Mon State,"Bilin Township","Zoke Thoke Village Tract",1203208
Mon State,"Bilin Township","Zoke Ka Li Village Tract",1203209
Mon State,"Bilin Township","Kawt Ka Dut Village Tract",1203210
Mon State,"Bilin Township","Yun Da Lin Kone Village Tract",1203211
Mon State,"Bilin Township","Taung Sun Village Tract",1203212
Mon State,"Bilin Township","Pauk Taw Village Tract",1203213
Mon State,"Bilin Township","Kin Ywar Village Tract",1203214
Mon State,"Bilin Township","Taung Gyi Village Tract",1203215
Mon State,"Bilin Township","Win Ka Village Tract",1203216
Mon State,"Bilin Township","Ah Yet Thi Ma Village Tract",1203217
Mon State,"Bilin Township","Ma Yan Kone Village Tract",1203218
Mon State,"Bilin Township","Thein Ngu Village Tract",1203219
Mon State,"Bilin Township","Thea Hpyu Chaung Village Tract",1203220
Mon State,"Bilin Township","Ah Lu Village Tract",1203221
Mon State,"Bilin Township","Win Pyan Village Tract",1203222
Mon State,"Bilin Township","Kyauk Yae Twin Village Tract",1203223
Mon State,"Bilin Township","Hpoe War Thein Village Tract",1203224
Mon State,"Bilin Township","Gon Hnyin Nwei Village Tract",1203225
Mon State,"Bilin Township","Win Thaung Village Tract",1203226
Mon State,"Bilin Township","Ka Di Pu Village Tract",1203227
Mon State,"Bilin Township","Dauk Yat Village Tract",1203228
Mon State,"Bilin Township","Shwe Yaung Pya Village Tract",1203229
Mon State,"Bilin Township","Kya Khat Chaung Village Tract",1203230
Mon State,"Bilin Township","Ta Nyin Kone Village Tract",1203231
Mon State,"Bilin Township","Ka Zaing Village Tract",1203232
Mon State,"Bilin Township","Yin Ohn Village Tract",1203233
Mon State,"Bilin Township","Me Lan Village Tract",1203234
Mon State,"Bilin Township","Me Lan Gaung Village Tract",1203235
Mon State,"Bilin Township","Ah Hone Wa Village Tract",1203236
Mon State,"Bilin Township","Hpa Yar Seik Village Tract",1203237
Mon State,"Bilin Township","Nat Gyi Village Tract",1203238
Mon State,"Bilin Township","Me Na Than Village Tract",1203239
Mon State,"Bilin Township","Me Pa Li Village Tract",1203240
Mon State,"Bilin Township","Pi Ti Village Tract",1203241
Mon State,"Bilin Township","Baw Naw Khee Village Tract",1203242
Mon State,"Bilin Township","Ah Su Chaung Village Tract",1203243
Mon State,"Bilin Township","Win Tar Pan Village Tract",1203244
Mon State,"Bilin Township","Lay Kay Village Tract",1203245
Mon State,"Bilin Township","Kyoe Waing Village Tract",1203246
Mon State,"Bilin Township","Paing Da Wei Village Tract",1203247
Mon State,"Bilin Township","Kyar Kwin Village Tract",1203248
Mon State,"Bilin Township","Kyauk Lone Gyi Village Tract",1203249
Mon State,"Bilin Township","Sin Inn Village Tract",1203250
Mon State,"Thaton Township","Leik Inn Quarter",1204001
Mon State,"Thaton Township","Nan Khe Quarter",1204002
Mon State,"Thaton Township","Auk Kyin Quarter",1204003
Mon State,"Thaton Township","Thein Kone Quarter",1204004
Mon State,"Thaton Township","Bin Hlaing Quarter",1204005
Mon State,"Thaton Township","Taung Kyar Village Tract",1204200
Mon State,"Thaton Township","Win Pa Village Tract",1204201
Mon State,"Thaton Township","Kawt Hlaing Village Tract",1204202
Mon State,"Thaton Township","Chaung Zauk Village Tract",1204203
Mon State,"Thaton Township","Wi Yaw Village Tract",1204204
Mon State,"Thaton Township","Pein Hne Taw Village Tract",1204205
Mon State,"Thaton Township","Da Nu Village Tract",1204206
Mon State,"Thaton Township","Win Hpone Village Tract",1204207
Mon State,"Thaton Township","Mat Cha Village Tract",1204208
Mon State,"Thaton Township","Naung Ka Toke Village Tract",1204209
Mon State,"Thaton Township","Thein Seik Village Tract",1204210
Mon State,"Thaton Township","Kyaik Kaw Village Tract",1204211
Mon State,"Thaton Township","Ta Dar U Village Tract",1204212
Mon State,"Thaton Township","Moe Kaung Village Tract",1204213
Mon State,"Thaton Township","Don Wun Village Tract",1204214
Mon State,"Thaton Township","Ka Taik Ka Lay Village Tract",1204215
Mon State,"Thaton Township","Ka Taik Gyi Village Tract",1204216
Mon State,"Thaton Township","Da Nu Ka Taik Village Tract",1204217
Mon State,"Thaton Township","Seik Kyun Village Tract",1204218
Mon State,"Thaton Township","Taw Gyi Village Tract",1204219
Mon State,"Thaton Township","Thaung Gyi Village Tract",1204220
Mon State,"Thaton Township","Za Yit Chaung Village Tract",1204221
Mon State,"Thaton Township","Myay Ni Kone Village Tract",1204222
Mon State,"Thaton Township","Sin Hpyu Kyun Village Tract",1204223
Mon State,"Thaton Township","Naung Bo Village Tract",1204224
Mon State,"Thaton Township","Paw Taw Mu Village Tract",1204225
Mon State,"Thaton Township","Bu Din Chaung Village Tract",1204226
Mon State,"Thaton Township","Ma Yan Kone Village Tract",1204227
Mon State,"Thaton Township","Zaik Ka Ye Village Tract",1204228
Mon State,"Thaton Township","Htein Pin Village Tract",1204229
Mon State,"Thaton Township","Naung Ku Lar Village Tract",1204230
Mon State,"Thaton Township","Day Ba Yein Village Tract",1204231
Mon State,"Thaton Township","Tha Yet Taw Village Tract",1204232
Mon State,"Thaton Township","Aung Saing Village Tract",1204233
Mon State,"Thaton Township","Taung Sun Village Tract",1204234
Mon State,"Thaton Township","Oke Hpo Chaung Village Tract",1204235
Mon State,"Thaton Township","Kyauk Tan Village Tract",1204236
Mon State,"Thaton Township","Kyon Par Village Tract",1204237
Mon State,"Thaton Township","Gawt Village Tract",1204238
Mon State,"Thaton Township","Win Sein Ywar Thit Village Tract",1204239
Mon State,"Thaton Township","Win Sein Ah Lel Village Tract",1204240
Mon State,"Thaton Township","Du Yin Seik Village Tract",1204241
Mon State,"Thaton Township","Htaung Hmu Village Tract",1204242
Mon State,"Thaton Township","Sin Kyone Village Tract",1204243
Mon State,"Thaton Township","Zay Ma Thwei (Lower) Village Tract",1204244
Mon State,"Thaton Township","Zay Ma Thwei (Upper) Village Tract",1204245
Mon State,"Thaton Township","Sa Khan Gyi Village Tract",1204246
Mon State,"Thaton Township","Ah Nan Pin Village Tract",1204247
Mon State,"Thaton Township","Kyet Tu Yway Thaung Village Tract",1204248
Mon State,"Thaton Township","Thu Damah Wady Village Tract",1204249
Mon State,"Paung Township","Moe Naing Quarter",1205001
Mon State,"Paung Township","Ka Don See Quarter",1205002
Mon State,"Paung Township","Paung Quarter",1205003
Mon State,"Paung Township","Ka Dar Quarter",1205004
Mon State,"Paung Township","Nyaung Kone Lay Village Tract",1205200
Mon State,"Paung Township","Pan Kone Village Tract",1205201
Mon State,"Paung Township","Oke Ta Dar Village Tract",1205202
Mon State,"Paung Township","Da Rein Village Tract",1205203
Mon State,"Paung Township","Day Kin Village Tract",1205204
Mon State,"Paung Township","Ka Mar Bi Village Tract",1205205
Mon State,"Paung Township","Ah Hauk Village Tract",1205206
Mon State,"Paung Township","Htan Pin Chaung Gyi Village Tract",1205207
Mon State,"Paung Township","Zin Kyaik Village Tract",1205208
Mon State,"Paung Township","Tat Hmu Chaung Village Tract",1205209
Mon State,"Paung Township","Kawt Htaw Village Tract",1205210
Mon State,"Paung Township","Kywe Chan Village Tract",1205211
Mon State,"Paung Township","Kawt Kayin Village Tract",1205212
Mon State,"Paung Township","Ka Daing Village Tract",1205213
Mon State,"Paung Township","Bant Bway Kone Village Tract",1205214
Mon State,"Paung Township","Tha Pyay Kone Village Tract",1205215
Mon State,"Paung Township","Hpa Lat Village Tract",1205216
Mon State,"Paung Township","Yin Nyein (North) Village Tract",1205217
Mon State,"Paung Township","Yin Nyein (South) Village Tract",1205218
Mon State,"Paung Township","Ywar Tan Shey Village Tract",1205219
Mon State,"Paung Township","Hpyu Ba Village Tract",1205220
Mon State,"Paung Township","Ka Tun Village Tract",1205221
Mon State,"Paung Township","Kyauk Yae Twin Village Tract",1205222
Mon State,"Paung Township","Inn Pyaung Village Tract",1205223
Mon State,"Paung Township","Mya Lay Chaung Village Tract",1205224
Mon State,"Paung Township","Htan Pin Chaung Lay Village Tract",1205225
Mon State,"Paung Township","Nyaung Kone Gyi Village Tract",1205226
Mon State,"Paung Township","Kyon Haw Village Tract",1205227
Mon State,"Paung Township","Thea Kone Village Tract",1205228
Mon State,"Paung Township","Ka Taik Village Tract",1205229
Mon State,"Paung Township","Ohn Ta Pin Village Tract",1205230
Mon State,"Paung Township","Sin Ywar Village Tract",1205231
Mon State,"Paung Township","Wea Pa Tan Village Tract",1205232
Mon State,"Paung Township","Moke Ta Ma-Kywe Chan Village Tract",1205233
Mon State,"Paung Township","Kyauk Sa Yit Village Tract",1205234
Mon State,"Paung Township","Let Pan Taw Village Tract",1205235
Mon State,"Paung Township","Oke Kan Village Tract",1205236
Mon State,"Paung Township","Hmaw Bi Village Tract",1205237
Mon State,"Paung Township","Nat Hmaw Village Tract",1205238
Mon State,"Paung Township","Thea Ein Village Tract",1205239
Mon State,"Paung Township","Thea Hpyu Kone Village Tract",1205240
Mon State,"Paung Township","Kawt Ka Daik Village Tract",1205241
Mon State,"Paung Township","Kyar Bo Village Tract",1205242
Mon State,"Paung Township","Moke Ta Ma Village Tract",1205243
Mon State,"Paung Township","Nat Gyi Chaung Village Tract",1205244
Mon State,"Paung Township","Kyon Ka Village Tract",1205245
Mon State,"Paung Township","Ah Hlat Village Tract",1205246
Mon State,"Paung Township","Lat Pan Kyun Village Tract",1205247
Mon State,"Paung Township","Kya Khat Ngu Village Tract",1205248
Mon State,"Paung Township","Ei Byit Village Tract",1205249
Mon State,"Paung Township","Tha Byu Chaung Village Tract",1205250
Mon State,"Chaungzon Township","Ah Nauk Quarter",1206001
Mon State,"Chaungzon Township","Ah Shey Quarter",1206002
Mon State,"Chaungzon Township","Toe Cheit Quarter",1206003
Mon State,"Chaungzon Township","Ywar Lut Village Tract",1206200
Mon State,"Chaungzon Township","Da Yei Village Tract",1206201
Mon State,"Chaungzon Township","Ka Lwi Village Tract",1206202
Mon State,"Chaungzon Township","Ka Mar Mo Village Tract",1206203
Mon State,"Chaungzon Township","Nyaung Lan Village Tract",1206204
Mon State,"Chaungzon Township","Taw Ka Nar Village Tract",1206205
Mon State,"Chaungzon Township","Hnee Hmoke Village Tract",1206206
Mon State,"Chaungzon Township","Se Pa Lar Village Tract",1206207
Mon State,"Chaungzon Township","Zee Kone Village Tract",1206208
Mon State,"Chaungzon Township","Mu Yit Gyi Village Tract",1206209
Mon State,"Chaungzon Township","Taw Pun Village Tract",1206210
Mon State,"Chaungzon Township","Kayin Win Sein Village Tract",1206211
Mon State,"Chaungzon Township","Mu Kwe Village Tract",1206212
Mon State,"Chaungzon Township","Ka Lawt Village Tract",1206213
Mon State,"Chaungzon Township","Kun Yaik Village Tract",1206214
Mon State,"Chaungzon Township","Ka Ma Nin Village Tract",1206215
Mon State,"Chaungzon Township","Saw Ke Village Tract",1206216
Mon State,"Chaungzon Township","Ka Yaik Du Village Tract",1206217
Mon State,"Chaungzon Township","Mu Yit Kalay Village Tract",1206218
Mon State,"Chaungzon Township","Hpan Hpa Village Tract",1206219
Mon State,"Chaungzon Township","Ta Ku Pa Ti Village Tract",1206220
Mon State,"Chaungzon Township","Ku Lar Toet Village Tract",1206221
Mon State,"Chaungzon Township","Kha Yaik Thit Village Tract",1206222
Mon State,"Chaungzon Township","Kun Thea Village Tract",1206223
Mon State,"Chaungzon Township","Ma Yan Village Tract",1206224
Mon State,"Chaungzon Township","Ku Lar Bi Village Tract",1206225
Mon State,"Chaungzon Township","Wei Lan Village Tract",1206226
Mon State,"Chaungzon Township","Hin Thar Kyun Village Tract",1206227
Mon State,"Chaungzon Township","Kawt Ka Daik Village Tract",1206228
Mon State,"Chaungzon Township","Ah Bit Village Tract",1206229
Mon State,"Chaungzon Township","Kun Hlar Village Tract",1206230
Mon State,"Chaungzon Township","Ka Mar Kay Village Tract",1206231
Mon State,"Chaungzon Township","Kha Yaik Hnee Hu Village Tract",1206232
Mon State,"Chaungzon Township","Thet Kaw Village Tract",1206233
Mon State,"Chaungzon Township","Taung Sun Village Tract",1206234
Mon State,"Chaungzon Township","Daung Yat (West) Village Tract",1206235
Mon State,"Chaungzon Township","Daung Yet (East) Village Tract",1206236
Mon State,"Chaungzon Township","Kawt Mu Pun Village Tract",1206237
Mon State,"Chaungzon Township","Ka Hnyaw Village Tract",1206238
Mon State,"Chaungzon Township","Boe Net Village Tract",1206239
Mon State,"Chaungzon Township","Mu Du Village Tract",1206240
Mon State,"Chaungzon Township","Nat Hmaw Village Tract",1206241
Mon State,"Chaungzon Township","Daung U Village Tract",1206242
Mon State,"Kyaikmaraw Township","Shin Saw Pu Quarter",1207001
Mon State,"Kyaikmaraw Township","Yan Myo Aung Quarter",1207002
Mon State,"Kyaikmaraw Township","Ah Hta Yan Quarter",1207003
Mon State,"Kyaikmaraw Township","Aung Thu Kha Quarter",1207004
Mon State,"Kyaikmaraw Township","An Ka Ye Village Tract",1207200
Mon State,"Kyaikmaraw Township","Ah Hta Yan Village Tract",1207201
Mon State,"Kyaikmaraw Township","Bar Bu Kone Village Tract",1207202
Mon State,"Kyaikmaraw Township","Bein Byaw Village Tract",1207203
Mon State,"Kyaikmaraw Township","Dhamma Tha Village Tract",1207204
Mon State,"Kyaikmaraw Township","Hla Ka Zaing Village Tract",1207205
Mon State,"Kyaikmaraw Township","Ka Dar Village Tract",1207206
Mon State,"Kyaikmaraw Township","Ka Laing Ka Naing Village Tract",1207207
Mon State,"Kyaikmaraw Township","Kha Naung Village Tract",1207208
Mon State,"Kyaikmaraw Township","Kawt Bwee Village Tract",1207209
Mon State,"Kyaikmaraw Township","Kawt Kha Lein Village Tract",1207210
Mon State,"Kyaikmaraw Township","Kawt Pa Laing Village Tract",1207211
Mon State,"Kyaikmaraw Township","Kawt Ka Lawt Village Tract",1207212
Mon State,"Kyaikmaraw Township","Kawt Pa Naw Village Tract",1207213
Mon State,"Kyaikmaraw Township","Kawt That Village Tract",1207214
Mon State,"Kyaikmaraw Township","Kha Yon Village Tract",1207215
Mon State,"Kyaikmaraw Township","Kun Ngan Village Tract",1207216
Mon State,"Kyaikmaraw Township","Kyaik Pa Yan Village Tract",1207217
Mon State,"Kyaikmaraw Township","Kyee Oke Village Tract",1207218
Mon State,"Kyaikmaraw Township","Kyon Kwei Village Tract",1207219
Mon State,"Kyaikmaraw Township","Kyon Sein Village Tract",1207220
Mon State,"Kyaikmaraw Township","Kyon Wan Village Tract",1207221
Mon State,"Kyaikmaraw Township","Kyun Ywar Village Tract",1207222
Mon State,"Kyaikmaraw Township","La Mu Kho Village Tract",1207223
Mon State,"Kyaikmaraw Township","Let Pan Village Tract",1207224
Mon State,"Kyaikmaraw Township","Mei Ka Yo Village Tract",1207225
Mon State,"Kyaikmaraw Township","Mi Ka Thit Village Tract",1207226
Mon State,"Kyaikmaraw Township","Moke Soe Kyun Village Tract",1207227
Mon State,"Kyaikmaraw Township","Nga Pu Inn Village Tract",1207228
Mon State,"Kyaikmaraw Township","Nga Pyay Ma Village Tract",1207229
Mon State,"Kyaikmaraw Township","Ni Don Village Tract",1207230
Mon State,"Kyaikmaraw Township","Nyaung Pin Seik Village Tract",1207231
Mon State,"Kyaikmaraw Township","Hpar Pyauk Village Tract",1207232
Mon State,"Kyaikmaraw Township","Pein Hne Kone Village Tract",1207233
Mon State,"Kyaikmaraw Township","Hpa Non Village Tract",1207234
Mon State,"Kyaikmaraw Township","Hpar Thein Village Tract",1207235
Mon State,"Kyaikmaraw Township","Ta Ra Nar Village Tract",1207236
Mon State,"Kyaikmaraw Township","Than Ka Laung Village Tract",1207237
Mon State,"Kyaikmaraw Township","U Lay Village Tract",1207238
Mon State,"Kyaikmaraw Township","Yae Twin Kone Village Tract",1207239
Mon State,"Kyaikmaraw Township","Hlwa Zin Kone Village Tract",1207240
Mon State,"Kyaikmaraw Township","Chaung Hnit Khwa Village Tract",1207241
Mon State,"Kyaikmaraw Township","Ka Ton Si Village Tract",1207242
Mon State,"Kyaikmaraw Township","Yae Pu Village Tract",1207243
Mon State,"Mudon Township","Myo Ma (1) Quarter",1208001
Mon State,"Mudon Township","Myo Ma (2) Quarter",1208002
Mon State,"Mudon Township","Myo Ma (3) Quarter",1208003
Mon State,"Mudon Township","Myo Ma (4) Quarter",1208004
Mon State,"Mudon Township","Tar Pa Thun Village Tract",1208200
Mon State,"Mudon Township","Kwayt Wan Village Tract",1208201
Mon State,"Mudon Township","Naing Pyaing Village Tract",1208202
Mon State,"Mudon Township","Kyauk Ta Lone Village Tract",1208203
Mon State,"Mudon Township","Hmein Ga Nein Village Tract",1208204
Mon State,"Mudon Township","Kawt Kha Pon Village Tract",1208205
Mon State,"Mudon Township","Kun Tar Village Tract",1208206
Mon State,"Mudon Township","Be Yan Village Tract",1208207
Mon State,"Mudon Township","Kin Chaung Village Tract",1208208
Mon State,"Mudon Township","Kyon Hpaik Village Tract",1208209
Mon State,"Mudon Township","Wet Te Village Tract",1208210
Mon State,"Mudon Township","Nyaung Kone Village Tract",1208211
Mon State,"Mudon Township","Kawt Pa Ran Village Tract",1208212
Mon State,"Mudon Township","Ka Tone Paw Village Tract",1208213
Mon State,"Mudon Township","Ba Lauk Nyaung Waing Village Tract",1208214
Mon State,"Mudon Township","Wea Ka Li Village Tract",1208215
Mon State,"Mudon Township","Kyaik Ywea Village Tract",1208216
Mon State,"Mudon Township","Ta Khun Taing Village Tract",1208217
Mon State,"Mudon Township","Taw Ku Village Tract",1208218
Mon State,"Mudon Township","Naing Hlon Let Tet Village Tract",1208219
Mon State,"Mudon Township","Ah Khun Village Tract",1208220
Mon State,"Mudon Township","Gon Hnyin Tan Village Tract",1208221
Mon State,"Mudon Township","Thein Kone Village Tract",1208222
Mon State,"Mudon Township","Ka Mar Wet Village Tract",1208223
Mon State,"Mudon Township","Htaung Kay Village Tract",1208224
Mon State,"Mudon Township","Sein Taung Village Tract",1208225
Mon State,"Mudon Township","Hpe Do Village Tract",1208226
Mon State,"Mudon Township","Ka Lawt Thawt Village Tract",1208227
Mon State,"Mudon Township","Kawt Pi Htaw Village Tract",1208228
Mon State,"Mudon Township","Do Mar Village Tract",1208229
Mon State,"Mudon Township","Taung Pa Village Tract",1208230
Mon State,"Mudon Township","Hton Man Village Tract",1208231
Mon State,"Mudon Township","Kun Ka Bwee Village Tract",1208232
Mon State,"Mudon Township","Hnee Pa Daw Village Tract",1208233
Mon State,"Mudon Township","Set Thwei Village Tract",1208234
Mon State,"Mudon Township","Ka Mar Oke Village Tract",1208235
Mon State,"Mudon Township","Yaung Daung Village Tract",1208236
Mon State,"Mudon Township","Kun Hlar Village Tract",1208237
Mon State,"Thanbyuzayat Township","Kyar Kan Quarter",1209001
Mon State,"Thanbyuzayat Township","Aung Chan Thar Quarter",1209002
Mon State,"Thanbyuzayat Township","Set Thit Quarter",1209003
Mon State,"Thanbyuzayat Township","Aung Min Ga Lar Quarter",1209004
Mon State,"Thanbyuzayat Township","Han Thar Wa Di Quarter",1209005
Mon State,"Thanbyuzayat Township","Aung Zay Ya Quarter",1209006
Mon State,"Thanbyuzayat Township","Kyaung Paing Quarter",1209007
Mon State,"Thanbyuzayat Township","Kyant Khaing Yay Quarter",1209008
Mon State,"Thanbyuzayat Township","Aung Thar Yar Quarter",1209009
Mon State,"Thanbyuzayat Township","Hpaung Sein Quarter",1209010
Mon State,"Thanbyuzayat Township","Mya Mar Lar Village Tract",1209200
Mon State,"Thanbyuzayat Township","Hnit Kaing Village Tract",1209201
Mon State,"Thanbyuzayat Township","Sin Taung Village Tract",1209202
Mon State,"Thanbyuzayat Township","Kayin Thaung Village Tract",1209203
Mon State,"Thanbyuzayat Township","Pa Dar Ngan Village Tract",1209204
Mon State,"Thanbyuzayat Township","Kun That Village Tract",1209205
Mon State,"Thanbyuzayat Township","Kyon Ka Dat Village Tract",1209206
Mon State,"Thanbyuzayat Township","Set Se Village Tract",1209207
Mon State,"Thanbyuzayat Township","Taung Hpa Lu Village Tract",1209208
Mon State,"Thanbyuzayat Township","War Kha Yu Village Tract",1209209
Mon State,"Thanbyuzayat Township","Hpaung Sein Village Tract",1209210
Mon State,"Thanbyuzayat Township","Kyon Ka Yoke Village Tract",1209211
Mon State,"Thanbyuzayat Township","Pa Nga Village Tract",1209212
Mon State,"Thanbyuzayat Township","Wea Yet Ywar Thit Village Tract",1209213
Mon State,"Thanbyuzayat Township","Wea Ka Li Village Tract",1209214
Mon State,"Thanbyuzayat Township","Wea Ka War Village Tract",1209215
Mon State,"Thanbyuzayat Township","Wea Win Ka Yar Village Tract",1209216
Mon State,"Thanbyuzayat Township","Ka Yoke Pi Village Tract",1209217
Mon State,"Thanbyuzayat Township","Sa Khan Gyi Village Tract",1209218
Mon State,"Thanbyuzayat Township","Wea Ka Laung Village Tract",1209219
Mon State,"Thanbyuzayat Township","An Khe Village Tract",1209220
Mon State,"Thanbyuzayat Township","Kawt Lay Village Tract",1209221
Mon State,"Thanbyuzayat Township","Htin Shu Village Tract",1209222
Mon State,"Thanbyuzayat Township","Wea Kha Mi Village Tract",1209223
Mon State,"Thanbyuzayat Township","Kyaung Ywar Village Tract",1209224
Mon State,"Thanbyuzayat Township","Ah Nin Village Tract",1209225
Mon State,"Ye Township","Thi Ri Zay Yar Quarter",1210001
Mon State,"Ye Township","Thi Ri Mar Lar Quarter",1210002
Mon State,"Ye Township","Thi Ri Nan Dar Quarter",1210003
Mon State,"Ye Township","Thi Ri Khay Mar Quarter",1210004
Mon State,"Ye Township","Yan Myo Aung Quarter",1210005
Mon State,"Ye Township","Yan Gyi Aung Quarter",1210006
Mon State,"Ye Township","Aung Thu Kha Quarter",1210007
Mon State,"Ye Township","Aung Myit Tar Quarter",1210008
Mon State,"Ye Township","Aung Min Ga Lar Quarter",1210009
Mon State,"Ye Township","Ah Sin Village Tract",1210200
Mon State,"Ye Township","Zee Hpyu Thaung Village Tract",1210201
Mon State,"Ye Township","Ah Baw Village Tract",1210202
Mon State,"Ye Township","Tu Myaung Village Tract",1210203
Mon State,"Ye Township","Kyaung Ywar Village Tract",1210204
Mon State,"Ye Township","An Din Village Tract",1210205
Mon State,"Ye Township","Ka Lawt Village Tract",1210206
Mon State,"Ye Township","Kyauk Mi Kyaung Village Tract",1210207
Mon State,"Ye Township","Chaung Taung Village Tract",1210208
Mon State,"Ye Township","Du Yar Village Tract",1210209
Mon State,"Ye Township","Thin Gan Kyun Village Tract",1210210
Mon State,"Ye Township","Ahr Yu Taung Village Tract",1210211
Mon State,"Ye Township","Han Gan Village Tract",1210212
Mon State,"Ye Township","Mawt Ka Nin Village Tract",1210213
Mon State,"Ye Township","Don Hpi Village Tract",1210214
Mon State,"Ye Township","Kawt Dut Village Tract",1210215
Mon State,"Ye Township","Ku Lar Koke Village Tract",1210216
Mon State,"Ye Township","Bay La Maing Village Tract",1210217
Mon State,"Ye Township","Thaung Pyin Village Tract",1210218
Mon State,"Ye Township","Hnit Kayin Village Tract",1210219
Mon State,"Ye Township","Be La Mu Village Tract",1210220
Mon State,"Ye Township","Ka Nin Ka Mawt Village Tract",1210221
Mon State,"Ye Township","Hnin Sone Village Tract",1210222
Mon State,"Ye Township","Taung Bon Village Tract",1210223
Mon State,"Ye Township","Koe Maing Village Tract",1210224
Mon State,"Ye Township","Kawt Hlaing Village Tract",1210225
Mon State,"Ye Township","Ka Byar Village Tract",1210226
Mon State,"Ye Township","Ma Gyi Village Tract",1210227
Mon State,"Ye Township","Yin Yei Village Tract",1210228
Mon State,"Ye Township","Kyon Nye Village Tract",1210229
Mon State,"Thein Za Yat Town","No (1) Quarter",1260001
Mon State,"Thein Za Yat Town","No (2) Quarter",1260002
Mon State,"Thein Za Yat Town","No (3) Quarter",1260003
Mon State,"Thein Za Yat Town","No (4) Ward Quarter",1260004
Mon State,"Thuwunnawady Town","Thein Seik Quarter",1261001
Mon State,"Thuwunnawady Town","Kyeik Kaw Quarter",1261002
Mon State,"Thuwunnawady Town","Taung Kyar Quarter",1261003
Mon State,"Zinkyaik Town","Zinkyaik Quarter",1262001
Mon State,"Zinkyaik Town","Kha Lauk Inn Quarter",1262002
Mon State,"Zinkyaik Town","Hpa Lup Quarter",1262003
Mon State,"Zinkyaik Town","Sar Hpo Su Quarter",1262004
Mon State,"Kamarwet Town","Ka Mar Wet Quarter",1263001
Mon State,"Kamarwet Town","Thein Kone Quarter",1263002
Mon State,"Kamarwet Town","Sein Taung Quarter",1263003
Mon State,"Kamarwet Town","Htaung Kay Quarter",1263004
Mon State,"Kamarwet Town","Gon Nyin Tan Quarter",1263005
Mon State,"Kyaikkhami Town","Dhamma Zay Di Quarter",1264001
Mon State,"Kyaikkhami Town","Aung Pin Lel Quarter",1264002
Mon State,"Kyaikkhami Town","Myo Ma Zay Quarter",1264003
Mon State,"Kyaikkhami Town","Aung Thu Kha Quarter",1264004
Mon State,"Kyaikkhami Town","Yang Aung Myay Quarter",1264005
Mon State,"Kyaikkhami Town","Man Ya Da Nar Quarter",1264006
Mon State,"Lamaing Town","No (1) Quarter",1265001
Mon State,"Lamaing Town","No (2) Quarter",1265002
Mon State,"Lamaing Town","No (3) Quarter",1265003
Mon State,"Khawzar Town","No (1) Quarter",1266001
Mon State,"Khawzar Town","No (2) Quarter",1266002
