﻿Region,"Town / Township","Ward / Village Tract","Postal Code"
"Tanintharyi Region","Tanintharyi Township","San Chi Quarter",1401001
"Tanintharyi Region","Tanintharyi Township","Oe Loke Quarter",1401002
"Tanintharyi Region","Tanintharyi Township","Ta Laing Htein Quarter",1401003
"Tanintharyi Region","Tanintharyi Township","Thin Baw Seik Quarter",1401004
"Tanintharyi Region","Tanintharyi Township","Daung Ngu Quarter",1401005
"Tanintharyi Region","Tanintharyi Township","Kyet Sa Pyin Quarter",1401006
"Tanintharyi Region","Tanintharyi Township","Bon Maw Quarter",1401007
"Tanintharyi Region","Tanintharyi Township","Za Yit Quarter",1401008
"Tanintharyi Region","Tanintharyi Township","Ka Nyon Quarter",1401009
"Tanintharyi Region","Tanintharyi Township","Pein Hne Taw Quarter",1401010
"Tanintharyi Region","Tanintharyi Township","Ah Nauk Myo Twin Quarter",1401011
"Tanintharyi Region","Tanintharyi Township","Byaw Taw Wa Quarter",1401012
"Tanintharyi Region","Tanintharyi Township","Kyauk  Maw Quarter",1401013
"Tanintharyi Region","Tanintharyi Township","Htein Thit Quarter",1401014
"Tanintharyi Region","Tanintharyi Township","Sin Seik Quarter",1401015
"Tanintharyi Region","Tanintharyi Township","Za Har Village Tract",1401200
"Tanintharyi Region","Tanintharyi Township","Tha Pyay Chaung Village Tract",1401201
"Tanintharyi Region","Tanintharyi Township","Maung Mei Shaung Village Tract",1401202
"Tanintharyi Region","Tanintharyi Township","Za Lun Village Tract",1401203
"Tanintharyi Region","Tanintharyi Township","Ta Laing Taung Village Tract",1401204
"Tanintharyi Region","Tanintharyi Township","Tha Byar Village Tract",1401205
"Tanintharyi Region","Tanintharyi Township","Pa Kar Ri Village Tract",1401206
"Tanintharyi Region","Tanintharyi Township","Ah Nyar Hpyar Village Tract",1401207
"Tanintharyi Region","Tanintharyi Township","Har Myin Gyi Village Tract",1401208
"Tanintharyi Region","Tanintharyi Township","Wa Kone Village Tract",1401209
"Tanintharyi Region","Tanintharyi Township","Pyar Thar Chaung Village Tract",1401210
"Tanintharyi Region","Tanintharyi Township","Kyauk Yat Village Tract",1401211
"Tanintharyi Region","Tanintharyi Township","Shan Ma Twin Village Tract",1401212
"Tanintharyi Region","Tanintharyi Township","Ku Toet Village Tract",1401213
"Tanintharyi Region","Tanintharyi Township","Ka Naing Dar Village Tract",1401214
"Tanintharyi Region","Tanintharyi Township","Shin Moke Tee Village Tract",1401215
"Tanintharyi Region","Tanintharyi Township","Yaung Maw Village Tract",1401216
"Tanintharyi Region","Tanintharyi Township","Ah Myar Village Tract",1401217
"Tanintharyi Region","Tanintharyi Township","Taung Thone Lone Village Tract",1401218
"Tanintharyi Region","Tanintharyi Township","Kyauk Me Taung Village Tract",1401219
"Tanintharyi Region","Tanintharyi Township","Myay Khan Baw Village Tract",1401220
"Tanintharyi Region","Tanintharyi Township","Hein Dar Village Tract",1401221
"Tanintharyi Region","Tanintharyi Township","Hpaung Taw Gyi Village Tract",1401222
"Tanintharyi Region","Tanintharyi Township","Ka Lit Gyi Village Tract",1401223
"Tanintharyi Region","Tanintharyi Township","Sin Hpyu Taing Village Tract",1401224
"Tanintharyi Region","Yebyu Township","Myo Ma (Ka Gyi) Quarter",1402001
"Tanintharyi Region","Yebyu Township","Myo Ma (Kha Gway) Quarter",1402002
"Tanintharyi Region","Yebyu Township","Myo Ma (Ga Nge) Quarter",1402003
"Tanintharyi Region","Yebyu Township","Myo Ma (Ga Gyi) Quarter",1402004
"Tanintharyi Region","Yebyu Township","Pale Ku Village Tract",1402200
"Tanintharyi Region","Yebyu Township","Ya Laing Village Tract",1402201
"Tanintharyi Region","Yebyu Township","Pu Gaw Zun Village Tract",1402202
"Tanintharyi Region","Yebyu Township","Nat Twin Village Tract",1402203
"Tanintharyi Region","Yebyu Township","Thit To Htaunt Village Tract",1402204
"Tanintharyi Region","Yebyu Township","Kyauk Ka Nyar Village Tract",1402205
"Tanintharyi Region","Yebyu Township","Ta Laing Yar Village Tract",1402206
"Tanintharyi Region","Yebyu Township","Nyin Htwe Village Tract",1402207
"Tanintharyi Region","Yebyu Township","Pein Shaung Village Tract",1402208
"Tanintharyi Region","Yebyu Township","U Tha Ran Village Tract",1402209
"Tanintharyi Region","Yebyu Township","Kyauk Htaunt Village Tract",1402210
"Tanintharyi Region","Yebyu Township","Wun Hpoet Village Tract",1402211
"Tanintharyi Region","Yebyu Township","Na Bu Lel Village Tract",1402212
"Tanintharyi Region","Yebyu Township","Le Shaung Village Tract",1402213
"Tanintharyi Region","Yebyu Township","Aye Ka Ni Village Tract",1402214
"Tanintharyi Region","Yebyu Township","Pa Ra Dat Village Tract",1402215
"Tanintharyi Region","Yebyu Township","Mu Du Village Tract",1402216
"Tanintharyi Region","Yebyu Township","Zar Di Village Tract",1402217
"Tanintharyi Region","Yebyu Township","Hpaung Taw Village Tract",1402218
"Tanintharyi Region","Yebyu Township","Thea Chaung Village Tract",1402219
"Tanintharyi Region","Yebyu Township","Ohn Pin Kwin Village Tract",1402220
"Tanintharyi Region","Yebyu Township","Kywe Thone Nyi Ma Village Tract",1402221
"Tanintharyi Region","Yebyu Township","Ein Da Rar Zar Village Tract",1402222
"Tanintharyi Region","Yebyu Township","Nat Kyi Sin Village Tract",1402223
"Tanintharyi Region","Yebyu Township","Min Thar Village Tract",1402224
"Tanintharyi Region","Yebyu Township","Kan Pauk Village Tract",1402225
"Tanintharyi Region","Yebyu Township","Hpar Chaung Village Tract",1402226
"Tanintharyi Region","Yebyu Township","Hnan Kye Village Tract",1402227
"Tanintharyi Region","Yebyu Township","Kayin Shin Ta Bi Village Tract",1402228
"Tanintharyi Region","Yebyu Township","Kyauk Shat Village Tract",1402229
"Tanintharyi Region","Yebyu Township","Zin Bar Village Tract",1402230
"Tanintharyi Region","Yebyu Township","Rar Hpu Village Tract",1402231
"Tanintharyi Region","Yebyu Township","Mi Kyaung Hlaung Village Tract",1402232
"Tanintharyi Region","Yebyu Township","Lawt Thaing Village Tract",1402233
"Tanintharyi Region","Yebyu Township","Htein Gyi Village Tract",1402234
"Tanintharyi Region","Thayetchaung Township","Maw Shi Kone Quarter",1403001
"Tanintharyi Region","Thayetchaung Township","Kyauk Myaung Quarter",1403002
"Tanintharyi Region","Thayetchaung Township","Tha Yet Chaung Quarter",1403003
"Tanintharyi Region","Thayetchaung Township","Pan Taw Quarter",1403004
"Tanintharyi Region","Thayetchaung Township","Sin Hpyu Pyin Quarter",1403005
"Tanintharyi Region","Thayetchaung Township","Ka Zi Ta Dar U Village Tract",1403200
"Tanintharyi Region","Thayetchaung Township","Pein Taw Village Tract",1403201
"Tanintharyi Region","Thayetchaung Township","Pan Chi Shaung Village Tract",1403202
"Tanintharyi Region","Thayetchaung Township","Oke Tu Village Tract",1403203
"Tanintharyi Region","Thayetchaung Township","Tha Yet Hnit Khwa Village Tract",1403204
"Tanintharyi Region","Thayetchaung Township","Thin Kyun Village Tract",1403205
"Tanintharyi Region","Thayetchaung Township","Yan Taung Village Tract",1403206
"Tanintharyi Region","Thayetchaung Township","Nyaung Zin Village Tract",1403207
"Tanintharyi Region","Thayetchaung Township","Kyar Inn Village Tract",1403208
"Tanintharyi Region","Thayetchaung Township","Kin Shey Village Tract",1403209
"Tanintharyi Region","Thayetchaung Township","Saw Hpyar Village Tract",1403210
"Tanintharyi Region","Thayetchaung Township","Pa Dat Chaung Village Tract",1403211
"Tanintharyi Region","Thayetchaung Township","Ti Tut Pyin Village Tract",1403212
"Tanintharyi Region","Thayetchaung Township","Ein Shey Pyin Village Tract",1403213
"Tanintharyi Region","Thayetchaung Township","Sin Ku Village Tract",1403214
"Tanintharyi Region","Thayetchaung Township","La Ba Village Tract",1403215
"Tanintharyi Region","Thayetchaung Township","Pyin Hpyu Gyi Village Tract",1403216
"Tanintharyi Region","Thayetchaung Township","Son Sin Village Tract",1403217
"Tanintharyi Region","Thayetchaung Township","Pyin Hpyu Thar Village Tract",1403218
"Tanintharyi Region","Thayetchaung Township","Chaung Wa Pyin Village Tract",1403219
"Tanintharyi Region","Thayetchaung Township","Yae Cho Chaung Village Tract",1403220
"Tanintharyi Region","Thayetchaung Township","Gon Hnyin Seik Village Tract",1403221
"Tanintharyi Region","Thayetchaung Township","Ya Nge Village Tract",1403222
"Tanintharyi Region","Thayetchaung Township","Ka Myaing Village Tract",1403223
"Tanintharyi Region","Thayetchaung Township","Min Dat Village Tract",1403224
"Tanintharyi Region","Thayetchaung Township","Kywe Min Kone Village Tract",1403225
"Tanintharyi Region","Thayetchaung Township","Ka Net Thi Ri Village Tract",1403226
"Tanintharyi Region","Thayetchaung Township","Mei Ke Village Tract",1403227
"Tanintharyi Region","Thayetchaung Township","Thea Chaung Gyi Village Tract",1403228
"Tanintharyi Region","Thayetchaung Township","Kayin Taung Pyauk Village Tract",1403229
"Tanintharyi Region","Thayetchaung Township","Yae Pu Village Tract",1403230
"Tanintharyi Region","Thayetchaung Township","Ka Twe Village Tract",1403231
"Tanintharyi Region","Thayetchaung Township","Ka Nyin Chaung Village Tract",1403232
"Tanintharyi Region","Thayetchaung Township","Auk Tha Yet Chaung Village Tract",1403233
"Tanintharyi Region","Thayetchaung Township","Pa Dauk Village Tract",1403234
"Tanintharyi Region","Thayetchaung Township","Kyauk Se Village Tract",1403235
"Tanintharyi Region","Thayetchaung Township","Myanmar Pa Awt Village Tract",1403236
"Tanintharyi Region","Thayetchaung Township","Ait Ait (Kayin Pa Awt) Village Tract",1403237
"Tanintharyi Region","Thayetchaung Township","Pe Det Village Tract",1403238
"Tanintharyi Region","Launglon Township","(Ka Gyi) Quarter",1404001
"Tanintharyi Region","Launglon Township","(Kha Gway) Quarter",1404002
"Tanintharyi Region","Launglon Township","(Ga Nge) Quarter",1404003
"Tanintharyi Region","Launglon Township","(Ga Gyi) Quarter",1404004
"Tanintharyi Region","Launglon Township","Pyin Htein Village Tract",1404200
"Tanintharyi Region","Launglon Township","Way Di Village Tract",1404201
"Tanintharyi Region","Launglon Township","Ka Nyon Kyun Village Tract",1404202
"Tanintharyi Region","Launglon Township","Tha Byar Village Tract",1404203
"Tanintharyi Region","Launglon Township","Inn Zauk Village Tract",1404204
"Tanintharyi Region","Launglon Township","Pan Da Le Village Tract",1404205
"Tanintharyi Region","Launglon Township","Ywar Haung Wa Village Tract",1404206
"Tanintharyi Region","Launglon Township","Min Yat Village Tract",1404207
"Tanintharyi Region","Launglon Township","Lay Thun Khan Village Tract",1404208
"Tanintharyi Region","Launglon Township","Sit Pyea Village Tract",1404209
"Tanintharyi Region","Launglon Township","Nyin Maw Village Tract",1404210
"Tanintharyi Region","Launglon Township","Ti Zit Village Tract",1404211
"Tanintharyi Region","Launglon Township","San Hlan Village Tract",1404212
"Tanintharyi Region","Launglon Township","Pa Nyit Village Tract",1404213
"Tanintharyi Region","Launglon Township","Auk Yae Hpyu Village Tract",1404214
"Tanintharyi Region","Launglon Township","Ka Htaung Ni Village Tract",1404215
"Tanintharyi Region","Launglon Township","Ka Det Gyi (Khun Hnit Thein) Village Tract",1404216
"Tanintharyi Region","Launglon Township","Pyin Kyaung Village Tract",1404217
"Tanintharyi Region","Launglon Township","Kyet Yet Twin Village Tract",1404218
"Tanintharyi Region","Launglon Township","Maung Ma Kan Village Tract",1404219
"Tanintharyi Region","Launglon Township","Ka Det Nge Seik Village Tract",1404220
"Tanintharyi Region","Launglon Township","Kyauk Sin Village Tract",1404221
"Tanintharyi Region","Launglon Township","Pan Det Inn Village Tract",1404222
"Tanintharyi Region","Launglon Township","Thar Yar Kone Village Tract",1404223
"Tanintharyi Region","Launglon Township","Ka Myaw Gyi Village Tract",1404224
"Tanintharyi Region","Launglon Township","Myo Haung Village Tract",1404225
"Tanintharyi Region","Launglon Township","Taung Min Pyaung Village Tract",1404226
"Tanintharyi Region","Launglon Township","Kha Maung Taung Village Tract",1404227
"Tanintharyi Region","Launglon Township","Sa Khan Gyi Village Tract",1404228
"Tanintharyi Region","Launglon Township","Na Khan Taw Village Tract",1404229
"Tanintharyi Region","Launglon Township","Ka Myaw Kin Village Tract",1404230
"Tanintharyi Region","Launglon Township","Tha Kyet Taw Village Tract",1404231
"Tanintharyi Region","Launglon Township","Taw Kye Village Tract",1404232
"Tanintharyi Region","Launglon Township","Tha Pyay Shaung Village Tract",1404233
"Tanintharyi Region","Launglon Township","Pyin Gyi Kyun Village Tract",1404234
"Tanintharyi Region","Launglon Township","ZaLut Village Tract",1404235
"Tanintharyi Region","Launglon Township","Kyauk Twin Village Tract",1404236
"Tanintharyi Region","Launglon Township","Kyauk Mat Tat Village Tract",1404237
"Tanintharyi Region","Launglon Township","Kyauk Wut Pyin Village Tract",1404238
"Tanintharyi Region","Launglon Township","Kyauk Ni Maw Village Tract",1404239
"Tanintharyi Region","Launglon Township","Auk Kyauk Wut Village Tract",1404240
"Tanintharyi Region","Myeik Township","Nauk Lel Quarter",1405001
"Tanintharyi Region","Myeik Township","Ta Laing Su Quarter",1405002
"Tanintharyi Region","Myeik Township","Seik Nge Quarter",1405003
"Tanintharyi Region","Myeik Township","Zay Tan Quarter",1405004
"Tanintharyi Region","Myeik Township","Kan Khaung Quarter",1405005
"Tanintharyi Region","Myeik Township","Myit Nge Quarter",1405006
"Tanintharyi Region","Myeik Township","Dawei Su Quarter",1405007
"Tanintharyi Region","Myeik Township","Kan Gyi Quarter",1405008
"Tanintharyi Region","Myeik Township","Yae Pone Quarter",1405009
"Tanintharyi Region","Myeik Township","Kan Hpyar Quarter",1405010
"Tanintharyi Region","Myeik Township","Ah Lel Kyun Quarter",1405011
"Tanintharyi Region","Myeik Township","Myeik (South) Quarter",1405012
"Tanintharyi Region","Myeik Township","Myeik Taung Village Tract",1405200
"Tanintharyi Region","Myeik Township","Ka Lwin Village Tract",1405201
"Tanintharyi Region","Myeik Township","In Ga Maw Village Tract",1405202
"Tanintharyi Region","Myeik Township","San Da Wut Village Tract",1405203
"Tanintharyi Region","Myeik Township","Pyin Nge Village Tract",1405204
"Tanintharyi Region","Myeik Township","Ka Han Village Tract",1405205
"Tanintharyi Region","Myeik Township","Sa Lun Village Tract",1405206
"Tanintharyi Region","Myeik Township","Min Than Village Tract",1405207
"Tanintharyi Region","Myeik Township","Pa Thaung Village Tract",1405208
"Tanintharyi Region","Myeik Township","Ma Zaw Village Tract",1405209
"Tanintharyi Region","Myeik Township","Tone Byaw Village Tract",1405210
"Tanintharyi Region","Myeik Township","Taung Shey Village Tract",1405211
"Tanintharyi Region","Myeik Township","Ta Nyet (Ku Lar) Village Tract",1405212
"Tanintharyi Region","Myeik Township","Ta Nyet (Kayin) Village Tract",1405213
"Tanintharyi Region","Myeik Township","Ah Lel Chaung Village Tract",1405214
"Tanintharyi Region","Myeik Township","Pin Oh Village Tract",1405215
"Tanintharyi Region","Myeik Township","Tha But Village Tract",1405216
"Tanintharyi Region","Myeik Township","Tha Moke Village Tract",1405217
"Tanintharyi Region","Myeik Township","Thit Yar Wa Village Tract",1405218
"Tanintharyi Region","Myeik Township","Pa Sut Village Tract",1405219
"Tanintharyi Region","Myeik Township","Pa Pyin Village Tract",1405220
"Tanintharyi Region","Myeik Township","Kyauk Hpyar Village Tract",1405221
"Tanintharyi Region","Palaw Township","No (1) Quarter",1406001
"Tanintharyi Region","Palaw Township","No (2) Quarter",1406002
"Tanintharyi Region","Palaw Township","No (3) Quarter",1406003
"Tanintharyi Region","Palaw Township","No (4) Quarter",1406004
"Tanintharyi Region","Palaw Township","No (5) Quarter",1406005
"Tanintharyi Region","Palaw Township","Mee Kyaung Thaik Village Tract",1406200
"Tanintharyi Region","Palaw Township","Pu Law Kone Village Tract",1406201
"Tanintharyi Region","Palaw Township","Za Yat Seik Village Tract",1406202
"Tanintharyi Region","Palaw Township","Taung Yar Kan Village Tract",1406203
"Tanintharyi Region","Palaw Township","Let Ku Village Tract",1406204
"Tanintharyi Region","Palaw Township","Nan Taung Village Tract",1406205
"Tanintharyi Region","Palaw Township","Ka De Village Tract",1406206
"Tanintharyi Region","Palaw Township","Hta Min Ma Sar Village Tract",1406207
"Tanintharyi Region","Palaw Township","Kye Village Tract",1406208
"Tanintharyi Region","Palaw Township","To Village Tract",1406209
"Tanintharyi Region","Palaw Township","Pu Law Hpyar Village Tract",1406210
"Tanintharyi Region","Palaw Township","Pa La Village Tract",1406211
"Tanintharyi Region","Palaw Township","Min Htein Village Tract",1406212
"Tanintharyi Region","Palaw Township","Ma Li Village Tract",1406213
"Tanintharyi Region","Palaw Township","Shan Dut Village Tract",1406214
"Tanintharyi Region","Palaw Township","Shat Pon Village Tract",1406215
"Tanintharyi Region","Palaw Township","Kyauk Kar Village Tract",1406216
"Tanintharyi Region","Palaw Township","Leik Thaung Village Tract",1406217
"Tanintharyi Region","Palaw Township","Du Yin Pin Shaung Village Tract",1406218
"Tanintharyi Region","Palaw Township","Ma Gyi Kone Village Tract",1406219
"Tanintharyi Region","Palaw Township","Pyin Bu Gyi Village Tract",1406220
"Tanintharyi Region","Palaw Township","Pyi Char Village Tract",1406221
"Tanintharyi Region","Palaw Township","Khan Ti Village Tract",1406222
"Tanintharyi Region","Palaw Township","Sin Htoe Gyi Village Tract",1406223
"Tanintharyi Region","Palaw Township","Kyauk Lone Gyi Village Tract",1406224
"Tanintharyi Region","Palaw Township","Nan Thi Lar Village Tract",1406225
"Tanintharyi Region","Palaw Township","Pyin Bu Nge Village Tract",1406226
"Tanintharyi Region","Tanintharyi Township","Chaung Gyi Quarter",1407001
"Tanintharyi Region","Tanintharyi Township","Chaung Nge Quarter",1407002
"Tanintharyi Region","Tanintharyi Township","Tanintharyi Sin Chay Hpone Village Tract",1407200
"Tanintharyi Region","Tanintharyi Township","Pa Wa Village Tract",1407201
"Tanintharyi Region","Tanintharyi Township","Maw Tone (East) Village Tract",1407202
"Tanintharyi Region","Tanintharyi Township","Maw Tone (West) Village Tract",1407203
"Tanintharyi Region","Tanintharyi Township","Lel Thit Village Tract",1407204
"Tanintharyi Region","Tanintharyi Township","Ta Moke Chone Village Tract",1407205
"Tanintharyi Region","Tanintharyi Township","Ban La Mut Village Tract",1407206
"Tanintharyi Region","Tanintharyi Township","Thein Khun Village Tract",1407207
"Tanintharyi Region","Tanintharyi Township","Kyauk Ta Lone Village Tract",1407208
"Tanintharyi Region","Tanintharyi Township","Thar Ra Hpon Village Tract",1407209
"Tanintharyi Region","Tanintharyi Township","Thein Daw Village Tract",1407210
"Tanintharyi Region","Tanintharyi Township","Ban Law Village Tract",1407211
"Tanintharyi Region","Tanintharyi Township","Ta Ku Village Tract",1407212
"Tanintharyi Region","Tanintharyi Township","Nyaung Pin Kwin Village Tract",1407213
"Tanintharyi Region","Tanintharyi Township","Tha Kyet Village Tract",1407214
"Tanintharyi Region","Tanintharyi Township","Kawt Ma Pyin Village Tract",1407215
"Tanintharyi Region","Tanintharyi Township","Thin Baw U Village Tract",1407216
"Tanintharyi Region","Tanintharyi Township","Za Wea Village Tract",1407217
"Tanintharyi Region","Tanintharyi Township","Thar Ra Bwin Village Tract",1407218
"Tanintharyi Region","Tanintharyi Township","Chaung La Mu Village Tract",1407219
"Tanintharyi Region","Tanintharyi Township","Ah Hmat Koe Village Tract",1407220
"Tanintharyi Region","Bokpyin Township","Shwe Bon Thar Quarter",1408001
"Tanintharyi Region","Bokpyin Township","Aung Min Ga Lar Quarter",1408002
"Tanintharyi Region","Bokpyin Township","Ohn Taw Kan Village Tract",1408200
"Tanintharyi Region","Bokpyin Township","Ka Mar Chaung Village Tract",1408201
"Tanintharyi Region","Bokpyin Township","AhTwinBokPyin Village Tract",1408202
"Tanintharyi Region","Bokpyin Township","ChaungKaShet (a) HtaungKhaMet Village Tract",1408203
"Tanintharyi Region","Bokpyin Township","NoetNgwar Village Tract",1408204
"Tanintharyi Region","Bokpyin Township","AhLenMan Village Tract",1408205
"Tanintharyi Region","Bokpyin Township","SaTein Village Tract",1408206
"Tanintharyi Region","Bokpyin Township","YaeNganGyi Village Tract",1408207
"Tanintharyi Region","Bokpyin Township","BonKhun Village Tract",1408208
"Tanintharyi Region","Bokpyin Township","HtaungSonMaHet (‌a) ChaungKaTon Village Tract",1408209
"Tanintharyi Region","Bokpyin Township","ShweGeNyo Village Tract",1408210
"Tanintharyi Region","Bokpyin Township","MaNoeYone Village Tract",1408211
"Tanintharyi Region","Bokpyin Township","KawtBut Village Tract",1408212
"Tanintharyi Region","Bokpyin Township","HtaungYaik Village Tract",1408213
"Tanintharyi Region","Bokpyin Township","ChaungKaHpet Village Tract",1408214
"Tanintharyi Region","Bokpyin Township","HtaungNgarThaing (a) KyaukTan Village Tract",1408215
"Tanintharyi Region","Bokpyin Township","BanGaLar Village Tract",1408216
"Tanintharyi Region","Bokpyin Township","MaThay Village Tract",1408217
"Tanintharyi Region","Bokpyin Township","HanKaPyu Village Tract",1408218
"Tanintharyi Region","Bokpyin Township","KawtBaMar Village Tract",1408219
"Tanintharyi Region","Kawthoung Township","Shwe Hin Thar Quarter",1409001
"Tanintharyi Region","Kawthoung Township","Ah Nan War Quarter",1409002
"Tanintharyi Region","Kawthoung Township","Pi Tauk Shwe War Quarter",1409003
"Tanintharyi Region","Kawthoung Township","Ba Yint Naung Quarter",1409004
"Tanintharyi Region","Kawthoung Township","Aung Thu Kha Quarter",1409005
"Tanintharyi Region","Kawthoung Township","Aye Mya Kan Thar Quarter",1409006
"Tanintharyi Region","Kawthoung Township","Thi Ri Myaing Quarter",1409007
"Tanintharyi Region","Kawthoung Township","Shwe Zin Yaw Quarter",1409008
"Tanintharyi Region","Kawthoung Township","Aye Yeik Nyein Quarter",1409009
"Tanintharyi Region","Kawthoung Township","Shwe Pyi Thar Quarter",1409010
"Tanintharyi Region","Kawthoung Township","Pu Lo Ton Tone Village Tract",1409200
"Tanintharyi Region","Kawthoung Township","Zar Det Gyi Kyun Village Tract",1409201
"Tanintharyi Region","Kawthoung Township","Se Maing Village Tract",1409202
"Tanintharyi Region","Kawthoung Township","Khun Hnit Maing/Shwe Pyi Soe Village Tract",1409203
"Tanintharyi Region","Kawthoung Township","Ban Ka Chun Village Tract",1409204
"Tanintharyi Region","Kawthoung Township","Ma Li Wan Village Tract",1409205
"Tanintharyi Region","Kawthoung Township","Chan Hpan Village Tract",1409206
"Tanintharyi Region","Kawthoung Township","Aw Gyi Village Tract",1409207
"Tanintharyi Region","Kawthoung Township","Su Nge Bar Laing Village Tract",1409208
"Tanintharyi Region","Kawthoung Township","Mar Ran Village Tract",1409209
"Tanintharyi Region","Kawthoung Township","Hton Pa Ri Village Tract",1409210
"Tanintharyi Region","Kawthoung Township","Hpawt Thoke Village Tract",1409211
"Tanintharyi Region","Kawthoung Township","Nar Li Chan Village Tract",1409212
"Tanintharyi Region","Kawthoung Township","Par San Village Tract",1409213
"Tanintharyi Region","Kawthoung Township","Lone Hpaw Village Tract",1409214
"Tanintharyi Region","Kawthoung Township","Khi Ka Hpwaing Village Tract",1409215
"Tanintharyi Region","Kawthoung Township","Pa Ret Khwa Village Tract",1409216
"Tanintharyi Region","Kawthoung Township","Pa Ret Saing Village Tract",1409217
"Tanintharyi Region","Kyunsu Township","No (1) Quarter",1410001
"Tanintharyi Region","Kyunsu Township","No (2) Quarter",1410002
"Tanintharyi Region","Kyunsu Township","No (3) Quarter",1410003
"Tanintharyi Region","Kyunsu Township","No (4) Quarter",1410004
"Tanintharyi Region","Kyunsu Township","Kywe Kha Yan Village Tract",1410200
"Tanintharyi Region","Kyunsu Township","Ka Bin Village Tract",1410201
"Tanintharyi Region","Kyunsu Township","Kaw Zar Yar Village Tract",1410202
"Tanintharyi Region","Kyunsu Township","Taw Pyar Village Tract",1410203
"Tanintharyi Region","Kyunsu Township","War Yit Village Tract",1410204
"Tanintharyi Region","Kyunsu Township","Sa Khan Thit Village Tract",1410205
"Tanintharyi Region","Kyunsu Township","Me Taw Village Tract",1410206
"Tanintharyi Region","Kyunsu Township","Ban Da Ne Village Tract",1410207
"Tanintharyi Region","Kyunsu Township","Kan Maw Village Tract",1410208
"Tanintharyi Region","Kyunsu Township","Yae Kan Taung Village Tract",1410209
"Tanintharyi Region","Kyunsu Township","Nyaung Bee Village Tract",1410210
"Tanintharyi Region","Kyunsu Township","Min Goke Village Tract",1410211
"Tanintharyi Region","Kyunsu Township","Than Toke Village Tract",1410212
"Tanintharyi Region","Kyunsu Township","Kat Ta Lu Village Tract",1410213
"Tanintharyi Region","Kyunsu Township","Ma Aing Village Tract",1410214
"Tanintharyi Region","Kyunsu Township","Maung Hlaw Village Tract",1410215
"Tanintharyi Region","Kyunsu Township","Zay Ka Mi Village Tract",1410216
"Tanintharyi Region","Kyunsu Township","Yae Myit Gyi Village Tract",1410217
"Tanintharyi Region","Kyunsu Township","Kan Gyi Village Tract",1410218
"Tanintharyi Region","Kyunsu Township","Ka Pa Village Tract",1410219
"Tanintharyi Region","Myitta Town","No (1) Quarter",1460001
"Tanintharyi Region","Myitta Town","No (2) Quarter",1460002
"Tanintharyi Region","Myitta Town","No (3) Quarter",1460003
"Tanintharyi Region","Kaleinaung Town","No (1) Quarter",1461001
"Tanintharyi Region","Kaleinaung Town","No (2) Quarter",1461002
"Tanintharyi Region","Kaleinaung Town","No (3) Quarter",1461003
"Tanintharyi Region","Kaleinaung Town","No (4) Quarter",1461004
"Tanintharyi Region","Palauk Town","No (1) Quarter",1462001
"Tanintharyi Region","Palauk Town","No (2) Quarter",1462002
"Tanintharyi Region","Palauk Town","No (3) Quarter",1462003
"Tanintharyi Region","Palauk Town","No (4) Quarter",1462004
"Tanintharyi Region","Pala Town","No (1) Quarter",1463001
"Tanintharyi Region","Pala Town","No (2) Quarter",1463002
"Tanintharyi Region","Pala Town","No (3) Quarter",1463003
"Tanintharyi Region","Pala Town","No (4) Quarter",1463004
"Tanintharyi Region","Maw Taung Town","Myo Ma Quarter",1464001
"Tanintharyi Region","Maw Taung Town","No (1) Quarter",1464002
"Tanintharyi Region","Maw Taung Town","No (2) Quarter",1464003
"Tanintharyi Region","Pyigyimandaing Town","Pyi Gyi Mandaing Quarter",1465001
"Tanintharyi Region","Pyigyimandaing Town","Lay Hnar (East) Quarter",1465002
"Tanintharyi Region","Pyigyimandaing Town","Lay Hnar (West) Quarter",1465003
"Tanintharyi Region","Karathuri Town","No (1) Quarter",1466001
"Tanintharyi Region","Karathuri Town","No (2) Quarter",1466002
"Tanintharyi Region","Karathuri Town","No (3) Quarter",1466003
"Tanintharyi Region","Khamaukgyi Town","No (1) Quarter",1467001
"Tanintharyi Region","Khamaukgyi Town","No (2) Quarter",1467002
"Tanintharyi Region","Khamaukgyi Town","No (4) Quarter",1467003
