﻿Region,"Town / Township","Quarter / Village Tract","Postal Code"
"Kayin State","Hpa-An Township","Tha Yet Taw/Myaing Tha Zin/ Kyar Inn Quarter",1301001
"Kayin State","Hpa-An Township","Zay Tan Quarter",1301002
"Kayin State","Hpa-An Township","Ku Seik Quarter",1301003
"Kayin State","Hpa-An Township","Zee Taw Quarter",1301004
"Kayin State","Hpa-An Township","Aung Nan Min Ga Lar Quarter",1301005
"Kayin State","Hpa-An Township","Pyi Htaung Su Quarter",1301006
"Kayin State","Hpa-An Township","Htaung Wi Quarter",1301007
"Kayin State","Hpa-An Township","Ya Da Nar Di Pa Quarter",1301008
"Kayin State","Hpa-An Township","Zwe Man Lwin Quarter",1301009
"Kayin State","Hpa-An Township","Kawt Ta Yoke Ya Village Tract",1301200
"Kayin State","Hpa-An Township","Kawt Hlaik Village Tract",1301201
"Kayin State","Hpa-An Township","Kawt Than Khar Village Tract",1301202
"Kayin State","Hpa-An Township","Kawt Ku Village Tract",1301203
"Kayin State","Hpa-An Township","Kawt Hta Ma Lein Village Tract",1301204
"Kayin State","Hpa-An Township","Kawt Kyaik (Hpa Aun) Village Tract",1301205
"Kayin State","Hpa-An Township","Kawt Thin Village Tract",1301206
"Kayin State","Hpa-An Township","Kawt La Mu Village Tract",1301207
"Kayin State","Hpa-An Township","Kyon Hpe Village Tract",1301208
"Kayin State","Hpa-An Township","Kawt Gun (Hpe Ka Tar) Village Tract",1301209
"Kayin State","Hpa-An Township","Ku Lar Su Village Tract",1301210
"Kayin State","Hpa-An Township","Kyon Sauk Village Tract",1301211
"Kayin State","Hpa-An Township","Kawt Gun (Bar Kut) Village Tract",1301212
"Kayin State","Hpa-An Township","Kawt Yin (Upper) Village Tract",1301213
"Kayin State","Hpa-An Township","Kawt Yin (Lower) Village Tract",1301214
"Kayin State","Hpa-An Township","Kawt Thin Shu (Hta Ma Taing) Village Tract",1301215
"Kayin State","Hpa-An Township","Kawt Sein Ban (Upper) Village Tract",1301216
"Kayin State","Hpa-An Township","Kawt Sein Ban (Lower) Village Tract",1301217
"Kayin State","Hpa-An Township","Kawt Ka Dar Village Tract",1301218
"Kayin State","Hpa-An Township","Kawt Mu Tar Village Tract",1301219
"Kayin State","Hpa-An Township","Kawt Htaw Village Tract",1301220
"Kayin State","Hpa-An Township","Kyon Ma Thwe Village Tract",1301221
"Kayin State","Hpa-An Township","Kyauk Ta Lone Village Tract",1301222
"Kayin State","Hpa-An Township","Kan Kha Ye Village Tract",1301223
"Kayin State","Hpa-An Township","Kaw He Village Tract",1301224
"Kayin State","Hpa-An Township","Kyon Htaw Village Tract",1301225
"Kayin State","Hpa-An Township","Kha Ye (Kan Nar) Village Tract",1301226
"Kayin State","Hpa-An Township","Kha Yar (Ah Pyin) Village Tract",1301227
"Kayin State","Hpa-An Township","Kha Yar (Ah Twin) Village Tract",1301228
"Kayin State","Hpa-An Township","Khe Tauk Village Tract",1301229
"Kayin State","Hpa-An Township","Kha Lauk Htaung Village Tract",1301230
"Kayin State","Hpa-An Township","Gyaing Village Tract",1301231
"Kayin State","Hpa-An Township","San Hpa Ree Village Tract",1301232
"Kayin State","Hpa-An Township","Sin Kyone Village Tract",1301233
"Kayin State","Hpa-An Township","Zar Tha Pyin (East) Village Tract",1301234
"Kayin State","Hpa-An Township","Zar Tha Pyin (West) Village Tract",1301235
"Kayin State","Hpa-An Township","Ta Yoke Hla Village Tract",1301236
"Kayin State","Hpa-An Township","Taw Pon Village Tract",1301237
"Kayin State","Hpa-An Township","Ta Kaung Boe Village Tract",1301238
"Kayin State","Hpa-An Township","Ta Dar U Village Tract",1301239
"Kayin State","Hpa-An Township","Ta Gay Laung Village Tract",1301240
"Kayin State","Hpa-An Township","Me Tha Na Village Tract",1301241
"Kayin State","Hpa-An Township","Htone Aing Village Tract",1301242
"Kayin State","Hpa-An Township","Htaung Wi Village Tract",1301243
"Kayin State","Hpa-An Township","Htaung Ka Lat Village Tract",1301244
"Kayin State","Hpa-An Township","Naung Hta Lone Village Tract",1301245
"Kayin State","Hpa-An Township","Naung Ka Myaing Village Tract",1301246
"Kayin State","Hpa-An Township","Hnit Char Village Tract",1301247
"Kayin State","Hpa-An Township","Naung Kyan Village Tract",1301248
"Kayin State","Hpa-An Township","Naung Lon (West) Village Tract",1301249
"Kayin State","Hpa-An Township","Naung Lon (East) Village Tract",1301250
"Kayin State","Hpa-An Township","Naung Kone Village Tract",1301251
"Kayin State","Hpa-An Township","Nat Hteik Village Tract",1301252
"Kayin State","Hpa-An Township","Nat Kyun Village Tract",1301253
"Kayin State","Hpa-An Township","Naung Pa Lein Village Tract",1301254
"Kayin State","Hpa-An Township","Pawt Htaw Village Tract",1301255
"Kayin State","Hpa-An Township","Pan Kone Village Tract",1301256
"Kayin State","Hpa-An Township","Pyin Ma Pin Seik Village Tract",1301257
"Kayin State","Hpa-An Township","Hpe Ka Tar Village Tract",1301258
"Kayin State","Hpa-An Township","Hpa Aun Village Tract",1301259
"Kayin State","Hpa-An Township","Byet Kha Village Tract",1301260
"Kayin State","Hpa-An Township","Bar Kat Village Tract",1301261
"Kayin State","Hpa-An Township","Bin Gyi Village Tract",1301262
"Kayin State","Hpa-An Township","Mi Zan Village Tract",1301263
"Kayin State","Hpa-An Township","Min Zi Village Tract",1301264
"Kayin State","Hpa-An Township","Hmaing Kan Village Tract",1301265
"Kayin State","Hpa-An Township","Mi Kayin Village Tract",1301266
"Kayin State","Hpa-An Township","Moke Ka Di Village Tract",1301267
"Kayin State","Hpa-An Township","Myaing Ka Lay Village Tract",1301268
"Kayin State","Hpa-An Township","Mi Tha Yaung Village Tract",1301269
"Kayin State","Hpa-An Township","Mee Zaing Village Tract",1301270
"Kayin State","Hpa-An Township","Shwe Taw Village Tract",1301271
"Kayin State","Hpa-An Township","Ye Thar Village Tract",1301272
"Kayin State","Hpa-An Township","Ya Thayt Pyan Village Tract",1301273
"Kayin State","Hpa-An Township","Yae Kyaw Village Tract",1301274
"Kayin State","Hpa-An Township","Hlaing Ka Bar Village Tract",1301275
"Kayin State","Hpa-An Township","Hlar Kar Village Tract",1301276
"Kayin State","Hpa-An Township","Hlar Ka Daung Village Tract",1301277
"Kayin State","Hpa-An Township","Hlar Ka Myin Village Tract",1301278
"Kayin State","Hpa-An Township","Let Kha Na Village Tract",1301279
"Kayin State","Hpa-An Township","Lun Nya Village Tract",1301280
"Kayin State","Hpa-An Township","Wea Gyi Village Tract",1301281
"Kayin State","Hpa-An Township","Win Kyan Village Tract",1301282
"Kayin State","Hpa-An Township","Wut Gyi Village Tract",1301283
"Kayin State","Hpa-An Township","Than Hlei Village Tract",1301284
"Kayin State","Hpa-An Township","Thar Yar Kone Village Tract",1301285
"Kayin State","Hpa-An Township","Hat Ta Laik Village Tract",1301286
"Kayin State","Hpa-An Township","Ohn Ta Pin Village Tract",1301287
"Kayin State","Hpa-An Township","Ein De Village Tract",1301288
"Kayin State","Hpa-An Township","Ein Du Village Tract",1301289
"Kayin State","Hpa-An Township","Ei Hei Village Tract",1301290
"Kayin State","Hpa-An Township","Thar Ma Nya Village Tract",1301291
"Kayin State","Thandaunggyi Township","No (1) Quarter",1302001
"Kayin State","Thandaunggyi Township","No (2) Quarter",1302002
"Kayin State","Thandaunggyi Township","No (3) Quarter",1302003
"Kayin State","Thandaunggyi Township","No (4) Quarter",1302004
"Kayin State","Thandaunggyi Township","No (5) Quarter",1302005
"Kayin State","Thandaunggyi Township","Ywar Gyi Village Tract",1302200
"Kayin State","Thandaunggyi Township","Si Pin Gyi Village Tract",1302201
"Kayin State","Thandaunggyi Township","Si Pin Ka Lay Village Tract",1302202
"Kayin State","Thandaunggyi Township","Kywe Hpyu Taung Village Tract",1302203
"Kayin State","Thandaunggyi Township","Taw Pyar Gyi Village Tract",1302204
"Kayin State","Thandaunggyi Township","Khon Taing Village Tract",1302205
"Kayin State","Thandaunggyi Township","Maung Nwet Gyi Village Tract",1302206
"Kayin State","Thandaunggyi Township","Leik Pyar Ka Lay Village Tract",1302207
"Kayin State","Thandaunggyi Township","Leik Pyar Gyi Village Tract",1302208
"Kayin State","Thandaunggyi Township","Dar War Law Chi Village Tract",1302209
"Kayin State","Thandaunggyi Township","Lel Kho Doe Kho Village Tract",1302210
"Kayin State","Thandaunggyi Township","Lel Kho Doe Kar Village Tract",1302211
"Kayin State","Thandaunggyi Township","Sho Kho Village Tract",1302212
"Kayin State","Thandaunggyi Township","Ah Lel Chaung Village Tract",1302213
"Kayin State","Thandaunggyi Township","Maing Lun Village Tract",1302214
"Kayin State","Thandaunggyi Township","Za Le Village Tract",1302215
"Kayin State","Thandaunggyi Township","Thar Moe Taung Village Tract",1302216
"Kayin State","Thandaunggyi Township","Leik Tho Gyi Village Tract",1302217
"Kayin State","Thandaunggyi Township","La Bet Inn Gyi Village Tract",1302218
"Kayin State","Thandaunggyi Township","Hta Mon Village Tract",1302219
"Kayin State","Thandaunggyi Township","Kya Maing Village Tract",1302220
"Kayin State","Thandaunggyi Township","Kyauk Ta Gar Village Tract",1302221
"Kayin State","Thandaunggyi Township","Meik Tha Lin Taung Village Tract",1302222
"Kayin State","Thandaunggyi Township","Kyay Min Village Tract",1302223
"Kayin State","Thandaunggyi Township","Hnget Pyaw Taw Village Tract",1302224
"Kayin State","Thandaunggyi Township","Ah Doe Thea Pyaw Village Tract",1302225
"Kayin State","Thandaunggyi Township","Ka Saw Pa Lo Village Tract",1302226
"Kayin State","Thandaunggyi Township","Chee Thu Saw (Lower) Village Tract",1302227
"Kayin State","Thandaunggyi Township","Thar Mi Taik Village Tract",1302228
"Kayin State","Thandaunggyi Township","Shan Lel Pyin Gyi Village Tract",1302229
"Kayin State","Thandaunggyi Township","Min Lan Taung Village Tract",1302230
"Kayin State","Thandaunggyi Township","Ngwe Taung (Lower) Village Tract",1302231
"Kayin State","Thandaunggyi Township","Shan Lel Pyin (Lower) Village Tract",1302232
"Kayin State","Thandaunggyi Township","Kyauk Gyi Taung Village Tract",1302233
"Kayin State","Thandaunggyi Township","Kyay Ka Tawt Village Tract",1302234
"Kayin State","Thandaunggyi Township","Taw Pone Village Tract",1302235
"Kayin State","Thandaunggyi Township","Ka Lay Kho Village Tract",1302236
"Kayin State","Thandaunggyi Township","Maung Kyaw Village Tract",1302237
"Kayin State","Thandaunggyi Township","Maung Ba Lauk Village Tract",1302238
"Kayin State","Thandaunggyi Township","Ka Lay Ta Village Tract",1302239
"Kayin State","Thandaunggyi Township","Dar Yoe Village Tract",1302240
"Kayin State","Thandaunggyi Township","Ho Thaw Pa Lo Village Tract",1302241
"Kayin State","Thandaunggyi Township","Kha Mar Di Hpo Li Village Tract",1302242
"Kayin State","Thandaunggyi Township","Htee Thar Saw Village Tract",1302243
"Kayin State","Thandaunggyi Township","Chaung Ma Nge Village Tract",1302244
"Kayin State","Thandaunggyi Township","Tha Pyay Nyunt Village Tract",1302245
"Kayin State","Thandaunggyi Township","Me Tin Tein Village Tract",1302246
"Kayin State","Thandaunggyi Township","Kyauk Hpyar Village Tract",1302247
"Kayin State","Thandaunggyi Township","Kyauk Pon Village Tract",1302248
"Kayin State","Thandaunggyi Township","Sa Par Kyi Village Tract",1302249
"Kayin State","Thandaunggyi Township","Pyaung Tho Village Tract",1302250
"Kayin State","Thandaunggyi Township","Yae Thoe Gyi Village Tract",1302251
"Kayin State","Thandaunggyi Township","Hoe Chee Village Tract",1302252
"Kayin State","Thandaunggyi Township","Tha Lo Bwar Village Tract",1302253
"Kayin State","Thandaunggyi Township","Bo Khar Lay Kho Village Tract",1302254
"Kayin State","Thandaunggyi Township","Yae Ta Khun Village Tract",1302255
"Kayin State","Thandaunggyi Township","Maung Taing Gyi Village Tract",1302256
"Kayin State","Thandaunggyi Township","Si Ke Doe Village Tract",1302257
"Kayin State","Thandaunggyi Township","Zin Taing Gyi Village Tract",1302258
"Kayin State","Hpapun Township","No (1) Quarter",1303001
"Kayin State","Hpapun Township","No (2) Quarter",1303002
"Kayin State","Hpapun Township","No (3) Quarter",1303003
"Kayin State","Hpapun Township","No (4) Quarter",1303004
"Kayin State","Hpapun Township","Hpa Pun (West) Village Tract",1303200
"Kayin State","Hpapun Township","Me Tha Lut Village Tract",1303201
"Kayin State","Hpapun Township","Ta Khun Taing Village Tract",1303202
"Kayin State","Hpapun Township","Whay San Village Tract",1303203
"Kayin State","Hpapun Township","Ma Htaw Village Tract",1303204
"Kayin State","Hpapun Township","Khaw Poke Village Tract",1303205
"Kayin State","Hpapun Township","Pan Haik Village Tract",1303206
"Kayin State","Hpapun Township","Bwar Doe Village Tract",1303207
"Kayin State","Hpapun Township","Pyin Ma Village Tract",1303208
"Kayin State","Hpapun Township","Tay Mu Doe Village Tract",1303209
"Kayin State","Hpapun Township","Kawt Lu Doe Village Tract",1303210
"Kayin State","Hpapun Township","Be Saw Law Village Tract",1303211
"Kayin State","Hpapun Township","Htee Baw Khee Village Tract",1303212
"Kayin State","Hpapun Township","Min Nan Nwe Village Tract",1303213
"Kayin State","Hpapun Township","Nan Khu Khee Village Tract",1303214
"Kayin State","Hpapun Township","Me Waing Village Tract",1303215
"Kayin State","Hpapun Township","Me Tu Khee Village Tract",1303216
"Kayin State","Hpapun Township","Kyauk Taung Village Tract",1303217
"Kayin State","Hpapun Township","Hla Gun Pyo Village Tract",1303218
"Kayin State","Hpapun Township","Ma Lay Kyauk Village Tract",1303219
"Kayin State","Hpapun Township","Win Maung (Tha Yet Pin Seik) Village Tract",1303220
"Kayin State","Hpapun Township","Me Chon Wa Village Tract",1303221
"Kayin State","Hpapun Township","Kun Pin Wa Village Tract",1303222
"Kayin State","Hpapun Township","Sin Swei Village Tract",1303223
"Kayin State","Hpapun Township","Ka Taing Ti Village Tract",1303224
"Kayin State","Hpapun Township","Day War (Nat Kyauk) Village Tract",1303225
"Kayin State","Hpapun Township","Shwe Hpa Lar Kya Village Tract",1303226
"Kayin State","Hpapun Township","Me Pa Li Village Tract",1303227
"Kayin State","Hpapun Township","Kwin Da La (Yae Pu) Village Tract",1303228
"Kayin State","Hpapun Township","Pu Zun Myaung Village Tract",1303229
"Kayin State","Hpapun Township","War Kaw Kyay Village Tract",1303230
"Kayin State","Hpapun Township","Daw Mwe Village Tract",1303231
"Kayin State","Hpapun Township","Myin Ta Pyay Village Tract",1303232
"Kayin State","Hlaingbwe Township","(Ka Gyi) Quarter",1304001
"Kayin State","Hlaingbwe Township","(Kha Gway) Quarter",1304002
"Kayin State","Hlaingbwe Township","(Ga Nge) Quarter",1304003
"Kayin State","Hlaingbwe Township","(Ga Gyi) Quarter",1304004
"Kayin State","Hlaingbwe Township","Ka Mawt Ka Chu Village Tract",1304200
"Kayin State","Hlaingbwe Township","Kawt Hlaing Village Tract",1304201
"Kayin State","Hlaingbwe Township","Win Sein Village Tract",1304202
"Kayin State","Hlaingbwe Township","Naung Taing Village Tract",1304203
"Kayin State","Hlaingbwe Township","Kun Bi Village Tract",1304204
"Kayin State","Hlaingbwe Township","Pein Hne Taw Village Tract",1304205
"Kayin State","Hlaingbwe Township","Kun Tar Village Tract",1304206
"Kayin State","Hlaingbwe Township","Daing Pya Village Tract",1304207
"Kayin State","Hlaingbwe Township","Sin Ku Village Tract",1304208
"Kayin State","Hlaingbwe Township","Ah Htet Yae Pu Village Tract",1304209
"Kayin State","Hlaingbwe Township","Auk Yae Pu Village Tract",1304210
"Kayin State","Hlaingbwe Township","Hti Lon Village Tract",1304211
"Kayin State","Hlaingbwe Township","Than Ban Village Tract",1304212
"Kayin State","Hlaingbwe Township","Naung Tha Ngeit Village Tract",1304213
"Kayin State","Hlaingbwe Township","Tha Pu To Village Tract",1304214
"Kayin State","Hlaingbwe Township","Tar Paung Village Tract",1304215
"Kayin State","Hlaingbwe Township","Ka Di Kan Village Tract",1304216
"Kayin State","Hlaingbwe Township","Kawt Myat Gyi Village Tract",1304217
"Kayin State","Hlaingbwe Township","Pat Kyaw Village Tract",1304218
"Kayin State","Hlaingbwe Township","Nwet Pyin Nyar Village Tract",1304219
"Kayin State","Hlaingbwe Township","Me Law Khee Village Tract",1304220
"Kayin State","Hlaingbwe Township","Me Tha Mu Village Tract",1304221
"Kayin State","Hlaingbwe Township","Kwee Lay Village Tract",1304222
"Kayin State","Hlaingbwe Township","Kyar Inn Village Tract",1304223
"Kayin State","Hlaingbwe Township","Saw Law Village Tract",1304224
"Kayin State","Hlaingbwe Township","Yin Baing Village Tract",1304225
"Kayin State","Hlaingbwe Township","Yae Ta Khun Village Tract",1304226
"Kayin State","Hlaingbwe Township","Ka Mawt Le (Kyaung) Village Tract",1304227
"Kayin State","Hlaingbwe Township","Me La Yaw Village Tract",1304228
"Kayin State","Hlaingbwe Township","Ka Mawt Le (Ma Ae) (Ah Lel) Village Tract",1304229
"Kayin State","Hlaingbwe Township","Shwe Gun Village Tract",1304230
"Kayin State","Hlaingbwe Township","Ko Maung Village Tract",1304231
"Kayin State","Hlaingbwe Township","Mya Lay Village Tract",1304232
"Kayin State","Hlaingbwe Township","Inn No Theik Pan Village Tract",1304233
"Kayin State","Hlaingbwe Township","Ta Wun Hpan Ya Village Tract",1304234
"Kayin State","Hlaingbwe Township","Kyon Pa Ko Village Tract",1304235
"Kayin State","Hlaingbwe Township","Gyoet Chaung Village Tract",1304236
"Kayin State","Hlaingbwe Township","U Daung Village Tract",1304237
"Kayin State","Hlaingbwe Township","Ta Khin Lone Village Tract",1304238
"Kayin State","Hlaingbwe Township","Thar Yar Kone (Kat Pa Li) Village Tract",1304239
"Kayin State","Hlaingbwe Township","Naw Kaw Village Tract",1304240
"Kayin State","Hlaingbwe Township","Ta Khwet Hpoe Village Tract",1304241
"Kayin State","Hlaingbwe Township","Hta Thein Kyoe Waing Village Tract",1304242
"Kayin State","Hlaingbwe Township","Ka So Village Tract",1304243
"Kayin State","Hlaingbwe Township","Naung Kha Lone Village Tract",1304244
"Kayin State","Hlaingbwe Township","Moe Naing Village Tract",1304245
"Kayin State","Hlaingbwe Township","Win Hpa Ya Village Tract",1304246
"Kayin State","Hlaingbwe Township","Naung Boe Gyi Village Tract",1304247
"Kayin State","Hlaingbwe Township","Ywar Kaing Kaung Village Tract",1304248
"Kayin State","Hlaingbwe Township","Kawt Nwet Village Tract",1304249
"Kayin State","Hlaingbwe Township","Naung Mya Lwe Village Tract",1304250
"Kayin State","Hlaingbwe Township","Kawt Hpa Mut Village Tract",1304251
"Kayin State","Hlaingbwe Township","Kawt Ma Yaing Village Tract",1304252
"Kayin State","Hlaingbwe Township","Daw Lan Village Tract",1304253
"Kayin State","Hlaingbwe Township","Pa Ta Village Tract",1304254
"Kayin State","Hlaingbwe Township","Naung Khwee Village Tract",1304255
"Kayin State","Hlaingbwe Township","Bi Sa Kat Village Tract",1304256
"Kayin State","Hlaingbwe Township","Tar Ka Yar Village Tract",1304257
"Kayin State","Hlaingbwe Township","Hti Hpoe Kein Village Tract",1304258
"Kayin State","Hlaingbwe Township","Yae Pu Gyi Village Tract",1304259
"Kayin State","Hlaingbwe Township","Kyet Tu Yway Village Tract",1304260
"Kayin State","Hlaingbwe Township","Paw Lauk Village Tract",1304261
"Kayin State","Hlaingbwe Township","Htan Ta Pin Village Tract",1304262
"Kayin State","Hlaingbwe Township","Me Pa Ra Village Tract",1304263
"Kayin State","Hlaingbwe Township","Tar Lel Village Tract",1304264
"Kayin State","Hlaingbwe Township","Win Saw Village Tract",1304265
"Kayin State","Hlaingbwe Township","Law Kaw Village Tract",1304266
"Kayin State","Hlaingbwe Township","Mi Kyaung Village Tract",1304267
"Kayin State","Hlaingbwe Township","Tha Mo Village Tract",1304268
"Kayin State","Hlaingbwe Township","Paung Village Tract",1304269
"Kayin State","Hlaingbwe Township","Pa Hta Lar Pa Village Tract",1304270
"Kayin State","Hlaingbwe Township","Poe Pa Lay Village Tract",1304271
"Kayin State","Myawaddy Township","No (1) Quarter",1305001
"Kayin State","Myawaddy Township","No (2) Quarter",1305002
"Kayin State","Myawaddy Township","No (3) Quarter",1305003
"Kayin State","Myawaddy Township","No (4) Quarter",1305004
"Kayin State","Myawaddy Township","No (5) Quarter",1305005
"Kayin State","Myawaddy Township","No (6) Quarter",1305006
"Kayin State","Myawaddy Township","No (7) Quarter",1305007
"Kayin State","Myawaddy Township","Me Htaw Tha Lay Village Tract",1305200
"Kayin State","Myawaddy Township","Htee War Pa Law Village Tract",1305201
"Kayin State","Myawaddy Township","Paw Law Village Tract",1305202
"Kayin State","Myawaddy Township","Me Ka Lar / Son See Myiang Village Tract",1305203
"Kayin State","Myawaddy Township","Tar Oke Village Tract",1305204
"Kayin State","Myawaddy Township","Ti Thea Lel (Maw Khee) Village Tract",1305205
"Kayin State","Myawaddy Township","Mi Hpar / Tha Bawt Boe Village Tract",1305206
"Kayin State","Myawaddy Township","Hpa Lu Village Tract",1305207
"Kayin State","Myawaddy Township","Me Ka Nei Village Tract",1305208
"Kayin State","Myawaddy Township","Thin Gan Nyi Naung Village Tract",1305209
"Kayin State","Myawaddy Township","Kwin Ka Lay Village Tract",1305210
"Kayin State","Myawaddy Township","Whayt Shan Village Tract",1305211
"Kayin State","Myawaddy Township","Me Pa Leit Village Tract",1305212
"Kayin State","Myawaddy Township","Hpar Ka Lu Village Tract",1305213
"Kayin State","Myawaddy Township","Pu Lwe Pu Village Tract",1305214
"Kayin State","Myawaddy Township","Maw Khee Village Tract",1305215
"Kayin State","Myawaddy Township","Lawt Khaw Village Tract",1305216
"Kayin State","Kawkareik Township","Chaung Taung Quarter",1306001
"Kayin State","Kawkareik Township","Win Gyi Quarter",1306002
"Kayin State","Kawkareik Township","Ah Lel Tan Quarter",1306003
"Kayin State","Kawkareik Township","Ah Htet Taung Thu Su Quarter",1306004
"Kayin State","Kawkareik Township","Auk Taung Thu Su Quarter",1306005
"Kayin State","Kawkareik Township","Ah Nauk Paing Quarter",1306006
"Kayin State","Kawkareik Township","Ta Dar U Quarter",1306007
"Kayin State","Kawkareik Township","Tha Yet Taw Village Tract",1306200
"Kayin State","Kawkareik Township","Wea Lit Village Tract",1306201
"Kayin State","Kawkareik Township","Inn Shey Village Tract",1306202
"Kayin State","Kawkareik Township","Kha Nein Hpaw Village Tract",1306203
"Kayin State","Kawkareik Township","Na Bu Hnit Char Village Tract",1306204
"Kayin State","Kawkareik Township","Na Bu Ta Khun Taing Village Tract",1306205
"Kayin State","Kawkareik Township","Naung Ta Pwe Village Tract",1306206
"Kayin State","Kawkareik Township","Htee Ka Lay Village Tract",1306207
"Kayin State","Kawkareik Township","Naung Kaing Village Tract",1306208
"Kayin State","Kawkareik Township","Hti Hpoe Zan Village Tract",1306209
"Kayin State","Kawkareik Township","Naung Htet Pan Village Tract",1306210
"Kayin State","Kawkareik Township","Mya Pa Taing Village Tract",1306211
"Kayin State","Kawkareik Township","Kyon Baing Village Tract",1306212
"Kayin State","Kawkareik Township","Daw Hpyar Village Tract",1306213
"Kayin State","Kawkareik Township","Yan Koke Village Tract",1306214
"Kayin State","Kawkareik Township","Ta Tan Ku Village Tract",1306215
"Kayin State","Kawkareik Township","Kawt Nwe Village Tract",1306216
"Kayin State","Kawkareik Township","Myauk Kyar Inn Village Tract",1306217
"Kayin State","Kawkareik Township","Yae Kyaw Gyi Village Tract",1306218
"Kayin State","Kawkareik Township","Haung Tha Yaw Village Tract",1306219
"Kayin State","Kawkareik Township","An Hpa Gyi Village Tract",1306220
"Kayin State","Kawkareik Township","Set Ka Wet Village Tract",1306221
"Kayin State","Kawkareik Township","Dauk Pa Lan Village Tract",1306222
"Kayin State","Kawkareik Township","Kyon Doe Chaung Hpyar Village Tract",1306223
"Kayin State","Kawkareik Township","Inn Gyi Village Tract",1306224
"Kayin State","Kawkareik Township","Kawt War Le Village Tract",1306225
"Kayin State","Kawkareik Township","Yae Pu Gyi Village Tract",1306226
"Kayin State","Kawkareik Township","Myauk Kan Ma Yaik Village Tract",1306227
"Kayin State","Kawkareik Township","Taung Kan Ma Yaik Village Tract",1306228
"Kayin State","Kawkareik Township","Tha Mein Dut Village Tract",1306229
"Kayin State","Kawkareik Township","Win Ka Village Tract",1306230
"Kayin State","Kawkareik Township","Hti Hu Than Village Tract",1306231
"Kayin State","Kawkareik Township","Taung Kyar Inn Village Tract",1306232
"Kayin State","Kawkareik Township","Laung Kaing Village Tract",1306233
"Kayin State","Kawkareik Township","An Kaung Village Tract",1306234
"Kayin State","Kawkareik Township","Ta Ri Ta Khaung Village Tract",1306235
"Kayin State","Kawkareik Township","Tha Pyu (Ka Maw Pi) Village Tract",1306236
"Kayin State","Kawkareik Township","Ah Nauk Bet Kan Village Tract",1306237
"Kayin State","Kawkareik Township","Kan Ni Village Tract",1306238
"Kayin State","Kawkareik Township","Mi Ka Lon Village Tract",1306239
"Kayin State","Kawkareik Township","Ku Lar Kyauk Hpyar Village Tract",1306240
"Kayin State","Kawkareik Township","Kayin Kyauk Hpyar Village Tract",1306241
"Kayin State","Kawkareik Township","Kawt Hlyan Village Tract",1306242
"Kayin State","Kawkareik Township","Hpar Boke Village Tract",1306243
"Kayin State","Kawkareik Township","Ei Baing Village Tract",1306244
"Kayin State","Kawkareik Township","Ka Nyin Ka Taik Village Tract",1306245
"Kayin State","Kawkareik Township","Kha Yit Kyauk Tan Village Tract",1306246
"Kayin State","Kawkareik Township","Min Ywar Village Tract",1306247
"Kayin State","Kawkareik Township","Kawt Pauk Village Tract",1306248
"Kayin State","Kawkareik Township","Kawt Bein Village Tract",1306249
"Kayin State","Kawkareik Township","Kawt Go Village Tract",1306250
"Kayin State","Kawkareik Township","Paing Yat Village Tract",1306251
"Kayin State","Kawkareik Township","Kha Yin Village Tract",1306252
"Kayin State","Kyainseikgyi Township","No (1) Quarter",1307001
"Kayin State","Kyainseikgyi Township","No (2) Quarter",1307002
"Kayin State","Kyainseikgyi Township","No (3) Quarter",1307003
"Kayin State","Kyainseikgyi Township","No (4) Quarter",1307004
"Kayin State","Kyainseikgyi Township","No (5) Quarter",1307005
"Kayin State","Kyainseikgyi Township","No (6) Quarter",1307006
"Kayin State","Kyainseikgyi Township","Ah Ka Law Village Tract",1307200
"Kayin State","Kyainseikgyi Township","Ah Nan Kwin Village Tract",1307201
"Kayin State","Kyainseikgyi Township","Ah Sun Village Tract",1307202
"Kayin State","Kyainseikgyi Township","Ah Zin Village Tract",1307203
"Kayin State","Kyainseikgyi Township","Da Noe Village Tract",1307204
"Kayin State","Kyainseikgyi Township","Dar Li Village Tract",1307205
"Kayin State","Kyainseikgyi Township","Hlut Shan Village Tract",1307206
"Kayin State","Kyainseikgyi Township","Hpar Kwee Village Tract",1307207
"Kayin State","Kyainseikgyi Township","Hpar Pya Village Tract",1307208
"Kayin State","Kyainseikgyi Township","Hti Son Village Tract",1307209
"Kayin State","Kyainseikgyi Township","Hti War Ka Lu Village Tract",1307210
"Kayin State","Kyainseikgyi Township","Ka Mawt Village Tract",1307211
"Kayin State","Kyainseikgyi Township","Ka Mawt Thea (Win Lon) Village Tract",1307212
"Kayin State","Kyainseikgyi Township","Ka Sat Village Tract",1307213
"Kayin State","Kyainseikgyi Township","Kawt Saing Village Tract",1307214
"Kayin State","Kyainseikgyi Township","Kha Lel Village Tract",1307215
"Kayin State","Kyainseikgyi Township","Kha Lel Saw Village Tract",1307216
"Kayin State","Kyainseikgyi Township","Khu Don Village Tract",1307217
"Kayin State","Kyainseikgyi Township","Khwar Hay Village Tract",1307218
"Kayin State","Kyainseikgyi Township","Khway Thoe Seik Village Tract",1307219
"Kayin State","Kyainseikgyi Township","Khwi Ka Lon Village Tract",1307220
"Kayin State","Kyainseikgyi Township","Koe Mar Village Tract",1307221
"Kayin State","Kyainseikgyi Township","Kun Ka Thaung Village Tract",1307222
"Kayin State","Kyainseikgyi Township","Kwin Ka Lay Village Tract",1307223
"Kayin State","Kyainseikgyi Township","Kya Khat Chaung Village Tract",1307224
"Kayin State","Kyainseikgyi Township","Kyar Inn Shwe Doe Village Tract",1307225
"Kayin State","Kyainseikgyi Township","Kyauk Bi Lu Village Tract",1307226
"Kayin State","Kyainseikgyi Township","Kyon Kha Wun Village Tract",1307227
"Kayin State","Kyainseikgyi Township","Kyun Chaung Village Tract",1307228
"Kayin State","Kyainseikgyi Township","Lan Hpar Village Tract",1307229
"Kayin State","Kyainseikgyi Township","Lel Taw Gyi Village Tract",1307230
"Kayin State","Kyainseikgyi Township","Maw Khe Khee Village Tract",1307231
"Kayin State","Kyainseikgyi Township","Mi Na Ah Village Tract",1307232
"Kayin State","Kyainseikgyi Township","Mi Tan Village Tract",1307233
"Kayin State","Kyainseikgyi Township","Nat Chaung Ah Lel Village Tract",1307234
"Kayin State","Kyainseikgyi Township","Nat Chaung Kan Nar Village Tract",1307235
"Kayin State","Kyainseikgyi Township","Naung Ta Kho Village Tract",1307236
"Kayin State","Kyainseikgyi Township","Paing Ka Lar Don Village Tract",1307237
"Kayin State","Kyainseikgyi Township","Pyaung Ma Htein Village Tract",1307238
"Kayin State","Kyainseikgyi Township","Seik Ka Lay Village Tract",1307239
"Kayin State","Kyainseikgyi Township","Shwe Taung Bo Village Tract",1307240
"Kayin State","Kyainseikgyi Township","Ta Khun Taing Village Tract",1307241
"Kayin State","Kyainseikgyi Township","Taung Dee Village Tract",1307242
"Kayin State","Kyainseikgyi Township","Taung Ka Lay Village Tract",1307243
"Kayin State","Kyainseikgyi Township","Taung Waing Village Tract",1307244
"Kayin State","Kyainseikgyi Township","Than Pu Yar Village Tract",1307245
"Kayin State","Kyainseikgyi Township","Thar Ka Hta Village Tract",1307246
"Kayin State","Kyainseikgyi Township","Thin Gan Pin Seik Village Tract",1307247
"Kayin State","Kyainseikgyi Township","Win Kha Na Village Tract",1307248
"Kayin State","Kyainseikgyi Township","Win Yaw Seik Gyi Village Tract",1307249
"Kayin State","Kyainseikgyi Township","Ya Thayt Village Tract",1307250
"Kayin State","Thandaung Town","No (1) Quarter",1360001
"Kayin State","Thandaung Town","No (2) Quarter",1360002
"Kayin State","Thandaung Town","No (3) Quarter",1360003
"Kayin State","Thandaung Town","No (4) Quarter",1360004
"Kayin State","Leik Tho Town","No (1) Quarter",1361001
"Kayin State","Leik Tho Town","No (2) Quarter",1361002
"Kayin State","Leik Tho Town","No (3) Quarter",1361003
"Kayin State","Leik Tho Town","No (4) Quarter",1361004
"Kayin State","Leik Tho Town","No (5) Quarter",1361005
"Kayin State","Leik Tho Town","No (6) Quarter",1361006
"Kayin State","Baw Ga Li Town","No (1) Quarter",1362001
"Kayin State","Baw Ga Li Town","No (2) Quarter",1362002
"Kayin State","Baw Ga Li Town","No (3) Quarter",1362003
"Kayin State","Baw Ga Li Town","No (4) Quarter",1362004
"Kayin State","Kamarmaung Town","No (1) Quarter",1363001
"Kayin State","Kamarmaung Town","No (2) Quarter",1363002
"Kayin State","Kamarmaung Town","No (3) Quarter",1363003
"Kayin State","Kamarmaung Town","No (4) Quarter",1363004
"Kayin State","Paingkyon Town","No (1) Quarter",1364001
"Kayin State","Paingkyon Town","No (2) Quarter",1364002
"Kayin State","Paingkyon Town","No (3) Quarter",1364003
"Kayin State","Paingkyon Town","No (4) Quarter",1364004
"Kayin State","Paingkyon Town","No (5) Quarter",1364005
"Kayin State","Shan Ywar Thit Town","No (1) Quarter",1365001
"Kayin State","Shan Ywar Thit Town","No (2) Quarter",1365002
"Kayin State","Shan Ywar Thit Town","No (3) Quarter",1365003
"Kayin State","Shan Ywar Thit Town","No (4) Quarter",1365004
"Kayin State","Su Ka Li Town","No (1) Quarter",1366001
"Kayin State","Waw Lay Myaing (Waw Lay) Town","No (1) Quarter",1367001
"Kayin State","Waw Lay Myaing (Waw Lay) Town","No (2) Quarter",1367002
"Kayin State","Kyondoe Town","No (1) Quarter",1368001
"Kayin State","Kyondoe Town","No (2) Quarter",1368002
"Kayin State","Kyondoe Town","No (3) Quarter",1368003
"Kayin State","Kyondoe Town","No (4) Quarter",1368004
"Kayin State","Hpayarthonesu Town","No (1) Quarter",1369001
"Kayin State","Hpayarthonesu Town","No (2) Ward Quarter",1369002
"Kayin State","Hpayarthonesu Town","No (3) Quarter",1369003
"Kayin State","Hpayarthonesu Town","No (4) Quarter",1369004
"Kayin State","Kyaikdon Town","No (1) Quarter",1370001
"Kayin State","Kyaikdon Town","No (2) Quarter",1370002
"Kayin State","Kyaikdon Town","No (3) Quarter",1370003
"Kayin State","Kyaikdon Town","No (4) Quarter",1370004
"Kayin State","Kyaikdon Town","No (5) Quarter",1370005
"Kayin State","Kyaikdon Town","No (6) Quarter",1370006
