﻿Region,"Town / Township","Quarter / Village Tract","Postal Code"
"နေပြည်တော် (ပြည်ထောင်စုနယ်မြေ)","ဇမ္ဗူသီရိ မြို့နယ်","ဇေယျသိဒ္ဓိ ရပ်ကွက်",1501001
"နေပြည်တော် (ပြည်ထောင်စုနယ်မြေ)","ဇမ္ဗူသီရိ မြို့နယ်","ပညာသိဒ္ဓိ ရပ်ကွက်",1501002
"နေပြည်တော် (ပြည်ထောင်စုနယ်မြေ)","ဇမ္ဗူသီရိ မြို့နယ်","မင်္ဂလာသိဒ္ဓိ ရပ်ကွက်",1501003
"နေပြည်တော် (ပြည်ထောင်စုနယ်မြေ)","ဇမ္ဗူသီရိ မြို့နယ်","ဘောဂသိဒ္ဓိ ရပ်ကွက်",1501004
"နေပြည်တော် (ပြည်ထောင်စုနယ်မြေ)","ဇမ္ဗူသီရိ မြို့နယ်","သပြေကုန်း ရပ်ကွက်",1501005
"နေပြည်တော် (ပြည်ထောင်စုနယ်မြေ)","ဇမ္ဗူသီရိ မြို့နယ်","ဝဏ္ဏသိဒ္ဓိ ရပ်ကွက်",1501006
"နေပြည်တော် (ပြည်ထောင်စုနယ်မြေ)","ဇမ္ဗူသီရိ မြို့နယ်","သုခသိဒ္ဓိ ရပ်ကွက်",1501007
"နေပြည်တော် (ပြည်ထောင်စုနယ်မြေ)","ဇမ္ဗူသီရိ မြို့နယ်","ဉာဏသိဒ္ဓိ ရပ်ကွက်",1501008
"နေပြည်တော် (ပြည်ထောင်စုနယ်မြေ)","ဇမ္ဗူသီရိ မြို့နယ်","ဗလသိဒ္ဓိ ရပ်ကွက်",1501009
"နေပြည်တော် (ပြည်ထောင်စုနယ်မြေ)","ဇမ္ဗူသီရိ မြို့နယ်","ဓနသိဒ္ဓိ ရပ်ကွက်",1501010
"နေပြည်တော် (ပြည်ထောင်စုနယ်မြေ)","ဇမ္ဗူသီရိ မြို့နယ်","ရွှေကြာပင် ရပ်ကွက်",1501011
"နေပြည်တော် (ပြည်ထောင်စုနယ်မြေ)","ဇမ္ဗူသီရိ မြို့နယ်","အောင်ဇမ္ဗူ ရပ်ကွက်",1501012
"နေပြည်တော် (ပြည်ထောင်စုနယ်မြေ)","ဇမ္ဗူသီရိ မြို့နယ်","တဲကြီးကုန်း ကျေးရွာအုပ်စု",1501200
"နေပြည်တော် (ပြည်ထောင်စုနယ်မြေ)","ဇမ္ဗူသီရိ မြို့နယ်","အလျင်လို ကျေးရွာအုပ်စု",1501201
"နေပြည်တော် (ပြည်ထောင်စုနယ်မြေ)","ဇမ္ဗူသီရိ မြို့နယ်","ပြန့်ကပြေး ကျေးရွာအုပ်စု",1501202
"နေပြည်တော် (ပြည်ထောင်စုနယ်မြေ)","ပျဉ်းမနား မြို့နယ်","ရွာကောက် ရပ်ကွက်",1502001
"နေပြည်တော် (ပြည်ထောင်စုနယ်မြေ)","ပျဉ်းမနား မြို့နယ်","ရန်အောင် (၁) ရပ်ကွက်",1502002
"နေပြည်တော် (ပြည်ထောင်စုနယ်မြေ)","ပျဉ်းမနား မြို့နယ်","ရန်အောင် (၂) ရပ်ကွက်",1502003
"နေပြည်တော် (ပြည်ထောင်စုနယ်မြေ)","ပျဉ်းမနား မြို့နယ်","ရွှေချီ ရပ်ကွက်",1502004
"နေပြည်တော် (ပြည်ထောင်စုနယ်မြေ)","ပျဉ်းမနား မြို့နယ်","မင်္ဂလာ ရပ်ကွက်",1502005
"နေပြည်တော် (ပြည်ထောင်စုနယ်မြေ)","ပျဉ်းမနား မြို့နယ်","ဘောဂဝတီ ရပ်ကွက်",1502006
"နေပြည်တော် (ပြည်ထောင်စုနယ်မြေ)","ပျဉ်းမနား မြို့နယ်","ဥယျာဉ်စု ရပ်ကွက်",1502007
"နေပြည်တော် (ပြည်ထောင်စုနယ်မြေ)","ပျဉ်းမနား မြို့နယ်","ကင်ပွန်းတန်း ကျေးရွာအုပ်စု",1502200
"နေပြည်တော် (ပြည်ထောင်စုနယ်မြေ)","ပျဉ်းမနား မြို့နယ်","ကံဦး ကျေးရွာအုပ်စု",1502201
"နေပြည်တော် (ပြည်ထောင်စုနယ်မြေ)","ပျဉ်းမနား မြို့နယ်","ကူးတို့ဆိပ် ကျေးရွာအုပ်စု",1502202
"နေပြည်တော် (ပြည်ထောင်စုနယ်မြေ)","ပျဉ်းမနား မြို့နယ်","ကျီးအင်း ကျေးရွာအုပ်စု",1502203
"နေပြည်တော် (ပြည်ထောင်စုနယ်မြေ)","ပျဉ်းမနား မြို့နယ်","ငကောင်းကန် ကျေးရွာအုပ်စု",1502204
"နေပြည်တော် (ပြည်ထောင်စုနယ်မြေ)","ပျဉ်းမနား မြို့နယ်","ကျွန်းဦး ကျေးရွာအုပ်စု",1502205
"နေပြည်တော် (ပြည်ထောင်စုနယ်မြေ)","ပျဉ်းမနား မြို့နယ်","ဆင်သေ ကျေးရွာအုပ်စု",1502206
"နေပြည်တော် (ပြည်ထောင်စုနယ်မြေ)","ပျဉ်းမနား မြို့နယ်","ဇီးဖြူပင် ကျေးရွာအုပ်စု",1502207
"နေပြည်တော် (ပြည်ထောင်စုနယ်မြေ)","ပျဉ်းမနား မြို့နယ်","ညောင်ပင်သာ ကျေးရွာအုပ်စု",1502208
"နေပြည်တော် (ပြည်ထောင်စုနယ်မြေ)","ပျဉ်းမနား မြို့နယ်","တောင်သာ ကျေးရွာအုပ်စု",1502209
"နေပြည်တော် (ပြည်ထောင်စုနယ်မြေ)","ပျဉ်းမနား မြို့နယ်","နှမ်းတော ကျေးရွာအုပ်စု",1502210
"နေပြည်တော် (ပြည်ထောင်စုနယ်မြေ)","ပျဉ်းမနား မြို့နယ်","နတ်သရဲ ကျေးရွာအုပ်စု",1502211
"နေပြည်တော် (ပြည်ထောင်စုနယ်မြေ)","ပျဉ်းမနား မြို့နယ်","ပြူတွင်း ကျေးရွာအုပ်စု",1502212
"နေပြည်တော် (ပြည်ထောင်စုနယ်မြေ)","ပျဉ်းမနား မြို့နယ်","ပျဉ်းမနားဟောင်း ကျေးရွာအုပ်စု",1502213
"နေပြည်တော် (ပြည်ထောင်စုနယ်မြေ)","ပျဉ်းမနား မြို့နယ်","ယောက်သွားအင်း ကျေးရွာအုပ်စု",1502214
"နေပြည်တော် (ပြည်ထောင်စုနယ်မြေ)","ပျဉ်းမနား မြို့နယ်","ရွာသာ ကျေးရွာအုပ်စု",1502215
"နေပြည်တော် (ပြည်ထောင်စုနယ်မြေ)","ပျဉ်းမနား မြို့နယ်","ရွာသစ် ကျေးရွာအုပ်စု",1502216
"နေပြည်တော် (ပြည်ထောင်စုနယ်မြေ)","ပျဉ်းမနား မြို့နယ်","လဲလူးအိုင် ကျေးရွာအုပ်စု",1502217
"နေပြည်တော် (ပြည်ထောင်စုနယ်မြေ)","ပျဉ်းမနား မြို့နယ်","သစ်လေးလုံး ကျေးရွာအုပ်စု",1502218
"နေပြည်တော် (ပြည်ထောင်စုနယ်မြေ)","ပျဉ်းမနား မြို့နယ်","သနပ်ပင်ဆိပ် ကျေးရွာအုပ်စု",1502219
"နေပြည်တော် (ပြည်ထောင်စုနယ်မြေ)","ပျဉ်းမနား မြို့နယ်","မယ်ဇလီကုန်း ကျေးရွာအုပ်စု",1502220
"နေပြည်တော် (ပြည်ထောင်စုနယ်မြေ)","ပျဉ်းမနား မြို့နယ်","ဥယျာဉ်စု ကျေးရွာအုပ်စု",1502221
"နေပြည်တော် (ပြည်ထောင်စုနယ်မြေ)","ပျဉ်းမနား မြို့နယ်","ကိုးတစ် ကျေးရွာအုပ်စု",1502222
"နေပြည်တော် (ပြည်ထောင်စုနယ်မြေ)","ပျဉ်းမနား မြို့နယ်","ဘန့်ဘား ကျေးရွာအုပ်စု",1502223
"နေပြည်တော် (ပြည်ထောင်စုနယ်မြေ)","ပျဉ်းမနား မြို့နယ်","သစ်တွန် ကျေးရွာအုပ်စု",1502224
"နေပြည်တော် (ပြည်ထောင်စုနယ်မြေ)","ပျဉ်းမနား မြို့နယ်","ပြည်တောင်ကိုး ကျေးရွာအုပ်စု",1502225
"နေပြည်တော် (ပြည်ထောင်စုနယ်မြေ)","ပျဉ်းမနား မြို့နယ်","ဘို့မ ကျေးရွာအုပ်စု",1502226
"နေပြည်တော် (ပြည်ထောင်စုနယ်မြေ)","ပျဉ်းမနား မြို့နယ်","မဲပေါက် ကျေးရွာအုပ်စု",1502227
"နေပြည်တော် (ပြည်ထောင်စုနယ်မြေ)","ပျဉ်းမနား မြို့နယ်","အလယ်ချောင်း ကျေးရွာအုပ်စု",1502228
"နေပြည်တော် (ပြည်ထောင်စုနယ်မြေ)","ပျဉ်းမနား မြို့နယ်","သကြားစက် ကျေးရွာအုပ်စု",1502229
"နေပြည်တော် (ပြည်ထောင်စုနယ်မြေ)","ပျဉ်းမနား မြို့နယ်","သာယာကုန်း ကျေးရွာအုပ်စု",1502230
"နေပြည်တော် (ပြည်ထောင်စုနယ်မြေ)","တပ်ကုန်း မြို့နယ်","ဘုရင့်နောင် ရပ်ကွက်",1503001
"နေပြည်တော် (ပြည်ထောင်စုနယ်မြေ)","တပ်ကုန်း မြို့နယ်","အောင်ဇေယျ ရပ်ကွက်",1503002
"နေပြည်တော် (ပြည်ထောင်စုနယ်မြေ)","တပ်ကုန်း မြို့နယ်","မြဝတီ ရပ်ကွက်",1503003
"နေပြည်တော် (ပြည်ထောင်စုနယ်မြေ)","တပ်ကုန်း မြို့နယ်","ဗိုလ်မင်းရောင် ရပ်ကွက်",1503004
"နေပြည်တော် (ပြည်ထောင်စုနယ်မြေ)","တပ်ကုန်း မြို့နယ်","ဆရာစံ ရပ်ကွက်",1503005
"နေပြည်တော် (ပြည်ထောင်စုနယ်မြေ)","တပ်ကုန်း မြို့နယ်","အနော်ရထာ ရပ်ကွက်",1503006
"နေပြည်တော် (ပြည်ထောင်စုနယ်မြေ)","တပ်ကုန်း မြို့နယ်","ကင်းသာ ကျေးရွာအုပ်စု",1503200
"နေပြည်တော် (ပြည်ထောင်စုနယ်မြေ)","တပ်ကုန်း မြို့နယ်","ခရမ်းစပ်ကုန်း ကျေးရွာအုပ်စု",1503201
"နေပြည်တော် (ပြည်ထောင်စုနယ်မြေ)","တပ်ကုန်း မြို့နယ်","ထုံးဖို ကျေးရွာအုပ်စု",1503202
"နေပြည်တော် (ပြည်ထောင်စုနယ်မြေ)","တပ်ကုန်း မြို့နယ်","ဗျိုင်းအင်း ကျေးရွာအုပ်စု",1503203
"နေပြည်တော် (ပြည်ထောင်စုနယ်မြေ)","တပ်ကုန်း မြို့နယ်","ရှောက်ကုန်း ကျေးရွာအုပ်စု",1503204
"နေပြည်တော် (ပြည်ထောင်စုနယ်မြေ)","တပ်ကုန်း မြို့နယ်","ကျားသေအိုင် ကျေးရွာအုပ်စု",1503205
"နေပြည်တော် (ပြည်ထောင်စုနယ်မြေ)","တပ်ကုန်း မြို့နယ်","ကံကြီး ကျေးရွာအုပ်စု",1503206
"နေပြည်တော် (ပြည်ထောင်စုနယ်မြေ)","တပ်ကုန်း မြို့နယ်","ကျောက်စရစ်ကုန်း ကျေးရွာအုပ်စု",1503207
"နေပြည်တော် (ပြည်ထောင်စုနယ်မြေ)","တပ်ကုန်း မြို့နယ်","တဲမြင့် ကျေးရွာအုပ်စု",1503208
"နေပြည်တော် (ပြည်ထောင်စုနယ်မြေ)","တပ်ကုန်း မြို့နယ်","ညောင်ကိုင်း ကျေးရွာအုပ်စု",1503209
"နေပြည်တော် (ပြည်ထောင်စုနယ်မြေ)","တပ်ကုန်း မြို့နယ်","မကျီးကုန်း ကျေးရွာအုပ်စု",1503210
"နေပြည်တော် (ပြည်ထောင်စုနယ်မြေ)","တပ်ကုန်း မြို့နယ်","အောင်မြေရိပ်သာ ကျေးရွာအုပ်စု",1503211
"နေပြည်တော် (ပြည်ထောင်စုနယ်မြေ)","တပ်ကုန်း မြို့နယ်","ကြက်သွန်ခင်း ကျေးရွာအုပ်စု",1503212
"နေပြည်တော် (ပြည်ထောင်စုနယ်မြေ)","တပ်ကုန်း မြို့နယ်","ညောင်လွန့် ကျေးရွာအုပ်စု",1503213
"နေပြည်တော် (ပြည်ထောင်စုနယ်မြေ)","တပ်ကုန်း မြို့နယ်","သပြေကုန်း ကျေးရွာအုပ်စု",1503214
"နေပြည်တော် (ပြည်ထောင်စုနယ်မြေ)","တပ်ကုန်း မြို့နယ်","မကျီးပင် ကျေးရွာအုပ်စု",1503215
"နေပြည်တော် (ပြည်ထောင်စုနယ်မြေ)","တပ်ကုန်း မြို့နယ်","ဥသျှစ်ကုန်း ကျေးရွာအုပ်စု",1503216
"နေပြည်တော် (ပြည်ထောင်စုနယ်မြေ)","တပ်ကုန်း မြို့နယ်","ကျေးချောင်း ကျေးရွာအုပ်စု",1503217
"နေပြည်တော် (ပြည်ထောင်စုနယ်မြေ)","တပ်ကုန်း မြို့နယ်","သစ်ဆိန်ပင် ကျေးရွာအုပ်စု",1503218
"နေပြည်တော် (ပြည်ထောင်စုနယ်မြေ)","တပ်ကုန်း မြို့နယ်","အုန်းပင် ကျေးရွာအုပ်စု",1503219
"နေပြည်တော် (ပြည်ထောင်စုနယ်မြေ)","တပ်ကုန်း မြို့နယ်","ကံလှ ကျေးရွာအုပ်စု",1503220
"နေပြည်တော် (ပြည်ထောင်စုနယ်မြေ)","တပ်ကုန်း မြို့နယ်","ညောင်တုံးအိုင် ကျေးရွာအုပ်စု",1503221
"နေပြည်တော် (ပြည်ထောင်စုနယ်မြေ)","တပ်ကုန်း မြို့နယ်","ရွှေမြို့ ကျေးရွာအုပ်စု",1503222
"နေပြည်တော် (ပြည်ထောင်စုနယ်မြေ)","တပ်ကုန်း မြို့နယ်","သပြေချောင်း ကျေးရွာအုပ်စု",1503223
"နေပြည်တော် (ပြည်ထောင်စုနယ်မြေ)","တပ်ကုန်း မြို့နယ်","ကင်မွန်းတန်း ကျေးရွာအုပ်စု",1503224
"နေပြည်တော် (ပြည်ထောင်စုနယ်မြေ)","တပ်ကုန်း မြို့နယ်","ဇရပ်ကြီးကုန်း ကျေးရွာအုပ်စု",1503225
"နေပြည်တော် (ပြည်ထောင်စုနယ်မြေ)","တပ်ကုန်း မြို့နယ်","ရွေးစု ကျေးရွာအုပ်စု",1503226
"နေပြည်တော် (ပြည်ထောင်စုနယ်မြေ)","တပ်ကုန်း မြို့နယ်","ထန်းတောကြီး ကျေးရွာအုပ်စု",1503227
"နေပြည်တော် (ပြည်ထောင်စုနယ်မြေ)","တပ်ကုန်း မြို့နယ်","ကြိုးကြာအင်း ကျေးရွာအုပ်စု",1503228
"နေပြည်တော် (ပြည်ထောင်စုနယ်မြေ)","တပ်ကုန်း မြို့နယ်","ဂွေ့ကြီး ကျေးရွာအုပ်စု",1503229
"နေပြည်တော် (ပြည်ထောင်စုနယ်မြေ)","တပ်ကုန်း မြို့နယ်","ရေအေး ကျေးရွာအုပ်စု",1503230
"နေပြည်တော် (ပြည်ထောင်စုနယ်မြေ)","တပ်ကုန်း မြို့နယ်","အလည်ကျွန်း ကျေးရွာအုပ်စု",1503231
"နေပြည်တော် (ပြည်ထောင်စုနယ်မြေ)","တပ်ကုန်း မြို့နယ်","မြောက်မြိုက် ကျေးရွာအုပ်စု",1503232
"နေပြည်တော် (ပြည်ထောင်စုနယ်မြေ)","တပ်ကုန်း မြို့နယ်","လက်ပံ ကျေးရွာအုပ်စု",1503233
"နေပြည်တော် (ပြည်ထောင်စုနယ်မြေ)","တပ်ကုန်း မြို့နယ်","ရှားတော ကျေးရွာအုပ်စု",1503234
"နေပြည်တော် (ပြည်ထောင်စုနယ်မြေ)","တပ်ကုန်း မြို့နယ်","အင်ပင် ကျေးရွာအုပ်စု",1503235
"နေပြည်တော် (ပြည်ထောင်စုနယ်မြေ)","တပ်ကုန်း မြို့နယ်","ကျီးအင်း ကျေးရွာအုပ်စု",1503236
"နေပြည်တော် (ပြည်ထောင်စုနယ်မြေ)","တပ်ကုန်း မြို့နယ်","သာယာအေး ကျေးရွာအုပ်စု",1503237
"နေပြည်တော် (ပြည်ထောင်စုနယ်မြေ)","တပ်ကုန်း မြို့နယ်","သံပရာကုန်း ကျေးရွာအုပ်စု",1503238
"နေပြည်တော် (ပြည်ထောင်စုနယ်မြေ)","တပ်ကုန်း မြို့နယ်","မျက်ရဲ ကျေးရွာအုပ်စု",1503239
"နေပြည်တော် (ပြည်ထောင်စုနယ်မြေ)","တပ်ကုန်း မြို့နယ်","လွှပုံ ကျေးရွာအုပ်စု",1503240
"နေပြည်တော် (ပြည်ထောင်စုနယ်မြေ)","တပ်ကုန်း မြို့နယ်","လယ်ဇပင် ကျေးရွာအုပ်စု",1503241
"နေပြည်တော် (ပြည်ထောင်စုနယ်မြေ)","တပ်ကုန်း မြို့နယ်","အိုင့်ကျယ် ကျေးရွာအုပ်စု",1503242
"နေပြည်တော် (ပြည်ထောင်စုနယ်မြေ)","တပ်ကုန်း မြို့နယ်","သဖန်းချောင်း ကျေးရွာအုပ်စု",1503243
"နေပြည်တော် (ပြည်ထောင်စုနယ်မြေ)","တပ်ကုန်း မြို့နယ်","ကျောင်းကုန်း ကျေးရွာအုပ်စု",1503244
"နေပြည်တော် (ပြည်ထောင်စုနယ်မြေ)","တပ်ကုန်း မြို့နယ်","လယ်ပြင်မ ကျေးရွာအုပ်စု",1503245
"နေပြည်တော် (ပြည်ထောင်စုနယ်မြေ)","တပ်ကုန်း မြို့နယ်","အေးချမ်းသာစံပြ ကျေးရွာအုပ်စု",1503246
"နေပြည်တော် (ပြည်ထောင်စုနယ်မြေ)","တပ်ကုန်း မြို့နယ်","ရွှေမောင်းဂွတ် ကျေးရွာအုပ်စု",1503247
"နေပြည်တော် (ပြည်ထောင်စုနယ်မြေ)","တပ်ကုန်း မြို့နယ်","အောင်သပြေ ကျေးရွာအုပ်စု",1503248
"နေပြည်တော် (ပြည်ထောင်စုနယ်မြေ)","လယ်ဝေး မြို့နယ်","အမှတ် (၁) ရပ်ကွက်",1504001
"နေပြည်တော် (ပြည်ထောင်စုနယ်မြေ)","လယ်ဝေး မြို့နယ်","အမှတ် (၂) ရပ်ကွက်",1504002
"နေပြည်တော် (ပြည်ထောင်စုနယ်မြေ)","လယ်ဝေး မြို့နယ်","အမှတ် (၃) ရပ်ကွက်",1504003
"နေပြည်တော် (ပြည်ထောင်စုနယ်မြေ)","လယ်ဝေး မြို့နယ်","အမှတ် (၄) ရပ်ကွက်",1504004
"နေပြည်တော် (ပြည်ထောင်စုနယ်မြေ)","လယ်ဝေး မြို့နယ်","အမှတ် (၅) ရပ်ကွက်",1504005
"နေပြည်တော် (ပြည်ထောင်စုနယ်မြေ)","လယ်ဝေး မြို့နယ်","အမှတ် (၆) ရပ်ကွက်",1504006
"နေပြည်တော် (ပြည်ထောင်စုနယ်မြေ)","လယ်ဝေး မြို့နယ်","အမှတ် (၇) ရပ်ကွက်",1504007
"နေပြည်တော် (ပြည်ထောင်စုနယ်မြေ)","လယ်ဝေး မြို့နယ်","ကြို့ပင် ကျေးရွာအုပ်စု",1504200
"နေပြည်တော် (ပြည်ထောင်စုနယ်မြေ)","လယ်ဝေး မြို့နယ်","ကူသပိတ် ကျေးရွာအုပ်စု",1504201
"နေပြည်တော် (ပြည်ထောင်စုနယ်မြေ)","လယ်ဝေး မြို့နယ်","ကန်သာ ကျေးရွာအုပ်စု",1504202
"နေပြည်တော် (ပြည်ထောင်စုနယ်မြေ)","လယ်ဝေး မြို့နယ်","ကျသောင်းတောင် ကျေးရွာအုပ်စု",1504203
"နေပြည်တော် (ပြည်ထောင်စုနယ်မြေ)","လယ်ဝေး မြို့နယ်","ကြောင်ရေ ကျေးရွာအုပ်စု",1504204
"နေပြည်တော် (ပြည်ထောင်စုနယ်မြေ)","လယ်ဝေး မြို့နယ်","ကြို့ကုန်း ကျေးရွာအုပ်စု",1504205
"နေပြည်တော် (ပြည်ထောင်စုနယ်မြေ)","လယ်ဝေး မြို့နယ်","ကျောက်တလုံးကျောင်းစု ကျေးရွာအုပ်စု",1504206
"နေပြည်တော် (ပြည်ထောင်စုနယ်မြေ)","လယ်ဝေး မြို့နယ်","ကုန်းသာ ကျေးရွာအုပ်စု",1504207
"နေပြည်တော် (ပြည်ထောင်စုနယ်မြေ)","လယ်ဝေး မြို့နယ်","ပျံချီ ကျေးရွာအုပ်စု",1504208
"နေပြည်တော် (ပြည်ထောင်စုနယ်မြေ)","လယ်ဝေး မြို့နယ်","ရေကာ ကျေးရွာအုပ်စု",1504209
"နေပြည်တော် (ပြည်ထောင်စုနယ်မြေ)","လယ်ဝေး မြို့နယ်","ချောင်းကြိုး ကျေးရွာအုပ်စု",1504210
"နေပြည်တော် (ပြည်ထောင်စုနယ်မြေ)","လယ်ဝေး မြို့နယ်","ချောင်းခွ ကျေးရွာအုပ်စု",1504211
"နေပြည်တော် (ပြည်ထောင်စုနယ်မြေ)","လယ်ဝေး မြို့နယ်","ခရမ်းကိုင်း ကျေးရွာအုပ်စု",1504212
"နေပြည်တော် (ပြည်ထောင်စုနယ်မြေ)","လယ်ဝေး မြို့နယ်","စိုင်ခေါင်းရိုး ကျေးရွာအုပ်စု",1504213
"နေပြည်တော် (ပြည်ထောင်စုနယ်မြေ)","လယ်ဝေး မြို့နယ်","စီပိုင်း ကျေးရွာအုပ်စု",1504214
"နေပြည်တော် (ပြည်ထောင်စုနယ်မြေ)","လယ်ဝေး မြို့နယ်","စွယ်တော်မျှောင် ကျေးရွာအုပ်စု",1504215
"နေပြည်တော် (ပြည်ထောင်စုနယ်မြေ)","လယ်ဝေး မြို့နယ်","ညိုပင် ကျေးရွာအုပ်စု",1504216
"နေပြည်တော် (ပြည်ထောင်စုနယ်မြေ)","လယ်ဝေး မြို့နယ်","တည်တောင် (တယ်တောင်) ကျေးရွာအုပ်စု",1504217
"နေပြည်တော် (ပြည်ထောင်စုနယ်မြေ)","လယ်ဝေး မြို့နယ်","တလုပ်ပင် ကျေးရွာအုပ်စု",1504218
"နေပြည်တော် (ပြည်ထောင်စုနယ်မြေ)","လယ်ဝေး မြို့နယ်","ဒလန့်ချွန် ကျေးရွာအုပ်စု",1504219
"နေပြည်တော် (ပြည်ထောင်စုနယ်မြေ)","လယ်ဝေး မြို့နယ်","နောင်ဘို ကျေးရွာအုပ်စု",1504220
"နေပြည်တော် (ပြည်ထောင်စုနယ်မြေ)","လယ်ဝေး မြို့နယ်","ပြည်ဝင် ကျေးရွာအုပ်စု",1504221
"နေပြည်တော် (ပြည်ထောင်စုနယ်မြေ)","လယ်ဝေး မြို့နယ်","ပိတောက်ချောင် ကျေးရွာအုပ်စု",1504222
"နေပြည်တော် (ပြည်ထောင်စုနယ်မြေ)","လယ်ဝေး မြို့နယ်","ပြောင်ခေါင်းကြီး ကျေးရွာအုပ်စု",1504223
"နေပြည်တော် (ပြည်ထောင်စုနယ်မြေ)","လယ်ဝေး မြို့နယ်","ပင်သောင် ကျေးရွာအုပ်စု",1504224
"နေပြည်တော် (ပြည်ထောင်စုနယ်မြေ)","လယ်ဝေး မြို့နယ်","မြွေရိုးကျောင်းစု ကျေးရွာအုပ်စု",1504225
"နေပြည်တော် (ပြည်ထောင်စုနယ်မြေ)","လယ်ဝေး မြို့နယ်","ဥယျာဉ်စု ကျေးရွာအုပ်စု",1504226
"နေပြည်တော် (ပြည်ထောင်စုနယ်မြေ)","လယ်ဝေး မြို့နယ်","ရွှေပြည်အေး ကျေးရွာအုပ်စု",1504227
"နေပြည်တော် (ပြည်ထောင်စုနယ်မြေ)","လယ်ဝေး မြို့နယ်","မတော့ပင် ကျေးရွာအုပ်စု",1504228
"နေပြည်တော် (ပြည်ထောင်စုနယ်မြေ)","လယ်ဝေး မြို့နယ်","ရေအိုးစင် ကျေးရွာအုပ်စု",1504229
"နေပြည်တော် (ပြည်ထောင်စုနယ်မြေ)","လယ်ဝေး မြို့နယ်","ရုံးပင် ကျေးရွာအုပ်စု",1504230
"နေပြည်တော် (ပြည်ထောင်စုနယ်မြေ)","လယ်ဝေး မြို့နယ်","ရှားချောင်း ကျေးရွာအုပ်စု",1504231
"နေပြည်တော် (ပြည်ထောင်စုနယ်မြေ)","လယ်ဝေး မြို့နယ်","လယ်တာကြီး ကျေးရွာအုပ်စု",1504232
"နေပြည်တော် (ပြည်ထောင်စုနယ်မြေ)","လယ်ဝေး မြို့နယ်","ဝက္ကမူ ကျေးရွာအုပ်စု",1504233
"နေပြည်တော် (ပြည်ထောင်စုနယ်မြေ)","လယ်ဝေး မြို့နယ်","ဝင်တဲကူး ကျေးရွာအုပ်စု",1504234
"နေပြည်တော် (ပြည်ထောင်စုနယ်မြေ)","လယ်ဝေး မြို့နယ်","သပြေပင် ကျေးရွာအုပ်စု",1504235
"နေပြည်တော် (ပြည်ထောင်စုနယ်မြေ)","လယ်ဝေး မြို့နယ်","ပေတုံးမျှောင် ကျေးရွာအုပ်စု",1504236
"နေပြည်တော် (ပြည်ထောင်စုနယ်မြေ)","လယ်ဝေး မြို့နယ်","ရှမ်းစုကြီး ကျေးရွာအုပ်စု",1504237
"နေပြည်တော် (ပြည်ထောင်စုနယ်မြေ)","လယ်ဝေး မြို့နယ်","သစ်ပုတ်ပင် ကျေးရွာအုပ်စု",1504238
"နေပြည်တော် (ပြည်ထောင်စုနယ်မြေ)","လယ်ဝေး မြို့နယ်","မင်းပြင် ကျေးရွာအုပ်စု",1504239
"နေပြည်တော် (ပြည်ထောင်စုနယ်မြေ)","လယ်ဝေး မြို့နယ်","ရဘိန်း ကျေးရွာအုပ်စု",1504240
"နေပြည်တော် (ပြည်ထောင်စုနယ်မြေ)","လယ်ဝေး မြို့နယ်","အောင်သာ ကျေးရွာအုပ်စု",1504241
"နေပြည်တော် (ပြည်ထောင်စုနယ်မြေ)","လယ်ဝေး မြို့နယ်","သရက်ချောင်း ကျေးရွာအုပ်စု",1504242
"နေပြည်တော် (ပြည်ထောင်စုနယ်မြေ)","လယ်ဝေး မြို့နယ်","သော်မော်ကုန်း ကျေးရွာအုပ်စု",1504243
"နေပြည်တော် (ပြည်ထောင်စုနယ်မြေ)","လယ်ဝေး မြို့နယ်","သစ်ကြိမ်း ကျေးရွာအုပ်စု",1504244
"နေပြည်တော် (ပြည်ထောင်စုနယ်မြေ)","လယ်ဝေး မြို့နယ်","သဲကောကြီး ကျေးရွာအုပ်စု",1504245
"နေပြည်တော် (ပြည်ထောင်စုနယ်မြေ)","လယ်ဝေး မြို့နယ်","သစ်ဆိမ့်ပင် ကျေးရွာအုပ်စု",1504246
"နေပြည်တော် (ပြည်ထောင်စုနယ်မြေ)","လယ်ဝေး မြို့နယ်","သက္ကယ်ချင်း ကျေးရွာအုပ်စု",1504247
"နေပြည်တော် (ပြည်ထောင်စုနယ်မြေ)","လယ်ဝေး မြို့နယ်","သပြေကုန်း ကျေးရွာအုပ်စု",1504248
"နေပြည်တော် (ပြည်ထောင်စုနယ်မြေ)","လယ်ဝေး မြို့နယ်","သာဝတ္တိ ကျေးရွာအုပ်စု",1504249
"နေပြည်တော် (ပြည်ထောင်စုနယ်မြေ)","လယ်ဝေး မြို့နယ်","ပေါက်မြိုင် ကျေးရွာအုပ်စု",1504250
"နေပြည်တော် (ပြည်ထောင်စုနယ်မြေ)","လယ်ဝေး မြို့နယ်","သရက်ကုန်း ကျေးရွာအုပ်စု",1504251
"နေပြည်တော် (ပြည်ထောင်စုနယ်မြေ)","လယ်ဝေး မြို့နယ်","အင်ပင် ကျေးရွာအုပ်စု",1504252
"နေပြည်တော် (ပြည်ထောင်စုနယ်မြေ)","လယ်ဝေး မြို့နယ်","အောင်းကုန်း ကျေးရွာအုပ်စု",1504253
"နေပြည်တော် (ပြည်ထောင်စုနယ်မြေ)","လယ်ဝေး မြို့နယ်","အေလာ ကျေးရွာအုပ်စု",1504254
"နေပြည်တော် (ပြည်ထောင်စုနယ်မြေ)","လယ်ဝေး မြို့နယ်","အလည်ကျွန်း ကျေးရွာအုပ်စု",1504255
"နေပြည်တော် (ပြည်ထောင်စုနယ်မြေ)","လယ်ဝေး မြို့နယ်","အေးချမ်းသာ ကျေးရွာအုပ်စု",1504256
"နေပြည်တော် (ပြည်ထောင်စုနယ်မြေ)","လယ်ဝေး မြို့နယ်","ဇလီငှက်ကြီးတောင် ကျေးရွာအုပ်စု",1504257
"နေပြည်တော် (ပြည်ထောင်စုနယ်မြေ)","လယ်ဝေး မြို့နယ်","ဥသျှစ်လှိုင်း ကျေးရွာအုပ်စု",1504258
"နေပြည်တော် (ပြည်ထောင်စုနယ်မြေ)","လယ်ဝေး မြို့နယ်","ရွှေပြည်သာ ကျေးရွာအုပ်စု",1504259
"နေပြည်တော် (ပြည်ထောင်စုနယ်မြေ)","ဇေယျာသီရိ မြို့နယ်","ကျန်စစ်သား ရပ်ကွက်",1505001
"နေပြည်တော် (ပြည်ထောင်စုနယ်မြေ)","ဇေယျာသီရိ မြို့နယ်","အနော်ရထာ ရပ်ကွက်",1505002
"နေပြည်တော် (ပြည်ထောင်စုနယ်မြေ)","ဇေယျာသီရိ မြို့နယ်","ပြည်စံအောင် ရပ်ကွက်",1505003
"နေပြည်တော် (ပြည်ထောင်စုနယ်မြေ)","ဇေယျာသီရိ မြို့နယ်","အောင်ဇေယျ ရပ်ကွက်",1505004
"နေပြည်တော် (ပြည်ထောင်စုနယ်မြေ)","ဇေယျာသီရိ မြို့နယ်","ပုပ္ပါးကုန်း ရပ်ကွက်",1505005
"နေပြည်တော် (ပြည်ထောင်စုနယ်မြေ)","ဇေယျာသီရိ မြို့နယ်","ကျောက်ချက် ကျေးရွာအုပ်စု",1505200
"နေပြည်တော် (ပြည်ထောင်စုနယ်မြေ)","ဇေယျာသီရိ မြို့နယ်","ကျွန်းရောင်း ကျေးရွာအုပ်စု",1505201
"နေပြည်တော် (ပြည်ထောင်စုနယ်မြေ)","ဇေယျာသီရိ မြို့နယ်","သာစည် ကျေးရွာအုပ်စု",1505202
"နေပြည်တော် (ပြည်ထောင်စုနယ်မြေ)","ဇေယျာသီရိ မြို့နယ်","မအူတော ကျေးရွာအုပ်စု",1505203
"နေပြည်တော် (ပြည်ထောင်စုနယ်မြေ)","ဇေယျာသီရိ မြို့နယ်","ရေဆင်း ကျေးရွာအုပ်စု",1505204
"နေပြည်တော် (ပြည်ထောင်စုနယ်မြေ)","ဇေယျာသီရိ မြို့နယ်","သစ်တပ် ကျေးရွာအုပ်စု",1505205
"နေပြည်တော် (ပြည်ထောင်စုနယ်မြေ)","ဇေယျာသီရိ မြို့နယ်","သက်နှင်းအင်း ကျေးရွာအုပ်စု",1505206
"နေပြည်တော် (ပြည်ထောင်စုနယ်မြေ)","ဇေယျာသီရိ မြို့နယ်","ကျည်တောင် ကျေးရွာအုပ်စု",1505207
"နေပြည်တော် (ပြည်ထောင်စုနယ်မြေ)","ဇေယျာသီရိ မြို့နယ်","ခေတ်အေး ကျေးရွာအုပ်စု",1505208
"နေပြည်တော် (ပြည်ထောင်စုနယ်မြေ)","ဇေယျာသီရိ မြို့နယ်","နန်းသြ ကျေးရွာအုပ်စု",1505209
"နေပြည်တော် (ပြည်ထောင်စုနယ်မြေ)","ဇေယျာသီရိ မြို့နယ်","ကျောက်ဖျာ ကျေးရွာအုပ်စု",1505210
"နေပြည်တော် (ပြည်ထောင်စုနယ်မြေ)","ဇေယျာသီရိ မြို့နယ်","စည်ပင်ကြီး ကျေးရွာအုပ်စု",1505211
"နေပြည်တော် (ပြည်ထောင်စုနယ်မြေ)","ဇေယျာသီရိ မြို့နယ်","သာယာကုန်း ကျေးရွာအုပ်စု",1505212
"နေပြည်တော် (ပြည်ထောင်စုနယ်မြေ)","ဒက္ခိဏသီရိ မြို့နယ်","ဒက္ခိဏသီရိ ရပ်ကွက်",1506001
"နေပြည်တော် (ပြည်ထောင်စုနယ်မြေ)","ဒက္ခိဏသီရိ မြို့နယ်","ရွှေအင်ကြင်း ရပ်ကွက်",1506002
"နေပြည်တော် (ပြည်ထောင်စုနယ်မြေ)","ဒက္ခိဏသီရိ မြို့နယ်","ကြာပင် ကျေးရွာအုပ်စု",1506200
"နေပြည်တော် (ပြည်ထောင်စုနယ်မြေ)","ဒက္ခိဏသီရိ မြို့နယ်","ကျွန်းတပဲ့ ကျေးရွာအုပ်စု",1506201
"နေပြည်တော် (ပြည်ထောင်စုနယ်မြေ)","ဒက္ခိဏသီရိ မြို့နယ်","ရန်အောင်မြင် ကျေးရွာအုပ်စု",1506202
"နေပြည်တော် (ပြည်ထောင်စုနယ်မြေ)","ဒက္ခိဏသီရိ မြို့နယ်","ဒိုးနွယ် ကျေးရွာအုပ်စု",1506203
"နေပြည်တော် (ပြည်ထောင်စုနယ်မြေ)","ဒက္ခိဏသီရိ မြို့နယ်","ကူနှစ်လုံးဆည်စု ကျေးရွာအုပ်စု",1506204
"နေပြည်တော် (ပြည်ထောင်စုနယ်မြေ)","ဒက္ခိဏသီရိ မြို့နယ်","ရွှေခဲအင်း ကျေးရွာအုပ်စု",1506205
"နေပြည်တော် (ပြည်ထောင်စုနယ်မြေ)","ဒက္ခိဏသီရိ မြို့နယ်","ချိုင်း ကျေးရွာအုပ်စု",1506206
"နေပြည်တော် (ပြည်ထောင်စုနယ်မြေ)","ဒက္ခိဏသီရိ မြို့နယ်","ရွာမ ကျေးရွာအုပ်စု",1506207
"နေပြည်တော် (ပြည်ထောင်စုနယ်မြေ)","ပုဗ္ဗသီရိ မြို့နယ်","ဘုရင့်နောင် ရပ်ကွက်",1507001
"နေပြည်တော် (ပြည်ထောင်စုနယ်မြေ)","ပုဗ္ဗသီရိ မြို့နယ်","အောင်သာယာ ရပ်ကွက်",1507002
"နေပြည်တော် (ပြည်ထောင်စုနယ်မြေ)","ပုဗ္ဗသီရိ မြို့နယ်","မင်္ဂလာဒီပ ရပ်ကွက်",1507003
"နေပြည်တော် (ပြည်ထောင်စုနယ်မြေ)","ပုဗ္ဗသီရိ မြို့နယ်","ဝဏ္ဏဒီပ ရပ်ကွက်",1507004
"နေပြည်တော် (ပြည်ထောင်စုနယ်မြေ)","ပုဗ္ဗသီရိ မြို့နယ်","သုခဒီပ ရပ်ကွက်",1507005
"နေပြည်တော် (ပြည်ထောင်စုနယ်မြေ)","ပုဗ္ဗသီရိ မြို့နယ်","ဇဝနဒီပ ရပ်ကွက်",1507006
"နေပြည်တော် (ပြည်ထောင်စုနယ်မြေ)","ပုဗ္ဗသီရိ မြို့နယ်","ရတနာဒီပ ရပ်ကွက်",1507007
"နေပြည်တော် (ပြည်ထောင်စုနယ်မြေ)","ပုဗ္ဗသီရိ မြို့နယ်","ဇေယျာဒီပ ရပ်ကွက်",1507008
"နေပြည်တော် (ပြည်ထောင်စုနယ်မြေ)","ပုဗ္ဗသီရိ မြို့နယ်","ဆင်ဖြူရှင် ရပ်ကွက်",1507009
"နေပြည်တော် (ပြည်ထောင်စုနယ်မြေ)","ပုဗ္ဗသီရိ မြို့နယ်","နဝဒေး ရပ်ကွက်",1507010
"နေပြည်တော် (ပြည်ထောင်စုနယ်မြေ)","ပုဗ္ဗသီရိ မြို့နယ်","တပင်ရွှေထီး ရပ်ကွက်",1507011
"နေပြည်တော် (ပြည်ထောင်စုနယ်မြေ)","ပုဗ္ဗသီရိ မြို့နယ်","ကျည်တောင်ကန်အမှတ် (၁)  (မြို့သစ်) ရပ်ကွက်",1507012
"နေပြည်တော် (ပြည်ထောင်စုနယ်မြေ)","ပုဗ္ဗသီရိ မြို့နယ်","ကျည်တောင်ကန်အမှတ် (၂)  (မြို့မ) ရပ်ကွက်",1507013
"နေပြည်တော် (ပြည်ထောင်စုနယ်မြေ)","ပုဗ္ဗသီရိ မြို့နယ်","ကျည်တောင်ကန်အမှတ် (၃)  (မြို့ဟောင်း) ရပ်ကွက်",1507014
"နေပြည်တော် (ပြည်ထောင်စုနယ်မြေ)","ပုဗ္ဗသီရိ မြို့နယ်","ကျည်တောင်ကန်အမှတ် (၄)  (ကမ်းနား) ရပ်ကွက်",1507015
"နေပြည်တော် (ပြည်ထောင်စုနယ်မြေ)","ပုဗ္ဗသီရိ မြို့နယ်","ကျည်တောင်ကန်အမှတ် (၅)  (ဆုံကုန်း) ရပ်ကွက်",1507016
"နေပြည်တော် (ပြည်ထောင်စုနယ်မြေ)","ပုဗ္ဗသီရိ မြို့နယ်","ကျည်တောင်ကန်အမှတ် (၆) (သဲကျွန်း) ရပ်ကွက်",1507017
"နေပြည်တော် (ပြည်ထောင်စုနယ်မြေ)","ပုဗ္ဗသီရိ မြို့နယ်","အေးမြင့်သာယာ ကျေးရွာအုပ်စု",1507200
"နေပြည်တော် (ပြည်ထောင်စုနယ်မြေ)","ပုဗ္ဗသီရိ မြို့နယ်","ကျည်တောင်ကန် ကျေးရွာအုပ်စု",1507201
"နေပြည်တော် (ပြည်ထောင်စုနယ်မြေ)","ပုဗ္ဗသီရိ မြို့နယ်","ရွာတော် ကျေးရွာအုပ်စု",1507202
"နေပြည်တော် (ပြည်ထောင်စုနယ်မြေ)","ပုဗ္ဗသီရိ မြို့နယ်","သစ်ယာကုန်း ကျေးရွာအုပ်စု",1507203
"နေပြည်တော် (ပြည်ထောင်စုနယ်မြေ)","ပုဗ္ဗသီရိ မြို့နယ်","သပြေကုန်း ကျေးရွာအုပ်စု",1507204
"နေပြည်တော် (ပြည်ထောင်စုနယ်မြေ)","ပုဗ္ဗသီရိ မြို့နယ်","သပြေတန်း ကျေးရွာအုပ်စု",1507205
"နေပြည်တော် (ပြည်ထောင်စုနယ်မြေ)","ပုဗ္ဗသီရိ မြို့နယ်","ညောင်ပင်ကြီးစု ကျေးရွာအုပ်စု",1507206
"နေပြည်တော် (ပြည်ထောင်စုနယ်မြေ)","ပုဗ္ဗသီရိ မြို့နယ်","ပုဇွန်ဆိပ် ကျေးရွာအုပ်စု",1507207
"နေပြည်တော် (ပြည်ထောင်စုနယ်မြေ)","ပုဗ္ဗသီရိ မြို့နယ်","ဖြုတ်ခွဲ ကျေးရွာအုပ်စု",1507208
"နေပြည်တော် (ပြည်ထောင်စုနယ်မြေ)","ပုဗ္ဗသီရိ မြို့နယ်","ဝဲကြီး ကျေးရွာအုပ်စု",1507209
"နေပြည်တော် (ပြည်ထောင်စုနယ်မြေ)","ပုဗ္ဗသီရိ မြို့နယ်","ညောင်လူး ကျေးရွာအုပ်စု",1507210
"နေပြည်တော် (ပြည်ထောင်စုနယ်မြေ)","ပုဗ္ဗသီရိ မြို့နယ်","လယ်ယာ ကျေးရွာအုပ်စု",1507211
"နေပြည်တော် (ပြည်ထောင်စုနယ်မြေ)","ပုဗ္ဗသီရိ မြို့နယ်","ဥယျာဉ် ကျေးရွာအုပ်စု",1507212
"နေပြည်တော် (ပြည်ထောင်စုနယ်မြေ)","ပုဗ္ဗသီရိ မြို့နယ်","ဇီးကုန်း ကျေးရွာအုပ်စု",1507213
"နေပြည်တော် (ပြည်ထောင်စုနယ်မြေ)","ပုဗ္ဗသီရိ မြို့နယ်","ဘဲကုန်း ကျေးရွာအုပ်စု",1507214
"နေပြည်တော် (ပြည်ထောင်စုနယ်မြေ)","ပုဗ္ဗသီရိ မြို့နယ်","ဆိတ်နံကုန်း ကျေးရွာအုပ်စု",1507215
"နေပြည်တော် (ပြည်ထောင်စုနယ်မြေ)","ပုဗ္ဗသီရိ မြို့နယ်","မီးလောင်ကုန်း ကျေးရွာအုပ်စု",1507216
"နေပြည်တော် (ပြည်ထောင်စုနယ်မြေ)","ပုဗ္ဗသီရိ မြို့နယ်","သပြေစမ်း ကျေးရွာအုပ်စု",1507217
"နေပြည်တော် (ပြည်ထောင်စုနယ်မြေ)","ဥတ္တရသီရိ မြို့နယ်","ရွှေနံသာ ရပ်ကွက်",1508001
"နေပြည်တော် (ပြည်ထောင်စုနယ်မြေ)","ဥတ္တရသီရိ မြို့နယ်","ဥတ္တရသီရိ ရပ်ကွက်",1508002
"နေပြည်တော် (ပြည်ထောင်စုနယ်မြေ)","ဥတ္တရသီရိ မြို့နယ်","ဇလောင်း ကျေးရွာအုပ်စု",1508200
"နေပြည်တော် (ပြည်ထောင်စုနယ်မြေ)","ဥတ္တရသီရိ မြို့နယ်","တောင်ညို ကျေးရွာအုပ်စု",1508201
"နေပြည်တော် (ပြည်ထောင်စုနယ်မြေ)","ဥတ္တရသီရိ မြို့နယ်","မိုးစွေ ကျေးရွာအုပ်စု",1508202
"နေပြည်တော် (ပြည်ထောင်စုနယ်မြေ)","ဥတ္တရသီရိ မြို့နယ်","မောင်းရမ်း ကျေးရွာအုပ်စု",1508203
"နေပြည်တော် (ပြည်ထောင်စုနယ်မြေ)","ဥတ္တရသီရိ မြို့နယ်","မင်းကုန်း ကျေးရွာအုပ်စု",1508204
"နေပြည်တော် (ပြည်ထောင်စုနယ်မြေ)","ဥတ္တရသီရိ မြို့နယ်","တက်ရှိန်း ကျေးရွာအုပ်စု",1508205
"နေပြည်တော် (ပြည်ထောင်စုနယ်မြေ)","ဥတ္တရသီရိ မြို့နယ်","သရက်တော ကျေးရွာအုပ်စု",1508206
"နေပြည်တော် (ပြည်ထောင်စုနယ်မြေ)","ဥတ္တရသီရိ မြို့နယ်","ဘုရားတောင် ကျေးရွာအုပ်စု",1508207
