﻿Region,"Town / Township","Ward / Village Tract","Postal Code"
"Shan State (South)","Taunggyi Township","Nang Hawng Village Tract",0601200
"Shan State (South)","Taunggyi Township","Loi Kaw Village Tract",0601201
"Shan State (South)","Taunggyi Township","Min Ga Lar Village Tract",0601202
"Shan State (South)","Taunggyi Township","Nam Hu Village Tract",0601203
"Shan State (South)","Taunggyi Township","Hpet Kun Village Tract",0601204
"Shan State (South)","Taunggyi Township","Nawng Lay Village Tract",0601205
"Shan State (South)","Taunggyi Township","Hpar Mun Village Tract",0601206
"Shan State (South)","Taunggyi Township","Hti Hpawng Village Tract",0601207
"Shan State (South)","Taunggyi Township","Nam Hsee Village Tract",0601208
"Shan State (South)","Taunggyi Township","Pan Tin Village Tract",0601209
"Shan State (South)","Taunggyi Township","Mong Thaw (East) Village Tract",0601210
"Shan State (South)","Taunggyi Township","Mong Thaw (West) Village Tract",0601211
"Shan State (South)","Taunggyi Township","Bant Kway Village Tract",0601212
"Shan State (South)","Taunggyi Township","Taung Lay Lone Village Tract",0601213
"Shan State (South)","Taunggyi Township","Than Te Village Tract",0601214
"Shan State (South)","Taunggyi Township","Kun Long Village Tract",0601215
"Shan State (South)","Taunggyi Township","Kyauk Ni Village Tract",0601216
"Shan State (South)","Taunggyi Township","Nawng Kar Village Tract",0601217
"Shan State (South)","Taunggyi Township","Ah Thone Taw Village Tract",0601218
"Shan State (South)","Taunggyi Township","Nar Hee Village Tract",0601219
"Shan State (South)","Taunggyi Township","Nawng Hke Village Tract",0601220
"Shan State (South)","Taunggyi Township","Kat Ku Village Tract",0601221
"Shan State (South)","Taunggyi Township","Pin Tun Village Tract",0601222
"Shan State (South)","Taunggyi Township","Nawng Pyit Village Tract",0601223
"Shan State (South)","Kalaw Township","La Mong Village Tract",0602200
"Shan State (South)","Kalaw Township","Nang Naing Village Tract",0602201
"Shan State (South)","Kalaw Township","Loi An Village Tract",0602202
"Shan State (South)","Kalaw Township","Myin Ma Hti Village Tract",0602203
"Shan State (South)","Kalaw Township","Taung Lar Village Tract",0602204
"Shan State (South)","Kalaw Township","Taung Kwe Village Tract",0602205
"Shan State (South)","Kalaw Township","Wet Hpyu Yae Village Tract",0602206
"Shan State (South)","Kalaw Township","Shwe Min Hpone Village Tract",0602207
"Shan State (South)","Kalaw Township","Nang Taing Village Tract",0602208
"Shan State (South)","Kalaw Township","Kan Bar Ni Village Tract",0602209
"Shan State (South)","Kalaw Township","Yae Cho Village Tract",0602210
"Shan State (South)","Kalaw Township","Nawng Ye Village Tract",0602211
"Shan State (South)","Kalaw Township","Thu Ye Village Tract",0602212
"Shan State (South)","Kalaw Township","Pin Hmi Village Tract",0602213
"Shan State (South)","Kalaw Township","Lel Kyar Village Tract",0602214
"Shan State (South)","Kalaw Township","Thar Mong Hkam Village Tract",0602215
"Shan State (South)","Kalaw Township","Loi Maw Village Tract",0602216
"Shan State (South)","Kalaw Township","Ngoke Village Tract",0602217
"Shan State (South)","Kalaw Township","Ngone Thon Village Tract",0602218
"Shan State (South)","Kalaw Township","War Yon Pin Village Tract",0602219
"Shan State (South)","Kalaw Township","Thi Hkawng Village Tract",0602220
"Shan State (South)","Kalaw Township","Kyauk Htat Village Tract",0602221
"Shan State (South)","Kalaw Township","Baw Hseng Village Tract",0602222
"Shan State (South)","Kalaw Township","Baw Nin Village Tract",0602223
"Shan State (South)","Kalaw Township","Pe Yin Taung Village Tract",0602224
"Shan State (South)","Kalaw Township","Sa Kar Inn Village Tract",0602225
"Shan State (South)","Pindaya Township","Htwet Ni Village Tract",0603200
"Shan State (South)","Pindaya Township","Thit Ae Pin Village Tract",0603201
"Shan State (South)","Pindaya Township","Taung Paw Gyi Village Tract",0603202
"Shan State (South)","Pindaya Township","Yae Hpyu Village Tract",0603203
"Shan State (South)","Pindaya Township","Kyauk Su Village Tract",0603204
"Shan State (South)","Pindaya Township","Htei Thun Village Tract",0603205
"Shan State (South)","Pindaya Township","Me Nei Taung Village Tract",0603206
"Shan State (South)","Pindaya Township","Shwe Pu Htoe Village Tract",0603207
"Shan State (South)","Pindaya Township","Pan Sit Village Tract",0603208
"Shan State (South)","Pindaya Township","Thein Kone Village Tract",0603209
"Shan State (South)","Pindaya Township","Pin Pyaw Village Tract",0603210
"Shan State (South)","Pindaya Township","Taung Shey Village Tract",0603211
"Shan State (South)","Pindaya Township","Nyaung Kauk Village Tract",0603212
"Shan State (South)","Pindaya Township","Nyaung Wun Village Tract",0603213
"Shan State (South)","Pindaya Township","Mong Li Village Tract",0603214
"Shan State (South)","Pindaya Township","Pway Hla Village Tract",0603215
"Shan State (South)","Pindaya Township","Inn Nge Village Tract",0603216
"Shan State (South)","Pindaya Township","Tha Yet Kone Village Tract",0603217
"Shan State (South)","Pindaya Township","Ku Kaw Village Tract",0603218
"Shan State (South)","Pindaya Township","Ta Me Village Tract",0603219
"Shan State (South)","Pindaya Township","Shar Pyar Village Tract",0603220
"Shan State (South)","Pindaya Township","Myin Mu Village Tract",0603221
"Shan State (South)","Pindaya Township","Kyar Kone Village Tract",0603222
"Shan State (South)","Pindaya Township","Nan Kone Village Tract",0603223
"Shan State (South)","Pindaya Township","Myay Char (North) Village Tract",0603224
"Shan State (South)","Pindaya Township","Kyone Village Tract",0603225
"Shan State (South)","Pindaya Township","Myay Char Chaint Village Tract",0603226
"Shan State (South)","Ywangan Township","Nwar Ban Gyi Village Tract",0604200
"Shan State (South)","Ywangan Township","Kyauk Myaung Village Tract",0604201
"Shan State (South)","Ywangan Township","Kyauk Ku Pyin Village Tract",0604202
"Shan State (South)","Ywangan Township","Doke Toe Yae Village Tract",0604203
"Shan State (South)","Ywangan Township","Lin Way Village Tract",0604204
"Shan State (South)","Ywangan Township","Ta Pin Pyaw Village Tract",0604205
"Shan State (South)","Ywangan Township","Myo Gyi Village Tract",0604206
"Shan State (South)","Ywangan Township","Inn Kone Ngar Su Village Tract",0604207
"Shan State (South)","Ywangan Township","Kyun Gyi Village Tract",0604208
"Shan State (South)","Ywangan Township","Se Village Tract",0604209
"Shan State (South)","Ywangan Township","Htee Hlaing Village Tract",0604210
"Shan State (South)","Ywangan Township","Thein Kone Village Tract",0604211
"Shan State (South)","Ywangan Township","Kyan Taw Village Tract",0604212
"Shan State (South)","Ywangan Township","Kyauk Hnget Village Tract",0604213
"Shan State (South)","Ywangan Township","Kyauk Pon Village Tract",0604214
"Shan State (South)","Ywangan Township","Kyauk Pi Zat Village Tract",0604215
"Shan State (South)","Ywangan Township","Nyaung Aing Village Tract",0604216
"Shan State (South)","Ywangan Township","Lel Kaing Village Tract",0604217
"Shan State (South)","Ywangan Township","Sat Chan Village Tract",0604218
"Shan State (South)","Ywangan Township","Ya Ne Village Tract",0604219
"Shan State (South)","Ywangan Township","Nyaung Kyat Village Tract",0604220
"Shan State (South)","Ywangan Township","Myaing Village Tract",0604221
"Shan State (South)","Ywangan Township","Ah Lel Chaung Village Tract",0604222
"Shan State (South)","Ywangan Township","Sin Ghaung Village Tract",0604223
"Shan State (South)","Ywangan Township","Myin Kya Doe Village Tract",0604224
"Shan State (South)","Ywangan Township","Myin Twin Village Tract",0604225
"Shan State (South)","Ywangan Township","Hpa Yar Gyi Kone Village Tract",0604226
"Shan State (South)","Ywangan Township","Ya Gyi Village Tract",0604227
"Shan State (South)","Ywangan Township","Nan Hkon Village Tract",0604228
"Shan State (South)","Pinlaung Township","Pinlaung Gyi Village Tract",0605200
"Shan State (South)","Pinlaung Township","Bant Bar Village Tract",0605201
"Shan State (South)","Pinlaung Township","Min Bu Village Tract",0605202
"Shan State (South)","Pinlaung Township","Taung Hti Bwar Village Tract",0605203
"Shan State (South)","Pinlaung Township","Taung Hti Bwar Village Tract",0605204
"Shan State (South)","Pinlaung Township","Tha Pyay Kone Village Tract",0605205
"Shan State (South)","Pinlaung Township","Hsin Tawng Village Tract",0605206
"Shan State (South)","Pinlaung Township","Long Pyin Village Tract",0605207
"Shan State (South)","Pinlaung Township","Htein Pin Village Tract",0605208
"Shan State (South)","Pinlaung Township","Pin Mun Village Tract",0605209
"Shan State (South)","Pinlaung Township","Leint Nyar Village Tract",0605210
"Shan State (South)","Pinlaung Township","Myauk Hti Bwar Village Tract",0605211
"Shan State (South)","Pinlaung Township","Nang Toke Village Tract",0605212
"Shan State (South)","Pinlaung Township","Ti Kyit Village Tract",0605213
"Shan State (South)","Pinlaung Township","Nan Pu Lin Village Tract",0605214
"Shan State (South)","Pinlaung Township","Pawt In Village Tract",0605215
"Shan State (South)","Pinlaung Township","Myin Twin Village Tract",0605216
"Shan State (South)","Pinlaung Township","Loi Maw Village Tract",0605217
"Shan State (South)","Pinlaung Township","Nawng Pi Village Tract",0605218
"Shan State (South)","Pinlaung Township","Pawt Yar Village Tract",0605219
"Shan State (South)","Pinlaung Township","Long Poe Village Tract",0605220
"Shan State (South)","Pinlaung Township","Bant Pyin Village Tract",0605221
"Shan State (South)","Pinlaung Township","Hpa Yar Hpyu Village Tract",0605222
"Shan State (South)","Pinlaung Township","Hmway Pyin Village Tract",0605223
"Shan State (South)","Pinlaung Township","Pin Hkin Village Tract",0605224
"Shan State (South)","Pekon Township","Moe Bye Village Tract",0606200
"Shan State (South)","Pekon Township","Hkawng Ei Village Tract",0606201
"Shan State (South)","Pekon Township","Kone Hson Village Tract",0606202
"Shan State (South)","Pekon Township","Loi Paw Village Tract",0606203
"Shan State (South)","Pekon Township","Nar Hee Village Tract",0606204
"Shan State (South)","Pekon Township","Ku Yin Village Tract",0606205
"Shan State (South)","Pekon Township","Yi Nwe Village Tract",0606206
"Shan State (South)","Pekon Township","Yi Long Yi Kan Village Tract",0606207
"Shan State (South)","Pekon Township","Thi Kyeik Village Tract",0606208
"Shan State (South)","Pekon Township","Ah Lel Pa Daung Village Tract",0606209
"Shan State (South)","Pekon Township","Kayaw Village Tract",0606210
"Shan State (South)","Pekon Township","Pekon(Naung Hlaing) Village Tract",0606211
"Shan State (South)","Lawksawk Township","Loi Koe Village Tract",0607200
"Shan State (South)","Lawksawk Township","Hway Village Tract",0607201
"Shan State (South)","Lawksawk Township","Yan Twin Ngar Kyaung Village Tract",0607202
"Shan State (South)","Lawksawk Township","Myin Taung Village Tract",0607203
"Shan State (South)","Lawksawk Township","Ma Gyi Kone Village Tract",0607204
"Shan State (South)","Lawksawk Township","Kaung Boet Village Tract",0607205
"Shan State (South)","Lawksawk Township","Ah Lel Chaung Village Tract",0607206
"Shan State (South)","Lawksawk Township","Hpawng Taw Village Tract",0607207
"Shan State (South)","Lawksawk Township","Kyauk Taw Village Tract",0607208
"Shan State (South)","Lawksawk Township","Nan Lwe Village Tract",0607209
"Shan State (South)","Lawksawk Township","Par Me Village Tract",0607210
"Shan State (South)","Lawksawk Township","Mar Thea Village Tract",0607211
"Shan State (South)","Lawksawk Township","Keng Hkam Village Tract",0607212
"Shan State (South)","Lawksawk Township","Ohn Kwe Village Tract",0607213
"Shan State (South)","Lawksawk Township","Nang Kaung Hmu Village Tract",0607214
"Shan State (South)","Lawksawk Township","Kyauk Gu Village Tract",0607215
"Shan State (South)","Lawksawk Township","Nawng Woe Village Tract",0607216
"Shan State (South)","Lawksawk Township","Nawng Long Village Tract",0607217
"Shan State (South)","Nyaungshwe Township","Nan Thea Village Tract",0608200
"Shan State (South)","Nyaungshwe Township","Kyun Gyi Village Tract",0608201
"Shan State (South)","Nyaungshwe Township","Lin Kin Village Tract",0608202
"Shan State (South)","Nyaungshwe Township","Khaung Taing Village Tract",0608203
"Shan State (South)","Nyaungshwe Township","Let Maung Kway Village Tract",0608204
"Shan State (South)","Nyaungshwe Township","Taung Poet Gyi Village Tract",0608205
"Shan State (South)","Nyaungshwe Township","Taung Chay Myin Sa Hkun Village Tract",0608206
"Shan State (South)","Nyaungshwe Township","Mong Thauk Village Tract",0608207
"Shan State (South)","Nyaungshwe Township","Ywar Thar Village Tract",0608208
"Shan State (South)","Nyaungshwe Township","Ti Law Sa Khan Gyi Village Tract",0608209
"Shan State (South)","Nyaungshwe Township","Min Chaung Village Tract",0608210
"Shan State (South)","Nyaungshwe Township","Pont Mu Village Tract",0608211
"Shan State (South)","Nyaungshwe Township","Tone Lel Village Tract",0608212
"Shan State (South)","Nyaungshwe Township","Tha Pyay Pin Village Tract",0608213
"Shan State (South)","Nyaungshwe Township","Nga Hpei Chaung Village Tract",0608214
"Shan State (South)","Nyaungshwe Township","He Yar Ywar Ma Village Tract",0608215
"Shan State (South)","Nyaungshwe Township","Thar Lay Village Tract",0608216
"Shan State (South)","Nyaungshwe Township","Mong Pyoe Village Tract",0608217
"Shan State (South)","Nyaungshwe Township","Nawng Taw Village Tract",0608218
"Shan State (South)","Nyaungshwe Township","Inn Hlar Keng Hkam Village Tract",0608219
"Shan State (South)","Nyaungshwe Township","Taung To Village Tract",0608220
"Shan State (South)","Nyaungshwe Township","Kyauk Taing Village Tract",0608221
"Shan State (South)","Nyaungshwe Township","Kyay Paw Hkon Village Tract",0608222
"Shan State (South)","Nyaungshwe Township","Inn Tein Village Tract",0608223
"Shan State (South)","Nyaungshwe Township","Inn Chan Kay Lar Village Tract",0608224
"Shan State (South)","Nyaungshwe Township","Inn Paw Hkon Village Tract",0608225
"Shan State (South)","Nyaungshwe Township","Tha Le U Village Tract",0608226
"Shan State (South)","Nyaungshwe Township","San Kar Village Tract",0608227
"Shan State (South)","Nyaungshwe Township","Long Kan Village Tract",0608228
"Shan State (South)","Nyaungshwe Township","Yae Pu Village Tract",0608229
"Shan State (South)","Nyaungshwe Township","Lin Lan (South) Village Tract",0608230
"Shan State (South)","Nyaungshwe Township","Inn Tan Village Tract",0608231
"Shan State (South)","Nyaungshwe Township","Bang Pyin Village Tract",0608232
"Shan State (South)","Nyaungshwe Township","Lin Lan (North) Village Tract",0608233
"Shan State (South)","Hopong Township","Nam Hkoke Village Tract",0609200
"Shan State (South)","Hopong Township","Kone Keng Village Tract",0609201
"Shan State (South)","Hopong Township","Long Hay Village Tract",0609202
"Shan State (South)","Hopong Township","Pawng Lin Village Tract",0609203
"Shan State (South)","Hopong Township","Sam Hpu (Me Nei Taung) Village Tract",0609204
"Shan State (South)","Hopong Township","Sa Ngaw Village Tract",0609205
"Shan State (South)","Hopong Township","Kyauk Tan Village Tract",0609206
"Shan State (South)","Hopong Township","Baw Kone Village Tract",0609207
"Shan State (South)","Hopong Township","Ti Long Village Tract",0609208
"Shan State (South)","Hopong Township","Loi Aun Village Tract",0609209
"Shan State (South)","Hopong Township","Le Thet Village Tract",0609210
"Shan State (South)","Hopong Township","Long Hkoke Village Tract",0609211
"Shan State (South)","Hopong Township","Hpet Yang Village Tract",0609212
"Shan State (South)","Hopong Township","Nawng Day Village Tract",0609213
"Shan State (South)","Hopong Township","Mauk Mun Village Tract",0609214
"Shan State (South)","Hopong Township","Mong Ping Village Tract",0609215
"Shan State (South)","Hopong Township","Nam Par Chee Village Tract",0609216
"Shan State (South)","Hopong Township","Nar Pong Village Tract",0609217
"Shan State (South)","Hopong Township","Hsa Nin Village Tract",0609218
"Shan State (South)","Hopong Township","Nar Tit Village Tract",0609219
"Shan State (South)","Hopong Township","Mong Lin Village Tract",0609220
"Shan State (South)","Hopong Township","Nawng Lai Mu Hpeik Village Tract",0609221
"Shan State (South)","Hsihseng Township","Hsihseng Village Tract",0610200
"Shan State (South)","Hsihseng Township","Ta Bet Village Tract",0610201
"Shan State (South)","Hsihseng Township","Taung (East) Village Tract",0610202
"Shan State (South)","Hsihseng Township","Pin Son Village Tract",0610203
"Shan State (South)","Hsihseng Township","Kone Hsut Village Tract",0610204
"Shan State (South)","Hsihseng Township","Bant Bwee Village Tract",0610205
"Shan State (South)","Hsihseng Township","Loi Yun Nar Than Village Tract",0610206
"Shan State (South)","Hsihseng Township","Par Law Par Kei Village Tract",0610207
"Shan State (South)","Hsihseng Township","Nar Hkaik Village Tract",0610208
"Shan State (South)","Hsihseng Township","Pong Inn Village Tract",0610209
"Shan State (South)","Hsihseng Township","Nawng Mun Village Tract",0610210
"Shan State (South)","Hsihseng Township","Loi Put Village Tract",0610211
"Shan State (South)","Hsihseng Township","Bang Yin Village Tract",0610212
"Shan State (South)","Loilen Township","Loilen (East) Village Tract",0611200
"Shan State (South)","Loilen Township","Pang Woe Village Tract",0611201
"Shan State (South)","Loilen Township","Taung Nauk Village Tract",0611202
"Shan State (South)","Loilen Township","Mong Pun Village Tract",0611203
"Shan State (South)","Loilen Township","Sin Chay Hpone Village Tract",0611204
"Shan State (South)","Loilen Township","Kone Yaw Village Tract",0611205
"Shan State (South)","Loilen Township","Hkauk Nwet Village Tract",0611206
"Shan State (South)","Loilen Township","Hway Tauk Village Tract",0611207
"Shan State (South)","Loilen Township","Nar Yang Village Tract",0611208
"Shan State (South)","Loilen Township","Nawng Lai Mu Hpeik Village Tract",0611209
"Shan State (South)","Loilen Township","Nam Hta Mo Village Tract",0611210
"Shan State (South)","Loilen Township","Pang Mont Village Tract",0611211
"Shan State (South)","Loilen Township","Nar Tit Village Tract",0611212
"Shan State (South)","Loilen Township","He Nang Village Tract",0611213
"Shan State (South)","Loilen Township","Hsa Nin Village Tract",0611214
"Shan State (South)","Loilen Township","Tant Ae Village Tract",0611215
"Shan State (South)","Loilen Township","Pinlon (East) Village Tract",0611216
"Shan State (South)","Loilen Township","Nawng Lai Village Tract",0611217
"Shan State (South)","Loilen Township","Hsa Hawng Village Tract",0611218
"Shan State (South)","Laihka Township","Myo Ma Village Tract",0612200
"Shan State (South)","Laihka Township","Nawng Kawt Village Tract",0612201
"Shan State (South)","Laihka Township","He Hseng Village Tract",0612202
"Shan State (South)","Laihka Township","Pang Sang Village Tract",0612203
"Shan State (South)","Laihka Township","Wan Hai Village Tract",0612204
"Shan State (South)","Laihka Township","Pong Nay Village Tract",0612205
"Shan State (South)","Laihka Township","Wan Seit Village Tract",0612206
"Shan State (South)","Laihka Township","Pong Taik Village Tract",0612207
"Shan State (South)","Laihka Township","Nar Man Village Tract",0612208
"Shan State (South)","Laihka Township","Wan Hti Village Tract",0612209
"Shan State (South)","Laihka Township","Wan Sang Village Tract",0612210
"Shan State (South)","Laihka Township","Wan Lay Village Tract",0612211
"Shan State (South)","Laihka Township","Tat Mauk Village Tract",0612212
"Shan State (South)","Laihka Township","Wan Pang Village Tract",0612213
"Shan State (South)","Laihka Township","Nam Toke Village Tract",0612214
"Shan State (South)","Laihka Township","Wan Hpai Village Tract",0612215
"Shan State (South)","Laihka Township","Hpar Lan Village Tract",0612216
"Shan State (South)","Laihka Township","Wan Ying Village Tract",0612217
"Shan State (South)","Laihka Township","Pang Tan Village Tract",0612218
"Shan State (South)","Mongkaing Township","Myo Ma Sin Chay Hpone (North) Village Tract",0613200
"Shan State (South)","Mongkaing Township","Myo Ma Sin Chay Hpone (East) Village Tract",0613201
"Shan State (South)","Mongkaing Township","Wan Hway Aum Village Tract",0613202
"Shan State (South)","Mongkaing Township","Nam Hu Village Tract",0613203
"Shan State (South)","Mongkaing Township","Wan Long Village Tract",0613204
"Shan State (South)","Mongkaing Township","Wan Hway Long Village Tract",0613205
"Shan State (South)","Mongkaing Township","Hkay Ong Awayt Village Tract",0613206
"Shan State (South)","Mongkaing Township","Hsan Ha Village Tract",0613207
"Shan State (South)","Mongkaing Township","Yang Nang Village Tract",0613208
"Shan State (South)","Mongkaing Township","Mong Hkun Village Tract",0613209
"Shan State (South)","Mongkaing Township","Kone Long Village Tract",0613210
"Shan State (South)","Mongkaing Township","Loke Tawng Village Tract",0613211
"Shan State (South)","Mongkaing Township","Wan Hpwee Village Tract",0613212
"Shan State (South)","Mongkaing Township","Ho Nar Village Tract",0613213
"Shan State (South)","Mongkaing Township","Mong Yun Village Tract",0613214
"Shan State (South)","Mongkaing Township","Son Law Village Tract",0613215
"Shan State (South)","Mongkaing Township","Par Hkawng Village Tract",0613216
"Shan State (South)","Mongkaing Township","Nawng Sam Hpu Village Tract",0613217
"Shan State (South)","Mongkaing Township","Loi Kon Village Tract",0613218
"Shan State (South)","Mongkaing Township","Ton Law Village Tract",0613219
"Shan State (South)","Mongkaing Township","Pang Kay Tu Village Tract",0613220
"Shan State (South)","Mongkaing Township","Ho Hke Village Tract",0613221
"Shan State (South)","Mongkaing Township","Ham Ngaing Village Tract",0613222
"Shan State (South)","Mongkaing Township","Nar Hwei Village Tract",0613223
"Shan State (South)","Monghsu Township","Myoma Pang Swea Village Tract",0614200
"Shan State (South)","Monghsu Township","Nar Sang Village Tract",0614201
"Shan State (South)","Monghsu Township","Maw Mayt Village Tract",0614202
"Shan State (South)","Monghsu Township","Loi Naing Village Tract",0614203
"Shan State (South)","Monghsu Township","Nam Tawng Village Tract",0614204
"Shan State (South)","Monghsu Township","Mong Sam Village Tract",0614205
"Shan State (South)","Monghsu Township","Ho Hseng Village Tract",0614206
"Shan State (South)","Monghsu Township","Hopong Village Tract",0614207
"Shan State (South)","Monghsu Township","Hway Hay Village Tract",0614208
"Shan State (South)","Monghsu Township","Haik Par Village Tract",0614209
"Shan State (South)","Monghsu Township","Wan Hsawt Village Tract",0614210
"Shan State (South)","Monghsu Township","Hpar Ya Village Tract",0614211
"Shan State (South)","Monghsu Township","Wan Loi Village Tract",0614212
"Shan State (South)","Monghsu Township","Mong Awt Village Tract",0614213
"Shan State (South)","Monghsu Township","Nar Waun Village Tract",0614214
"Shan State (South)","Monghsu Township","Nawng Et Village Tract",0614215
"Shan State (South)","Monghsu Township","Kun Kyawng Village Tract",0614216
"Shan State (South)","Kyethi Township","Pang Sei Village Tract",0615200
"Shan State (South)","Kyethi Township","Hpet Nam Village Tract",0615201
"Shan State (South)","Kyethi Township","Pang Lawt Village Tract",0615202
"Shan State (South)","Kyethi Township","Wan Hpwee Village Tract",0615203
"Shan State (South)","Kyethi Township","Wan Hkont Village Tract",0615204
"Shan State (South)","Kyethi Township","Hseng Lin Village Tract",0615205
"Shan State (South)","Kyethi Township","Har Wan Village Tract",0615206
"Shan State (South)","Kyethi Township","Mong Nin Village Tract",0615207
"Shan State (South)","Kyethi Township","Wan Wa Village Tract",0615208
"Shan State (South)","Kyethi Township","Keng Len Village Tract",0615209
"Shan State (South)","Kyethi Township","Wan Chin Village Tract",0615210
"Shan State (South)","Kyethi Township","Wan Wut Village Tract",0615211
"Shan State (South)","Kyethi Township","Wan Sat Village Tract",0615212
"Shan State (South)","Kyethi Township","Hkauk Sant Village Tract",0615213
"Shan State (South)","Kyethi Township","Wan Hai Village Tract",0615214
"Shan State (South)","Kyethi Township","Nawng Sum Village Tract",0615215
"Shan State (South)","Kyethi Township","Mong Kawng Village Tract",0615216
"Shan State (South)","Kyethi Township","Nar Kan Village Tract",0615217
"Shan State (South)","Kyethi Township","Nawng Ae Village Tract",0615218
"Shan State (South)","Kyethi Township","Wein Kawng Village Tract",0615219
"Shan State (South)","Kyethi Township","Tu Yar Village Tract",0615220
"Shan State (South)","Kyethi Township","Mong Nang Village Tract",0615221
"Shan State (South)","Kyethi Township","Hopong Village Tract",0615222
"Shan State (South)","Kyethi Township","Mong Ye Village Tract",0615223
"Shan State (South)","Kyethi Township","Wan Ton Village Tract",0615224
"Shan State (South)","Kyethi Township","Long Yang Village Tract",0615225
"Shan State (South)","Kyethi Township","Wan Sein Village Tract",0615226
"Shan State (South)","Kyethi Township","Mong Yang Village Tract",0615227
"Shan State (South)","Kyethi Township","Mong Lin Village Tract",0615228
"Shan State (South)","Kyethi Township","Nawng Taw Village Tract",0615229
"Shan State (South)","Kyethi Township","Mong Hsaung Village Tract",0615230
"Shan State (South)","Kyethi Township","Nar Loi Village Tract",0615231
"Shan State (South)","Nansang Township","Nansang Village Tract",0616200
"Shan State (South)","Nansang Township","Wan Nawng Village Tract",0616201
"Shan State (South)","Nansang Township","Loi La Village Tract",0616202
"Shan State (South)","Nansang Township","Met Mon Mun Village Tract",0616203
"Shan State (South)","Nansang Township","Ah Hmat (5) Village Tract",0616204
"Shan State (South)","Nansang Township","Wan Ping Village Tract",0616205
"Shan State (South)","Nansang Township","Hai Hpat Village Tract",0616206
"Shan State (South)","Nansang Township","Ho Nawng Village Tract",0616207
"Shan State (South)","Nansang Township","Hai Laik Village Tract",0616208
"Shan State (South)","Nansang Township","Ton Huong Village Tract",0616209
"Shan State (South)","Nansang Township","Nar Pwe Village Tract",0616210
"Shan State (South)","Nansang Township","Hko Aut Village Tract",0616211
"Shan State (South)","Nansang Township","Loi Ye Village Tract",0616212
"Shan State (South)","Nansang Township","Nawng Hee Village Tract",0616213
"Shan State (South)","Nansang Township","Mong Seik Village Tract",0616214
"Shan State (South)","Nansang Township","Nam Lit Village Tract",0616215
"Shan State (South)","Nansang Township","Hai Nar Gyi Village Tract",0616216
"Shan State (South)","Nansang Township","Bant Hin Village Tract",0616217
"Shan State (South)","Nansang Township","Ping Hse Village Tract",0616218
"Shan State (South)","Nansang Township","Ho Yang Village Tract",0616219
"Shan State (South)","Mongnai Township","Nam Maw Sum Village Tract",0617200
"Shan State (South)","Mongnai Township","Nawng Myaing Village Tract",0617201
"Shan State (South)","Mongnai Township","Wan Hay Village Tract",0617202
"Shan State (South)","Mongnai Township","Nar Loi Village Tract",0617203
"Shan State (South)","Mongnai Township","Nawng Lai Village Tract",0617204
"Shan State (South)","Mongnai Township","Nar Hkan Village Tract",0617205
"Shan State (South)","Mongnai Township","Mai Hai Village Tract",0617206
"Shan State (South)","Mongnai Township","Kun Nar Village Tract",0617207
"Shan State (South)","Mongnai Township","Wan Nar Village Tract",0617208
"Shan State (South)","Mongnai Township","Kone Lun Village Tract",0617209
"Shan State (South)","Mongnai Township","Pang Sein (Kar Ha) Village Tract",0617210
"Shan State (South)","Mongnai Township","Kunlong Village Tract",0617211
"Shan State (South)","Mongnai Township","Nawng Hee Village Tract",0617212
"Shan State (South)","Mongnai Township","Nar Pawt Village Tract",0617213
"Shan State (South)","Mongnai Township","Ho Ha Village Tract",0617214
"Shan State (South)","Mawkmai Township","Nam Lut Village Tract",0618200
"Shan State (South)","Mawkmai Township","Ho Loi Village Tract",0618201
"Shan State (South)","Mawkmai Township","Mong Poke Village Tract",0618202
"Shan State (South)","Mawkmai Township","Sint Win Village Tract",0618203
"Shan State (South)","Mawkmai Township","Sint Hseng Village Tract",0618204
"Shan State (South)","Mawkmai Township","Ho Nam Village Tract",0618205
"Shan State (South)","Mawkmai Township","Pang Tan Village Tract",0618206
"Shan State (South)","Mawkmai Township","Ka Du Gyi Village Tract",0618207
"Shan State (South)","Langkho Township","Pong Htun Village Tract",0619200
"Shan State (South)","Langkho Township","Dar Seik Village Tract",0619201
"Shan State (South)","Langkho Township","Nawng Long Village Tract",0619202
"Shan State (South)","Langkho Township","Wan Sit Village Tract",0619203
"Shan State (South)","Langkho Township","Haik Kwayt Village Tract",0619204
"Shan State (South)","Langkho Township","Wan Sa Lawng Village Tract",0619205
"Shan State (South)","Langkho Township","Loi Long Village Tract",0619206
"Shan State (South)","Langkho Township","Wan Hat Village Tract",0619207
"Shan State (South)","Langkho Township","Nar Kan Village Tract",0619208
"Shan State (South)","Langkho Township","Ma Aun Lawng Village Tract",0619209
"Shan State (South)","Langkho Township","Wan Ting Village Tract",0619210
"Shan State (South)","Langkho Township","Nawng Aw Village Tract",0619211
"Shan State (South)","Langkho Township","Hkon Long Village Tract",0619212
"Shan State (South)","Langkho Township","Mae Aw Village Tract",0619213
"Shan State (South)","Mongpan Township","Mongpan (East) Village Tract",0620200
"Shan State (South)","Mongpan Township","Kone Keng Village Tract",0620201
"Shan State (South)","Mongpan Township","Nam Ting Village Tract",0620202
"Shan State (South)","Mongpan Township","Nawng Lum Village Tract",0620203
"Shan State (South)","Mongpan Township","Nawng Hee Village Tract",0620204
"Shan State (South)","Mongpan Township","Taung Kaing Village Tract",0620205
"Shan State (South)","Mongpan Township","Woe Laing Village Tract",0620206
"Shan State (South)","Mongpan Township","Nar Law Village Tract",0620207
"Shan State (South)","Mongpan Township","Hsar War Village Tract",0620208
"Shan State (South)","Mongpan Township","Nawng Yin Village Tract",0620209
"Shan State (South)","Mongpan Township","Nar Mun Village Tract",0620210
"Shan State (South)","Kunhing Township","Kunhing Myo Ma Village Tract",0621200
"Shan State (South)","Kunhing Township","Keng Lun Village Tract",0621201
"Shan State (South)","Kunhing Township","Ho Pang Village Tract",0621202
"Shan State (South)","Kunhing Township","Tar Kaw Village Tract",0621203
"Shan State (South)","Kunhing Township","Wan Pat Village Tract",0621204
"Shan State (South)","Kunhing Township","Laik Kam Village Tract",0621205
"Shan State (South)","Kunhing Township","Wan Hpai Village Tract",0621206
"Shan State (South)","Kunhing Township","Kyeng Hkam Village Tract",0621207
"Shan State (South)","Kunhing Township","Wan Law Village Tract",0621208
"Shan State (South)","Kunhing Township","Ngar Taing Village Tract",0621209
"Shan State (South)","Kunhing Township","Loi Keng Village Tract",0621210
"Shan State (South)","Kunhing Township","Nar Pwe Village Tract",0621211
"Shan State (South)","Kunhing Township","Kun Pu Village Tract",0621212
"Shan State (South)","Kunhing Township","Hseng Hkawng Village Tract",0621213
