﻿Region,"Town / Township","Ward / Village Tract","Postal Code"
"ရှမ်းပြည်နယ် (တောင်ပိုင်း)","တောင်ကြီး မြို့နယ်","ညောင်ဖြူစခန်း ရပ်ကွက်",0601001
"ရှမ်းပြည်နယ် (တောင်ပိုင်း)","တောင်ကြီး မြို့နယ်","မင်္ဂလာဦး ရပ်ကွက်",0601002
"ရှမ်းပြည်နယ် (တောင်ပိုင်း)","တောင်ကြီး မြို့နယ်","ပြည်တော်သာ ရပ်ကွက်",0601003
"ရှမ်းပြည်နယ် (တောင်ပိုင်း)","တောင်ကြီး မြို့နယ်","ရတနာသီရိ ရပ်ကွက်",0601004
"ရှမ်းပြည်နယ် (တောင်ပိုင်း)","တောင်ကြီး မြို့နယ်","ညောင်ရွှေဟော်ကုန်း ရပ်ကွက်",0601005
"ရှမ်းပြည်နယ် (တောင်ပိုင်း)","တောင်ကြီး မြို့နယ်","ရေအေးကွင်း ရပ်ကွက်",0601006
"ရှမ်းပြည်နယ် (တောင်ပိုင်း)","တောင်ကြီး မြို့နယ်","ကန်အောက် ရပ်ကွက်",0601007
"ရှမ်းပြည်နယ် (တောင်ပိုင်း)","တောင်ကြီး မြို့နယ်","ချမ်းမြသာစည် ရပ်ကွက်",0601008
"ရှမ်းပြည်နယ် (တောင်ပိုင်း)","တောင်ကြီး မြို့နယ်","ဈေးပိုင်း ရပ်ကွက်",0601009
"ရှမ်းပြည်နယ် (တောင်ပိုင်း)","တောင်ကြီး မြို့နယ်","ရွှေတောင် ရပ်ကွက်",0601010
"ရှမ်းပြည်နယ် (တောင်ပိုင်း)","တောင်ကြီး မြို့နယ်","ကံအောက် ရပ်ကွက်",0601011
"ရှမ်းပြည်နယ် (တောင်ပိုင်း)","တောင်ကြီး မြို့နယ်","လမ်းမတော် ရပ်ကွက်",0601012
"ရှမ်းပြည်နယ် (တောင်ပိုင်း)","တောင်ကြီး မြို့နယ်","ဟော်ကုန်း ရပ်ကွက်",0601013
"ရှမ်းပြည်နယ် (တောင်ပိုင်း)","တောင်ကြီး မြို့နယ်","စိန်ပန်း ရပ်ကွက်",0601014
"ရှမ်းပြည်နယ် (တောင်ပိုင်း)","တောင်ကြီး မြို့နယ်","ကံသာ ရပ်ကွက်",0601015
"ရှမ်းပြည်နယ် (တောင်ပိုင်း)","တောင်ကြီး မြို့နယ်","မြို့မ ရပ်ကွက်",0601016
"ရှမ်းပြည်နယ် (တောင်ပိုင်း)","တောင်ကြီး မြို့နယ်","သစ်တော ရပ်ကွက်",0601017
"ရှမ်းပြည်နယ် (တောင်ပိုင်း)","တောင်ကြီး မြို့နယ်","ချမ်းသာ ရပ်ကွက်",0601018
"ရှမ်းပြည်နယ် (တောင်ပိုင်း)","တောင်ကြီး မြို့နယ်","ကျောင်းကြီးစု ရပ်ကွက်",0601019
"ရှမ်းပြည်နယ် (တောင်ပိုင်း)","တောင်ကြီး မြို့နယ်","စပ်စံထွန်း ရပ်ကွက်",0601020
"ရှမ်းပြည်နယ် (တောင်ပိုင်း)","တောင်ကြီး မြို့နယ်","ဘုရားဖြူ ရပ်ကွက်",0601021
"ရှမ်းပြည်နယ် (တောင်ပိုင်း)","တောင်ကြီး မြို့နယ်","ကံကြီး ရပ်ကွက်",0601022
"ရှမ်းပြည်နယ် (တောင်ပိုင်း)","ကလော မြို့နယ်","အမှတ် (၁) ရပ်ကွက်",0602001
"ရှမ်းပြည်နယ် (တောင်ပိုင်း)","ကလော မြို့နယ်","အမှတ် (၂) ရပ်ကွက်",0602002
"ရှမ်းပြည်နယ် (တောင်ပိုင်း)","ကလော မြို့နယ်","အမှတ် (၃) ရပ်ကွက်",0602003
"ရှမ်းပြည်နယ် (တောင်ပိုင်း)","ကလော မြို့နယ်","အမှတ် (၄) ရပ်ကွက်",0602004
"ရှမ်းပြည်နယ် (တောင်ပိုင်း)","ကလော မြို့နယ်","အမှတ် (၅) ရပ်ကွက်",0602005
"ရှမ်းပြည်နယ် (တောင်ပိုင်း)","ကလော မြို့နယ်","အမှတ် (၆) ရပ်ကွက်",0602006
"ရှမ်းပြည်နယ် (တောင်ပိုင်း)","ကလော မြို့နယ်","အမှတ် (၇) ရပ်ကွက်",0602007
"ရှမ်းပြည်နယ် (တောင်ပိုင်း)","ကလော မြို့နယ်","အမှတ် (၈) ရပ်ကွက်",0602008
"ရှမ်းပြည်နယ် (တောင်ပိုင်း)","ကလော မြို့နယ်","အမှတ် (၉) ရပ်ကွက်",0602009
"ရှမ်းပြည်နယ် (တောင်ပိုင်း)","ကလော မြို့နယ်","အမှတ် (၁၀) ရပ်ကွက်",0602010
"ရှမ်းပြည်နယ် (တောင်ပိုင်း)","ကလော မြို့နယ်","အမှတ် (၁၁) ရပ်ကွက်",0602011
"ရှမ်းပြည်နယ် (တောင်ပိုင်း)","ပင်းတယ မြို့နယ်","ဆူးဗိုကုန်း ရပ်ကွက်",0603001
"ရှမ်းပြည်နယ် (တောင်ပိုင်း)","ပင်းတယ မြို့နယ်","ရှမ်း ရပ်ကွက်",0603002
"ရှမ်းပြည်နယ် (တောင်ပိုင်း)","ပင်းတယ မြို့နယ်","ဈေးတန်း ရပ်ကွက်",0603003
"ရှမ်းပြည်နယ် (တောင်ပိုင်း)","ပင်းတယ မြို့နယ်","ဆင်ခေါင်း ရပ်ကွက်",0603004
"ရှမ်းပြည်နယ် (တောင်ပိုင်း)","ပင်းတယ မြို့နယ်","ရွာသစ်စေတီကုန်း ရပ်ကွက်",0603005
"ရှမ်းပြည်နယ် (တောင်ပိုင်း)","ပင်းတယ မြို့နယ်","အော်ယော ရပ်ကွက်",0603006
"ရှမ်းပြည်နယ် (တောင်ပိုင်း)","ပင်းတယ မြို့နယ်","ရွာငယ် ရပ်ကွက်",0603007
"ရှမ်းပြည်နယ် (တောင်ပိုင်း)","ပင်းတယ မြို့နယ်","ဟော်ကုန်း ရပ်ကွက်",0603008
"ရှမ်းပြည်နယ် (တောင်ပိုင်း)","ပင်းတယ မြို့နယ်","အနောက် ရပ်ကွက်",0603009
"ရှမ်းပြည်နယ် (တောင်ပိုင်း)","ပင်းတယ မြို့နယ်","ပေါက်တော ရပ်ကွက်",0603010
"ရှမ်းပြည်နယ် (တောင်ပိုင်း)","ပင်းတယ မြို့နယ်","ငှက်ပျောတော ရပ်ကွက်",0603011
"ရှမ်းပြည်နယ် (တောင်ပိုင်း)","ပင်းတယ မြို့နယ်","ပြည်တော်သာ ရပ်ကွက်",0603012
"ရှမ်းပြည်နယ် (တောင်ပိုင်း)","ပင်းတယ မြို့နယ်","သီရိမင်္ဂလာရပ်ကွက် ရပ်ကွက်",0603013
"ရှမ်းပြည်နယ် (တောင်ပိုင်း)","ရွာငံ မြို့နယ်","မြို့ကုန်း ရပ်ကွက်",0604001
"ရှမ်းပြည်နယ် (တောင်ပိုင်း)","ရွာငံ မြို့နယ်","ရွာမ ရပ်ကွက်",0604002
"ရှမ်းပြည်နယ် (တောင်ပိုင်း)","ရွာငံ မြို့နယ်","ဈေးတန်း ရပ်ကွက်",0604003
"ရှမ်းပြည်နယ် (တောင်ပိုင်း)","ပင်လောင်း မြို့နယ်","ဘန့်ဖယ် ရပ်ကွက်",0605001
"ရှမ်းပြည်နယ် (တောင်ပိုင်း)","ပင်လောင်း မြို့နယ်","ဘုရားမြောက် ရပ်ကွက်",0605002
"ရှမ်းပြည်နယ် (တောင်ပိုင်း)","ပင်လောင်း မြို့နယ်","အရှေ့ ရပ်ကွက်",0605003
"ရှမ်းပြည်နယ် (တောင်ပိုင်း)","ပင်လောင်း မြို့နယ်","အနောက် ရပ်ကွက်",0605004
"ရှမ်းပြည်နယ် (တောင်ပိုင်း)","ပင်လောင်း မြို့နယ်","ဈေးတန်း ရပ်ကွက်",0605005
"ရှမ်းပြည်နယ် (တောင်ပိုင်း)","ပင်လောင်း မြို့နယ်","ရုံးဝင်း ရပ်ကွက်",0605006
"ရှမ်းပြည်နယ် (တောင်ပိုင်း)","ပင်လောင်း မြို့နယ်","ကန်သာဦး ရပ်ကွက်",0605007
"ရှမ်းပြည်နယ် (တောင်ပိုင်း)","ပင်လောင်း မြို့နယ်","မင်္ဂလာကွက်သစ် ရပ်ကွက်",0605008
"ရှမ်းပြည်နယ် (တောင်ပိုင်း)","ပင်လောင်း မြို့နယ်","ကိုးခေါင် ရပ်ကွက်",0605009
"ရှမ်းပြည်နယ် (တောင်ပိုင်း)","ပင်လောင်း မြို့နယ်","ရင်းမှီး ရပ်ကွက်",0605010
"ရှမ်းပြည်နယ် (တောင်ပိုင်း)","ဖယ်ခုံ မြို့နယ်","ဟိန်ဓမ္မ ရပ်ကွက်",0606001
"ရှမ်းပြည်နယ် (တောင်ပိုင်း)","ဖယ်ခုံ မြို့နယ်","နန်းဟူး ရပ်ကွက်",0606002
"ရှမ်းပြည်နယ် (တောင်ပိုင်း)","ဖယ်ခုံ မြို့နယ်","ညောင်ကုန်း ရပ်ကွက်",0606003
"ရှမ်းပြည်နယ် (တောင်ပိုင်း)","ဖယ်ခုံ မြို့နယ်","ဈေးအနောက် ရပ်ကွက်",0606004
"ရှမ်းပြည်နယ် (တောင်ပိုင်း)","ဖယ်ခုံ မြို့နယ်","ဈေးအရှေ့ ရပ်ကွက်",0606005
"ရှမ်းပြည်နယ် (တောင်ပိုင်း)","ဖယ်ခုံ မြို့နယ်","ဈေးတန်း ရပ်ကွက်",0606006
"ရှမ်းပြည်နယ် (တောင်ပိုင်း)","ဖယ်ခုံ မြို့နယ်","မြို့ကုန်း ရပ်ကွက်",0606007
"ရှမ်းပြည်နယ် (တောင်ပိုင်း)","ရပ်စောက် မြို့နယ်","တောင်ကွက်သစ် ရပ်ကွက်",0607001
"ရှမ်းပြည်နယ် (တောင်ပိုင်း)","ရပ်စောက် မြို့နယ်","မြို့ကုန်း ရပ်ကွက်",0607002
"ရှမ်းပြည်နယ် (တောင်ပိုင်း)","ရပ်စောက် မြို့နယ်","ဥတ္တံတား ရပ်ကွက်",0607003
"ရှမ်းပြည်နယ် (တောင်ပိုင်း)","ရပ်စောက် မြို့နယ်","ဈေးတန်း ရပ်ကွက်",0607004
"ရှမ်းပြည်နယ် (တောင်ပိုင်း)","ရပ်စောက် မြို့နယ်","မြောက်ကွက်သစ် ရပ်ကွက်",0607005
"ရှမ်းပြည်နယ် (တောင်ပိုင်း)","ရပ်စောက် မြို့နယ်","ဗထူး ရပ်ကွက်",0607006
"ရှမ်းပြည်နယ် (တောင်ပိုင်း)","ရပ်စောက် မြို့နယ်","ဇော်ဂျီ ရပ်ကွက်",0607007
"ရှမ်းပြည်နယ် (တောင်ပိုင်း)","ရပ်စောက် မြို့နယ်","မြို့ဦး ရပ်ကွက်",0607008
"ရှမ်းပြည်နယ် (တောင်ပိုင်း)","ညောင်ရွှေ မြို့နယ်","ကံသာ ရပ်ကွက်",0608001
"ရှမ်းပြည်နယ် (တောင်ပိုင်း)","ညောင်ရွှေ မြို့နယ်","သာစည် ရပ်ကွက်",0608002
"ရှမ်းပြည်နယ် (တောင်ပိုင်း)","ညောင်ရွှေ မြို့နယ်","နန္ဒဝန် ရပ်ကွက်",0608003
"ရှမ်းပြည်နယ် (တောင်ပိုင်း)","ညောင်ရွှေ မြို့နယ်","မြို့လယ် ရပ်ကွက်",0608004
"ရှမ်းပြည်နယ် (တောင်ပိုင်း)","ညောင်ရွှေ မြို့နယ်","ဝင်း ရပ်ကွက်",0608005
"ရှမ်းပြည်နယ် (တောင်ပိုင်း)","ညောင်ရွှေ မြို့နယ်","နန်းပန် ရပ်ကွက်",0608006
"ရှမ်းပြည်နယ် (တောင်ပိုင်း)","ညောင်ရွှေ မြို့နယ်","မင်္ဂလာ ရပ်ကွက်",0608007
"ရှမ်းပြည်နယ် (တောင်ပိုင်း)","ညောင်ရွှေ မြို့နယ်","မိုင်းလီ ရပ်ကွက်",0608008
"ရှမ်းပြည်နယ် (တောင်ပိုင်း)","ဟိုပုံး မြို့နယ်","မြို့ဦး ရပ်ကွက်",0609001
"ရှမ်းပြည်နယ် (တောင်ပိုင်း)","ဟိုပုံး မြို့နယ်","မြို့ဦးကွက်သစ် ရပ်ကွက်",0609002
"ရှမ်းပြည်နယ် (တောင်ပိုင်း)","ဟိုပုံး မြို့နယ်","အရှေ့ ရပ်ကွက်",0609003
"ရှမ်းပြည်နယ် (တောင်ပိုင်း)","ဟိုပုံး မြို့နယ်","အနောက် ရပ်ကွက်",0609004
"ရှမ်းပြည်နယ် (တောင်ပိုင်း)","ဟိုပုံး မြို့နယ်","တောင် ရပ်ကွက်",0609005
"ရှမ်းပြည်နယ် (တောင်ပိုင်း)","ဟိုပုံး မြို့နယ်","တုံခမ်း ရပ်ကွက်",0609006
"ရှမ်းပြည်နယ် (တောင်ပိုင်း)","ဆီဆိုင် မြို့နယ်","ဟိုခဲ ရပ်ကွက်",0610001
"ရှမ်းပြည်နယ် (တောင်ပိုင်း)","ဆီဆိုင် မြို့နယ်","မင်္ဂလာ ရပ်ကွက်",0610002
"ရှမ်းပြည်နယ် (တောင်ပိုင်း)","ဆီဆိုင် မြို့နယ်","သီရိ ရပ်ကွက်",0610003
"ရှမ်းပြည်နယ် (တောင်ပိုင်း)","ဆီဆိုင် မြို့နယ်","အောင်သပြေ ရပ်ကွက်",0610004
"ရှမ်းပြည်နယ် (တောင်ပိုင်း)","ဆီဆိုင် မြို့နယ်","အောင်ချမ်းသာ ရပ်ကွက်",0610005
"ရှမ်းပြည်နယ် (တောင်ပိုင်း)","ဆီဆိုင် မြို့နယ်","မြကန်သာ ရပ်ကွက်",0610006
"ရှမ်းပြည်နယ် (တောင်ပိုင်း)","လွိုင်လင် မြို့နယ်","အမှတ် (၁) ရပ်ကွက်",0611001
"ရှမ်းပြည်နယ် (တောင်ပိုင်း)","လွိုင်လင် မြို့နယ်","အမှတ် (၂) ရပ်ကွက်",0611002
"ရှမ်းပြည်နယ် (တောင်ပိုင်း)","လွိုင်လင် မြို့နယ်","အမှတ် (၃) ရပ်ကွက်",0611003
"ရှမ်းပြည်နယ် (တောင်ပိုင်း)","လွိုင်လင် မြို့နယ်","အမှတ် (၄) ရပ်ကွက်",0611004
"ရှမ်းပြည်နယ် (တောင်ပိုင်း)","လဲချား မြို့နယ်","အမှတ် (၁) ရပ်ကွက်",0612001
"ရှမ်းပြည်နယ် (တောင်ပိုင်း)","လဲချား မြို့နယ်","အမှတ် (၂) ရပ်ကွက်",0612002
"ရှမ်းပြည်နယ် (တောင်ပိုင်း)","လဲချား မြို့နယ်","အမှတ် (၃) ရပ်ကွက်",0612003
"ရှမ်းပြည်နယ် (တောင်ပိုင်း)","လဲချား မြို့နယ်","အမှတ် (၄) ရပ်ကွက်",0612004
"ရှမ်းပြည်နယ် (တောင်ပိုင်း)","မိုင်းကိုင် မြို့နယ်","အမှတ် (၁) ရပ်ကွက်",0613001
"ရှမ်းပြည်နယ် (တောင်ပိုင်း)","မိုင်းကိုင် မြို့နယ်","အမှတ် (၂) ရပ်ကွက်",0613002
"ရှမ်းပြည်နယ် (တောင်ပိုင်း)","မိုင်းကိုင် မြို့နယ်","အမှတ် (၃) ရပ်ကွက်",0613003
"ရှမ်းပြည်နယ် (တောင်ပိုင်း)","မိုင်းကိုင် မြို့နယ်","အမှတ် (၄) ရပ်ကွက်",0613004
"ရှမ်းပြည်နယ် (တောင်ပိုင်း)","မိုင်းကိုင် မြို့နယ်","အမှတ် (၅) ရပ်ကွက်",0613005
"ရှမ်းပြည်နယ် (တောင်ပိုင်း)","မိုင်းရှူး မြို့နယ်","အမှတ် (၁) ရပ်ကွက်",0614001
"ရှမ်းပြည်နယ် (တောင်ပိုင်း)","မိုင်းရှူး မြို့နယ်","အမှတ် (၂) ရပ်ကွက်",0614002
"ရှမ်းပြည်နယ် (တောင်ပိုင်း)","မိုင်းရှူး မြို့နယ်","အမှတ် (၃) ရပ်ကွက်",0614003
"ရှမ်းပြည်နယ် (တောင်ပိုင်း)","မိုင်းရှူး မြို့နယ်","အမှတ် (၄) ရပ်ကွက်",0614004
"ရှမ်းပြည်နယ် (တောင်ပိုင်း)","ကျေးသီး မြို့နယ်","ဝမ်ကန် ရပ်ကွက်",0615001
"ရှမ်းပြည်နယ် (တောင်ပိုင်း)","ကျေးသီး မြို့နယ်","ကန်ပန် ရပ်ကွက်",0615002
"ရှမ်းပြည်နယ် (တောင်ပိုင်း)","ကျေးသီး မြို့နယ်","ဈေး ရပ်ကွက်",0615003
"ရှမ်းပြည်နယ် (တောင်ပိုင်း)","ကျေးသီး မြို့နယ်","ဟော်ကုန်း ရပ်ကွက်",0615004
"ရှမ်းပြည်နယ် (တောင်ပိုင်း)","ကျေးသီး မြို့နယ်","လုံပု ရပ်ကွက်",0615005
"ရှမ်းပြည်နယ် (တောင်ပိုင်း)","ကျေးသီး မြို့နယ်","ဟိုခို ရပ်ကွက်",0615006
"ရှမ်းပြည်နယ် (တောင်ပိုင်း)","နမ့်စန် မြို့နယ်","အမှတ် (၁) ရပ်ကွက်",0616001
"ရှမ်းပြည်နယ် (တောင်ပိုင်း)","နမ့်စန် မြို့နယ်","အမှတ် (၂) ရပ်ကွက်",0616002
"ရှမ်းပြည်နယ် (တောင်ပိုင်း)","နမ့်စန် မြို့နယ်","အမှတ် (၃) ရပ်ကွက်",0616003
"ရှမ်းပြည်နယ် (တောင်ပိုင်း)","နမ့်စန် မြို့နယ်","အမှတ် (၄) ရပ်ကွက်",0616004
"ရှမ်းပြည်နယ် (တောင်ပိုင်း)","နမ့်စန် မြို့နယ်","အမှတ် (၅) ရပ်ကွက်",0616005
"ရှမ်းပြည်နယ် (တောင်ပိုင်း)","မိုးနဲ မြို့နယ်","ဥယျာဉ် ရပ်ကွက်",0617001
"ရှမ်းပြည်နယ် (တောင်ပိုင်း)","မိုးနဲ မြို့နယ်","လွိုင်မြေ ရပ်ကွက်",0617002
"ရှမ်းပြည်နယ် (တောင်ပိုင်း)","မိုးနဲ မြို့နယ်","ပေါ့မိုင်း ရပ်ကွက်",0617003
"ရှမ်းပြည်နယ် (တောင်ပိုင်း)","မိုးနဲ မြို့နယ်","နာဟောင် ရပ်ကွက်",0617004
"ရှမ်းပြည်နယ် (တောင်ပိုင်း)","မိုးနဲ မြို့နယ်","နောင်ကျော့ ရပ်ကွက်",0617005
"ရှမ်းပြည်နယ် (တောင်ပိုင်း)","မောက်မယ် မြို့နယ်","ကွန်ကျိုင်း ရပ်ကွက်",0618001
"ရှမ်းပြည်နယ် (တောင်ပိုင်း)","မောက်မယ် မြို့နယ်","ဈေးတန်း ရပ်ကွက်",0618002
"ရှမ်းပြည်နယ် (တောင်ပိုင်း)","မောက်မယ် မြို့နယ်","မွေတော် ရပ်ကွက်",0618003
"ရှမ်းပြည်နယ် (တောင်ပိုင်း)","မောက်မယ် မြို့နယ်","တောင်မြို့ ရပ်ကွက်",0618004
"ရှမ်းပြည်နယ် (တောင်ပိုင်း)","မောက်မယ် မြို့နယ်","ဆီဆုံ ရပ်ကွက်",0618005
"ရှမ်းပြည်နယ် (တောင်ပိုင်း)","မောက်မယ် မြို့နယ်","မိုက်ဟုန်း ရပ်ကွက်",0618006
"ရှမ်းပြည်နယ် (တောင်ပိုင်း)","မောက်မယ် မြို့နယ်","ကုန်းလမ်း ရပ်ကွက်",0618007
"ရှမ်းပြည်နယ် (တောင်ပိုင်း)","လင်းခေး မြို့နယ်","တောင်ရွာ ရပ်ကွက်",0619001
"ရှမ်းပြည်နယ် (တောင်ပိုင်း)","လင်းခေး မြို့နယ်","ဝမ်လွိုင် ရပ်ကွက်",0619002
"ရှမ်းပြည်နယ် (တောင်ပိုင်း)","လင်းခေး မြို့နယ်","ဈေးတန်း ရပ်ကွက်",0619003
"ရှမ်းပြည်နယ် (တောင်ပိုင်း)","လင်းခေး မြို့နယ်","ရွာမကြီးအနောက် ရပ်ကွက်",0619004
"ရှမ်းပြည်နယ် (တောင်ပိုင်း)","လင်းခေး မြို့နယ်","ရွာမကြီးအရှေ့ ရပ်ကွက်",0619005
"ရှမ်းပြည်နယ် (တောင်ပိုင်း)","လင်းခေး မြို့နယ်","ပင်ဟုန်း ရပ်ကွက်",0619006
"ရှမ်းပြည်နယ် (တောင်ပိုင်း)","လင်းခေး မြို့နယ်","ဝမ်မပျင်း ရပ်ကွက်",0619007
"ရှမ်းပြည်နယ် (တောင်ပိုင်း)","လင်းခေး မြို့နယ်","ပင်ဝေါင် ရပ်ကွက်",0619008
"ရှမ်းပြည်နယ် (တောင်ပိုင်း)","မိုင်းပန် မြို့နယ်","ရွာသစ် ရပ်ကွက်",0620001
"ရှမ်းပြည်နယ် (တောင်ပိုင်း)","မိုင်းပန် မြို့နယ်","အရှေ့ ရပ်ကွက်",0620002
"ရှမ်းပြည်နယ် (တောင်ပိုင်း)","မိုင်းပန် မြို့နယ်","အလယ် ရပ်ကွက်",0620003
"ရှမ်းပြည်နယ် (တောင်ပိုင်း)","မိုင်းပန် မြို့နယ်","အနောက် ရပ်ကွက်",0620004
"ရှမ်းပြည်နယ် (တောင်ပိုင်း)","မိုင်းပန် မြို့နယ်","အနောက်ကွက်သစ် ရပ်ကွက်",0620005
"ရှမ်းပြည်နယ် (တောင်ပိုင်း)","ကွန်ဟိန်း မြို့နယ်","အမှတ် (၁) ရပ်ကွက်",0621001
"ရှမ်းပြည်နယ် (တောင်ပိုင်း)","ကွန်ဟိန်း မြို့နယ်","အမှတ် (၂) ရပ်ကွက်",0621002
"ရှမ်းပြည်နယ် (တောင်ပိုင်း)","ကွန်ဟိန်း မြို့နယ်","အမှတ် (၃) ရပ်ကွက်",0621003
"ရှမ်းပြည်နယ် (တောင်ပိုင်း)","ကွန်ဟိန်း မြို့နယ်","အမှတ် (၄) ရပ်ကွက်",0621004
"ရှမ်းပြည်နယ် (တောင်ပိုင်း)","ကွန်ဟိန်း မြို့နယ်","အမှတ် (၅) ရပ်ကွက်",0621005
"ရှမ်းပြည်နယ် (တောင်ပိုင်း)","ရွှေညောင် မြို့","လှိုင်ဘုံသာ ရပ်ကွက်",0660001
"ရှမ်းပြည်နယ် (တောင်ပိုင်း)","ရွှေညောင် မြို့","သုခချမ်းသာ ရပ်ကွက်",0660002
"ရှမ်းပြည်နယ် (တောင်ပိုင်း)","ရွှေညောင် မြို့","ရွှေဘုံသာ ရပ်ကွက်",0660003
"ရှမ်းပြည်နယ် (တောင်ပိုင်း)","ရွှေညောင် မြို့","ဓနသိဒ္ဓိ ရပ်ကွက်",0660004
"ရှမ်းပြည်နယ် (တောင်ပိုင်း)","ရွှေညောင် မြို့","ရတနာ ရပ်ကွက်",0660005
"ရှမ်းပြည်နယ် (တောင်ပိုင်း)","ရွှေညောင် မြို့","မင်္ဂလာရွှေဗဟို ရပ်ကွက်",0660006
"ရှမ်းပြည်နယ် (တောင်ပိုင်း)","ရွှေညောင် မြို့","မင်္ဂလာအောင်မြေ ရပ်ကွက်",0660007
"ရှမ်းပြည်နယ် (တောင်ပိုင်း)","ရွှေညောင် မြို့","ဆည်လဲ ရပ်ကွက်",0660008
"ရှမ်းပြည်နယ် (တောင်ပိုင်း)","ရွှေညောင် မြို့","စဉ့်ဟယ် ရပ်ကွက်",0660009
"ရှမ်းပြည်နယ် (တောင်ပိုင်း)","ရွှေညောင် မြို့","အောင်သပြေ ရပ်ကွက်",0660010
"ရှမ်းပြည်နယ် (တောင်ပိုင်း)","ရွှေညောင် မြို့","မင်္ဂလာ ရပ်ကွက်",0660011
"ရှမ်းပြည်နယ် (တောင်ပိုင်း)","အေးသာယာ မြို့","အမှတ် (၁) ရပ်ကွက်",0661001
"ရှမ်းပြည်နယ် (တောင်ပိုင်း)","အေးသာယာ မြို့","အမှတ် (၂) ရပ်ကွက်",0661002
"ရှမ်းပြည်နယ် (တောင်ပိုင်း)","အေးသာယာ မြို့","အမှတ် (၃) ရပ်ကွက်",0661003
"ရှမ်းပြည်နယ် (တောင်ပိုင်း)","အေးသာယာ မြို့","အမှတ် (၄) ရပ်ကွက်",0661004
"ရှမ်းပြည်နယ် (တောင်ပိုင်း)","အေးသာယာ မြို့","အမှတ် (၅) ရပ်ကွက်",0661005
"ရှမ်းပြည်နယ် (တောင်ပိုင်း)","အေးသာယာ မြို့","အမှတ် (၆) ရပ်ကွက်",0661006
"ရှမ်းပြည်နယ် (တောင်ပိုင်း)","အေးသာယာ မြို့","အမှတ် (၇) ရပ်ကွက်",0661007
"ရှမ်းပြည်နယ် (တောင်ပိုင်း)","အေးသာယာ မြို့","အမှတ် (၈) ရပ်ကွက်",0661008
"ရှမ်းပြည်နယ် (တောင်ပိုင်း)","အေးသာယာ မြို့","အမှတ် (၉) ရပ်ကွက်",0661009
"ရှမ်းပြည်နယ် (တောင်ပိုင်း)","အေးသာယာ မြို့","အမှတ် (၁၀) ရပ်ကွက်",0661010
"ရှမ်းပြည်နယ် (တောင်ပိုင်း)","အေးသာယာ မြို့","အမှတ် (၁၁) ရပ်ကွက်",0661011
"ရှမ်းပြည်နယ် (တောင်ပိုင်း)","အေးသာယာ မြို့","အမှတ် (၁၂) ရပ်ကွက်",0661012
"ရှမ်းပြည်နယ် (တောင်ပိုင်း)","ကျောက်တလုံးကြီး မြို့","တပုရွေး ရပ်ကွက်",0662001
"ရှမ်းပြည်နယ် (တောင်ပိုင်း)","ကျောက်တလုံးကြီး မြို့","ဒုံအုံး ရပ်ကွက်",0662002
"ရှမ်းပြည်နယ် (တောင်ပိုင်း)","ကျောက်တလုံးကြီး မြို့","နောင်လုံ ရပ်ကွက်",0662003
"ရှမ်းပြည်နယ် (တောင်ပိုင်း)","ကျောက်တလုံးကြီး မြို့","ထီလုံ ရပ်ကွက်",0662004
"ရှမ်းပြည်နယ် (တောင်ပိုင်း)","ကျောက်တလုံးကြီး မြို့","လင်းနား ရပ်ကွက်",0662005
"ရှမ်းပြည်နယ် (တောင်ပိုင်း)","ကျောက်တလုံးကြီး မြို့","ကောင်ဝိန်း ရပ်ကွက်",0662006
"ရှမ်းပြည်နယ် (တောင်ပိုင်း)","အောင်ပန်း မြို့","ညောင်ပင်ထောင် ရပ်ကွက်",0663001
"ရှမ်းပြည်နယ် (တောင်ပိုင်း)","အောင်ပန်း မြို့","လှည်းရိုး ရပ်ကွက်",0663002
"ရှမ်းပြည်နယ် (တောင်ပိုင်း)","အောင်ပန်း မြို့","ရွာငံစု ရပ်ကွက်",0663003
"ရှမ်းပြည်နယ် (တောင်ပိုင်း)","အောင်ပန်း မြို့","အမှတ် (၁) ရပ်ကွက်",0663004
"ရှမ်းပြည်နယ် (တောင်ပိုင်း)","အောင်ပန်း မြို့","အမှတ် (၂) ရပ်ကွက်",0663005
"ရှမ်းပြည်နယ် (တောင်ပိုင်း)","အောင်ပန်း မြို့","မိုးကောင်း ရပ်ကွက်",0663006
"ရှမ်းပြည်နယ် (တောင်ပိုင်း)","အောင်ပန်း မြို့","အမှတ် (၃) ရပ်ကွက်",0663007
"ရှမ်းပြည်နယ် (တောင်ပိုင်း)","အောင်ပန်း မြို့","အမှတ် (၄) ရပ်ကွက်",0663008
"ရှမ်းပြည်နယ် (တောင်ပိုင်း)","အောင်ပန်း မြို့","လက်မပင် ရပ်ကွက်",0663009
"ရှမ်းပြည်နယ် (တောင်ပိုင်း)","အောင်ပန်း မြို့","မြို့ဟောင်း ရပ်ကွက်",0663010
"ရှမ်းပြည်နယ် (တောင်ပိုင်း)","အောင်ပန်း မြို့","မင်္ဂလာ ရပ်ကွက်",0663011
"ရှမ်းပြည်နယ် (တောင်ပိုင်း)","အောင်ပန်း မြို့","ရွာသစ် ရပ်ကွက်",0663012
"ရှမ်းပြည်နယ် (တောင်ပိုင်း)","ဟဲဟိုး မြို့","အမှတ် (၁) ရပ်ကွက်",0664001
"ရှမ်းပြည်နယ် (တောင်ပိုင်း)","ဟဲဟိုး မြို့","အမှတ် (၂) ရပ်ကွက်",0664002
"ရှမ်းပြည်နယ် (တောင်ပိုင်း)","ဟဲဟိုး မြို့","အမှတ် (၃) ရပ်ကွက်",0664003
"ရှမ်းပြည်နယ် (တောင်ပိုင်း)","ဟဲဟိုး မြို့","အမှတ် (၄) ရပ်ကွက်",0664004
"ရှမ်းပြည်နယ် (တောင်ပိုင်း)","ဟဲဟိုး မြို့","အမှတ် (၅) ရပ်ကွက်",0664005
"ရှမ်းပြည်နယ် (တောင်ပိုင်း)","နောင်တရား မြို့","အမှတ် (၁) ရပ်ကွက်",0665001
"ရှမ်းပြည်နယ် (တောင်ပိုင်း)","နောင်တရား မြို့","အမှတ် (၂) ရပ်ကွက်",0665002
"ရှမ်းပြည်နယ် (တောင်ပိုင်း)","နောင်တရား မြို့","အမှတ် (၃) ရပ်ကွက်",0665003
"ရှမ်းပြည်နယ် (တောင်ပိုင်း)","ပေါင်းလောင်း မြို့","ရပ်ကွက် (၁) ရပ်ကွက်",0666001
"ရှမ်းပြည်နယ် (တောင်ပိုင်း)","ပေါင်းလောင်း မြို့","ရပ်ကွက် (၂) ရပ်ကွက်",0666002
"ရှမ်းပြည်နယ် (တောင်ပိုင်း)","ပေါင်းလောင်း မြို့","ရပ်ကွက် (၃) ရပ်ကွက်",0666003
"ရှမ်းပြည်နယ် (တောင်ပိုင်း)","ပေါင်းလောင်း မြို့","ရပ်ကွက် (၄) ရပ်ကွက်",0666004
"ရှမ်းပြည်နယ် (တောင်ပိုင်း)","ပေါင်းလောင်း မြို့","ရပ်ကွက် (၅) ရပ်ကွက်",0666005
"ရှမ်းပြည်နယ် (တောင်ပိုင်း)","ပေါင်းလောင်း မြို့","ရပ်ကွက် (၆) ရပ်ကွက်",0666006
"ရှမ်းပြည်နယ် (တောင်ပိုင်း)","အင်တော မြို့","အမှတ် (၁) ရပ်ကွက်",0667001
"ရှမ်းပြည်နယ် (တောင်ပိုင်း)","အင်တော မြို့","အမှတ် (၂) ရပ်ကွက်",0667002
"ရှမ်းပြည်နယ် (တောင်ပိုင်း)","အင်တော မြို့","အမှတ် (၃) ရပ်ကွက်",0667003
"ရှမ်းပြည်နယ် (တောင်ပိုင်း)","အင်တော မြို့","အမှတ် (၄) ရပ်ကွက်",0667004
"ရှမ်းပြည်နယ် (တောင်ပိုင်း)","အင်တော မြို့","အမှတ် (၅) ရပ်ကွက်",0667005
"ရှမ်းပြည်နယ် (တောင်ပိုင်း)","အင်တော မြို့","အမှတ် (၆) ရပ်ကွက်",0667006
"ရှမ်းပြည်နယ် (တောင်ပိုင်း)","ပင်လုံ မြို့","ရပ်ကွက် (၁) ရပ်ကွက်",0668001
"ရှမ်းပြည်နယ် (တောင်ပိုင်း)",-,"အမှတ် (၁) ရပ်ကွက်",0668001
"ရှမ်းပြည်နယ် (တောင်ပိုင်း)","ပင်လုံ မြို့","ရပ်ကွက် (၂) ရပ်ကွက်",0668002
"ရှမ်းပြည်နယ် (တောင်ပိုင်း)",-,"အမှတ် (၂) ရပ်ကွက်",0668002
"ရှမ်းပြည်နယ် (တောင်ပိုင်း)","ပင်လုံ မြို့","ရပ်ကွက် (၃) ရပ်ကွက်",0668003
"ရှမ်းပြည်နယ် (တောင်ပိုင်း)",-,"အမှတ် (၃) ရပ်ကွက်",0668003
"ရှမ်းပြည်နယ် (တောင်ပိုင်း)",-,"အမှတ် (၄) ရပ်ကွက်",0668004
"ရှမ်းပြည်နယ် (တောင်ပိုင်း)","ပင်လုံ မြို့","ရပ်ကွက် (၄) ရပ်ကွက်",0668004
"ရှမ်းပြည်နယ် (တောင်ပိုင်း)","မိုင်းစံ (မုန်းဆန်း) မြို့","အမှတ် (၁) ရပ်ကွက်",0669001
"ရှမ်းပြည်နယ် (တောင်ပိုင်း)","မိုင်းစံ (မုန်းဆန်း) မြို့","အမှတ် (၂) ရပ်ကွက်",0669002
"ရှမ်းပြည်နယ် (တောင်ပိုင်း)","မိုင်းစံ (မုန်းဆန်း) မြို့","အမှတ် (၃) ရပ်ကွက်",0669003
"ရှမ်းပြည်နယ် (တောင်ပိုင်း)","မိုင်းနောင် မြို့","အမှတ် (၁) ရပ်ကွက်",0670001
"ရှမ်းပြည်နယ် (တောင်ပိုင်း)","မိုင်းနောင် မြို့","အမှတ် (၂) ရပ်ကွက်",0670002
"ရှမ်းပြည်နယ် (တောင်ပိုင်း)","မိုင်းနောင် မြို့","အမှတ် (၃) ရပ်ကွက်",0670003
"ရှမ်းပြည်နယ် (တောင်ပိုင်း)","မိုင်းနောင် မြို့","အမှတ် (၄) ရပ်ကွက်",0670004
"ရှမ်းပြည်နယ် (တောင်ပိုင်း)","မိုင်းနောင် မြို့","အမှတ် (၅) ရပ်ကွက်",0670005
"ရှမ်းပြည်နယ် (တောင်ပိုင်း)","ခိုလမ် မြို့","အမှတ် (၁) ရပ်ကွက်",0671001
"ရှမ်းပြည်နယ် (တောင်ပိုင်း)","ခိုလမ် မြို့","အမှတ် (၂) ရပ်ကွက်",0671002
"ရှမ်းပြည်နယ် (တောင်ပိုင်း)","ခိုလမ် မြို့","အမှတ် (၃) ရပ်ကွက်",0671003
"ရှမ်းပြည်နယ် (တောင်ပိုင်း)","ခိုလမ် မြို့","အမှတ် (၄) ရပ်ကွက်",0671004
"ရှမ်းပြည်နယ် (တောင်ပိုင်း)","ခိုလမ် မြို့","အမှတ် (၅) ရပ်ကွက်",0671005
"ရှမ်းပြည်နယ် (တောင်ပိုင်း)","ခိုလမ် မြို့","အမှတ် (၆) ရပ်ကွက်",0671006
"ရှမ်းပြည်နယ် (တောင်ပိုင်း)","ကျိုင်းတောင်း မြို့","အမှတ် (၁) ရပ်ကွက်",0672001
"ရှမ်းပြည်နယ် (တောင်ပိုင်း)","ကျိုင်းတောင်း မြို့","အမှတ် (၂) ရပ်ကွက်",0672002
"ရှမ်းပြည်နယ် (တောင်ပိုင်း)","ကျိုင်းတောင်း မြို့","အမှတ် (၃) ရပ်ကွက်",0672003
"ရှမ်းပြည်နယ် (တောင်ပိုင်း)","ကျိုင်းတောင်း မြို့","အမှတ် (၄) ရပ်ကွက်",0672004
"ရှမ်းပြည်နယ် (တောင်ပိုင်း)","ကျိုင်းတောင်း မြို့","အမှတ် (၅) ရပ်ကွက်",0672005
"ရှမ်းပြည်နယ် (တောင်ပိုင်း)","ကျိုင်းတောင်း မြို့","အမှတ် (၆) ရပ်ကွက်",0672006
"ရှမ်းပြည်နယ် (တောင်ပိုင်း)","ကျိုင်းတောင်း မြို့","အမှတ် (၇) ရပ်ကွက်",0672007
"ရှမ်းပြည်နယ် (တောင်ပိုင်း)","ဟိုမိန်း မြို့","အမှတ် (၁) ရပ်ကွက်",0673001
"ရှမ်းပြည်နယ် (တောင်ပိုင်း)","ဟိုမိန်း မြို့","အမှတ် (၂) ရပ်ကွက်",0673002
"ရှမ်းပြည်နယ် (တောင်ပိုင်း)","ဟိုမိန်း မြို့","အမှတ် (၃) ရပ်ကွက်",0673003
"ရှမ်းပြည်နယ် (တောင်ပိုင်း)","ကာလိ မြို့","အမှတ် (၁) ရပ်ကွက်",0674001
"ရှမ်းပြည်နယ် (တောင်ပိုင်း)","ကာလိ မြို့","အမှတ် (၂) ရပ်ကွက်",0674002
"ရှမ်းပြည်နယ် (တောင်ပိုင်း)","ကာလိ မြို့","အမှတ် (၃) ရပ်ကွက်",0674003
"ရှမ်းပြည်နယ် (တောင်ပိုင်း)","ကာလိ မြို့","အမှတ် (၄) ရပ်ကွက်",0674004
"ရှမ်းပြည်နယ် (တောင်ပိုင်း)","ကာလိ မြို့","အမှတ် (၅) ရပ်ကွက်",0674005
"ရှမ်းပြည်နယ် (တောင်ပိုင်း)","ကာလိ မြို့","အမှတ် (၆) ရပ်ကွက်",0674006
"ရှမ်းပြည်နယ် (တောင်ပိုင်း)","နန်းပန် မြို့","အမှတ်(၁) ရပ်ကွက်",0675001
"ရှမ်းပြည်နယ် (တောင်ပိုင်း)","နန်းပန် မြို့","အမှတ်(၂) ရပ်ကွက်",0675002
"ရှမ်းပြည်နယ် (တောင်ပိုင်း)","နန်းပန် မြို့","အမှတ်(၃) ရပ်ကွက်",0675003
"ရှမ်းပြည်နယ် (တောင်ပိုင်း)","နန်းပန် မြို့","အမှတ်(၄) ရပ်ကွက်",0675004
