﻿Region,"Town / Township","Quarter / Village Tract","Postal Code"
"Yangon Region","Insein Township","Kan Nar (West) Quarter",1101001
"Yangon Region","Insein Township","Kan Nar (Middle) Quarter",1101002
"Yangon Region","Insein Township","Kwet Thit Quarter",1101003
"Yangon Region","Insein Township","Pauk Taw Quarter",1101004
"Yangon Region","Insein Township","Zay Kone (West) Quarter",1101005
"Yangon Region","Insein Township","Zay Kone (East) Quarter",1101006
"Yangon Region","Insein Township","Pein Hne Kone Quarter",1101007
"Yangon Region","Insein Township","Myo Thit (Ka Gyi/Kha Gway) Quarter",1101008
"Yangon Region","Insein Township","Myo Thit (Ga Nge) Quarter",1101009
"Yangon Region","Insein Township","Kyoet Kone (West) Quarter",1101010
"Yangon Region","Insein Township","Kyoet Kone (East) Quarter",1101011
"Yangon Region","Insein Township","Saw Bwar Gyi Kone Quarter",1101012
"Yangon Region","Insein Township","Nant Thar Kone Quarter",1101013
"Yangon Region","Insein Township","Taung Thu Kone Quarter",1101014
"Yangon Region","Insein Township","Ywar Ma (East) Quarter",1101015
"Yangon Region","Insein Township","Ywar Ma (Middle) Quarter",1101016
"Yangon Region","Insein Township","Ywar Ma (West) Quarter",1101017
"Yangon Region","Insein Township","Hpawt Kan Quarter",1101018
"Yangon Region","Insein Township","Sint Ngu Quarter",1101019
"Yangon Region","Insein Township","Aung San Quarter",1101020
"Yangon Region","Insein Township","Da Nyin Kone Quarter",1101021
"Yangon Region","Mingaladon Township","Kyan Khin Su Quarter",1102001
"Yangon Region","Mingaladon Township","Ah Nan Pin Quarter",1102002
"Yangon Region","Mingaladon Township","Chit Tee Kone Quarter",1102003
"Yangon Region","Mingaladon Township","No (2) (Ka Gyi) Quarter",1102004
"Yangon Region","Mingaladon Township","No (2) (Kha Gway) Quarter",1102005
"Yangon Region","Mingaladon Township","No (3) (Ka Gyi) Quarter",1102006
"Yangon Region","Mingaladon Township","No (3) (Kha Gway) Quarter",1102007
"Yangon Region","Mingaladon Township","San Gyi Wa Quarter",1102008
"Yangon Region","Mingaladon Township","Tat Ma Daw San Pya Quarter",1102009
"Yangon Region","Mingaladon Township","Pauk Kone Quarter",1102010
"Yangon Region","Mingaladon Township","Min Ga Lar Don Zay Quarter",1102011
"Yangon Region","Mingaladon Township","Pyan Lel Nay Yar Cha Htar Yay Quarter",1102012
"Yangon Region","Mingaladon Township","Pyi Taw Thar Quarter",1102013
"Yangon Region","Mingaladon Township","Taw Taik Quarter",1102014
"Yangon Region","Mingaladon Township","Nwe Khway Village Tract",1102200
"Yangon Region","Mingaladon Township","Kone Ta La Paung Village Tract",1102201
"Yangon Region","Mingaladon Township","Shwe Nant Thar Village Tract",1102203
"Yangon Region","Mingaladon Township","Pyin Ma Pin Village Tract",1102204
"Yangon Region","Mingaladon Township","Thin Gan Kyun Gyi Village Tract",1102205
"Yangon Region","North Okkalapa Township","No (1) Quarter",1103001
"Yangon Region","North Okkalapa Township","No (2) Quarter",1103002
"Yangon Region","North Okkalapa Township","(Ka Gyi) Quarter",1103003
"Yangon Region","North Okkalapa Township","(Kha Gway) Quarter",1103004
"Yangon Region","North Okkalapa Township","(Ga Nge) Quarter",1103005
"Yangon Region","North Okkalapa Township","(Ga Gyi) Quarter",1103006
"Yangon Region","North Okkalapa Township","(Nga) Quarter",1103007
"Yangon Region","North Okkalapa Township","(Sa Lone) Quarter",1103008
"Yangon Region","North Okkalapa Township","(Sa Lein) Quarter",1103009
"Yangon Region","North Okkalapa Township","(Za Gwe) Quarter",1103010
"Yangon Region","North Okkalapa Township","(Za Myin Zwe) Quarter",1103011
"Yangon Region","North Okkalapa Township","(Nya) Quarter",1103012
"Yangon Region","North Okkalapa Township","(Ta Ta Lin Cheik) Quarter",1103013
"Yangon Region","North Okkalapa Township","(Hta Won Bei) Quarter",1103014
"Yangon Region","North Okkalapa Township","Ta Dar Gyi Quarter",1103015
"Yangon Region","North Okkalapa Township","Kyauk Yae Twin Quarter",1103016
"Yangon Region","North Okkalapa Township","Pa Ywet Seik Kone Quarter",1103017
"Yangon Region","North Okkalapa Township","Wai Bar Gi Myo Thit Quarter",1103018
"Yangon Region","North Okkalapa Township","Shwe Pauk Kan Myo Thit Quarter",1103019
"Yangon Region","Kamayut Township","No (1) Quarter",1104001
"Yangon Region","Kamayut Township","No (2) Quarter",1104002
"Yangon Region","Kamayut Township","No (3) Quarter",1104003
"Yangon Region","Kamayut Township","No (4) Quarter",1104004
"Yangon Region","Kamayut Township","No (5) Quarter",1104005
"Yangon Region","Kamayut Township","No (6) Quarter",1104006
"Yangon Region","Kamayut Township","No (7) Quarter",1104007
"Yangon Region","Kamayut Township","No (8) Quarter",1104008
"Yangon Region","Kamayut Township","No (9) Quarter",1104009
"Yangon Region","Kamayut Township","No (10) Quarter",1104010
"Yangon Region","Hlaing Township","No (1) Quarter",1105001
"Yangon Region","Hlaing Township","No (2) Quarter",1105002
"Yangon Region","Hlaing Township","No (3) Quarter",1105003
"Yangon Region","Hlaing Township","No (4) Quarter",1105004
"Yangon Region","Hlaing Township","No (5) Quarter",1105005
"Yangon Region","Hlaing Township","No (6) Quarter",1105006
"Yangon Region","Hlaing Township","No (7) Quarter",1105007
"Yangon Region","Hlaing Township","No (8) Quarter",1105008
"Yangon Region","Hlaing Township","No (9) Quarter",1105009
"Yangon Region","Hlaing Township","No (10) Quarter",1105010
"Yangon Region","Hlaing Township","No (11) Quarter",1105011
"Yangon Region","Hlaing Township","No (12) Quarter",1105012
"Yangon Region","Hlaing Township","No (13) Quarter",1105013
"Yangon Region","Hlaing Township","No (14) Quarter",1105014
"Yangon Region","Hlaing Township","No (15) Quarter",1105015
"Yangon Region","Hlaing Township","No (16) Ward Quarter",1105016
"Yangon Region","Mayangone Township","No (1) (Tha Maing Bu Tar (West)) Quarter",1106001
"Yangon Region","Mayangone Township","No (2)  (Tha Maing Myo) Quarter",1106002
"Yangon Region","Mayangone Township","No (3) (Kyaik Waing Gyi) Quarter",1106003
"Yangon Region","Mayangone Township","No (4) (Kyaik Waing Lay) Quarter",1106004
"Yangon Region","Mayangone Township","No (5) (Sein Pan Myaing/9 Miles) Quarter",1106005
"Yangon Region","Mayangone Township","No (6)(Nyar Na Sar Gi) Quarter",1106006
"Yangon Region","Mayangone Township","No (7)  (Ywar Tan Shey) Quarter",1106007
"Yangon Region","Mayangone Township","No (8)  (Ka Ba Aye San Pya) Quarter",1106008
"Yangon Region","Mayangone Township","No (9) (Yae Ku) Quarter",1106009
"Yangon Region","Mayangone Township","No (10)  (Chaw Twin Kone) Quarter",1106010
"Yangon Region","Thingangyun Township","(Ka Gyi) Quarter",1107001
"Yangon Region","Thingangyun Township","(Kha Gway) Quarter",1107002
"Yangon Region","Thingangyun Township","(Ga Nge) Quarter",1107003
"Yangon Region","Thingangyun Township","(Ga Gyi) Quarter",1107004
"Yangon Region","Thingangyun Township","Nga/Ka Gyi Quarter",1107005
"Yangon Region","Thingangyun Township","Nga/Kha Gway Ward Quarter",1107006
"Yangon Region","Thingangyun Township","Bo Kan Nyunt Quarter",1107007
"Yangon Region","Thingangyun Township","Ban Yeik Thar Quarter",1107008
"Yangon Region","Thingangyun Township","Yan Aung Quarter",1107009
"Yangon Region","Thingangyun Township","U San Hpe Quarter",1107010
"Yangon Region","Thingangyun Township","Thut Waing Gyi Quarter",1107011
"Yangon Region","Thingangyun Township","Thu Min Ga Lar Quarter",1107012
"Yangon Region","Thingangyun Township","Na Nwin Kone Quarter",1107013
"Yangon Region","Thingangyun Township","(Sa Lein/Ka Gyi) Quarter",1107014
"Yangon Region","Thingangyun Township","(Sa Lein/Kha Gway) Quarter",1107015
"Yangon Region","Thingangyun Township","Za Gwe  (South) Quarter",1107016
"Yangon Region","Thingangyun Township","Za Gwe (North) Quarter",1107017
"Yangon Region","Thingangyun Township","Za Wa Na Quarter",1107018
"Yangon Region","Thingangyun Township","Kyaik Ka San (West) Quarter",1107019
"Yangon Region","Thingangyun Township","Ba Wa Myint Quarter",1107020
"Yangon Region","Thingangyun Township","Nga Moe Yeik Quarter",1107021
"Yangon Region","Thingangyun Township","San Pya Quarter",1107022
"Yangon Region","Thingangyun Township","Kyi Pwar Yay Quarter",1107023
"Yangon Region","Thingangyun Township","B.T.F Quarter",1107024
"Yangon Region","Thingangyun Township","Lay Daunt Kan Quarter",1107025
"Yangon Region","Thingangyun Township","Yangon Thit Quarter",1107026
"Yangon Region","Thingangyun Township","Thu Wa Na - (24) Quarter",1107027
"Yangon Region","Thingangyun Township","Thu Wa Na - (25) Quarter",1107028
"Yangon Region","Thingangyun Township","Thu Wa Na - (29) Quarter",1107029
"Yangon Region","Thingangyun Township","Su Paung Ein Yar Quarter",1107030
"Yangon Region","Thingangyun Township","Aung Su Pan Quarter",1107031
"Yangon Region","Thingangyun Township","Mi Chaung Kan No (1) Quarter",1107032
"Yangon Region","Thingangyun Township","Mi Chaung Kan No (2) Quarter",1107033
"Yangon Region","Thingangyun Township","Mi Chaung Kan No (3) Quarter",1107034
"Yangon Region","Thingangyun Township","No (16/1) Quarter",1107035
"Yangon Region","Thingangyun Township","No (16/2) Quarter",1107036
"Yangon Region","Thingangyun Township","No (16/3) Quarter",1107037
"Yangon Region","Thingangyun Township","No (16/4) Quarter",1107038
"Yangon Region","Thingangyun Township","Sei Thein Quarter",1107039
"Yangon Region","Yankin Township","No (1) Quarter",1108001
"Yangon Region","Yankin Township","No (2) Quarter",1108002
"Yangon Region","Yankin Township","No (3) Quarter",1108003
"Yangon Region","Yankin Township","No (4) Quarter",1108004
"Yangon Region","Yankin Township","No (5) Quarter",1108005
"Yangon Region","Yankin Township","No (6) Quarter",1108006
"Yangon Region","Yankin Township","No (7) Quarter",1108007
"Yangon Region","Yankin Township","No (8) Quarter",1108008
"Yangon Region","Yankin Township","No (9) Quarter",1108009
"Yangon Region","Yankin Township","No (11) Quarter",1108010
"Yangon Region","Yankin Township","No (12) Quarter",1108011
"Yangon Region","Yankin Township","No (13) Quarter",1108012
"Yangon Region","Yankin Township","No (14) Quarter",1108013
"Yangon Region","Yankin Township","No (15) Quarter",1108014
"Yangon Region","Yankin Township","No (16) Quarter",1108015
"Yangon Region","South Okkalapa Township","No (3) Quarter",1109001
"Yangon Region","South Okkalapa Township","No (4) Quarter",1109002
"Yangon Region","South Okkalapa Township","No (5) Quarter",1109003
"Yangon Region","South Okkalapa Township","No (6) Quarter",1109004
"Yangon Region","South Okkalapa Township","No (7) Quarter",1109005
"Yangon Region","South Okkalapa Township","No (8) Ward Quarter",1109006
"Yangon Region","South Okkalapa Township","No (9) Quarter",1109007
"Yangon Region","South Okkalapa Township","No (10) Quarter",1109008
"Yangon Region","South Okkalapa Township","No (11) Quarter",1109009
"Yangon Region","South Okkalapa Township","No (12) Quarter",1109010
"Yangon Region","South Okkalapa Township","No (13) Quarter",1109011
"Yangon Region","South Okkalapa Township","No (14) Quarter",1109012
"Yangon Region","South Okkalapa Township","No (15) Quarter",1109013
"Yangon Region","Kyeemyindaing Township","Tha Yet Taw (North) Quarter",1110001
"Yangon Region","Kyeemyindaing Township","Tha Yet Taw (South) Quarter",1110002
"Yangon Region","Kyeemyindaing Township","Thar Du (East) Quarter",1110003
"Yangon Region","Kyeemyindaing Township","Thar Du (West) Quarter",1110004
"Yangon Region","Kyeemyindaing Township","Ma Gyi Tan (North/East) Quarter",1110005
"Yangon Region","Kyeemyindaing Township","Ma Gyi Tan (North/West) Quarter",1110006
"Yangon Region","Kyeemyindaing Township","Ma Gyi Tan (South/East) Quarter",1110007
"Yangon Region","Kyeemyindaing Township","Ma Gyi Tan (South/West) Quarter",1110008
"Yangon Region","Kyeemyindaing Township","Zay Gyi (East) Quarter",1110009
"Yangon Region","Kyeemyindaing Township","Zay Gyi (West) Quarter",1110010
"Yangon Region","Kyeemyindaing Township","Oe Bo Quarter",1110011
"Yangon Region","Kyeemyindaing Township","Baw Ga Quarter",1110012
"Yangon Region","Kyeemyindaing Township","Zay Ka Lay Quarter",1110013
"Yangon Region","Kyeemyindaing Township","Pan Hlaing Quarter",1110014
"Yangon Region","Kyeemyindaing Township","Htee Tan Set Myay Quarter",1110015
"Yangon Region","Kyeemyindaing Township","Kayin Ah Myo Thar Quarter",1110016
"Yangon Region","Kyeemyindaing Township","Say Yoe Tan Nyein Chan Yay Quarter",1110017
"Yangon Region","Kyeemyindaing Township","Thi Dar Quarter",1110018
"Yangon Region","Kyeemyindaing Township","Aye Ywar Ba Loke Nyut Set Ka Lay Quarter",1110019
"Yangon Region","Kyeemyindaing Township","Set San Auk Yon Ah Lat Chaung Quarter",1110020
"Yangon Region","Kyeemyindaing Township","Seik Gyi U Mya Ngar Sin Quarter",1110021
"Yangon Region","Kyeemyindaing Township","War Yon Seik/Aye Ywar (West) Quarter",1110022
"Yangon Region","Sanchaung Township","Wai Lu Wun (North) Quarter",1111001
"Yangon Region","Sanchaung Township","Wai Lu Wun (South) Quarter",1111002
"Yangon Region","Sanchaung Township","Mont Loke Saung Kone (North) Quarter",1111003
"Yangon Region","Sanchaung Township","Mont Loke Saung Kone (South) Quarter",1111004
"Yangon Region","Sanchaung Township","Kyun Taw (North) Quarter",1111005
"Yangon Region","Sanchaung Township","Kyun Taw (Middle) Quarter",1111006
"Yangon Region","Sanchaung Township","Kyun Taw (South) Quarter",1111007
"Yangon Region","Sanchaung Township","Than Ta Dar Quarter",1111008
"Yangon Region","Sanchaung Township","Lin Lun( North) Quarter",1111009
"Yangon Region","Sanchaung Township","Lin Lun( South) Quarter",1111010
"Yangon Region","Sanchaung Township","San Chaung (North) Quarter",1111011
"Yangon Region","Sanchaung Township","San Chaung (South) Quarter",1111012
"Yangon Region","Sanchaung Township","Shin Saw Pu Quarter",1111013
"Yangon Region","Sanchaung Township","Aung Chan Thar Quarter",1111014
"Yangon Region","Sanchaung Township","Thi Ri Khay Mar Quarter",1111015
"Yangon Region","Sanchaung Township","Hone Lan Bu Tar Quarter",1111016
"Yangon Region","Sanchaung Township","Myay Ni Kone (North) Quarter",1111017
"Yangon Region","Sanchaung Township","Myay Ni Kone (South) Quarter",1111018
"Yangon Region","Ahlone Township","Aye Yar Wa Di Quarter",1112001
"Yangon Region","Ahlone Township","Saw Yan Paing_West Quarter",1112002
"Yangon Region","Ahlone Township","Saw Yan Paing_East Quarter",1112003
"Yangon Region","Ahlone Township","Saw Yan Paing_South Quarter",1112004
"Yangon Region","Ahlone Township","Htar Nar Quarter",1112005
"Yangon Region","Ahlone Township","Saw Yan Paing_North Quarter",1112006
"Yangon Region","Ahlone Township","Sin Min Quarter",1112007
"Yangon Region","Ahlone Township","Ga Lon Quarter",1112008
"Yangon Region","Ahlone Township","Lut Lat Yay Quarter",1112009
"Yangon Region","Ahlone Township","Kayin Chan Quarter",1112010
"Yangon Region","Ahlone Township","Thit Taw Quarter",1112011
"Yangon Region","Lanmadaw Township","No (1) Quarter",1113001
"Yangon Region","Lanmadaw Township","No (2) Quarter",1113002
"Yangon Region","Lanmadaw Township","No (3) Quarter",1113003
"Yangon Region","Lanmadaw Township","No (4) Quarter",1113004
"Yangon Region","Lanmadaw Township","No (5) Quarter",1113005
"Yangon Region","Lanmadaw Township","No (6) Quarter",1113006
"Yangon Region","Lanmadaw Township","No (7) Quarter",1113007
"Yangon Region","Lanmadaw Township","No (8) Quarter",1113008
"Yangon Region","Lanmadaw Township","No (9) Quarter",1113009
"Yangon Region","Lanmadaw Township","No (10) Quarter",1113010
"Yangon Region","Lanmadaw Township","No (11) Quarter",1113011
"Yangon Region","Lanmadaw Township","No (12) Quarter",1113012
"Yangon Region","Lanmadaw Township","Maw Tin Yar Yi Zay Quarter",1113013
"Yangon Region","Pabedan Township","No (1) Quarter",1114001
"Yangon Region","Pabedan Township","No (2) Quarter",1114002
"Yangon Region","Pabedan Township","No (3) Quarter",1114003
"Yangon Region","Pabedan Township","No (4) Quarter",1114004
"Yangon Region","Pabedan Township","No (5) Quarter",1114005
"Yangon Region","Pabedan Township","No (6) Quarter",1114006
"Yangon Region","Pabedan Township","No (7) Quarter",1114007
"Yangon Region","Pabedan Township","No (8) Quarter",1114008
"Yangon Region","Pabedan Township","No (9) Quarter",1114009
"Yangon Region","Pabedan Township","No (10) Quarter",1114010
"Yangon Region","Pabedan Township","No (11) Quarter",1114011
"Yangon Region","Latha Township","No (1) Quarter",1115001
"Yangon Region","Latha Township","No (2) Quarter",1115002
"Yangon Region","Latha Township","No (3) Quarter",1115003
"Yangon Region","Latha Township","No (4) Quarter",1115004
"Yangon Region","Latha Township","No (5) Quarter",1115005
"Yangon Region","Latha Township","No (6) Quarter",1115006
"Yangon Region","Latha Township","No (7) Quarter",1115007
"Yangon Region","Latha Township","No (8) Quarter",1115008
"Yangon Region","Latha Township","No (9) Quarter",1115009
"Yangon Region","Latha Township","No (10) Quarter",1115010
"Yangon Region","Botahtaung Township","No (1) Quarter",1116001
"Yangon Region","Botahtaung Township","No (2) Quarter",1116002
"Yangon Region","Botahtaung Township","No (3) Quarter",1116003
"Yangon Region","Botahtaung Township","No (4) Quarter",1116004
"Yangon Region","Botahtaung Township","No (5) Quarter",1116005
"Yangon Region","Botahtaung Township","No (6) Quarter",1116006
"Yangon Region","Botahtaung Township","No (7) Quarter",1116007
"Yangon Region","Botahtaung Township","No (8) Quarter",1116008
"Yangon Region","Botahtaung Township","No (9) Quarter",1116009
"Yangon Region","Botahtaung Township","No (10) Quarter",1116010
"Yangon Region","Botahtaung Township","Seik Kan Mi Thar Su Yeik Thar Quarter",1116011
"Yangon Region","Botahtaung Township","Ye Yeik Thar Quarter",1116012
"Yangon Region","Pazundaung Township","No (1) Quarter",1117001
"Yangon Region","Pazundaung Township","No (2) Quarter",1117002
"Yangon Region","Pazundaung Township","No (3) Quarter",1117003
"Yangon Region","Pazundaung Township","No (4) Quarter",1117004
"Yangon Region","Pazundaung Township","No (5) Quarter",1117005
"Yangon Region","Pazundaung Township","No (6) Quarter",1117006
"Yangon Region","Pazundaung Township","No (7) Quarter",1117007
"Yangon Region","Pazundaung Township","No (8) Quarter",1117008
"Yangon Region","Pazundaung Township","No (9) Quarter",1117009
"Yangon Region","Pazundaung Township","No (10) Quarter",1117010
"Yangon Region","Kyauktada Township","No (1) Quarter",1118001
"Yangon Region","Kyauktada Township","No (2) Quarter",1118002
"Yangon Region","Kyauktada Township","No (3) Quarter",1118003
"Yangon Region","Kyauktada Township","No (4) Quarter",1118004
"Yangon Region","Kyauktada Township","No (5) Quarter",1118005
"Yangon Region","Kyauktada Township","No (6) Quarter",1118006
"Yangon Region","Kyauktada Township","No (7) Quarter",1118007
"Yangon Region","Kyauktada Township","No (8) Quarter",1118008
"Yangon Region","Kyauktada Township","No (9) Quarter",1118009
"Yangon Region","Dagon Township","Yaw Min Gyi Quarter",1119001
"Yangon Region","Dagon Township","U Wi Sa Ra Quarter",1119002
"Yangon Region","Dagon Township","Pyay Lan (East) Quarter",1119003
"Yangon Region","Dagon Township","Pyay Lan (West) Quarter",1119004
"Yangon Region","Dagon Township","Hpa Yar Gyi Quarter",1119005
"Yangon Region","Bahan Township","Myo Ma Quarter",1120001
"Yangon Region","Bahan Township","Gyar Taw Ya Quarter",1120002
"Yangon Region","Bahan Township","Yae Tar Shey Quarter",1120003
"Yangon Region","Bahan Township","Shwe Gon Taing (West) Quarter",1120004
"Yangon Region","Bahan Township","Shwe Taung Kyar No (1) Quarter",1120005
"Yangon Region","Bahan Township","Shwe Taung Kyar No (2) Quarter",1120006
"Yangon Region","Bahan Township","Sa Yar San (North/West) Quarter",1120007
"Yangon Region","Bahan Township","Sa Yar San (North/East) Quarter",1120008
"Yangon Region","Bahan Township","Sa Yar San (South) Quarter",1120009
"Yangon Region","Bahan Township","Thar Tha Na Yeik Thar Quarter",1120010
"Yangon Region","Bahan Township","Kyaik Ka San Quarter",1120011
"Yangon Region","Bahan Township","Bo Sein Hman Quarter",1120012
"Yangon Region","Bahan Township","Shwe Gon Taing (East) Quarter",1120013
"Yangon Region","Bahan Township","Shwe Gon Taing (Middle) Quarter",1120014
"Yangon Region","Bahan Township","Koet Min Koet Chin Quarter",1120015
"Yangon Region","Bahan Township","Ngar Htat Gyi (West/Yae Lel) Quarter",1120016
"Yangon Region","Bahan Township","Ngar Htat Gyi (North) Quarter",1120017
"Yangon Region","Bahan Township","Ngar Htat Gyi (Sorth) Quarter",1120018
"Yangon Region","Bahan Township","Bo Cho No (1) Quarter",1120019
"Yangon Region","Bahan Township","Bo Cho No (2) Quarter",1120020
"Yangon Region","Bahan Township","Sa Yar San Quarter",1120021
"Yangon Region","Bahan Township","Shwe Nant Thar Quarter",1120022
"Yangon Region","Tamwe Township","Ma Au Kone Quarter",1121001
"Yangon Region","Tamwe Township","Pon Nar Kone Quarter",1121002
"Yangon Region","Tamwe Township","Ah Yoe Kone Quarter",1121003
"Yangon Region","Tamwe Township","Pyar Yay Kone Quarter",1121004
"Yangon Region","Tamwe Township","Nat Mauk Quarter",1121005
"Yangon Region","Tamwe Township","Bo Lein Aung Min Ga Lar Quarter",1121006
"Yangon Region","Tamwe Township","Kyauk Myaung Gyi Quarter",1121007
"Yangon Region","Tamwe Township","Kyauk Myaung Ah Htet Quarter",1121008
"Yangon Region","Tamwe Township","Kyauk Myaung (East) Quarter",1121009
"Yangon Region","Tamwe Township","Pa Thein Nyunt Quarter",1121010
"Yangon Region","Tamwe Township","Kyar Kwet Thit Quarter",1121011
"Yangon Region","Tamwe Township","Byaing Yae Oe Sin Kwet Thit Quarter",1121012
"Yangon Region","Tamwe Township","Byaing Yae Oe Sin Ywar Ma Quarter",1121013
"Yangon Region","Tamwe Township","Ma Hlwa Kone Htay Kywe (Ka Gyi) Quarter",1121014
"Yangon Region","Tamwe Township","Nat Chaung Quarter",1121015
"Yangon Region","Tamwe Township","Tar Mway Gyi (Ka Gyi + Ga Nge) Quarter",1121016
"Yangon Region","Tamwe Township","Tar Mway Gyi (Kha Gway) Quarter",1121017
"Yangon Region","Tamwe Township","Myit Tar Nyunt Quarter",1121018
"Yangon Region","Tamwe Township","Tar Mway Lay Quarter",1121019
"Yangon Region","Tamwe Township","Man Aung Quarter",1121020
"Yangon Region","Mingalartaungnyunt Township","U Yin Quarter",1122001
"Yangon Region","Mingalartaungnyunt Township","San Pya Hpa Sa Pa La Quarter",1122002
"Yangon Region","Mingalartaungnyunt Township","Kan Taw Ka Lay (North) Quarter",1122003
"Yangon Region","Mingalartaungnyunt Township","Kan Taw Ka Lay (West) Quarter",1122004
"Yangon Region","Mingalartaungnyunt Township","Kan Taw Ka Lay (East) Quarter",1122005
"Yangon Region","Mingalartaungnyunt Township","Kan Taw Ka Lay (South) Quarter",1122006
"Yangon Region","Mingalartaungnyunt Township","Thein Hpyu Mee Ya Htar Quarter",1122007
"Yangon Region","Mingalartaungnyunt Township","Lut Lat Yay Quarter",1122008
"Yangon Region","Mingalartaungnyunt Township","Hpoet Myay Quarter",1122009
"Yangon Region","Mingalartaungnyunt Township","Taung Nyunt Mee Ya Htar Quarter",1122010
"Yangon Region","Mingalartaungnyunt Township","Min Ga Lar Taung Nyunt Quarter",1122011
"Yangon Region","Mingalartaungnyunt Township","Kyee Taw Quarter",1122012
"Yangon Region","Mingalartaungnyunt Township","Taung Lone Pyan Quarter",1122013
"Yangon Region","Mingalartaungnyunt Township","Yae Twin Kone Quarter",1122014
"Yangon Region","Mingalartaungnyunt Township","The Pyay Kone Quarter",1122015
"Yangon Region","Mingalartaungnyunt Township","Thar Yar Kone Quarter",1122016
"Yangon Region","Mingalartaungnyunt Township","Pa Thein Nyunt Quarter",1122017
"Yangon Region","Mingalartaungnyunt Township","Ma Hlwa Kone Mee Ya Htar Quarter",1122018
"Yangon Region","Mingalartaungnyunt Township","Sat San Quarter",1122019
"Yangon Region","Mingalartaungnyunt Township","Ku Toet Seik Quarter",1122020
"Yangon Region","Thaketa Township","Set Hmu Let Hmu Quarter",1123001
"Yangon Region","Thaketa Township","No (1) Ah Naw Mar Quarter",1123002
"Yangon Region","Thaketa Township","No (1) Htu Par Yon Quarter",1123003
"Yangon Region","Thaketa Township","No (2) (South) Quarter",1123004
"Yangon Region","Thaketa Township","No (2) (North) Quarter",1123005
"Yangon Region","Thaketa Township","No (3) Yan Pyay Quarter",1123006
"Yangon Region","Thaketa Township","No (3) Man Pyay Quarter",1123007
"Yangon Region","Thaketa Township","No (4) (South) Quarter",1123008
"Yangon Region","Thaketa Township","No (4) (North) Quarter",1123009
"Yangon Region","Thaketa Township","No (5) Quarter",1123010
"Yangon Region","Thaketa Township","No (6)  (East) Quarter",1123011
"Yangon Region","Thaketa Township","No (6) (West) Quarter",1123012
"Yangon Region","Thaketa Township","No (7)  (East) Quarter",1123013
"Yangon Region","Thaketa Township","No (7) (West) Quarter",1123014
"Yangon Region","Thaketa Township","No (8) Quarter",1123015
"Yangon Region","Thaketa Township","No (9) Quarter",1123016
"Yangon Region","Thaketa Township","No (10)  (South) Quarter",1123017
"Yangon Region","Thaketa Township","No (10)  (North) Quarter",1123018
"Yangon Region","Thaketa Township","Shu Khin Thar Quarter",1123019
"Yangon Region","Dawbon Township","Nwe Aye Quarter",1124001
"Yangon Region","Dawbon Township","Bamar Aye Quarter",1124002
"Yangon Region","Dawbon Township","Bo Htun Zan Quarter",1124003
"Yangon Region","Dawbon Township","Kyi Su Quarter",1124004
"Yangon Region","Dawbon Township","Say Sat Quarter",1124005
"Yangon Region","Dawbon Township","Myo Thit Quarter",1124006
"Yangon Region","Dawbon Township","Pa Thein Myay Ward Quarter",1124007
"Yangon Region","Dawbon Township","War So Quarter",1124008
"Yangon Region","Dawbon Township","Aung Chan Thar Quarter",1124009
"Yangon Region","Dawbon Township","La Mu Tan Quarter",1124010
"Yangon Region","Dawbon Township","Ya Mon Nar (2) Quarter",1124011
"Yangon Region","Dawbon Township","Ya Mon Nar (1) Quarter",1124012
"Yangon Region","Dawbon Township","Zay Yar Thi Ri Quarter",1124013
"Yangon Region","Dawbon Township","Thin Baw Kyin Quarter",1124014
"Yangon Region","Shwepyithar Township","No (1) Quarter",1125001
"Yangon Region","Shwepyithar Township","No (2) Quarter",1125002
"Yangon Region","Shwepyithar Township","No (3) Quarter",1125003
"Yangon Region","Shwepyithar Township","No (4) Quarter",1125004
"Yangon Region","Shwepyithar Township","No (5) Quarter",1125005
"Yangon Region","Shwepyithar Township","No (6) Quarter",1125006
"Yangon Region","Shwepyithar Township","No (7) Quarter",1125007
"Yangon Region","Shwepyithar Township","No (8) Quarter",1125008
"Yangon Region","Shwepyithar Township","No (9) Quarter",1125009
"Yangon Region","Shwepyithar Township","No (10) Quarter",1125010
"Yangon Region","Shwepyithar Township","No (11) Quarter",1125011
"Yangon Region","Shwepyithar Township","No (12) Quarter",1125012
"Yangon Region","Shwepyithar Township","No (13) Quarter",1125013
"Yangon Region","Shwepyithar Township","No (14) Quarter",1125014
"Yangon Region","Shwepyithar Township","No (15) Quarter",1125015
"Yangon Region","Shwepyithar Township","No (16) Quarter",1125016
"Yangon Region","Shwepyithar Township","No (17) Quarter",1125017
"Yangon Region","Shwepyithar Township","No (18) Quarter",1125018
"Yangon Region","Shwepyithar Township","No (19) Quarter",1125019
"Yangon Region","Shwepyithar Township","No (20) Quarter",1125020
"Yangon Region","Shwepyithar Township","No (21) Quarter",1125021
"Yangon Region","Shwepyithar Township","No (22) Quarter",1125022
"Yangon Region","Shwepyithar Township","No (23) Quarter",1125023
"Yangon Region","Shwepyithar Township","Oke Hpo Village Tract",1125200
"Yangon Region","Shwepyithar Township","Zee Kone Village Tract",1125201
"Yangon Region","Shwepyithar Township","Kyaung Kone Village Tract",1125202
"Yangon Region","Shwepyithar Township","Hlaw Kar Village Tract",1125203
"Yangon Region","Dala Township","Tha Ma Ta Kan Chay Quarter",1126001
"Yangon Region","Dala Township","Ant Gyi Ah Shey (Ant Gyi) Quarter",1126002
"Yangon Region","Dala Township","Ant Gyi Ah Nauk (Pyin Ma Kone) Quarter",1126003
"Yangon Region","Dala Township","No (6) Quarter",1126004
"Yangon Region","Dala Township","No (11/14) Quarter",1126005
"Yangon Region","Dala Township","Nyaung Kone Quarter",1126006
"Yangon Region","Dala Township","Myo Ma Ah Paing (1) Quarter",1126007
"Yangon Region","Dala Township","Myo Ma Ah Paing (2) Quarter",1126008
"Yangon Region","Dala Township","Myo Ma Ah Paing (3) Quarter",1126009
"Yangon Region","Dala Township","Myo Ma Ah Paing (4) Quarter",1126010
"Yangon Region","Dala Township","Aung Min Ga Lar Quarter",1126011
"Yangon Region","Dala Township","BI / IF Quarter",1126012
"Yangon Region","Dala Township","Set Myay Quarter",1126013
"Yangon Region","Dala Township","Ka Mar Ka Thwei Quarter",1126014
"Yangon Region","Dala Township","Ka Mar Ka Sit Quarter",1126015
"Yangon Region","Dala Township","Hmaw Set Quarter",1126016
"Yangon Region","Dala Township","Sar Par Chaung /Kyaung Su Quarter",1126017
"Yangon Region","Dala Township","Kyan Sit Thar Quarter",1126018
"Yangon Region","Dala Township","Ta Pin Shwe Htee Quarter",1126019
"Yangon Region","Dala Township","Ba Yint Naung Quarter",1126020
"Yangon Region","Dala Township","Ba Nyar Da La Quarter",1126021
"Yangon Region","Dala Township","Yar Za Thin Gyan Quarter",1126022
"Yangon Region","Dala Township","Kyan Mar Yay Wun Htan Ein Yar Quarter",1126023
"Yangon Region","Dala Township","Tar Gyi Quarter",1126024
"Yangon Region","Dala Township","Rakhine Chaung (South) Village Tract",1126200
"Yangon Region","Dala Township","Rakhine Chaung (North) Village Tract",1126201
"Yangon Region","Dala Township","Da Noke San Pya Village Tract",1126202
"Yangon Region","Dala Township","Nyaung Chaung Village Tract",1126203
"Yangon Region","Dala Township","Tone Tin Gan (South) Village Tract",1126204
"Yangon Region","Dala Township","Tone Tin Gan (North) Village Tract",1126205
"Yangon Region","Dala Township","Boe Hpyu Chaung Village Tract",1126206
"Yangon Region","Dala Township","Kha Naung (Ywar Ma) Village Tract",1126207
"Yangon Region","Dala Township","Kha Naung (Upper) Village Tract",1126208
"Yangon Region","Dala Township","Kha Naung (Shan Su) Village Tract",1126209
"Yangon Region","Dala Township","Ta Dar Chaung Village Tract",1126210
"Yangon Region","Dala Township","Ye Chaung Village Tract",1126211
"Yangon Region","Dala Township","Tha Pyay Kone Village Tract",1126212
"Yangon Region","Dala Township","Nyaung Ngoke To Village Tract",1126213
"Yangon Region","Dala Township","Htaw (Lower) Village Tract",1126214
"Yangon Region","Dala Township","Ye Chaung Wa Village Tract",1126215
"Yangon Region","Dala Township","Pyawbwe Gyi Village Tract",1126216
"Yangon Region","Dala Township","Shwe Hlay Chaung Village Tract",1126217
"Yangon Region","Dala Township","Nyaung Pin Village Tract",1126218
"Yangon Region","Dala Township","Kywe Lu Aing Village Tract",1126219
"Yangon Region","Dala Township","Than Ban Chaung Village Tract",1126220
"Yangon Region","Dala Township","Htu Gyi Village Tract",1126221
"Yangon Region","Dala Township","Tha Yaw Tan Village Tract",1126222
"Yangon Region","Seikgyikanaungto Township","Seik Gyi (East) Quarter",1127001
"Yangon Region","Seikgyikanaungto Township","Seik Gyi (West) Quarter",1127002
"Yangon Region","Seikgyikanaungto Township","Kha Naung To (East) Quarter",1127003
"Yangon Region","Seikgyikanaungto Township","Kha Naung To (West) Quarter",1127004
"Yangon Region","Seikgyikanaungto Township","U Htun Oh Quarter",1127005
"Yangon Region","Seikgyikanaungto Township","Pan Pin Chaung Quarter",1127006
"Yangon Region","Seikgyikanaungto Township","No (5/6/7) Quarter",1127007
"Yangon Region","Seikgyikanaungto Township","Chaung Waing Lay Quarter",1127008
"Yangon Region","Seikgyikanaungto Township","Tha Khin Ba Thaung Quarter",1127009
"Yangon Region","Cocokyun Township","No (1) Quarter",1128001
"Yangon Region","Cocokyun Township","No (2) Quarter",1128002
"Yangon Region","Thanlyin Township","Myo Haung (West) Quarter",1129001
"Yangon Region","Thanlyin Township","Myo Haung (Middle) Quarter",1129002
"Yangon Region","Thanlyin Township","Myo Haung (East) Quarter",1129003
"Yangon Region","Thanlyin Township","Thauk Taw Kwin Quarter",1129004
"Yangon Region","Thanlyin Township","Oke Hpo Su Quarter",1129005
"Yangon Region","Thanlyin Township","Ah Hmu Htan Quarter",1129006
"Yangon Region","Thanlyin Township","Bago Su Quarter",1129007
"Yangon Region","Thanlyin Township","Htan Pin Kone Quarter",1129008
"Yangon Region","Thanlyin Township","Myo Thit (East) Quarter",1129009
"Yangon Region","Thanlyin Township","Myo Thit (Middle) Quarter",1129010
"Yangon Region","Thanlyin Township","Myo Thit (West) Quarter",1129011
"Yangon Region","Thanlyin Township","Myo Ma (South) Quarter",1129012
"Yangon Region","Thanlyin Township","Myo Ma (North) Quarter",1129013
"Yangon Region","Thanlyin Township","Aung Min Ga Lar Quarter",1129014
"Yangon Region","Thanlyin Township","Dahr Gar Quarter",1129015
"Yangon Region","Thanlyin Township","Yae Nan Quarter",1129016
"Yangon Region","Thanlyin Township","Aung Chan Thar Quarter",1129017
"Yangon Region","Thanlyin Township","Win Kha Nee Village Tract",1129200
"Yangon Region","Thanlyin Township","Hpar Ku (East) Village Tract",1129201
"Yangon Region","Thanlyin Township","Hpar Ku (West) Village Tract",1129202
"Yangon Region","Thanlyin Township","Day Zat Village Tract",1129203
"Yangon Region","Thanlyin Township","Yone Tha Pyay Kan Village Tract",1129204
"Yangon Region","Thanlyin Township","Min Ga Lun Village Tract",1129205
"Yangon Region","Thanlyin Township","Baw Tha Pyay Kan Village Tract",1129206
"Yangon Region","Thanlyin Township","Kayin Seik Village Tract",1129207
"Yangon Region","Thanlyin Township","Tha Pyay Kone Village Tract",1129208
"Yangon Region","Thanlyin Township","Bagan Taung Village Tract",1129209
"Yangon Region","Thanlyin Township","Ah Lun Soke Village Tract",1129210
"Yangon Region","Thanlyin Township","Kyaung Kone Seik Gyi (a) Gya Mar Village Tract",1129211
"Yangon Region","Thanlyin Township","Let Yet San Village Tract",1129212
"Yangon Region","Thanlyin Township","Thu Htay Kwin Village Tract",1129213
"Yangon Region","Thanlyin Township","Sit Pin Kwin Village Tract",1129214
"Yangon Region","Thanlyin Township","Ba Yet Village Tract",1129215
"Yangon Region","Thanlyin Township","Nga Byay Ma Village Tract",1129216
"Yangon Region","Thanlyin Township","Nga/Pa Village Tract",1129217
"Yangon Region","Thanlyin Township","Tha Nat Pin Village Tract",1129218
"Yangon Region","Thanlyin Township","Bo Gyoke Village Tract",1129219
"Yangon Region","Thanlyin Township","Nyaung Thone Pin Village Tract",1129220
"Yangon Region","Thanlyin Township","Hpa Yar Kone Village Tract",1129221
"Yangon Region","Thanlyin Township","La Har Yet Village Tract",1129222
"Yangon Region","Thanlyin Township","Ka Dat Hpyar Village Tract",1129223
"Yangon Region","Thanlyin Township","Nyaung Lay Pin Village Tract",1129224
"Yangon Region","Thanlyin Township","Ku Lar Wea Village Tract",1129225
"Yangon Region","Thanlyin Township","Say Lone Gyi Village Tract",1129226
"Yangon Region","Thanlyin Township","Chaung Sauk Village Tract",1129227
"Yangon Region","Kyauktan Township","Ah Shey Paing Quarter",1130001
"Yangon Region","Kyauktan Township","Ah Lel Paing Quarter",1130002
"Yangon Region","Kyauktan Township","Ah Nauk Paing Quarter",1130003
"Yangon Region","Kyauktan Township","Sin Kan Quarter",1130004
"Yangon Region","Kyauktan Township","Shwe Kone Quarter",1130005
"Yangon Region","Kyauktan Township","San Chein Hmi Quarter",1130006
"Yangon Region","Kyauktan Township","Thi Dar Myaing Quarter",1130007
"Yangon Region","Kyauktan Township","Shwe Pyi Thar Yar Quarter",1130008
"Yangon Region","Kyauktan Township","Aye Mya Thi Dar Quarter",1130009
"Yangon Region","Kyauktan Township","Kan Pyaung Village Tract",1130200
"Yangon Region","Kyauktan Township","Pi La Khat Village Tract",1130201
"Yangon Region","Kyauktan Township","Kyon Kan Village Tract",1130202
"Yangon Region","Kyauktan Township","Wea Gyi Village Tract",1130203
"Yangon Region","Kyauktan Township","Ywar Thit Gyi Village Tract",1130204
"Yangon Region","Kyauktan Township","Kyan Pin Village Tract",1130205
"Yangon Region","Kyauktan Township","Thaung Gyi Village Tract",1130206
"Yangon Region","Kyauktan Township","Kayin Chaung Village Tract",1130207
"Yangon Region","Kyauktan Township","Zwe Ka Nar Village Tract",1130208
"Yangon Region","Kyauktan Township","Ah Se Village Tract",1130209
"Yangon Region","Kyauktan Township","Min Ga Lun Village Tract",1130210
"Yangon Region","Kyauktan Township","Na Ywe Chaung Village Tract",1130211
"Yangon Region","Kyauktan Township","Sit Ta Pin Village Tract",1130212
"Yangon Region","Kyauktan Township","Mya Kaing Village Tract",1130213
"Yangon Region","Kyauktan Township","Boe Ba Village Tract",1130214
"Yangon Region","Kyauktan Township","Tha Nat Pin Chin Village Tract",1130215
"Yangon Region","Kyauktan Township","Baw Ga Lut Village Tract",1130216
"Yangon Region","Kyauktan Township","Chaung Wa Village Tract",1130217
"Yangon Region","Kyauktan Township","Kwa Hnee Village Tract",1130218
"Yangon Region","Kyauktan Township","Zwe Bar Kone Tan Village Tract",1130219
"Yangon Region","Kyauktan Township","Nyaung Waing Village Tract",1130220
"Yangon Region","Kyauktan Township","Yae Kyaw Village Tract",1130221
"Yangon Region","Kyauktan Township","Kyar Kan Village Tract",1130222
"Yangon Region","Kyauktan Township","Par Da Gyi Village Tract",1130223
"Yangon Region","Kyauktan Township","U Yin Village Tract",1130224
"Yangon Region","Kyauktan Township","Shwe Pyauk Village Tract",1130225
"Yangon Region","Kyauktan Township","Pan Taw Village Tract",1130226
"Yangon Region","Kyauktan Township","Ywar Thit Ka Lay Village Tract",1130227
"Yangon Region","Kyauktan Township","Mee Pya Village Tract",1130228
"Yangon Region","Kyauktan Township","Ka Mar Ka Loke Village Tract",1130229
"Yangon Region","Kyauktan Township","Kha Naung Village Tract",1130230
"Yangon Region","Kyauktan Township","Sin Ma Kaw Village Tract",1130231
"Yangon Region","Kyauktan Township","Pan Chaung Village Tract",1130232
"Yangon Region","Kyauktan Township","Tar Pat Village Tract",1130233
"Yangon Region","Kyauktan Township","Ka Dat Pa Na Village Tract",1130234
"Yangon Region","Kyauktan Township","Win Gyi Village Tract",1130235
"Yangon Region","Kyauktan Township","Sit Tan Village Tract",1130236
"Yangon Region","Kyauktan Township","Poke Ta Loke Village Tract",1130237
"Yangon Region","Kyauktan Township","Ma Yan Bay Village Tract",1130238
"Yangon Region","Kyauktan Township","Shan Chaung Village Tract",1130239
"Yangon Region","Kyauktan Township","Tu Myaung Village Tract",1130240
"Yangon Region","Kyauktan Township","Ta Man Gyi Kone Village Tract",1130241
"Yangon Region","Kyauktan Township","Aung Chan Thar Village Tract",1130242
"Yangon Region","Kyauktan Township","Ku Lar Tan Village Tract",1130243
"Yangon Region","Kyauktan Township","Boe Kone Village Tract",1130244
"Yangon Region","Kyauktan Township","Zee Hpyu Pin Village Tract",1130245
"Yangon Region","Thongwa Township","No (1) Quarter",1131001
"Yangon Region","Thongwa Township","No (2) Quarter",1131002
"Yangon Region","Thongwa Township","No (3) Quarter",1131003
"Yangon Region","Thongwa Township","No (4) Quarter",1131004
"Yangon Region","Thongwa Township","No (5) Quarter",1131005
"Yangon Region","Thongwa Township","No (6) Quarter",1131006
"Yangon Region","Thongwa Township","No (7) Quarter",1131007
"Yangon Region","Thongwa Township","No (8) Quarter",1131008
"Yangon Region","Thongwa Township","No (9) Quarter",1131009
"Yangon Region","Thongwa Township","No (10) Quarter",1131010
"Yangon Region","Thongwa Township","No (11) Quarter",1131011
"Yangon Region","Thongwa Township","No (12) Quarter",1131012
"Yangon Region","Thongwa Township","Pale Village Tract",1131200
"Yangon Region","Thongwa Township","Nyaung Ni Village Tract",1131201
"Yangon Region","Thongwa Township","Ywar Thit Village Tract",1131202
"Yangon Region","Thongwa Township","Thaik Tu Kan Village Tract",1131203
"Yangon Region","Thongwa Township","Kan Myint Village Tract",1131204
"Yangon Region","Thongwa Township","Pyin Ma Kan Village Tract",1131205
"Yangon Region","Thongwa Township","Ye Nwet Village Tract",1131206
"Yangon Region","Thongwa Township","Kyar Win Village Tract",1131207
"Yangon Region","Thongwa Township","Bant Bway Village Tract",1131208
"Yangon Region","Thongwa Township","Min Village Tract",1131209
"Yangon Region","Thongwa Township","Eik Tha Ya Village Tract",1131210
"Yangon Region","Thongwa Township","Thongwa (West) Village Tract",1131211
"Yangon Region","Thongwa Township","Nan Yaw Village Tract",1131212
"Yangon Region","Thongwa Township","Pa Dat Taing Village Tract",1131213
"Yangon Region","Thongwa Township","Let Pan Nan Kha Le Village Tract",1131214
"Yangon Region","Thongwa Township","Sa Bai Chaung Village Tract",1131215
"Yangon Region","Thongwa Township","Kyon Kyeik Village Tract",1131216
"Yangon Region","Thongwa Township","Ka Dat Pa Na Village Tract",1131217
"Yangon Region","Thongwa Township","Se Village Tract",1131218
"Yangon Region","Thongwa Township","Tha Yaw Taw Village Tract",1131219
"Yangon Region","Thongwa Township","Ah Hpaung Village Tract",1131220
"Yangon Region","Thongwa Township","Thea Kone Village Tract",1131221
"Yangon Region","Thongwa Township","Kyar Bo Village Tract",1131222
"Yangon Region","Thongwa Township","Ah Zat Wa Village Tract",1131223
"Yangon Region","Thongwa Township","Hpa Yar Gyi Village Tract",1131224
"Yangon Region","Thongwa Township","Ta Man Gyi Village Tract",1131225
"Yangon Region","Thongwa Township","Ah Zan Taw Sun Village Tract",1131226
"Yangon Region","Thongwa Township","Hpa Yon Kan Village Tract",1131227
"Yangon Region","Thongwa Township","Mi Chaung Kan Village Tract",1131228
"Yangon Region","Thongwa Township","Ta Kaw Village Tract",1131229
"Yangon Region","Thongwa Township","Let Pan Kyoe Village Tract",1131230
"Yangon Region","Thongwa Township","Yae Paw Kan Village Tract",1131231
"Yangon Region","Thongwa Township","Tha Khut Kone Village Tract",1131232
"Yangon Region","Thongwa Township","Shan Su Village Tract",1131233
"Yangon Region","Thongwa Township","Kun Ka La Village Tract",1131234
"Yangon Region","Thongwa Township","Bagan Taung Su Village Tract",1131235
"Yangon Region","Thongwa Township","Pa Toke Village Tract",1131236
"Yangon Region","Thongwa Township","Zwe Htaw Village Tract",1131237
"Yangon Region","Thongwa Township","Htone Gyi Village Tract",1131238
"Yangon Region","Thongwa Township","Kone Kha Lar Village Tract",1131239
"Yangon Region","Thongwa Township","Ka Tone Paw (Upper) Village Tract",1131240
"Yangon Region","Thongwa Township","Ka Tone Paw (Middle) Village Tract",1131241
"Yangon Region","Thongwa Township","Let Pan Chaung Village Tract",1131242
"Yangon Region","Thongwa Township","Ma Gyi Pin Chaung Village Tract",1131243
"Yangon Region","Thongwa Township","Kaing Kone Village Tract",1131244
"Yangon Region","Thongwa Township","Kywe Te Kone Village Tract",1131245
"Yangon Region","Thongwa Township","Nyaung Pin Khin Tan Village Tract",1131246
"Yangon Region","Thongwa Township","Ah Lan Kone Village Tract",1131247
"Yangon Region","Thongwa Township","Sit Kone Taw Sun Village Tract",1131248
"Yangon Region","Thongwa Township","Tin Taung Chaung Village Tract",1131249
"Yangon Region","Thongwa Township","Hmo Kone Thar Village Tract",1131250
"Yangon Region","Thongwa Township","Aung Pan Sein Village Tract",1131251
"Yangon Region","Thongwa Township","Aung Thar Dan Village Tract",1131252
"Yangon Region","Thongwa Township","Aw Bar Nyunt Village Tract",1131253
"Yangon Region","Thongwa Township","Beik Theik Village Tract",1131254
"Yangon Region","Thongwa Township","Ma Har Meik Village Tract",1131255
"Yangon Region","Thongwa Township","Hay Ma Za Lar Village Tract",1131256
"Yangon Region","Thongwa Township","Min Ywar Ah Thin Village Tract",1131257
"Yangon Region","Thongwa Township","Tha Ma Seik Ta Village Tract",1131258
"Yangon Region","Thongwa Township","Thar Thar Myaing Village Tract",1131259
"Yangon Region","Thongwa Township","Thar Ga Ra Village Tract",1131260
"Yangon Region","Thongwa Township","Htun Sein Ah Thin Village Tract",1131261
"Yangon Region","Thongwa Township","Zaw Ti Ka Village Tract",1131262
"Yangon Region","Thongwa Township","Yan Gyi Aung Village Tract",1131263
"Yangon Region","Kayan Township","No (1) Quarter",1132001
"Yangon Region","Kayan Township","No (2) Quarter",1132002
"Yangon Region","Kayan Township","No (3) Quarter",1132003
"Yangon Region","Kayan Township","No (4) Quarter",1132004
"Yangon Region","Kayan Township","No (5) Quarter",1132005
"Yangon Region","Kayan Township","No (6) Quarter",1132006
"Yangon Region","Kayan Township","No (7) Quarter",1132007
"Yangon Region","Kayan Township","No (8) Quarter",1132008
"Yangon Region","Kayan Township","No (9) Quarter",1132009
"Yangon Region","Kayan Township","No (10) Quarter",1132010
"Yangon Region","Kayan Township","No (11) Quarter",1132011
"Yangon Region","Kayan Township","No (12) Quarter",1132012
"Yangon Region","Kayan Township","Kun Moe Dein Quarter",1132013
"Yangon Region","Kayan Township","Pauk Pin Village Tract",1132200
"Yangon Region","Kayan Township","Ka Mar Mat Village Tract",1132201
"Yangon Region","Kayan Township","Met Ka Than Village Tract",1132202
"Yangon Region","Kayan Township","Kyone Kyone Kya Village Tract",1132203
"Yangon Region","Kayan Township","Oke Hpo Village Tract",1132204
"Yangon Region","Kayan Township","Maung Ma Village Tract",1132205
"Yangon Region","Kayan Township","Kyu Taw Village Tract",1132206
"Yangon Region","Kayan Township","Ka Mar Chaik Village Tract",1132207
"Yangon Region","Kayan Township","Ah Lel Ywar Village Tract",1132208
"Yangon Region","Kayan Township","Aye Ywar Village Tract",1132209
"Yangon Region","Kayan Township","Swei Ka Tawt Village Tract",1132210
"Yangon Region","Kayan Township","Pein Kan Village Tract",1132211
"Yangon Region","Kayan Township","Hla Bi Lu Village Tract",1132212
"Yangon Region","Kayan Township","Ma Gyi Kan Village Tract",1132213
"Yangon Region","Kayan Township","Yoe Gyi Village Tract",1132214
"Yangon Region","Kayan Township","Kyon Tu Village Tract",1132215
"Yangon Region","Kayan Township","Ta Man Gyi Village Tract",1132216
"Yangon Region","Kayan Township","Ka Ma Ka Loke Village Tract",1132217
"Yangon Region","Kayan Township","Kayin Kan Village Tract",1132218
"Yangon Region","Kayan Township","Kan Nyi Naung Village Tract",1132219
"Yangon Region","Kayan Township","Kywe Ta Lin Village Tract",1132220
"Yangon Region","Kayan Township","Thet Kei Kone Village Tract",1132221
"Yangon Region","Kayan Township","Kha Mat Village Tract",1132222
"Yangon Region","Kayan Township","Kan Beit Village Tract",1132223
"Yangon Region","Kayan Township","Nyaung Pin Kwin Village Tract",1132224
"Yangon Region","Kayan Township","Bagan Taung Village Tract",1132225
"Yangon Region","Kayan Township","Pan Taw Chaung Village Tract",1132226
"Yangon Region","Kayan Township","Day Pauk Village Tract",1132227
"Yangon Region","Kayan Township","Kayin Su Village Tract",1132228
"Yangon Region","Kayan Township","Hpa Yar Pyo Village Tract",1132229
"Yangon Region","Kayan Township","Kwin Hlyar Shey Village Tract",1132230
"Yangon Region","Kayan Township","Hta Yan Kan Village Tract",1132231
"Yangon Region","Kayan Township","Tha Pyu Kan Village Tract",1132232
"Yangon Region","Kayan Township","Pa Lu Kan Village Tract",1132233
"Yangon Region","Kayan Township","Ta Kaw Kan Village Tract",1132234
"Yangon Region","Kayan Township","Kyi Ni Chaung Village Tract",1132235
"Yangon Region","Kayan Township","Pyin Ma Kone Village Tract",1132236
"Yangon Region","Kayan Township","Kyar Kan Village Tract",1132237
"Yangon Region","Kayan Township","Pa Lu Village Tract",1132238
"Yangon Region","Kayan Township","Aung Chan Thar Village Tract",1132239
"Yangon Region","Kayan Township","Bo Ka Lay Village Tract",1132240
"Yangon Region","Kayan Township","Sin Kyu Village Tract",1132241
"Yangon Region","Kayan Township","Kan Kaung Village Tract",1132242
"Yangon Region","Kayan Township","Yae Kyaw Village Tract",1132243
"Yangon Region","Kayan Township","Ohn Pin Village Tract",1132244
"Yangon Region","Kayan Township","Nyaung Lan Village Tract",1132245
"Yangon Region","Kayan Township","Sin Min Aing Village Tract",1132246
"Yangon Region","Kayan Township","Kin Mun Chon Village Tract",1132247
"Yangon Region","Kayan Township","Zee Hpyu Pin Village Tract",1132248
"Yangon Region","Kayan Township","Kyon Kan Village Tract",1132249
"Yangon Region","Kayan Township","Nyaung Pin Thar Village Tract",1132250
"Yangon Region","Kayan Township","Sa Khan Gyi Village Tract",1132251
"Yangon Region","Kayan Township","Kan Thar Village Tract",1132252
"Yangon Region","Twantay Township","Kun Chan Quarter",1133001
"Yangon Region","Twantay Township","Zay Thit Quarter",1133002
"Yangon Region","Twantay Township","Ohn Pin Su Quarter",1133003
"Yangon Region","Twantay Township","Min Paing Quarter",1133004
"Yangon Region","Twantay Township","Kyun Taw Quarter",1133005
"Yangon Region","Twantay Township","Shwe San Taw Quarter",1133006
"Yangon Region","Twantay Township","Oe Bo (East) Quarter",1133007
"Yangon Region","Twantay Township","Oe Bo (West) Quarter",1133008
"Yangon Region","Twantay Township","Khat Ti Ya Village Tract",1133200
"Yangon Region","Twantay Township","Ah Ka la Village Tract",1133201
"Yangon Region","Twantay Township","Ka Tha Paung Village Tract",1133202
"Yangon Region","Twantay Township","Kywe Da Yut Village Tract",1133203
"Yangon Region","Twantay Township","Kayin Chaung Village Tract",1133204
"Yangon Region","Twantay Township","Kha Naung Htein Ta Pin Village Tract",1133205
"Yangon Region","Twantay Township","Sar Hpyu Su Village Tract",1133206
"Yangon Region","Twantay Township","Yae Twin Kone Village Tract",1133207
"Yangon Region","Twantay Township","Tu Chaung Gyi Village Tract",1133208
"Yangon Region","Twantay Township","Ma Wun Village Tract",1133209
"Yangon Region","Twantay Township","Kyi Seik Village Tract",1133210
"Yangon Region","Twantay Township","Tet Thit Village Tract",1133211
"Yangon Region","Twantay Township","Tha Wun Taw Village Tract",1133212
"Yangon Region","Twantay Township","Ta Khun Taing Village Tract",1133213
"Yangon Region","Twantay Township","Ah Dun Village Tract",1133214
"Yangon Region","Twantay Township","Twantay Wa Village Tract",1133215
"Yangon Region","Twantay Township","Pa Thi Village Tract",1133216
"Yangon Region","Twantay Township","Zee Hpyu Kone Village Tract",1133217
"Yangon Region","Twantay Township","Kha Lauk Chaik Village Tract",1133218
"Yangon Region","Twantay Township","Kha Yan Wa Village Tract",1133219
"Yangon Region","Twantay Township","Kha Yan Gyi Village Tract",1133220
"Yangon Region","Twantay Township","Kha Yan Hpyar Village Tract",1133221
"Yangon Region","Twantay Township","Ka Li Htaw Village Tract",1133222
"Yangon Region","Twantay Township","Kyi Tan Village Tract",1133223
"Yangon Region","Twantay Township","Ta Ka Hleit Village Tract",1133224
"Yangon Region","Twantay Township","Yae Kyaw Village Tract",1133225
"Yangon Region","Twantay Township","Ta Mar Ta Kaw Village Tract",1133226
"Yangon Region","Twantay Township","Ta Man Gyi Village Tract",1133227
"Yangon Region","Twantay Township","Kan Village Tract",1133228
"Yangon Region","Twantay Township","Ku Lar Tan Village Tract",1133229
"Yangon Region","Twantay Township","Ma Ngay (Middle) Village Tract",1133230
"Yangon Region","Twantay Township","Byauk Yoe Village Tract",1133231
"Yangon Region","Twantay Township","Let Pan Gwa Village Tract",1133232
"Yangon Region","Twantay Township","Kyun Ka lay Village Tract",1133233
"Yangon Region","Twantay Township","Ah Lat Chaung Village Tract",1133234
"Yangon Region","Twantay Township","Gyaung Waing Village Tract",1133235
"Yangon Region","Twantay Township","Pyawbwe Lay Village Tract",1133236
"Yangon Region","Twantay Township","Peik Swei Village Tract",1133237
"Yangon Region","Twantay Township","Yangon Pauk Village Tract",1133238
"Yangon Region","Twantay Township","Kyaik Tha Le Village Tract",1133239
"Yangon Region","Twantay Township","Hpa Yar Gyi Village Tract",1133240
"Yangon Region","Twantay Township","Pauk Taw Village Tract",1133241
"Yangon Region","Twantay Township","Hpa Yar Ngoke To (South) Village Tract",1133242
"Yangon Region","Twantay Township","Hpa Yar Ngoke To (North) Village Tract",1133243
"Yangon Region","Twantay Township","Kan Beit Village Tract",1133244
"Yangon Region","Twantay Township","San Village Tract",1133245
"Yangon Region","Twantay Township","Ah Yoe Taung Village Tract",1133246
"Yangon Region","Twantay Township","Kyun Bet Village Tract",1133247
"Yangon Region","Twantay Township","Ka Pin Gyi Village Tract",1133248
"Yangon Region","Twantay Township","Kyaung Su Village Tract",1133249
"Yangon Region","Twantay Township","Ah Lel Chaung Village Tract",1133250
"Yangon Region","Twantay Township","Ga Yat La Mee Village Tract",1133251
"Yangon Region","Twantay Township","Shwe Hlay Chaung (Twan) Village Tract",1133252
"Yangon Region","Twantay Township","Pya Tha Taik Village Tract",1133253
"Yangon Region","Twantay Township","Ah Twin Yae Kyaw Village Tract",1133254
"Yangon Region","Twantay Township","Ka Don Village Tract",1133255
"Yangon Region","Twantay Township","Hnget Pyaw San Village Tract",1133256
"Yangon Region","Twantay Township","Kha Loke Village Tract",1133257
"Yangon Region","Twantay Township","Wet Chaung Village Tract",1133258
"Yangon Region","Twantay Township","Shan Su Village Tract",1133259
"Yangon Region","Twantay Township","Htaw Tho Village Tract",1133260
"Yangon Region","Twantay Township","Ma Yan Ta Pin Village Tract",1133261
"Yangon Region","Twantay Township","Mar La Kar Rubber Chan Village Tract",1133262
"Yangon Region","Twantay Township","Ta Loke Htaw Village Tract",1133263
"Yangon Region","Twantay Township","Yangon Rubber Chan Village Tract",1133264
"Yangon Region","Kungyangon Township","Myo Ma Quarter",1134001
"Yangon Region","Kungyangon Township","Kan Gyi -Ma Gyi Tan Quarter",1134002
"Yangon Region","Kungyangon Township","Zay Paing Quarter",1134003
"Yangon Region","Kungyangon Township","Taung Bet Paing Quarter",1134004
"Yangon Region","Kungyangon Township","Min Paing Quarter",1134005
"Yangon Region","Kungyangon Township","Taw Pu Lwea Quarter",1134006
"Yangon Region","Kungyangon Township","San Pya Quarter",1134007
"Yangon Region","Kungyangon Township","Ka Mar Par Village Tract",1134200
"Yangon Region","Kungyangon Township","Kawt Dun Village Tract",1134201
"Yangon Region","Kungyangon Township","Kan Hylar Shey Village Tract",1134202
"Yangon Region","Kungyangon Township","Kayin Chaung Village Tract",1134203
"Yangon Region","Kungyangon Township","Ka Nyin Kone Village Tract",1134204
"Yangon Region","Kungyangon Township","Kya Khat Kone Gyi Village Tract",1134205
"Yangon Region","Kungyangon Township","Kya Khat Kone Lay Village Tract",1134206
"Yangon Region","Kungyangon Township","Kant Ma lar Village Tract",1134207
"Yangon Region","Kungyangon Township","Kha Lauk Ta Yar Village Tract",1134208
"Yangon Region","Kungyangon Township","Hnget Gyi Daung Village Tract",1134209
"Yangon Region","Kungyangon Township","Taik Gyi Village Tract",1134210
"Yangon Region","Kungyangon Township","Su Ka Lat Village Tract",1134211
"Yangon Region","Kungyangon Township","Seik Gyi Village Tract",1134212
"Yangon Region","Kungyangon Township","Nyaung Ngu Village Tract",1134213
"Yangon Region","Kungyangon Township","Taw Kha Yan Ah Shey Village Tract",1134214
"Yangon Region","Kungyangon Township","Taw Kha Yan Ah Nauk Village Tract",1134215
"Yangon Region","Kungyangon Township","Taung Kone 1 Village Tract",1134216
"Yangon Region","Kungyangon Township","Taw Ku Ah Shey Village Tract",1134217
"Yangon Region","Kungyangon Township","Taw Ku Ah Nauk Village Tract",1134218
"Yangon Region","Kungyangon Township","Taw Kyaung Village Tract",1134219
"Yangon Region","Kungyangon Township","Taw Pyar Village Tract",1134220
"Yangon Region","Kungyangon Township","Taw Lan Village Tract",1134221
"Yangon Region","Kungyangon Township","Taw Kha Lu Village Tract",1134222
"Yangon Region","Kungyangon Township","Taw Kha Yan Lay Village Tract",1134223
"Yangon Region","Kungyangon Township","Hti Hpar Village Tract",1134224
"Yangon Region","Kungyangon Township","Day Da Naw Village Tract",1134225
"Yangon Region","Kungyangon Township","Da Yei Lu Village Tract",1134226
"Yangon Region","Kungyangon Township","Pi La Khat Village Tract",1134227
"Yangon Region","Kungyangon Township","Pa Kauk Village Tract",1134228
"Yangon Region","Kungyangon Township","Pay Kone Village Tract",1134229
"Yangon Region","Kungyangon Township","Hmaw Bi Village Tract",1134230
"Yangon Region","Kungyangon Township","Mei Ya Kone Village Tract",1134231
"Yangon Region","Kungyangon Township","Man Ka Leik Village Tract",1134232
"Yangon Region","Kungyangon Township","Ma Yan Village Tract",1134233
"Yangon Region","Kungyangon Township","Yae Tein Village Tract",1134234
"Yangon Region","Kungyangon Township","Let Khoke Kone Village Tract",1134235
"Yangon Region","Kungyangon Township","Wet Kaik Village Tract",1134236
"Yangon Region","Kungyangon Township","War Kauk Taw Village Tract",1134237
"Yangon Region","Kungyangon Township","Thone Gwa Village Tract",1134238
"Yangon Region","Kungyangon Township","Tha Pyu San Village Tract",1134239
"Yangon Region","Kungyangon Township","Thea Kone Tan Village Tract",1134240
"Yangon Region","Kungyangon Township","Taung Kone 2 Village Tract",1134241
"Yangon Region","Kungyangon Township","In Ga Lone Village Tract",1134242
"Yangon Region","Kawhmu Township","Myo Thit Quarter",1135001
"Yangon Region","Kawhmu Township","Myo Ma Paing Quarter",1135002
"Yangon Region","Kawhmu Township","Ma Gyi Tan Quarter",1135003
"Yangon Region","Kawhmu Township","Tar Lan Thit Quarter",1135004
"Yangon Region","Kawhmu Township","Pyi Taw Thar Quarter",1135005
"Yangon Region","Kawhmu Township","Taung Paing Quarter",1135006
"Yangon Region","Kawhmu Township","Hpa Yar Lan Quarter",1135007
"Yangon Region","Kawhmu Township","Htan Pin Chaung Village Tract",1135200
"Yangon Region","Kawhmu Township","Yae Kyaw Village Tract",1135201
"Yangon Region","Kawhmu Township","Pyin Ka Toe Village Tract",1135202
"Yangon Region","Kawhmu Township","Nyaung Kone Village Tract",1135203
"Yangon Region","Kawhmu Township","Kyaik Htaw (North) Village Tract",1135204
"Yangon Region","Kawhmu Township","Kyaik Htaw (South) Village Tract",1135205
"Yangon Region","Kawhmu Township","Auk Kyaung Village Tract",1135206
"Yangon Region","Kawhmu Township","Tha Meit Village Tract",1135207
"Yangon Region","Kawhmu Township","Kyon La Tar Village Tract",1135208
"Yangon Region","Kawhmu Township","Popa Village Tract",1135209
"Yangon Region","Kawhmu Township","Hmaw Taw Village Tract",1135210
"Yangon Region","Kawhmu Township","War Thein Kha Village Tract",1135211
"Yangon Region","Kawhmu Township","Ma Sei Seik Village Tract",1135212
"Yangon Region","Kawhmu Township","Ta Loke Htaw Village Tract",1135213
"Yangon Region","Kawhmu Township","Kha Laung Village Tract",1135214
"Yangon Region","Kawhmu Township","Ka Nyin Ngu Village Tract",1135215
"Yangon Region","Kawhmu Township","Shar Bwar Village Tract",1135216
"Yangon Region","Kawhmu Township","Ta Ku Pon Village Tract",1135217
"Yangon Region","Kawhmu Township","Hnget Aw San Village Tract",1135218
"Yangon Region","Kawhmu Township","Nat Yae Twin Village Tract",1135219
"Yangon Region","Kawhmu Township","Za Yat Kone Village Tract",1135220
"Yangon Region","Kawhmu Township","Ywar Tan Shey Village Tract",1135221
"Yangon Region","Kawhmu Township","Pein Hne Kone Village Tract",1135222
"Yangon Region","Kawhmu Township","Ah Hpyauk Village Tract",1135223
"Yangon Region","Kawhmu Township","Yae Hpyu Twin Village Tract",1135224
"Yangon Region","Kawhmu Township","Nat Sin Kone Village Tract",1135225
"Yangon Region","Kawhmu Township","Ma Gyi Kan Village Tract",1135226
"Yangon Region","Kawhmu Township","Myauk Chaung Village Tract",1135227
"Yangon Region","Kawhmu Township","San Kauk Village Tract",1135228
"Yangon Region","Kawhmu Township","Taung Chaung Village Tract",1135229
"Yangon Region","Kawhmu Township","Lar Wa Di Village Tract",1135230
"Yangon Region","Kawhmu Township","Sa Bagan Village Tract",1135231
"Yangon Region","Kawhmu Township","Let Khaik Village Tract",1135232
"Yangon Region","Kawhmu Township","Kyar Kan Village Tract",1135233
"Yangon Region","Kawhmu Township","Koe Taung Village Tract",1135234
"Yangon Region","Kawhmu Township","Myet San Ni Village Tract",1135235
"Yangon Region","Kawhmu Township","Hpa Yon Chaung Village Tract",1135236
"Yangon Region","Kawhmu Township","Kan Thone Kan Village Tract",1135237
"Yangon Region","Kawhmu Township","Htan Ma Naing Village Tract",1135238
"Yangon Region","Kawhmu Township","Nyaung Pin Thar Village Tract",1135239
"Yangon Region","Kawhmu Township","Boet Din Village Tract",1135240
"Yangon Region","Kawhmu Township","Pyar Hmut Village Tract",1135241
"Yangon Region","Kawhmu Township","War Ba Lauk Thauk Village Tract",1135242
"Yangon Region","Kawhmu Township","Ma Wun Village Tract",1135243
"Yangon Region","Kawhmu Township","Kywe Lu Aing Village Tract",1135244
"Yangon Region","Kawhmu Township","Ka Mar Ka Nee Village Tract",1135245
"Yangon Region","Kawhmu Township","Tha Khut Pin Village Tract",1135246
"Yangon Region","Kawhmu Township","Kyon Da Yei Village Tract",1135247
"Yangon Region","Kawhmu Township","Kyu Taw Chaung Village Tract",1135248
"Yangon Region","Kawhmu Township","Kha Yaik Kha Ni Village Tract",1135249
"Yangon Region","Kawhmu Township","Htan Ta Pin Village Tract",1135250
"Yangon Region","Kawhmu Township","Tha Min Chan Village Tract",1135251
"Yangon Region","Kawhmu Township","Tar Taik Village Tract",1135252
"Yangon Region","Kawhmu Township","Sar Taing Hmut Village Tract",1135253
"Yangon Region","Kawhmu Township","Tha Yet Taw Village Tract",1135254
"Yangon Region","Hmawbi Township","No (1) Quarter",1136001
"Yangon Region","Hmawbi Township","No (2) Quarter",1136002
"Yangon Region","Hmawbi Township","No (3) Quarter",1136003
"Yangon Region","Hmawbi Township","No (4) Quarter",1136004
"Yangon Region","Hmawbi Township","Tat Gyi Kone Village Tract",1136200
"Yangon Region","Hmawbi Township","Hla Pa Dar Village Tract",1136201
"Yangon Region","Hmawbi Township","Min Village Tract",1136202
"Yangon Region","Hmawbi Township","Pet Tan Village Tract",1136203
"Yangon Region","Hmawbi Township","Shwe Hlay Gyi Village Tract",1136204
"Yangon Region","Hmawbi Township","Pa Thi Village Tract",1136205
"Yangon Region","Hmawbi Township","Chaung Wa Village Tract",1136206
"Yangon Region","Hmawbi Township","Hmaw Bi Chaung Wa Village Tract",1136207
"Yangon Region","Hmawbi Township","Hnaw Kone Village Tract",1136208
"Yangon Region","Hmawbi Township","Bant Bway Kone Village Tract",1136209
"Yangon Region","Hmawbi Township","Hle Ngoke Chaung Village Tract",1136210
"Yangon Region","Hmawbi Township","Hpu Gyi Village Tract",1136211
"Yangon Region","Hmawbi Township","Let Pan Tan Su Village Tract",1136212
"Yangon Region","Hmawbi Township","War Pa Taw Village Tract",1136213
"Yangon Region","Hmawbi Township","War Net Chaung Bu Tar Village Tract",1136214
"Yangon Region","Hmawbi Township","Auk War Net Chaung Village Tract",1136215
"Yangon Region","Hmawbi Township","In Gyin Kone Village Tract",1136216
"Yangon Region","Hmawbi Township","Ku Lar Kone (U Htun Hla Ah Su) Village Tract",1136217
"Yangon Region","Hmawbi Township","Myo Chaung Village Tract",1136218
"Yangon Region","Hmawbi Township","Kan Ka Lay (M) Village Tract",1136219
"Yangon Region","Hmawbi Township","Myaung Ta Kar Village Tract",1136220
"Yangon Region","Hmawbi Township","Nyaung Kone Village Tract",1136221
"Yangon Region","Hmawbi Township","Myit Kyoe Village Tract",1136222
"Yangon Region","Hmawbi Township","Shwe Mya Yar Kone Village Tract",1136223
"Yangon Region","Hmawbi Township","Pauk Kone Village Tract",1136224
"Yangon Region","Hmawbi Township","Than Day Pin Village Tract",1136225
"Yangon Region","Hmawbi Township","Bwet Gyi Village Tract",1136226
"Yangon Region","Hmawbi Township","Boe Daw Na Kone Village Tract",1136227
"Yangon Region","Hmawbi Township","Nyaung Hnit Pin Village Tract",1136228
"Yangon Region","Hmawbi Township","Yoe Gyi Village Tract",1136229
"Yangon Region","Hmawbi Township","Moe Kyoe Pyit Village Tract",1136230
"Yangon Region","Hmawbi Township","Yae Paw Theit Village Tract",1136231
"Yangon Region","Hmawbi Township","Yin Taik Pin Village Tract",1136232
"Yangon Region","Hmawbi Township","Thar Yar Kone Village Tract",1136233
"Yangon Region","Hmawbi Township","Thea Kone Village Tract",1136234
"Yangon Region","Hmawbi Township","Leik Poke Taw Ywar Gyi Village Tract",1136235
"Yangon Region","Hmawbi Township","Ah Hta Yu Village Tract",1136236
"Yangon Region","Hmawbi Township","In Hlyat Village Tract",1136237
"Yangon Region","Hmawbi Township","Sat Thwar Taw Village Tract",1136238
"Yangon Region","Hlegu Township","Aung Min Ga Lar Quarter",1137001
"Yangon Region","Hlegu Township","Pyi Taw Thar Quarter",1137002
"Yangon Region","Hlegu Township","Thar Tha Na Yeik Thar Quarter",1137003
"Yangon Region","Hlegu Township","Zay Paing Quarter",1137004
"Yangon Region","Hlegu Township","Myo Ma Quarter",1137005
"Yangon Region","Hlegu Township","Hpaung Gyi (East) Village Tract",1137200
"Yangon Region","Hlegu Township","Hpaung Gyi (West) Village Tract",1137201
"Yangon Region","Hlegu Township","War Chaung (East) Village Tract",1137202
"Yangon Region","Hlegu Township","War Chaung (West) Village Tract",1137203
"Yangon Region","Hlegu Township","Poke Thin Nyo Village Tract",1137204
"Yangon Region","Hlegu Township","Gway Tauk Aing Village Tract",1137205
"Yangon Region","Hlegu Township","Kyun Ka Lay Village Tract",1137206
"Yangon Region","Hlegu Township","Thar Yar Kone Village Tract",1137207
"Yangon Region","Hlegu Township","Kyar Inn (West) Village Tract",1137208
"Yangon Region","Hlegu Township","Kyauk Ku Din Village Tract",1137209
"Yangon Region","Hlegu Township","Ka Li Htaw (West) Village Tract",1137210
"Yangon Region","Hlegu Township","Ka Li Htaw (East) Village Tract",1137211
"Yangon Region","Hlegu Township","Haing Ku Village Tract",1137212
"Yangon Region","Hlegu Township","Sa Khan Gyi Village Tract",1137213
"Yangon Region","Hlegu Township","Ohn Hne Kone Village Tract",1137214
"Yangon Region","Hlegu Township","Pe Nan Toke Village Tract",1137215
"Yangon Region","Hlegu Township","War Net Kone Village Tract",1137216
"Yangon Region","Hlegu Township","Ye Mun Village Tract",1137217
"Yangon Region","Hlegu Township","Za Yat Kwin Village Tract",1137218
"Yangon Region","Hlegu Township","Thu Ngeit Chaung Village Tract",1137219
"Yangon Region","Hlegu Township","Inn Taing Village Tract",1137220
"Yangon Region","Hlegu Township","Ah Lan Ga Po Village Tract",1137221
"Yangon Region","Hlegu Township","Saing Di Kone Village Tract",1137222
"Yangon Region","Hlegu Township","Kyee Kan Thaik Village Tract",1137223
"Yangon Region","Hlegu Township","Sar Bu Taung Village Tract",1137224
"Yangon Region","Hlegu Township","Nan Ti Village Tract",1137225
"Yangon Region","Hlegu Township","Dar Pein (South) Village Tract",1137226
"Yangon Region","Hlegu Township","Nyaung Ta Chan Village Tract",1137227
"Yangon Region","Hlegu Township","Ta Khun Taing (Hlegu) Village Tract",1137228
"Yangon Region","Hlegu Township","Kyun Kone Village Tract",1137229
"Yangon Region","Hlegu Township","Sar Ta Lin Village Tract",1137230
"Yangon Region","Hlegu Township","Tha Nat Pyin Village Tract",1137231
"Yangon Region","Hlegu Township","Shan Te Gyi (Upper) Village Tract",1137232
"Yangon Region","Hlegu Township","War Yon Sun Village Tract",1137233
"Yangon Region","Hlegu Township","Swei Lat Village Tract",1137234
"Yangon Region","Hlegu Township","Hpe Kha Me Village Tract",1137235
"Yangon Region","Hlegu Township","Dar Pein (North) Village Tract",1137236
"Yangon Region","Hlegu Township","Tha Khut Pin Village Tract",1137237
"Yangon Region","Hlegu Township","Ma Au Village Tract",1137238
"Yangon Region","Hlegu Township","Ta Khun Taing (Insein) Village Tract",1137239
"Yangon Region","Hlegu Township","Bar Lar Ta Dar Gyi Village Tract",1137240
"Yangon Region","Hlegu Township","Sin Hpon Village Tract",1137241
"Yangon Region","Hlegu Township","Sit Pin (North) Village Tract",1137242
"Yangon Region","Hlegu Township","Ma Lit (West) Village Tract",1137243
"Yangon Region","Hlegu Township","Zee Pin Wea Village Tract",1137244
"Yangon Region","Hlegu Township","Moke Soe Nyaung Pin Village Tract",1137245
"Yangon Region","Hlegu Township","Let Pan Village Tract",1137246
"Yangon Region","Hlegu Township","Paik Gyi Wea Village Tract",1137247
"Yangon Region","Hlegu Township","Boe Yin Ka Lay Village Tract",1137248
"Yangon Region","Hlegu Township","Ah Waing (West) Village Tract",1137249
"Yangon Region","Hlegu Township","Min Kone Village Tract",1137250
"Yangon Region","Hlegu Township","Ngar Su Taung Village Tract",1137251
"Yangon Region","Hlegu Township","Ma Yan Chaung Village Tract",1137252
"Yangon Region","Hlegu Township","Ngwe Nant Thar Village Tract",1137253
"Yangon Region","Taikkyi Township","Inn Ku Lar Quarter",1138001
"Yangon Region","Taikkyi Township","Oe Tan Quarter",1138002
"Yangon Region","Taikkyi Township","Zay Quarter",1138003
"Yangon Region","Taikkyi Township","Baw Di Kone Quarter",1138004
"Yangon Region","Taikkyi Township","Bu Tar Quarter",1138005
"Yangon Region","Taikkyi Township","Oke Pon Su Quarter",1138006
"Yangon Region","Taikkyi Township","Shan Su Quarter",1138007
"Yangon Region","Taikkyi Township","Min Ga Lar Ward Quarter",1138008
"Yangon Region","Taikkyi Township","Tar Gwa Village Tract",1138200
"Yangon Region","Taikkyi Township","Lauk Lay Chaung Village Tract",1138201
"Yangon Region","Taikkyi Township","Tha Yet Chaung Village Tract",1138202
"Yangon Region","Taikkyi Township","Kyaik Sa Kaing Village Tract",1138203
"Yangon Region","Taikkyi Township","Gyoe Hpyu Village Tract",1138204
"Yangon Region","Taikkyi Township","Yin Taik Kwin Village Tract",1138205
"Yangon Region","Taikkyi Township","U To Village Tract",1138206
"Yangon Region","Taikkyi Township","Tha Nat Chaung Bu Tar Village Tract",1138207
"Yangon Region","Taikkyi Township","Oke Pon Village Tract",1138208
"Yangon Region","Taikkyi Township","Hpa Lon Kan Kone Village Tract",1138209
"Yangon Region","Taikkyi Township","Kyar Inn Village Tract",1138210
"Yangon Region","Taikkyi Township","Sin Sa Kan Village Tract",1138211
"Yangon Region","Taikkyi Township","Chin Kone Village Tract",1138212
"Yangon Region","Taikkyi Township","Lein Maw Chan Village Tract",1138213
"Yangon Region","Taikkyi Township","Poke Ta Village Tract",1138214
"Yangon Region","Taikkyi Township","Hpa Lon Bu Tar Village Tract",1138215
"Yangon Region","Taikkyi Township","Sa Par Kaing Village Tract",1138216
"Yangon Region","Taikkyi Township","Taung Yat Zee Kone Village Tract",1138217
"Yangon Region","Taikkyi Township","Gawt Village Tract",1138218
"Yangon Region","Taikkyi Township","Oke Kan Yae Thoe Village Tract",1138219
"Yangon Region","Taikkyi Township","Kywe Boke Village Tract",1138220
"Yangon Region","Taikkyi Township","Daik Inn Village Tract",1138221
"Yangon Region","Taikkyi Township","Pa Ni Pin Village Tract",1138222
"Yangon Region","Taikkyi Township","Yae Twin Kone Village Tract",1138223
"Yangon Region","Taikkyi Township","Hpa Lon Ywar Ma Village Tract",1138224
"Yangon Region","Taikkyi Township","Kun Chan Kone Village Tract",1138225
"Yangon Region","Taikkyi Township","Kyi Pin La Har Village Tract",1138226
"Yangon Region","Taikkyi Township","Oke Kan Kan Kone Village Tract",1138227
"Yangon Region","Taikkyi Township","Oke Kan Ywar Ma Village Tract",1138228
"Yangon Region","Taikkyi Township","Mee Nin Kan Kone Village Tract",1138229
"Yangon Region","Taikkyi Township","Kin Pa Tee Village Tract",1138230
"Yangon Region","Taikkyi Township","Aing Gyi Village Tract",1138231
"Yangon Region","Taikkyi Township","Yin Taik Lay Pin Village Tract",1138232
"Yangon Region","Taikkyi Township","Bwet Kone Village Tract",1138233
"Yangon Region","Taikkyi Township","Taung Boet Hla Village Tract",1138234
"Yangon Region","Taikkyi Township","Oke Kan Shan Su Village Tract",1138235
"Yangon Region","Taikkyi Township","Pyin Ma Kone Village Tract",1138236
"Yangon Region","Taikkyi Township","Yae Tar Lay (Kyoe Kyar) Village Tract",1138237
"Yangon Region","Taikkyi Township","Tha Pyay Kone Village Tract",1138238
"Yangon Region","Taikkyi Township","Thar Yar Kone Village Tract",1138239
"Yangon Region","Taikkyi Township","Kan Myaung Village Tract",1138240
"Yangon Region","Taikkyi Township","Ta Bu Yae Thoe Village Tract",1138241
"Yangon Region","Taikkyi Township","Gon Hnyin Tan Village Tract",1138242
"Yangon Region","Taikkyi Township","San Village Tract",1138243
"Yangon Region","Taikkyi Township","Chaung Sauk Village Tract",1138244
"Yangon Region","Taikkyi Township","Kyo Chaung Village Tract",1138245
"Yangon Region","Taikkyi Township","Pan Pin Tan Village Tract",1138246
"Yangon Region","Taikkyi Township","Taw La Ti Village Tract",1138247
"Yangon Region","Taikkyi Township","Hpet Wun Kone Village Tract",1138248
"Yangon Region","Taikkyi Township","Ah La Boke Village Tract",1138249
"Yangon Region","Taikkyi Township","Min Hla Wa Village Tract",1138250
"Yangon Region","Taikkyi Township","Sin Chan Village Tract",1138251
"Yangon Region","Taikkyi Township","Taw Kha Yan Village Tract",1138252
"Yangon Region","Taikkyi Township","Khun Hnit Kyaik (East) Village Tract",1138253
"Yangon Region","Taikkyi Township","Khun Hnit Kyaik (West) Village Tract",1138254
"Yangon Region","Taikkyi Township","Hlaing Village Tract",1138255
"Yangon Region","Taikkyi Township","Bein Daw Village Tract",1138256
"Yangon Region","Taikkyi Township","Kan Ka Lay (A) Village Tract",1138257
"Yangon Region","Taikkyi Township","Baw La Kut Village Tract",1138258
"Yangon Region","Taikkyi Township","Chaung Thone Gwa Village Tract",1138259
"Yangon Region","Taikkyi Township","Ka Lawt Thawt Village Tract",1138260
"Yangon Region","Taikkyi Township","Kyon Ta Kin Village Tract",1138261
"Yangon Region","Taikkyi Township","Inn Ta Yar Village Tract",1138262
"Yangon Region","Taikkyi Township","Auk Yae Kan Kone Village Tract",1138263
"Yangon Region","Taikkyi Township","Ka Taing Sein Village Tract",1138264
"Yangon Region","Taikkyi Township","Hpoe Khaung Village Tract",1138265
"Yangon Region","Taikkyi Township","Ah Hta Yaung Village Tract",1138266
"Yangon Region","Taikkyi Township","Yae Twin Hpyu Village Tract",1138267
"Yangon Region","Taikkyi Township","Yae Paw Thaung Village Tract",1138268
"Yangon Region","Taikkyi Township","Kyway Bagan Chaung Village Tract",1138269
"Yangon Region","Taikkyi Township","Ngar Lar Chaung Village Tract",1138270
"Yangon Region","Taikkyi Township","Thea Hpyu Village Tract",1138271
"Yangon Region","Taikkyi Township","Moe Ku Lar Village Tract",1138272
"Yangon Region","Taikkyi Township","Ohn Pin Kwin Village Tract",1138273
"Yangon Region","Taikkyi Township","Ma Lay Shar Waing Village Tract",1138274
"Yangon Region","Htantabin Township","No (1) Quarter",1139001
"Yangon Region","Htantabin Township","No (2) Quarter",1139002
"Yangon Region","Htantabin Township","No (3) Quarter",1139003
"Yangon Region","Htantabin Township","No (4) Quarter",1139004
"Yangon Region","Htantabin Township","No (5) Quarter",1139005
"Yangon Region","Htantabin Township","Htein Hnit Pin Village Tract",1139200
"Yangon Region","Htantabin Township","Than Pu Yar Khon Village Tract",1139201
"Yangon Region","Htantabin Township","Ka Lein Village Tract",1139202
"Yangon Region","Htantabin Township","La Mu Tan Gyi Village Tract",1139203
"Yangon Region","Htantabin Township","Yoe Gwa Village Tract",1139204
"Yangon Region","Htantabin Township","Yae Paw Thaung Village Tract",1139205
"Yangon Region","Htantabin Township","Yae Twin Kone Village Tract",1139206
"Yangon Region","Htantabin Township","Tha Bawt Chaung Village Tract",1139207
"Yangon Region","Htantabin Township","Daunt Gyi Village Tract",1139208
"Yangon Region","Htantabin Township","Ne Byaw Village Tract",1139209
"Yangon Region","Htantabin Township","Pet Inn Ka Lay Village Tract",1139210
"Yangon Region","Htantabin Township","Kyar Hone Village Tract",1139211
"Yangon Region","Htantabin Township","Chaung Nyi Ah Ko Village Tract",1139212
"Yangon Region","Htantabin Township","Ne Tha Mein Village Tract",1139213
"Yangon Region","Htantabin Township","Hpoe Nat Pay Village Tract",1139214
"Yangon Region","Htantabin Township","San Kin Gyi Village Tract",1139215
"Yangon Region","Htantabin Township","Ah Pyin Yae Kyaw Village Tract",1139216
"Yangon Region","Htantabin Township","Ah Twin Yae Kyaw Village Tract",1139217
"Yangon Region","Htantabin Township","Hle Seik Village Tract",1139218
"Yangon Region","Htantabin Township","Dat Taw Kone Village Tract",1139219
"Yangon Region","Htantabin Township","Me Pa Li Village Tract",1139220
"Yangon Region","Htantabin Township","Kya Man Village Tract",1139221
"Yangon Region","Htantabin Township","Baw Lel Village Tract",1139222
"Yangon Region","Htantabin Township","Ta Hlaing Hmi Village Tract",1139223
"Yangon Region","Htantabin Township","Ka Myaing Village Tract",1139224
"Yangon Region","Htantabin Township","Shwe Kyar Byaik Village Tract",1139225
"Yangon Region","Htantabin Township","Nyunt Paung Village Tract",1139226
"Yangon Region","Htantabin Township","Kone Hle Seik Village Tract",1139227
"Yangon Region","Htantabin Township","Tet Thit Village Tract",1139228
"Yangon Region","Htantabin Township","Hnget Thaik Village Tract",1139229
"Yangon Region","Htantabin Township","San Da Yaw Village Tract",1139230
"Yangon Region","Htantabin Township","Htein Kone Village Tract",1139231
"Yangon Region","Htantabin Township","War Ta Yar (West) Village Tract",1139232
"Yangon Region","Htantabin Township","Rakhine Yoe Gyi Village Tract",1139233
"Yangon Region","Htantabin Township","Deik Kone Village Tract",1139234
"Yangon Region","Htantabin Township","Pa Yut Village Tract",1139235
"Yangon Region","Htantabin Township","Kywe Chan Yoe (Kyein Paik Gyi) Village Tract",1139236
"Yangon Region","Htantabin Township","Yae So Village Tract",1139237
"Yangon Region","Htantabin Township","Mya Ge Village Tract",1139238
"Yangon Region","Htantabin Township","Pan Taing (Lat Kyat) Village Tract",1139239
"Yangon Region","Htantabin Township","Ka Twei Village Tract",1139240
"Yangon Region","Htantabin Township","Kywe Ku Village Tract",1139241
"Yangon Region","Htantabin Township","Bu Tha Nut Village Tract",1139242
"Yangon Region","Htantabin Township","Ma Shwe U Village Tract",1139243
"Yangon Region","Htantabin Township","Ah Su Gyi Village Tract",1139244
"Yangon Region","Htantabin Township","Tu Chaung Village Tract",1139245
"Yangon Region","Htantabin Township","Taw La Teit Village Tract",1139246
"Yangon Region","Htantabin Township","Ah Lein Lel Village Tract",1139247
"Yangon Region","Htantabin Township","Kyu Taw Village Tract",1139248
"Yangon Region","Htantabin Township","Kyar Inn Village Tract",1139249
"Yangon Region","Htantabin Township","Da Ne Ri Village Tract",1139250
"Yangon Region","Htantabin Township","Sat Ka Lay Village Tract",1139251
"Yangon Region","Htantabin Township","Yae Hpyu Village Tract",1139252
"Yangon Region","Htantabin Township","Ta Dar U Village Tract",1139253
"Yangon Region",-,"No (1) Quarter",1140001
"Yangon Region","Hlaingtharya(East) Township","No (1) Quarter",1140001
"Yangon Region","Hlaingtharya(East) Township","No (2) Quarter",1140002
"Yangon Region",-,"No (2) Quarter",1140002
"Yangon Region",-,"No (3) Quarter",1140003
"Yangon Region","Hlaingtharya(East) Township","No (3) Quarter",1140003
"Yangon Region","Hlaingtharya(East) Township","No (4) Quarter",1140004
"Yangon Region",-,"No (4) Quarter",1140004
"Yangon Region",-,"No (5) Quarter",1140005
"Yangon Region","Hlaingtharya(East) Township","No (5) Quarter",1140005
"Yangon Region",-,"No (6) Quarter",1140006
"Yangon Region","Hlaingtharya(East) Township","No (6) Quarter",1140006
"Yangon Region",-,"No (7) Quarter",1140007
"Yangon Region","Hlaingtharya(East) Township","No (7) Quarter",1140007
"Yangon Region","Hlaingtharya(East) Township","No (8) Quarter",1140008
"Yangon Region",-,"No (8) Quarter",1140008
"Yangon Region","Hlaingtharya(East) Township","No (15) Quarter",1140009
"Yangon Region",-,"No (15) Quarter",1140009
"Yangon Region",-,"Shwe Lin Ban Village Tract",1140201
"Yangon Region","Hlaingtharya(East) Township","Shwe Lin Ban Village Tract",1140201
"Yangon Region",-,"Ka Sin Village Tract",1140202
"Yangon Region","Hlaingtharya(East) Township","Ka Sin Village Tract",1140202
"Yangon Region",-,"Shan Chaung Village Tract",1140203
"Yangon Region","Hlaingtharya(East) Township","Shan Chaung Village Tract",1140203
"Yangon Region","Hlaingtharya(East) Township","Oke Kan Thaung Kyar (Yae Oke Kan) Village Tract",1140204
"Yangon Region",-,"Yae Oke Kan Village Tract",1140204
"Yangon Region",-,"Nyaung Village Tract",1140205
"Yangon Region","Hlaingtharya(East) Township","Nyaung Village Tract",1140205
"Yangon Region",-,"No (9) Quarter",1141001
"Yangon Region","Hlaingtharya (West) Township","No (9) Quarter",1141001
"Yangon Region","Hlaingtharya (West) Township","No (10) Quarter",1141002
"Yangon Region",-,"No (10) Quarter",1141002
"Yangon Region",-,"No (11) Quarter",1141003
"Yangon Region","Hlaingtharya (West) Township","No (11) Quarter",1141003
"Yangon Region",-,"No (12) Quarter",1141004
"Yangon Region","Hlaingtharya (West) Township","No (12) Quarter",1141004
"Yangon Region",-,"No (13) Quarter",1141005
"Yangon Region","Hlaingtharya (West) Township","No (13) Quarter",1141005
"Yangon Region","Hlaingtharya (West) Township","No (14) Quarter",1141006
"Yangon Region",-,"No (14) Quarter",1141006
"Yangon Region","Hlaingtharya (West) Township","No (16) Quarter",1141007
"Yangon Region",-,"No (16) Quarter",1141007
"Yangon Region",-,"No (17) Quarter",1141008
"Yangon Region","Hlaingtharya (West) Township","No (17) Quarter",1141008
"Yangon Region","Hlaingtharya (West) Township","No (18) Quarter",1141009
"Yangon Region",-,"No (18) Quarter",1141009
"Yangon Region","Hlaingtharya (West) Township","No (19) Quarter",1141010
"Yangon Region",-,"No (19) Quarter",1141010
"Yangon Region",-,"No (20) Quarter",1141011
"Yangon Region","Hlaingtharya (West) Township","No (20) Quarter",1141011
"Yangon Region",-,"Ah Lel Village Tract",1141201
"Yangon Region","Hlaingtharya (West) Township","Ah Lel Village Tract",1141201
"Yangon Region","Hlaingtharya (West) Township","Ku Lar Gyi Su Village Tract",1141202
"Yangon Region",-,"Ku Lar Gyi Su Village Tract",1141202
"Yangon Region","Hlaingtharya (West) Township","Ah Twin Pa Dan Village Tract",1141203
"Yangon Region",-,"Ah Twin Pa Dan Village Tract",1141203
"Yangon Region","Hlaingtharya (West) Township","Ah Pyin Pa Dan Village Tract",1141204
"Yangon Region",-,"Ah Pyin Pa Dan Village Tract",1141204
"Yangon Region","Dagon Myothit (North) Township","No (16) Quarter",1142001
"Yangon Region","Dagon Myothit (North) Township","No (27) Quarter",1142002
"Yangon Region","Dagon Myothit (North) Township","No (28) Quarter",1142003
"Yangon Region","Dagon Myothit (North) Township","No (29) Quarter",1142004
"Yangon Region","Dagon Myothit (North) Township","No (30) Quarter",1142005
"Yangon Region","Dagon Myothit (North) Township","No (31) Quarter",1142006
"Yangon Region","Dagon Myothit (North) Township","No (32) Quarter",1142007
"Yangon Region","Dagon Myothit (North) Township","No (33) Quarter",1142008
"Yangon Region","Dagon Myothit (North) Township","No (34) Quarter",1142009
"Yangon Region","Dagon Myothit (North) Township","No (35) Quarter",1142010
"Yangon Region","Dagon Myothit (North) Township","No (36) Quarter",1142011
"Yangon Region","Dagon Myothit (North) Township","No (37) Quarter",1142012
"Yangon Region","Dagon Myothit (North) Township","No (38) Quarter",1142013
"Yangon Region","Dagon Myothit (North) Township","No (39) Quarter",1142014
"Yangon Region","Dagon Myothit (North) Township","No (40) Quarter",1142015
"Yangon Region","Dagon Myothit (North) Township","No (41) Quarter",1142016
"Yangon Region","Dagon Myothit (North) Township","No (42) Quarter",1142017
"Yangon Region","Dagon Myothit (North) Township","No (43) Quarter",1142018
"Yangon Region","Dagon Myothit (North) Township","No (44) Quarter",1142019
"Yangon Region","Dagon Myothit (North) Township","No (45) Quarter",1142020
"Yangon Region","Dagon Myothit (North) Township","No (46) Quarter",1142021
"Yangon Region","Dagon Myothit (North) Township","No (47) Quarter",1142022
"Yangon Region","Dagon Myothit (North) Township","No (48) Quarter",1142023
"Yangon Region","Dagon Myothit (North) Township","No (49) Quarter",1142024
"Yangon Region","Dagon Myothit (North) Township","No (50) Quarter",1142025
"Yangon Region","Dagon Myothit (North) Township","No (51) Quarter",1142026
"Yangon Region","Dagon Myothit (North) Township","No (41) Toe Cheit Quarter",1142027
"Yangon Region","Dagon Myothit (South) Township","No (17) (South) Quarter",1143001
"Yangon Region","Dagon Myothit (South) Township","No (18) Quarter",1143002
"Yangon Region","Dagon Myothit (South) Township","No (19) Quarter",1143003
"Yangon Region","Dagon Myothit (South) Township","No (20) Quarter",1143004
"Yangon Region","Dagon Myothit (South) Township","No (21) Quarter",1143005
"Yangon Region","Dagon Myothit (South) Township","No (22) Quarter",1143006
"Yangon Region","Dagon Myothit (South) Township","No (23) Quarter",1143007
"Yangon Region","Dagon Myothit (South) Township","No (24) Quarter",1143008
"Yangon Region","Dagon Myothit (South) Township","No (25) Quarter",1143009
"Yangon Region","Dagon Myothit (South) Township","No (26) Quarter",1143010
"Yangon Region","Dagon Myothit (South) Township","No (53) Quarter",1143011
"Yangon Region","Dagon Myothit (South) Township","No (54) Quarter",1143012
"Yangon Region","Dagon Myothit (South) Township","No (55) Quarter",1143013
"Yangon Region","Dagon Myothit (South) Township","No (56) Quarter",1143014
"Yangon Region","Dagon Myothit (South) Township","No (57) Quarter",1143015
"Yangon Region","Dagon Myothit (South) Township","No (62) Quarter",1143016
"Yangon Region","Dagon Myothit (South) Township","No (63) Quarter",1143017
"Yangon Region","Dagon Myothit (South) Township","No (64) Quarter",1143018
"Yangon Region","Dagon Myothit (South) Township","No (65) Quarter",1143019
"Yangon Region","Dagon Myothit (South) Township","No (66) Quarter",1143020
"Yangon Region","Dagon Myothit (South) Township","No (70) Quarter",1143021
"Yangon Region","Dagon Myothit (South) Township","No (71) Quarter",1143022
"Yangon Region","Dagon Myothit (South) Township","No (72) Quarter",1143023
"Yangon Region","Dagon Myothit (South) Township","No (104) Quarter",1143024
"Yangon Region","Dagon Myothit (South) Township","No (105) Quarter",1143025
"Yangon Region","Dagon Myothit (South) Township","No (106) Quarter",1143026
"Yangon Region","Dagon Myothit (South) Township","No (107) Quarter",1143027
"Yangon Region","Dagon Myothit (South) Township","No (140) Quarter",1143028
"Yangon Region","Dagon Myothit (South) Township","No (141) Quarter",1143029
"Yangon Region","Dagon Myothit (South) Township","No (142) Quarter",1143030
"Yangon Region","Dagon Myothit (South) Township","No (143) Quarter",1143031
"Yangon Region","Dagon Myothit (South) Township","No (144) Quarter",1143032
"Yangon Region","Dagon Myothit (South) Township","No (145) Quarter",1143033
"Yangon Region","Dagon Myothit (South) Township","No (146) Quarter",1143034
"Yangon Region","Dagon Myothit (South) Township","No (147) Quarter",1143035
"Yangon Region","Dagon Myothit (South) Township","No (152) Quarter",1143036
"Yangon Region","Dagon Myothit (South) Township","No (153) Quarter",1143037
"Yangon Region","Dagon Myothit (South) Township","No (154) Quarter",1143038
"Yangon Region","Dagon Myothit (South) Township","Kyi Su (West) Quarter",1143039
"Yangon Region","Dagon Myothit (South) Township","Ywar Thar Gyi (South) Quarter",1143040
"Yangon Region","Dagon Myothit (South) Township","Thone Gwa (South) Quarter",1143041
"Yangon Region","Dagon Myothit (South) Township","Lay Daunt Kan (South) Quarter",1143042
"Yangon Region","Dagon Myothit (South) Township","Saik Pyo Mway Myu Yay No.(1) Quarter",1143043
"Yangon Region","Dagon Myothit (South) Township","Shan Te Gyi (South) Quarter",1143044
"Yangon Region","Dagon Myothit (South) Township","Ywar Thar Gyi (South) Village Tract",1143200
"Yangon Region","Dagon Myothit (South) Township","Thone Gwa (South) Village Tract",1143201
"Yangon Region","Dagon Myothit (South) Township","Lay Daunt Kan (South) Village Tract",1143202
"Yangon Region","Dagon Myothit (South) Township","Saik Pyo Mway Myu Yay Kyay Ywar (1) Village Tract",1143203
"Yangon Region","Dagon Myothit (South) Township","Shan Te Gyi (South) Village Tract",1143204
"Yangon Region","Dagon Myothit (Seikkan) Township","No (58) Quarter",1144001
"Yangon Region","Dagon Myothit (Seikkan) Township","No (59) Quarter",1144002
"Yangon Region","Dagon Myothit (Seikkan) Township","No (60) Quarter",1144003
"Yangon Region","Dagon Myothit (Seikkan) Township","No (61) Quarter",1144004
"Yangon Region","Dagon Myothit (Seikkan) Township","No (67) Quarter",1144005
"Yangon Region","Dagon Myothit (Seikkan) Township","No (68) Quarter",1144006
"Yangon Region","Dagon Myothit (Seikkan) Township","No (69) Quarter",1144007
"Yangon Region","Dagon Myothit (Seikkan) Township","No (73) Quarter",1144008
"Yangon Region","Dagon Myothit (Seikkan) Township","No (74) Quarter",1144009
"Yangon Region","Dagon Myothit (Seikkan) Township","No (75) Quarter",1144010
"Yangon Region","Dagon Myothit (Seikkan) Township","No (76) Quarter",1144011
"Yangon Region","Dagon Myothit (Seikkan) Township","No (77) Quarter",1144012
"Yangon Region","Dagon Myothit (Seikkan) Township","No (78) Quarter",1144013
"Yangon Region","Dagon Myothit (Seikkan) Township","No (79) Quarter",1144014
"Yangon Region","Dagon Myothit (Seikkan) Township","No (80) Quarter",1144015
"Yangon Region","Dagon Myothit (Seikkan) Township","No (81) Quarter",1144016
"Yangon Region","Dagon Myothit (Seikkan) Township","No (82) Quarter",1144017
"Yangon Region","Dagon Myothit (Seikkan) Township","No (83) Quarter",1144018
"Yangon Region","Dagon Myothit (Seikkan) Township","No (84) Quarter",1144019
"Yangon Region","Dagon Myothit (Seikkan) Township","No (85) Quarter",1144020
"Yangon Region","Dagon Myothit (Seikkan) Township","No (86) Quarter",1144021
"Yangon Region","Dagon Myothit (Seikkan) Township","No (87) Quarter",1144022
"Yangon Region","Dagon Myothit (Seikkan) Township","No (88) Quarter",1144023
"Yangon Region","Dagon Myothit (Seikkan) Township","No (89) Quarter",1144024
"Yangon Region","Dagon Myothit (Seikkan) Township","No (90) Quarter",1144025
"Yangon Region","Dagon Myothit (Seikkan) Township","No (91) Quarter",1144026
"Yangon Region","Dagon Myothit (Seikkan) Township","No (92) Quarter",1144027
"Yangon Region","Dagon Myothit (Seikkan) Township","No (93) Quarter",1144028
"Yangon Region","Dagon Myothit (Seikkan) Township","No (94) Quarter",1144029
"Yangon Region","Dagon Myothit (Seikkan) Township","No (98) Quarter",1144030
"Yangon Region","Dagon Myothit (Seikkan) Township","No (148) Quarter",1144031
"Yangon Region","Dagon Myothit (Seikkan) Township","No (149) Quarter",1144032
"Yangon Region","Dagon Myothit (Seikkan) Township","No (150) Quarter",1144033
"Yangon Region","Dagon Myothit (Seikkan) Township","No (151) Quarter",1144034
"Yangon Region","Dagon Myothit (Seikkan) Township","No (168) Quarter",1144035
"Yangon Region","Dagon Myothit (Seikkan) Township","Kyi Su (East) Village Tract",1144200
"Yangon Region","Dagon Myothit (Seikkan) Township","Nyaung Pin Village Tract",1144201
"Yangon Region","Dagon Myothit (Seikkan) Township","Tha Yet Pin Chaung Village Tract",1144202
"Yangon Region","Dagon Myothit (Seikkan) Township","Da La Ban Village Tract",1144203
"Yangon Region","Dagon Myothit (East) Township","No (1) Quarter",1145001
"Yangon Region","Dagon Myothit (East) Township","No (2) Quarter",1145002
"Yangon Region","Dagon Myothit (East) Township","No (3) Quarter",1145003
"Yangon Region","Dagon Myothit (East) Township","No (4) Quarter",1145004
"Yangon Region","Dagon Myothit (East) Township","No (5) Quarter",1145005
"Yangon Region","Dagon Myothit (East) Township","No (6) Quarter",1145006
"Yangon Region","Dagon Myothit (East) Township","No (7) Quarter",1145007
"Yangon Region","Dagon Myothit (East) Township","No (8) Quarter",1145008
"Yangon Region","Dagon Myothit (East) Township","No (9) Quarter",1145009
"Yangon Region","Dagon Myothit (East) Township","No (10) Quarter",1145010
"Yangon Region","Dagon Myothit (East) Township","No (11) Quarter",1145011
"Yangon Region","Dagon Myothit (East) Township","No (12) Quarter",1145012
"Yangon Region","Dagon Myothit (East) Township","No (13) Quarter",1145013
"Yangon Region","Dagon Myothit (East) Township","No (14) Quarter",1145014
"Yangon Region","Dagon Myothit (East) Township","No (15) Quarter",1145015
"Yangon Region","Dagon Myothit (East) Township","No (16)(East) Quarter",1145016
"Yangon Region","Dagon Myothit (East) Township","No (52) Quarter",1145017
"Yangon Region","Dagon Myothit (East) Township","No (108) Quarter",1145018
"Yangon Region","Dagon Myothit (East) Township","No (109) Quarter",1145019
"Yangon Region","Dagon Myothit (East) Township","No (110) Quarter",1145020
"Yangon Region","Dagon Myothit (East) Township","No (111) Quarter",1145021
"Yangon Region","Dagon Myothit (East) Township","No (112) Quarter",1145022
"Yangon Region","Dagon Myothit (East) Township","No (113) Quarter",1145023
"Yangon Region","Dagon Myothit (East) Township","No (114) Quarter",1145024
"Yangon Region","Dagon Myothit (East) Township","No (115) Quarter",1145025
"Yangon Region","Dagon Myothit (East) Township","No (116) Quarter",1145026
"Yangon Region","Dagon Myothit (East) Township","No (117) Quarter",1145027
"Yangon Region","Dagon Myothit (East) Township","No (118) Quarter",1145028
"Yangon Region","Dagon Myothit (East) Township","No (119) Quarter",1145029
"Yangon Region","Dagon Myothit (East) Township","No (120) Quarter",1145030
"Yangon Region","Dagon Myothit (East) Township","No (121) Quarter",1145031
"Yangon Region","Dagon Myothit (East) Township","No (122) Quarter",1145032
"Yangon Region","Dagon Myothit (East) Township","No (123) Quarter",1145033
"Yangon Region","Dagon Myothit (East) Township","No (124) Quarter",1145034
"Yangon Region","Dagon Myothit (East) Township","No (125) Quarter",1145035
"Yangon Region","Dagon Myothit (East) Township","No (126) Quarter",1145036
"Yangon Region","Dagon Myothit (East) Township","No (127) Quarter",1145037
"Yangon Region","Dagon Myothit (East) Township","No (128) Quarter",1145038
"Yangon Region","Dagon Myothit (East) Township","No (129) Quarter",1145039
"Yangon Region","Dagon Myothit (East) Township","Sit Pin (South) Quarter",1145040
"Yangon Region","Dagon Myothit (East) Township","Taung Ta Loke Quarter",1145041
"Yangon Region","Dagon Myothit (East) Township","Ywar Thar Gyi (Ah Shey Paing) Quarter",1145042
"Yangon Region","Dagon Myothit (East) Township","Thone Khwa (Ah Shey Paing) Quarter",1145043
"Yangon Region","Dagon Myothit (East) Township","No (130) Quarter",1145044
"Yangon Region","Dagon Myothit (East) Township","No (131) Quarter",1145045
"Yangon Region","Dagon Myothit (East) Township","No (132) Quarter",1145046
"Yangon Region","Dagon Myothit (East) Township","No (133) Quarter",1145047
"Yangon Region","Dagon Myothit (East) Township","No (134) Quarter",1145048
"Yangon Region","Dagon Myothit (East) Township","No (135) Quarter",1145049
"Yangon Region","Dagon Myothit (East) Township","No (136) Quarter",1145050
"Yangon Region","Dagon Myothit (East) Township","No (137) Quarter",1145051
"Yangon Region","Dagon Myothit (East) Township","No (138) Quarter",1145052
"Yangon Region","Dagon Myothit (East) Township","No (139) Quarter",1145053
"Yangon Region","Dagon Myothit (East) Township","No (155) Quarter",1145054
"Yangon Region","Dagon Myothit (East) Township","No (156) Quarter",1145055
"Yangon Region","Dagon Myothit (East) Township","No (157) Quarter",1145056
"Yangon Region","Dagon Myothit (East) Township","No (158) Quarter",1145057
"Yangon Region","Dagon Myothit (East) Township","No (159) Quarter",1145058
"Yangon Region","Dagon Myothit (East) Township","No (160) Quarter",1145059
"Yangon Region","Dagon Myothit (East) Township","No (162) Quarter",1145061
"Yangon Region","Dagon Myothit (East) Township","No (163) Quarter",1145062
"Yangon Region","Dagon Myothit (East) Township","No (164) Quarter",1145063
"Yangon Region","Dagon Myothit (East) Township","Shan Te Gyi (East) Village Tract",1145200
"Yangon Region","Dagon Myothit (East) Township","Ma Lit (East) Village Tract",1145201
"Yangon Region","Dagon Myothit (East) Township","Lay Daunt Kan (East) Village Tract",1145202
"Yangon Region","Dagon Myothit (East) Township","No (161) Quarter",114560
"Yangon Region","Htaukkyant Town","Htauk Kyant (South) Quarter",1160001
"Yangon Region","Htaukkyant Town","Htauk Kyant (North) Quarter",1160002
"Yangon Region","Htaukkyant Town","Pa-San Pya Quarter",1160003
"Yangon Region","Htaukkyant Town","Du-San Pya Quarter",1160004
"Yangon Region","Htaukkyant Town","Ye Su (South) Quarter",1160005
"Yangon Region","Htaukkyant Town","Baw Lone Kwin Quarter",1160006
"Yangon Region","Htaukkyant Town","Aye Ka Rit Quarter",1160007
"Yangon Region","Htaukkyant Town","Bago Lan Quarter",1160008
"Yangon Region","Htaukkyant Town","Ti Law Kar Yon Quarter",1160009
"Yangon Region","Htaukkyant Town","Lan Son Paing Quarter",1160010
"Yangon Region","Htaukkyant Town","Zay Paing Quarter",1160011
"Yangon Region","Htaukkyant Town","Ywar Ma Paing Quarter",1160012
"Yangon Region","Htaukkyant Town","Htauk Kyant Toe Cheit Quarter",1160013
"Yangon Region","Tadar Town","No (1) Quarter",1161001
"Yangon Region","Tadar Town","No (2) Quarter",1161002
"Yangon Region","Tadar Town","No (3) Quarter",1161003
"Yangon Region","Tadar Town","No (4) Quarter",1161004
"Yangon Region","Okekan Town","Kyan Sit Thar Quarter",1162001
"Yangon Region","Okekan Town","U Aung Zay Ya Quarter",1162002
"Yangon Region","Okekan Town","Ah Naw Ra Htar Quarter",1162003
"Yangon Region","Okekan Town","Ban Du La Quarter",1162004
"Yangon Region","Okekan Town","Bo Gyoke Aung San Quarter",1162005
"Yangon Region","Okekan Town","Sin Hpyu Shin Quarter",1162006
"Yangon Region","Okekan Town","Ba Yint Naung Quarter",1162007
"Yangon Region","Okekan Town","Min Ye Kyaw Swar Quarter",1162008
"Yangon Region","Ahpyauk Town","No (1) Quarter",1163001
"Yangon Region","Ahpyauk Town","No (2) Quarter",1163002
"Yangon Region","Ahpyauk Town","No (3) Quarter",1163003
"Yangon Region","Ahpyauk Town","No (4) Quarter",1163004
