﻿Region,"Town / Township","Ward / Village Tract","Postal Code"
"Shan State (North)","Lashio Township","Hu Mun Village Tract",1601200
"Shan State (North)","Lashio Township","Man Aing Village Tract",1601201
"Shan State (North)","Lashio Township","Mae Han Village Tract",1601202
"Shan State (North)","Lashio Township","Loi Tauk Village Tract",1601203
"Shan State (North)","Lashio Township","Nam Tun Village Tract",1601204
"Shan State (North)","Lashio Township","Wein Htang Village Tract",1601205
"Shan State (North)","Lashio Township","Kone Hsar Village Tract",1601206
"Shan State (North)","Lashio Township","Tar Pong Village Tract",1601207
"Shan State (North)","Lashio Township","Ho Nam Village Tract",1601208
"Shan State (North)","Lashio Township","Man Kat Village Tract",1601209
"Shan State (North)","Lashio Township","Man Pying Village Tract",1601210
"Shan State (North)","Lashio Township","Mak Hki Nu Village Tract",1601211
"Shan State (North)","Lashio Township","Ho Peik Village Tract",1601212
"Shan State (North)","Lashio Township","Kawng Kye Village Tract",1601213
"Shan State (North)","Lashio Township","Sum Kwei Village Tract",1601214
"Shan State (North)","Lashio Township","Ho Nar Village Tract",1601215
"Shan State (North)","Lashio Township","Ei Naing Village Tract",1601216
"Shan State (North)","Lashio Township","Nar Kun Long Village Tract",1601217
"Shan State (North)","Lashio Township","Kawng Kye (Ei) Village Tract",1601218
"Shan State (North)","Lashio Township","Nam Pawng Village Tract",1601219
"Shan State (North)","Lashio Township","Hkon Son Village Tract",1601220
"Shan State (North)","Lashio Township","Loke Waun Village Tract",1601221
"Shan State (North)","Lashio Township","Man Sei Village Tract",1601222
"Shan State (North)","Lashio Township","Ho Nar Kone Hsar Village Tract",1601223
"Shan State (North)","Lashio Township","Pang Hto Len Village Tract",1601224
"Shan State (North)","Lashio Township","Nam Ma Baw Da Village Tract",1601225
"Shan State (North)","Lashio Township","Man Pyin Village Tract",1601226
"Shan State (North)","Lashio Township","Mein Kyaing Village Tract",1601227
"Shan State (North)","Lashio Township","Pang Huong Village Tract",1601228
"Shan State (North)","Lashio Township","Nar Nang (Man Long) Village Tract",1601229
"Shan State (North)","Lashio Township","Loi Kan Village Tract",1601230
"Shan State (North)","Lashio Township","Sei Pawng Village Tract",1601231
"Shan State (North)","Lashio Township","Kun Hlyoe Village Tract",1601232
"Shan State (North)","Lashio Township","Mong Pai Village Tract",1601233
"Shan State (North)","Lashio Township","Pang Kwe Village Tract",1601234
"Shan State (North)","Lashio Township","Kone Mon Village Tract",1601235
"Shan State (North)","Lashio Township","Nawng Mun Village Tract",1601236
"Shan State (North)","Lashio Township","Pong Htun Village Tract",1601237
"Shan State (North)","Lashio Township","Man Hsan Yae Kya Village Tract",1601238
"Shan State (North)","Lashio Township","Nar Ma Khaw Village Tract",1601239
"Shan State (North)","Lashio Township","Mauk Tawng Village Tract",1601240
"Shan State (North)","Lashio Township","Nam Pu Village Tract",1601241
"Shan State (North)","Lashio Township","Nawng Hpawt Village Tract",1601242
"Shan State (North)","Lashio Township","Man Pwe Long Village Tract",1601243
"Shan State (North)","Lashio Township","Hkay Nin Village Tract",1601244
"Shan State (North)","Lashio Township","Sei In (Hsin Int) Village Tract",1601245
"Shan State (North)","Lashio Township","Han Nar Village Tract",1601246
"Shan State (North)","Lashio Township","Hkar Shi Village Tract",1601247
"Shan State (North)","Lashio Township","Mong Yaw Village Tract",1601248
"Shan State (North)","Lashio Township","Long Mun Village Tract",1601249
"Shan State (North)","Lashio Township","Kun Hpyu Village Tract",1601250
"Shan State (North)","Lashio Township","Pang Hto Len Village Tract",1601251
"Shan State (North)","Lashio Township","Pan Tha Pyay Village Tract",1601252
"Shan State (North)","Lashio Township","Loi Sat Village Tract",1601253
"Shan State (North)","Lashio Township","Man Kawng Village Tract",1601254
"Shan State (North)","Lashio Township","Kun Kyaing Village Tract",1601255
"Shan State (North)","Lashio Township","Kawng Kaw Village Tract",1601256
"Shan State (North)","Lashio Township","Loilen Village Tract",1601257
"Shan State (North)","Lashio Township","Man Long Village Tract",1601258
"Shan State (North)","Lashio Township","Nawng Aw Village Tract",1601259
"Shan State (North)","Lashio Township","Nam Lin Hkam Village Tract",1601260
"Shan State (North)","Lashio Township","Ho Lin Village Tract",1601261
"Shan State (North)","Lashio Township","Man Kat Village Tract",1601262
"Shan State (North)","Lashio Township","Loi Hkam Village Tract",1601263
"Shan State (North)","Lashio Township","Kawng Kaw Sa Kan Village Tract",1601264
"Shan State (North)","Lashio Township","Pang Yar Yone (Taik) Village Tract",1601265
"Shan State (North)","Lashio Township","Pang Shaw Village Tract",1601266
"Shan State (North)","Lashio Township","Nawng Kaw Village Tract",1601267
"Shan State (North)","Lashio Township","Pang War Village Tract",1601268
"Shan State (North)","Lashio Township","Mak Keng Village Tract",1601269
"Shan State (North)","Lashio Township","Hpar Hpeint Village Tract",1601270
"Shan State (North)","Lashio Township","Nawng Wu (Nawng Woe) Village Tract",1601271
"Shan State (North)","Lashio Township","Kawng Kye (Yaw) Village Tract",1601272
"Shan State (North)","Lashio Township","Hseng Lai Village Tract",1601273
"Shan State (North)","Lashio Township","Ho Hko Village Tract",1601274
"Shan State (North)","Lashio Township","Mong Lin Village Tract",1601275
"Shan State (North)","Lashio Township","Pang Kawng Mu Village Tract",1601276
"Shan State (North)","Lashio Township","Nam Maw Village Tract",1601277
"Shan State (North)","Hseni Township","Hkam Tein Village Tract",1602200
"Shan State (North)","Hseni Township","Pang Lawt Village Tract",1602201
"Shan State (North)","Hseni Township","Kawng Haw Village Tract",1602202
"Shan State (North)","Hseni Township","U Yin Hmu Village Tract",1602203
"Shan State (North)","Hseni Township","Pein Hsar Village Tract",1602204
"Shan State (North)","Hseni Township","Taing Yet Village Tract",1602205
"Shan State (North)","Hseni Township","Mong Yang Village Tract",1602206
"Shan State (North)","Hseni Township","Ho Ton Village Tract",1602207
"Shan State (North)","Hseni Township","Ho Pang Myin Village Tract",1602208
"Shan State (North)","Hseni Township","Nawng Kyawng Village Tract",1602209
"Shan State (North)","Hseni Township","Mong Li Village Tract",1602210
"Shan State (North)","Hseni Township","Nar Hsawt Village Tract",1602211
"Shan State (North)","Hseni Township","Nar Ngin Village Tract",1602212
"Shan State (North)","Hseni Township","Mong Par Village Tract",1602213
"Shan State (North)","Hseni Township","Mauk Sa Li Village Tract",1602214
"Shan State (North)","Hseni Township","Kawng Aing Village Tract",1602215
"Shan State (North)","Hseni Township","Kawng Mu Hpeik Village Tract",1602216
"Shan State (North)","Hseni Township","Sei Au Village Tract",1602217
"Shan State (North)","Hseni Township","Kone Nyaung Village Tract",1602218
"Shan State (North)","Hseni Township","Kun Kauk Village Tract",1602219
"Shan State (North)","Hseni Township","Nam Sa Lat Village Tract",1602220
"Shan State (North)","Hseni Township","Kawng Kaw Village Tract",1602221
"Shan State (North)","Hseni Township","Hway Tawng Village Tract",1602222
"Shan State (North)","Hseni Township","Nam Toke Village Tract",1602223
"Shan State (North)","Hseni Township","Man Len Village Tract",1602224
"Shan State (North)","Hseni Township","Kawng Wein Village Tract",1602225
"Shan State (North)","Hseni Township","Shan Ton Nge Village Tract",1602226
"Shan State (North)","Hseni Township","Loi Hseng Village Tract",1602227
"Shan State (North)","Hseni Township","Nar Tee Village Tract",1602228
"Shan State (North)","Hseni Township","Nawnghkio Village Tract",1602229
"Shan State (North)","Hseni Township","Pang Tee Village Tract",1602230
"Shan State (North)","Hseni Township","Man Kan Village Tract",1602231
"Shan State (North)","Mongyai Township","Nar Hpyaing Village Tract",1603200
"Shan State (North)","Mongyai Township","Loke Hkaik Village Tract",1603201
"Shan State (North)","Mongyai Township","Nar Hko Village Tract",1603202
"Shan State (North)","Mongyai Township","Ho Ya Ywar Ma Village Tract",1603203
"Shan State (North)","Mongyai Township","Nawng Mo Village Tract",1603204
"Shan State (North)","Mongyai Township","Kawng Mawng Village Tract",1603205
"Shan State (North)","Mongyai Township","Loi Ngin Village Tract",1603206
"Shan State (North)","Mongyai Township","Man Kyawng Pang Sin Village Tract",1603207
"Shan State (North)","Mongyai Township","Pong Htun Village Tract",1603208
"Shan State (North)","Mongyai Township","Man Sant Village Tract",1603209
"Shan State (North)","Mongyai Township","Nam Sum Village Tract",1603210
"Shan State (North)","Mongyai Township","Kone Son Village Tract",1603211
"Shan State (North)","Mongyai Township","Pang Lan Village Tract",1603212
"Shan State (North)","Mongyai Township","Ho Ti Village Tract",1603213
"Shan State (North)","Mongyai Township","Nar War Village Tract",1603214
"Shan State (North)","Mongyai Township","Man Pong Village Tract",1603215
"Shan State (North)","Mongyai Township","Ho Hseng Village Tract",1603216
"Shan State (North)","Mongyai Township","Man Hpyet Village Tract",1603217
"Shan State (North)","Mongyai Township","Man Hpai Village Tract",1603218
"Shan State (North)","Mongyai Township","Mong Kawng Village Tract",1603219
"Shan State (North)","Mongyai Township","Long Laing Village Tract",1603220
"Shan State (North)","Mongyai Township","Mong Ha Man Mon Village Tract",1603221
"Shan State (North)","Mongyai Township","Man Kyawng Village Tract",1603222
"Shan State (North)","Mongyai Township","Mong Hing Village Tract",1603223
"Shan State (North)","Mongyai Township","Man Kyu Village Tract",1603224
"Shan State (North)","Mongyai Township","Nawng Et (Pang Kawng Mu) Village Tract",1603225
"Shan State (North)","Mongyai Township","Nam Yone Village Tract",1603226
"Shan State (North)","Mongyai Township","Hat Long Tar Huong Village Tract",1603227
"Shan State (North)","Tangyan Township","Mong Pat Village Tract",1604200
"Shan State (North)","Tangyan Township","Ho Pat Village Tract",1604201
"Shan State (North)","Tangyan Township","Kone Mon Village Tract",1604202
"Shan State (North)","Tangyan Township","Hko Yawng Village Tract",1604203
"Shan State (North)","Tangyan Township","Man Kat Village Tract",1604204
"Shan State (North)","Tangyan Township","Nar Ngway Village Tract",1604205
"Shan State (North)","Tangyan Township","Ho Tar Village Tract",1604206
"Shan State (North)","Tangyan Township","Long Mon Village Tract",1604207
"Shan State (North)","Tangyan Township","Hway Kyein Village Tract",1604208
"Shan State (North)","Tangyan Township","Ho Man Village Tract",1604209
"Shan State (North)","Tangyan Township","Poke Lawng Village Tract",1604210
"Shan State (North)","Tangyan Township","Mong Keng Village Tract",1604211
"Shan State (North)","Tangyan Township","Pang Nwet Village Tract",1604212
"Shan State (North)","Tangyan Township","Pang Nyawng Village Tract",1604213
"Shan State (North)","Tangyan Township","Nam Hu Loi Kar Village Tract",1604214
"Shan State (North)","Tangyan Township","Nawng Hpar Village Tract",1604215
"Shan State (North)","Tangyan Township","Man Ping Village Tract",1604216
"Shan State (North)","Tangyan Township","Nawng Hkam Village Tract",1604217
"Shan State (North)","Tangyan Township","Nar Hoke Village Tract",1604218
"Shan State (North)","Tangyan Township","Long Pong Village Tract",1604219
"Shan State (North)","Tangyan Township","Wein Mong Village Tract",1604220
"Shan State (North)","Tangyan Township","Nar Lawng Village Tract",1604221
"Shan State (North)","Tangyan Township","Loi Se Village Tract",1604222
"Shan State (North)","Tangyan Township","Mong Kawng Village Tract",1604223
"Shan State (North)","Tangyan Township","Nar Kaw Village Tract",1604224
"Shan State (North)","Tangyan Township","Tawng Hyoe Village Tract",1604225
"Shan State (North)","Tangyan Township","Man Loi Village Tract",1604226
"Shan State (North)","Tangyan Township","Nam Sai Village Tract",1604227
"Shan State (North)","Tangyan Township","Pang Hpi Village Tract",1604228
"Shan State (North)","Tangyan Township","Hkan Kone Village Tract",1604229
"Shan State (North)","Tangyan Township","Nam Aum Village Tract",1604230
"Shan State (North)","Tangyan Township","Par Hsan Village Tract",1604231
"Shan State (North)","Tangyan Township","Hse Hi Village Tract",1604232
"Shan State (North)","Tangyan Township","Nawng Hsant Village Tract",1604233
"Shan State (North)","Tangyan Township","Nar Han Village Tract",1604234
"Shan State (North)","Tangyan Township","Nam Lan Village Tract",1604235
"Shan State (North)","Tangyan Township","Kawng Lan Village Tract",1604236
"Shan State (North)","Tangyan Township","Nar Waun Village Tract",1604237
"Shan State (North)","Tangyan Township","Man Kawng Village Tract",1604238
"Shan State (North)","Tangyan Township","Nawng Lai Village Tract",1604239
"Shan State (North)","Tangyan Township","Kawng San Village Tract",1604240
"Shan State (North)","Tangyan Township","Nam Hu Village Tract",1604241
"Shan State (North)","Tangyan Township","Pang Lawng Village Tract",1604242
"Shan State (North)","Tangyan Township","Nawng Hkam (Mong Htwun) Village Tract",1604243
"Shan State (North)","Tangyan Township","Man Kawng Mu Village Tract",1604244
"Shan State (North)","Tangyan Township","Nawng Hkam (Mong Mar) Village Tract",1604245
"Shan State (North)","Tangyan Township","Nam Muse Village Tract",1604246
"Shan State (North)","Tangyan Township","Loi Waw Village Tract",1604247
"Shan State (North)","Tangyan Township","Loi Pyet Village Tract",1604248
"Shan State (North)","Pangsang (Panghkam) Township","Man Hpant Village Tract",1605200
"Shan State (North)","Pangsang (Panghkam) Township","Mut Hai Village Tract",1605201
"Shan State (North)","Pangsang (Panghkam) Township","Yay Hson Village Tract",1605202
"Shan State (North)","Pangsang (Panghkam) Township","Nawng Hsaw Village Tract",1605203
"Shan State (North)","Pangsang (Panghkam) Township","Kawng Par Village Tract",1605204
"Shan State (North)","Pangsang (Panghkam) Township","Nawng Cheik Village Tract",1605205
"Shan State (North)","Pangsang (Panghkam) Township","Mut Pa Lawt Village Tract",1605206
"Shan State (North)","Pangsang (Panghkam) Township","Kaing Tein Village Tract",1605207
"Shan State (North)","Pangsang (Panghkam) Township","Kawng Ta Village Tract",1605208
"Shan State (North)","Pangsang (Panghkam) Township","Ka Hsint Village Tract",1605209
"Shan State (North)","Pangsang (Panghkam) Township","Man Hkar Village Tract",1605210
"Shan State (North)","Pangsang (Panghkam) Township","Loi Sim Village Tract",1605211
"Shan State (North)","Pangsang (Panghkam) Township","Nar Hnyi Village Tract",1605212
"Shan State (North)","Pangsang (Panghkam) Township","Man Nwet Village Tract",1605213
"Shan State (North)","Pangsang (Panghkam) Township","Kun Pei Village Tract",1605214
"Shan State (North)","Pangsang (Panghkam) Township","Nawng Hkam Village Tract",1605215
"Shan State (North)","Pangsang (Panghkam) Township","Mar Teit Village Tract",1605216
"Shan State (North)","Pangsang (Panghkam) Township","Man Mann Hseng Village Tract",1605217
"Shan State (North)","Pangsang (Panghkam) Township","Mong Pat Village Tract",1605218
"Shan State (North)","Pangsang (Panghkam) Township","Pang Hpein Village Tract",1605219
"Shan State (North)","Pangsang (Panghkam) Township","Pang Kaw (Auk) Village Tract",1605220
"Shan State (North)","Pangsang (Panghkam) Township","Nyet Kar Village Tract",1605221
"Shan State (North)","Pangsang (Panghkam) Township","Man An Village Tract",1605222
"Shan State (North)","Pangsang (Panghkam) Township","Man San (Mut Ngar) Village Tract",1605223
"Shan State (North)","Pangsang (Panghkam) Township","Nam Noke Village Tract",1605224
"Shan State (North)","Pangsang (Panghkam) Township","Ho Nam Mar Village Tract",1605225
"Shan State (North)","Pangsang (Panghkam) Township","Yawng Au (Pang Leik) Village Tract",1605226
"Shan State (North)","Pangsang (Panghkam) Township","Nar Kawng Village Tract",1605227
"Shan State (North)","Pangsang (Panghkam) Township","Nar Aw Village Tract",1605228
"Shan State (North)","Pangsang (Panghkam) Township","Nar Hkar Hseng Village Tract",1605229
"Shan State (North)","Pangsang (Panghkam) Township","Nam Hint Village Tract",1605230
"Shan State (North)","Pangsang (Panghkam) Township","Nam Kyet Village Tract",1605231
"Shan State (North)","Pangsang (Panghkam) Township","Ho Kyet Village Tract",1605232
"Shan State (North)","Pangsang (Panghkam) Township","Yawng Lan Village Tract",1605233
"Shan State (North)","Pangsang (Panghkam) Township","Ong Long Village Tract",1605234
"Shan State (North)","Pangsang (Panghkam) Township","Pang Kaw (Upper) Village Tract",1605235
"Shan State (North)","Pangsang (Panghkam) Township","Mut Sa Moet Village Tract",1605236
"Shan State (North)","Pangsang (Panghkam) Township","Long Lat Hsin Village Tract",1605237
"Shan State (North)","Pangsang (Panghkam) Township","Hpan Htu Village Tract",1605238
"Shan State (North)","Pangsang (Panghkam) Township","Maw Pa Long Village Tract",1605239
"Shan State (North)","Pangsang (Panghkam) Township","Maw Hpyaik (Nawng Chan) Village Tract",1605240
"Shan State (North)","Pangsang (Panghkam) Township","Man Htan Village Tract",1605241
"Shan State (North)","Pangsang (Panghkam) Township","Ho Nam (Man Mann Hseng) Village Tract",1605242
"Shan State (North)","Pangsang (Panghkam) Township","Nar Mun Village Tract",1605243
"Shan State (North)","Pangsang (Panghkam) Township","Nam Put Village Tract",1605244
"Shan State (North)","Pangsang (Panghkam) Township","Kun Yay Village Tract",1605245
"Shan State (North)","Pangsang (Panghkam) Township","Man Htan Village Tract",1605246
"Shan State (North)","Pangsang (Panghkam) Township","Ton Nauk Village Tract",1605247
"Shan State (North)","Pangsang (Panghkam) Township","Ein Hseng Village Tract",1605248
"Shan State (North)","Pangsang (Panghkam) Township","To Lar Village Tract",1605249
"Shan State (North)","Pangsang (Panghkam) Township","Hway Waun Village Tract",1605250
"Shan State (North)","Pangsang (Panghkam) Township","Nam Kit Village Tract",1605251
"Shan State (North)","Pangsang (Panghkam) Township","Pang Yawng Village Tract",1605252
"Shan State (North)","Pangsang (Panghkam) Township","Hu Ngeit Village Tract",1605253
"Shan State (North)","Pangsang (Panghkam) Township","Ta Man Hson Village Tract",1605254
"Shan State (North)","Pangsang (Panghkam) Township","Pang Win Village Tract",1605255
"Shan State (North)","Pangsang (Panghkam) Township","Yon Kat Village Tract",1605256
"Shan State (North)","Pangsang (Panghkam) Township","Aum Long Village Tract",1605257
"Shan State (North)","Pangsang (Panghkam) Township","Nam Kat Village Tract",1605258
"Shan State (North)","Pangsang (Panghkam) Township","Hta Mon Village Tract",1605259
"Shan State (North)","Pangsang (Panghkam) Township","Kun Ka Village Tract",1605260
"Shan State (North)","Pangsang (Panghkam) Township","Yawng Lan Village Tract",1605261
"Shan State (North)","Pangsang (Panghkam) Township","Pang Lawng Village Tract",1605262
"Shan State (North)","Pangsang (Panghkam) Township","Hsan Lu Village Tract",1605263
"Shan State (North)","Pangsang (Panghkam) Township","Nar An Village Tract",1605264
"Shan State (North)","Pangsang (Panghkam) Township","Pang Lawt Village Tract",1605265
"Shan State (North)","Pangsang (Panghkam) Township","Kone Hkar Village Tract",1605266
"Shan State (North)","Pangsang (Panghkam) Township","Pang Ku Village Tract",1605267
"Shan State (North)","Pangsang (Panghkam) Township","Nauk Ngone Village Tract",1605268
"Shan State (North)","Pangsang (Panghkam) Township","Soke Woe Village Tract",1605269
"Shan State (North)","Pangsang (Panghkam) Township","Ba Yin Village Tract",1605270
"Shan State (North)","Pangsang (Panghkam) Township","Ka Long Village Tract",1605271
"Shan State (North)","Pangsang (Panghkam) Township","Hlei Pawng Village Tract",1605272
"Shan State (North)","Pangsang (Panghkam) Township","Yawng Tein Village Tract",1605273
"Shan State (North)","Pangsang (Panghkam) Township","Ta Aw Long Village Tract",1605274
"Shan State (North)","Pangsang (Panghkam) Township","Man Mai Village Tract",1605275
"Shan State (North)","Pangsang (Panghkam) Township","Yawng Pang Village Tract",1605276
"Shan State (North)","Pangsang (Panghkam) Township","Mong Hto Village Tract",1605277
"Shan State (North)","Pangsang (Panghkam) Township","Huong Put Village Tract",1605278
"Shan State (North)","Pangsang (Panghkam) Township","Pang Hpein Village Tract",1605279
"Shan State (North)","Pangsang (Panghkam) Township","Huong Kut Village Tract",1605280
"Shan State (North)","Pangsang (Panghkam) Township","Hsa Lar Village Tract",1605281
"Shan State (North)","Pangsang (Panghkam) Township","Ta Aw Aun Village Tract",1605282
"Shan State (North)","Pangsang (Panghkam) Township","Hson Hpoet Village Tract",1605283
"Shan State (North)","Pangsang (Panghkam) Township","Nam Tawng Village Tract",1605284
"Shan State (North)","Narphan Township","Nar Hpan Village Tract",1606200
"Shan State (North)","Narphan Township","Nar Hlan Village Tract",1606201
"Shan State (North)","Narphan Township","Pa Toet Village Tract",1606202
"Shan State (North)","Narphan Township","Kat Kein Village Tract",1606203
"Shan State (North)","Narphan Township","Yawng Lawng Village Tract",1606204
"Shan State (North)","Narphan Township","Loi Htu Village Tract",1606205
"Shan State (North)","Narphan Township","Yawng Mawt Village Tract",1606206
"Shan State (North)","Narphan Township","Hsawng Kye Village Tract",1606207
"Shan State (North)","Narphan Township","Hson Long Village Tract",1606208
"Shan State (North)","Narphan Township","Man Nawng Village Tract",1606209
"Shan State (North)","Narphan Township","Mut Pa Yee Village Tract",1606210
"Shan State (North)","Narphan Township","Man Har Village Tract",1606211
"Shan State (North)","Narphan Township","Mut Mway Village Tract",1606212
"Shan State (North)","Narphan Township","Loi Len Village Tract",1606213
"Shan State (North)","Narphan Township","Kun Keint Village Tract",1606214
"Shan State (North)","Narphan Township","Hpan Lin Village Tract",1606215
"Shan State (North)","Narphan Township","Hnget Htei Village Tract",1606216
"Shan State (North)","Narphan Township","Hsee Hsaw Village Tract",1606217
"Shan State (North)","Narphan Township","Sa Aut Village Tract",1606218
"Shan State (North)","Narphan Township","Kawng Ka Ya Village Tract",1606219
"Shan State (North)","Narphan Township","Man Hpant Village Tract",1606220
"Shan State (North)","Narphan Township","Bin Ngin Village Tract",1606221
"Shan State (North)","Narphan Township","Hpan Mawt Village Tract",1606222
"Shan State (North)","Narphan Township","Pa Lat Ka Tayt Village Tract",1606223
"Shan State (North)","Narphan Township","Mut Sa Moet Village Tract",1606224
"Shan State (North)","Narphan Township","Son Ya Man Village Tract",1606225
"Shan State (North)","Narphan Township","Zay Thit (Har Hkun) Village Tract",1606226
"Shan State (North)","Narphan Township","Yawng Pa Lin Village Tract",1606227
"Shan State (North)","Narphan Township","Kun Yoe Village Tract",1606228
"Shan State (North)","Narphan Township","Yawng Tawng Village Tract",1606229
"Shan State (North)","Narphan Township","Kun Hnyet Village Tract",1606230
"Shan State (North)","Narphan Township","Hsa Na Village Tract",1606231
"Shan State (North)","Narphan Township","Hpan Hka Yoet Village Tract",1606232
"Shan State (North)","Narphan Township","Yawng Yoe Village Tract",1606233
"Shan State (North)","Pangwaun Township","Pangwaun Myo Ma Village Tract",1607200
"Shan State (North)","Pangwaun Township","Man Ping Village Tract",1607201
"Shan State (North)","Pangwaun Township","Yawng Yaing Village Tract",1607202
"Shan State (North)","Pangwaun Township","Ping Ka Lan Village Tract",1607203
"Shan State (North)","Pangwaun Township","Yawng Pa Yay Village Tract",1607204
"Shan State (North)","Pangwaun Township","Kawng Lan Village Tract",1607205
"Shan State (North)","Pangwaun Township","Si Kaing Yaik Village Tract",1607206
"Shan State (North)","Pangwaun Township","Kawng Ki Village Tract",1607207
"Shan State (North)","Pangwaun Township","Ngeit Lai Village Tract",1607208
"Shan State (North)","Pangwaun Township","Mwayt Ta Ya Village Tract",1607209
"Shan State (North)","Pangwaun Township","Yawng Pang Village Tract",1607210
"Shan State (North)","Pangwaun Township","Yawng Sein Village Tract",1607211
"Shan State (North)","Pangwaun Township","Ngaik Mway Village Tract",1607212
"Shan State (North)","Pangwaun Township","Yawng Tee Yar Village Tract",1607213
"Shan State (North)","Pangwaun Township","Yawng Kaing Village Tract",1607214
"Shan State (North)","Pangwaun Township","Yawng Ngaik Village Tract",1607215
"Shan State (North)","Pangwaun Township","War Hka Village Tract",1607216
"Shan State (North)","Pangwaun Township","Yawng Nun Village Tract",1607217
"Shan State (North)","Pangwaun Township","Man Maw Village Tract",1607218
"Shan State (North)","Mongmao Township","Mongmao Village Tract",1608200
"Shan State (North)","Mongmao Township","Man Tat Village Tract",1608201
"Shan State (North)","Mongmao Township","Kat Hi Village Tract",1608202
"Shan State (North)","Mongmao Township","Yawng Pa Lone Village Tract",1608203
"Shan State (North)","Mongmao Township","Ho Mein Village Tract",1608204
"Shan State (North)","Mongmao Township","Yawng Pa Lauk Village Tract",1608205
"Shan State (North)","Mongmao Township","Kawng Wauk Village Tract",1608206
"Shan State (North)","Mongmao Township","Toke Tat Village Tract",1608207
"Shan State (North)","Mongmao Township","Kawng Pee Village Tract",1608208
"Shan State (North)","Mongmao Township","Htat Hting Village Tract",1608209
"Shan State (North)","Mongmao Township","Kein Hsan Village Tract",1608210
"Shan State (North)","Mongmao Township","Pang Hkun (a) Nam Kun Long Village Tract",1608211
"Shan State (North)","Mongmao Township","Kawng Lin Village Tract",1608212
"Shan State (North)","Mongmao Township","Yawng Pyan Village Tract",1608213
"Shan State (North)","Mongmao Township","Kun Kyoe Village Tract",1608214
"Shan State (North)","Mongmao Township","Man Hkar Village Tract",1608215
"Shan State (North)","Mongmao Township","Kawng Kyi Village Tract",1608216
"Shan State (North)","Mongmao Township","Yawng Nawng Village Tract",1608217
"Shan State (North)","Mongmao Township","Kat Ka Lun Village Tract",1608218
"Shan State (North)","Mongmao Township","Man Kwayt Lun Village Tract",1608219
"Shan State (North)","Mongmao Township","Yawng Teit Village Tract",1608220
"Shan State (North)","Mongmao Township","Mut Long Village Tract",1608221
"Shan State (North)","Mongmao Township","Man Kan Village Tract",1608222
"Shan State (North)","Mongmao Township","Man Hka Yo (Loi Long) Village Tract",1608223
"Shan State (North)","Mongmao Township","Long Hkwa Village Tract",1608224
"Shan State (North)","Mongmao Township","Man Hpein Village Tract",1608225
"Shan State (North)","Mongmao Township","Mut Layt Lai Kwar Village Tract",1608226
"Shan State (North)","Mongmao Township","Maw Hlyo Village Tract",1608227
"Shan State (North)","Mongmao Township","Yawng Pang Village Tract",1608228
"Shan State (North)","Mongmao Township","Ong Pong Village Tract",1608229
"Shan State (North)","Mongmao Township","Mut Layt Long Village Tract",1608230
"Shan State (North)","Mongmao Township","Hpan Lai Village Tract",1608231
"Shan State (North)","Mongmao Township","Kan Hsay Village Tract",1608232
"Shan State (North)","Mongmao Township","Man Hsun Village Tract",1608233
"Shan State (North)","Mongmao Township","Yon Ka Loet Village Tract",1608234
"Shan State (North)","Mongmao Township","Kawng Hlaing Village Tract",1608235
"Shan State (North)","Mongmao Township","Man Tun Village Tract",1608236
"Shan State (North)","Mongmao Township","Loi Hin Village Tract",1608237
"Shan State (North)","Mongmao Township","Mut Layt (Hpan Mut) Village Tract",1608238
"Shan State (North)","Mongmao Township","Sa Aut Man Htaik Village Tract",1608239
"Shan State (North)","Muse Township","Nam Pang Village Tract",1609200
"Shan State (North)","Muse Township","Se Lant Village Tract",1609201
"Shan State (North)","Muse Township","Hpai Kyawng Village Tract",1609202
"Shan State (North)","Muse Township","Nawng Hseng Village Tract",1609203
"Shan State (North)","Muse Township","Nawng Lawng Village Tract",1609204
"Shan State (North)","Muse Township","Nam Kat Village Tract",1609205
"Shan State (North)","Muse Township","Pang Hkam Village Tract",1609206
"Shan State (North)","Muse Township","Ting Long (East) Village Tract",1609207
"Shan State (North)","Muse Township","Mone Yu Tit Yar Ngar Maing Village Tract",1609208
"Shan State (North)","Muse Township","Tont Hkan Nay Village Tract",1609209
"Shan State (North)","Muse Township","Maw Tawng Ywar Ma Village Tract",1609210
"Shan State (North)","Muse Township","Man Han Village Tract",1609211
"Shan State (North)","Muse Township","Mant Mai Village Tract",1609212
"Shan State (North)","Muse Township","Nam Aum Village Tract",1609213
"Shan State (North)","Muse Township","Hseng Hkawng Village Tract",1609214
"Shan State (North)","Muse Township","Mong Li Village Tract",1609215
"Shan State (North)","Muse Township","Nawnghkio Village Tract",1609216
"Shan State (North)","Muse Township","Nawng Hseng Village Tract",1609217
"Shan State (North)","Muse Township","Kawng Wein Village Tract",1609218
"Shan State (North)","Muse Township","Mant Hai Village Tract",1609219
"Shan State (North)","Muse Township","Hpar Pun Li Saw Village Tract",1609220
"Shan State (North)","Muse Township","Nam Ngu Village Tract",1609221
"Shan State (North)","Muse Township","Mu Lun Pang Hkar Village Tract",1609222
"Shan State (North)","Muse Township","Nam Pa Tee Village Tract",1609223
"Shan State (North)","Muse Township","Nam Mye Kachin Village Tract",1609224
"Shan State (North)","Muse Township","Nam Tawng Village Tract",1609225
"Shan State (North)","Muse Township","Kyein Yang Ton Village Tract",1609226
"Shan State (North)","Muse Township","Pang Hseng Village Tract",1609227
"Shan State (North)","Muse Township","Yi Hku Village Tract",1609228
"Shan State (North)","Muse Township","Hpar Hpeik Village Tract",1609229
"Shan State (North)","Muse Township","Hpai Kawng Village Tract",1609230
"Shan State (North)","Muse Township","Mant Kan Village Tract",1609231
"Shan State (North)","Muse Township","Mone Paw Nam Chet (Zay) Village Tract",1609232
"Shan State (North)","Muse Township","Mong Hpan Village Tract",1609233
"Shan State (North)","Muse Township","Nam Chet Ywar Ma Village Tract",1609234
"Shan State (North)","Muse Township","Man Nway Village Tract",1609235
"Shan State (North)","Muse Township","Mant Sei Village Tract",1609236
"Shan State (North)","Muse Township","Man Pying Village Tract",1609237
"Shan State (North)","Muse Township","Mant Nawng Village Tract",1609238
"Shan State (North)","Muse Township","Ton Aw Village Tract",1609239
"Shan State (North)","Muse Township","Kawng Kway Village Tract",1609240
"Shan State (North)","Muse Township","Mone Long Village Tract",1609241
"Shan State (North)","Muse Township","Kawng Long Village Tract",1609242
"Shan State (North)","Muse Township","Pang Lum Village Tract",1609243
"Shan State (North)","Muse Township","Nawt Ko Village Tract",1609244
"Shan State (North)","Muse Township","Hpaw Maw Village Tract",1609245
"Shan State (North)","Muse Township","Man Kan (Mone Koe) Village Tract",1609246
"Shan State (North)","Muse Township","Mant Jat Village Tract",1609247
"Shan State (North)","Muse Township","Pang Tawng Village Tract",1609248
"Shan State (North)","Muse Township","Pu Wan Village Tract",1609249
"Shan State (North)","Muse Township","Mant Kant Village Tract",1609250
"Shan State (North)","Muse Township","Hpawng Hseng Village Tract",1609251
"Shan State (North)","Muse Township","Mant Yang Village Tract",1609252
"Shan State (North)","Muse Township","Loi Wein Village Tract",1609253
"Shan State (North)","Muse Township","Loi Hsar Village Tract",1609254
"Shan State (North)","Muse Township","Wein Hseng Village Tract",1609255
"Shan State (North)","Muse Township","Loi Lumt Village Tract",1609256
"Shan State (North)","Muse Township","Ho Nar Village Tract",1609257
"Shan State (North)","Muse Township","Loi Ma Kauk Village Tract",1609258
"Shan State (North)","Muse Township","Nam Lar Hawt Village Tract",1609259
"Shan State (North)","Muse Township","Nawng Hkaw (Manhlyoe (Manhero) Village Tract",1609260
"Shan State (North)","Muse Township","Nawng Hin (Manhlyoe (Manhero) Village Tract",1609261
"Shan State (North)","Muse Township","Kauk Kwet (Manhlyoe (Manhero) Village Tract",1609262
"Shan State (North)","Muse Township","Nawng Hpai (Manhlyoe (Manhero) Village Tract",1609263
"Shan State (North)","Namhkan Township","Kawng Hsar Village Tract",1610200
"Shan State (North)","Namhkan Township","Ho Nar Village Tract",1610201
"Shan State (North)","Namhkan Township","Mant Nawng Village Tract",1610202
"Shan State (North)","Namhkan Township","Sei Hai Village Tract",1610203
"Shan State (North)","Namhkan Township","Nawng Hkan Village Tract",1610204
"Shan State (North)","Namhkan Township","Hat Hin Village Tract",1610205
"Shan State (North)","Namhkan Township","Kun Hai Village Tract",1610206
"Shan State (North)","Namhkan Township","Nawng Hkam Village Tract",1610207
"Shan State (North)","Namhkan Township","Man Sum Village Tract",1610208
"Shan State (North)","Namhkan Township","Man Hawng Village Tract",1610209
"Shan State (North)","Namhkan Township","Kun Long Village Tract",1610210
"Shan State (North)","Namhkan Township","Nam Tee Village Tract",1610211
"Shan State (North)","Namhkan Township","Hopong Village Tract",1610212
"Shan State (North)","Namhkan Township","Kawng Waing Village Tract",1610213
"Shan State (North)","Namhkan Township","Awe Law Man Sang Village Tract",1610214
"Shan State (North)","Namhkan Township","Pang Hkar (Loi) Village Tract",1610215
"Shan State (North)","Namhkan Township","Hsar Lu Village Tract",1610216
"Shan State (North)","Namhkan Township","Man Awng Village Tract",1610217
"Shan State (North)","Namhkan Township","Hpar Len Village Tract",1610218
"Shan State (North)","Namhkan Township","Man Long Village Tract",1610219
"Shan State (North)","Namhkan Township","Nam Hsee Ree Village Tract",1610220
"Shan State (North)","Namhkan Township","Loi Lum (Li Shaw) Village Tract",1610221
"Shan State (North)","Namhkan Township","Man Mai Village Tract",1610222
"Shan State (North)","Namhkan Township","Kawng Kat Village Tract",1610223
"Shan State (North)","Namhkan Township","Pat Mar Dein Hsar Village Tract",1610224
"Shan State (North)","Namhkan Township","Tar Kun Village Tract",1610225
"Shan State (North)","Namhkan Township","Man Sat Village Tract",1610226
"Shan State (North)","Namhkan Township","Pang Hsay (Man Sat) Village Tract",1610227
"Shan State (North)","Namhkan Township","Man Pu Village Tract",1610228
"Shan State (North)","Namhkan Township","Hin Long Village Tract",1610229
"Shan State (North)","Namhkan Township","Mu Kawng Village Tract",1610230
"Shan State (North)","Namhkan Township","Yant Wu Village Tract",1610231
"Shan State (North)","Namhkan Township","Maw Hsway Village Tract",1610232
"Shan State (North)","Namhkan Township","Loi Yaing Village Tract",1610233
"Shan State (North)","Namhkan Township","Loi Chet Village Tract",1610234
"Shan State (North)","Namhkan Township","Mong Wee Village Tract",1610235
"Shan State (North)","Namhkan Township","Loi Hum (Pa Laung) Village Tract",1610236
"Shan State (North)","Namhkan Township","Lawt Naw Village Tract",1610237
"Shan State (North)","Namhkan Township","Man Hun (Loi) Village Tract",1610238
"Shan State (North)","Namhkan Township","Sei Nay (Loi) Village Tract",1610239
"Shan State (North)","Namhkan Township","Man Pang (Loi) Village Tract",1610240
"Shan State (North)","Namhkan Township","Pang Yoke (Upper) Village Tract",1610241
"Shan State (North)","Namhkan Township","Tun Huong (Kachin) Village Tract",1610242
"Shan State (North)","Namhkan Township","Ho Pang Village Tract",1610243
"Shan State (North)","Kutkai Township","Hpat Yaing Pying Hoi Village Tract",1611200
"Shan State (North)","Kutkai Township","Kawng Hkar Man Pying Village Tract",1611201
"Shan State (North)","Kutkai Township","En Man Ho Kyan Village Tract",1611202
"Shan State (North)","Kutkai Township","Man Gyat Village Tract",1611203
"Shan State (North)","Kutkai Township","Kar Lai Kone Hsar Village Tract",1611204
"Shan State (North)","Kutkai Township","Loi Kan Village Tract",1611205
"Shan State (North)","Kutkai Township","Nar Nwet Village Tract",1611206
"Shan State (North)","Kutkai Township","Nar Waun Village Tract",1611207
"Shan State (North)","Kutkai Township","Nam Hpat Lun Village Tract",1611208
"Shan State (North)","Kutkai Township","Kawng Lein Village Tract",1611209
"Shan State (North)","Kutkai Township","Ho Hpyet Man Pying Village Tract",1611210
"Shan State (North)","Kutkai Township","Maw Han Village Tract",1611211
"Shan State (North)","Kutkai Township","38-Maing Man Pying Village Tract",1611212
"Shan State (North)","Kutkai Township","Kawng Hkar Village Tract",1611213
"Shan State (North)","Kutkai Township","Loi Hkan Village Tract",1611214
"Shan State (North)","Kutkai Township","Ho Nawng Village Tract",1611215
"Shan State (North)","Kutkai Township","Pang Ku Village Tract",1611216
"Shan State (North)","Kutkai Township","Nam Hu Village Tract",1611217
"Shan State (North)","Kutkai Township","Kyein Mun Village Tract",1611218
"Shan State (North)","Kutkai Township","Nam Hpat Kar Village Tract",1611219
"Shan State (North)","Kutkai Township","Pang Sa Lorp Village Tract",1611220
"Shan State (North)","Kutkai Township","Loi Kan Village Tract",1611221
"Shan State (North)","Kutkai Township","Au Rar Bum Man Pying Village Tract",1611222
"Shan State (North)","Kutkai Township","Au Rar Bum Kawng Lein Village Tract",1611223
"Shan State (North)","Kutkai Township","Au Rar Bum Zin Lum Village Tract",1611224
"Shan State (North)","Kutkai Township","Pang Kai Nar Mun Village Tract",1611225
"Shan State (North)","Kutkai Township","Pang Kai (Upper) Village Tract",1611226
"Shan State (North)","Kutkai Township","Pang Kai (Lower) Village Tract",1611227
"Shan State (North)","Kutkai Township","Pang Kai Pang Lawt Village Tract",1611228
"Shan State (North)","Kutkai Township","Mong Yu Village Tract",1611229
"Shan State (North)","Kutkai Township","Man Nein Aun Village Tract",1611230
"Shan State (North)","Kutkai Township","Nam Ngun Village Tract",1611231
"Shan State (North)","Kutkai Township","Ho Maw Man Nein (Pa Laung) Village Tract",1611232
"Shan State (North)","Kutkai Township","Ho Maw Lawt Khum Village Tract",1611233
"Shan State (North)","Kutkai Township","Ho Maw Hopong Village Tract",1611234
"Shan State (North)","Kutkai Township","Nein Lum Hko Mone Village Tract",1611235
"Shan State (North)","Kutkai Township","Nein Lum Gan Nam Village Tract",1611236
"Shan State (North)","Kutkai Township","Nein Lum Wa Laing Village Tract",1611237
"Shan State (North)","Kutkai Township","Man Pu Village Tract",1611238
"Shan State (North)","Kutkai Township","Pyin Pun Village Tract",1611239
"Shan State (North)","Kutkai Township","Ho Kyeint Village Tract",1611240
"Shan State (North)","Kutkai Township","Dein Ga Ri Village Tract",1611241
"Shan State (North)","Kutkai Township","Mong Ya Village Tract",1611242
"Shan State (North)","Kutkai Township","Mong Ya Pang Hsat Village Tract",1611243
"Shan State (North)","Kutkai Township","Hopong Village Tract",1611244
"Shan State (North)","Kutkai Township","Hko Pyin Village Tract",1611245
"Shan State (North)","Kutkai Township","Man Kyei Village Tract",1611246
"Shan State (North)","Kutkai Township","Ban Nwet Village Tract",1611247
"Shan State (North)","Kutkai Township","Man Pying Village Tract",1611248
"Shan State (North)","Kutkai Township","Long Waun Nam Rein Village Tract",1611249
"Shan State (North)","Kutkai Township","Daung Naw Village Tract",1611250
"Shan State (North)","Kutkai Township","Mong See Wein Mai Village Tract",1611251
"Shan State (North)","Kutkai Township","Ho Et Village Tract",1611252
"Shan State (North)","Kutkai Township","Nam Tawng Village Tract",1611253
"Shan State (North)","Kutkai Township","Man Tet Village Tract",1611254
"Shan State (North)","Kutkai Township","Mong Paw Village Tract",1611255
"Shan State (North)","Kutkai Township","Man Lawng Village Tract",1611256
"Shan State (North)","Kutkai Township","Nam Kan Long Village Tract",1611257
"Shan State (North)","Kutkai Township","Nawng Long Village Tract",1611258
"Shan State (North)","Kutkai Township","Nam Maw Village Tract",1611259
"Shan State (North)","Kutkai Township","King Huong Pying Hkam Village Tract",1611260
"Shan State (North)","Kutkai Township","Bang Kaw Village Tract",1611261
"Shan State (North)","Kutkai Township","Bang Long Village Tract",1611262
"Shan State (North)","Kutkai Township","Mong Htan Village Tract",1611263
"Shan State (North)","Kutkai Township","Yone Maw Village Tract",1611264
"Shan State (North)","Kutkai Township","Man Kan Village Tract",1611265
"Shan State (North)","Kutkai Township","Nawng Kan Village Tract",1611266
"Shan State (North)","Kutkai Township","Tat Naing Village Tract",1611267
"Shan State (North)","Kutkai Township","Long Htan Village Tract",1611268
"Shan State (North)","Kutkai Township","Nam Pa Yon Village Tract",1611269
"Shan State (North)","Kutkai Township","Shaw Haw Village Tract",1611270
"Shan State (North)","Kutkai Township","Man Wein Village Tract",1611271
"Shan State (North)","Kutkai Township","Mong Hum Village Tract",1611272
"Shan State (North)","Kyaukme Township","Nam Hu Tawng Village Tract",1612200
"Shan State (North)","Kyaukme Township","Man Kyawng (Kywe Kone) Village Tract",1612201
"Shan State (North)","Kyaukme Township","Hko Mone Village Tract",1612202
"Shan State (North)","Kyaukme Township","Pang Lawt Village Tract",1612203
"Shan State (North)","Kyaukme Township","Nar Pying Village Tract",1612204
"Shan State (North)","Kyaukme Township","Nar Hkaw Village Tract",1612205
"Shan State (North)","Kyaukme Township","Kyaukme Gyi Village Tract",1612206
"Shan State (North)","Kyaukme Township","Man Kyawng (Kyaukme Gyi) Village Tract",1612207
"Shan State (North)","Kyaukme Township","Pein Hne Kone Village Tract",1612208
"Shan State (North)","Kyaukme Township","Kyu Shaw Village Tract",1612209
"Shan State (North)","Kyaukme Township","Ta Khun Taing Village Tract",1612210
"Shan State (North)","Kyaukme Township","Mong Tin Village Tract",1612211
"Shan State (North)","Kyaukme Township","Loi An Village Tract",1612212
"Shan State (North)","Kyaukme Township","Taung Say Leik Village Tract",1612213
"Shan State (North)","Kyaukme Township","Nar Aik Hkant Village Tract",1612214
"Shan State (North)","Kyaukme Township","Sa Khan Thar Village Tract",1612215
"Shan State (North)","Kyaukme Township","Nawng Pein Village Tract",1612216
"Shan State (North)","Kyaukme Township","Pin Tein Village Tract",1612217
"Shan State (North)","Kyaukme Township","Pin Paw Village Tract",1612218
"Shan State (North)","Kyaukme Township","Hkay Hnin Village Tract",1612219
"Shan State (North)","Kyaukme Township","Maw Mar Village Tract",1612220
"Shan State (North)","Kyaukme Township","Kaw Pawng Village Tract",1612221
"Shan State (North)","Kyaukme Township","Tawt Sang Village Tract",1612222
"Shan State (North)","Kyaukme Township","Nyaung Maung Village Tract",1612223
"Shan State (North)","Kyaukme Township","Pang Hu Village Tract",1612224
"Shan State (North)","Kyaukme Township","Pang Wun Village Tract",1612225
"Shan State (North)","Kyaukme Township","Pying Hsint Village Tract",1612226
"Shan State (North)","Kyaukme Township","Pang Kun Village Tract",1612227
"Shan State (North)","Kyaukme Township","Hu Kut Village Tract",1612228
"Shan State (North)","Kyaukme Township","Loi Kon Village Tract",1612229
"Shan State (North)","Kyaukme Township","Nawng Pyit Village Tract",1612230
"Shan State (North)","Kyaukme Township","Hu Sun Village Tract",1612231
"Shan State (North)","Kyaukme Township","Pang Len Village Tract",1612232
"Shan State (North)","Kyaukme Township","Chaung Chauk Village Tract",1612233
"Shan State (North)","Kyaukme Township","Kun Kaw Village Tract",1612234
"Shan State (North)","Kyaukme Township","Mone Pyin Village Tract",1612235
"Shan State (North)","Kyaukme Township","Myo Haung Village Tract",1612236
"Shan State (North)","Kyaukme Township","Taung Ni Village Tract",1612237
"Shan State (North)","Kyaukme Township","Man Hsin (a) Pa Zi Village Tract",1612238
"Shan State (North)","Kyaukme Township","Pang Woe Village Tract",1612239
"Shan State (North)","Kyaukme Township","Min Kone Village Tract",1612240
"Shan State (North)","Kyaukme Township","Par Hlaing Village Tract",1612241
"Shan State (North)","Kyaukme Township","Nam Hkun Village Tract",1612242
"Shan State (North)","Kyaukme Township","Loi Hsar Village Tract",1612243
"Shan State (North)","Kyaukme Township","Nam Hpan Village Tract",1612244
"Shan State (North)","Kyaukme Township","Loi An Village Tract",1612245
"Shan State (North)","Kyaukme Township","Kant Kan Village Tract",1612246
"Shan State (North)","Kyaukme Township","Hsant Hing Village Tract",1612247
"Shan State (North)","Kyaukme Township","Loi Hkam Village Tract",1612248
"Shan State (North)","Kyaukme Township","Man Maw Village Tract",1612249
"Shan State (North)","Kyaukme Township","Pong Woe Village Tract",1612250
"Shan State (North)","Kyaukme Township","Kun Hin Village Tract",1612251
"Shan State (North)","Kyaukme Township","Nawng Kun Village Tract",1612252
"Shan State (North)","Kyaukme Township","Pang Sam Village Tract",1612253
"Shan State (North)","Kyaukme Township","Nawng Shin Village Tract",1612254
"Shan State (North)","Kyaukme Township","Nar Aw Village Tract",1612255
"Shan State (North)","Kyaukme Township","Taung Hteik Village Tract",1612256
"Shan State (North)","Kyaukme Township","Hkant Hke Pawt Inn Village Tract",1612257
"Shan State (North)","Kyaukme Township","He Kwi Village Tract",1612258
"Shan State (North)","Kyaukme Township","Loi Hsaunt Village Tract",1612259
"Shan State (North)","Kyaukme Township","Loi Kyu Village Tract",1612260
"Shan State (North)","Kyaukme Township","Kun Kauk Village Tract",1612261
"Shan State (North)","Kyaukme Township","Man Hkauk Village Tract",1612262
"Shan State (North)","Kyaukme Township","Kawng Ka Law Village Tract",1612263
"Shan State (North)","Kyaukme Township","He Hkam Village Tract",1612264
"Shan State (North)","Kyaukme Township","Pong Long Village Tract",1612265
"Shan State (North)","Kyaukme Township","Chone Village Tract",1612266
"Shan State (North)","Kyaukme Township","Kun Sa Lan Village Tract",1612267
"Shan State (North)","Kyaukme Township","Hkun Hkwa Village Tract",1612268
"Shan State (North)","Kyaukme Township","Pang Kwe Village Tract",1612269
"Shan State (North)","Kyaukme Township","Kyauk Lone Gyi Village Tract",1612270
"Shan State (North)","Kyaukme Township","Kyauk Hpyu Village Tract",1612271
"Shan State (North)","Kyaukme Township","Myo Thit Village Tract",1612272
"Shan State (North)","Kyaukme Township","Nam Tway Village Tract",1612273
"Shan State (North)","Kyaukme Township","Ohn Ma Sun Village Tract",1612274
"Shan State (North)","Kyaukme Township","Pang Nin Village Tract",1612275
"Shan State (North)","Nawnghkio Township","Kone Sam Village Tract",1613200
"Shan State (North)","Nawnghkio Township","Long Yone Village Tract",1613201
"Shan State (North)","Nawnghkio Township","Ngoke Ka Lay Village Tract",1613202
"Shan State (North)","Nawnghkio Township","Long Wei Village Tract",1613203
"Shan State (North)","Nawnghkio Township","Myet Chee Nu Village Tract",1613204
"Shan State (North)","Nawnghkio Township","Nyan Taw Village Tract",1613205
"Shan State (North)","Nawnghkio Township","Kan Gyi Village Tract",1613206
"Shan State (North)","Nawnghkio Township","Shwe Moke Htaw Village Tract",1613207
"Shan State (North)","Nawnghkio Township","Taung Shey Village Tract",1613208
"Shan State (North)","Nawnghkio Township","Yae Twin Gyi Village Tract",1613209
"Shan State (North)","Nawnghkio Township","Nawng Taw Village Tract",1613210
"Shan State (North)","Nawnghkio Township","Inn Hpo Village Tract",1613211
"Shan State (North)","Nawnghkio Township","Me Poke Village Tract",1613212
"Shan State (North)","Nawnghkio Township","Thone Se Village Tract",1613213
"Shan State (North)","Nawnghkio Township","Hsam Ma Hse Village Tract",1613214
"Shan State (North)","Nawnghkio Township","Ong Ma Hkar Village Tract",1613215
"Shan State (North)","Nawnghkio Township","Pin Tee Village Tract",1613216
"Shan State (North)","Nawnghkio Township","Bant Bway Village Tract",1613217
"Shan State (North)","Nawnghkio Township","Kone Gyi Ywar Ma Village Tract",1613218
"Shan State (North)","Nawnghkio Township","Kyein Ga Naing Village Tract",1613219
"Shan State (North)","Nawnghkio Township","Ah Nauk Kyu Inn Village Tract",1613220
"Shan State (North)","Nawnghkio Township","Nyaung Tauk Village Tract",1613221
"Shan State (North)","Nawnghkio Township","Hko Ong Village Tract",1613222
"Shan State (North)","Nawnghkio Township","Kone Thar Village Tract",1613223
"Shan State (North)","Nawnghkio Township","Seik Hpu Village Tract",1613224
"Shan State (North)","Nawnghkio Township","Ku Lar Kwe Village Tract",1613225
"Shan State (North)","Nawnghkio Township","Doe Pin Village Tract",1613226
"Shan State (North)","Nawnghkio Township","Kyauk Gyi Village Tract",1613227
"Shan State (North)","Nawnghkio Township","Bant Bway Kyin Village Tract",1613228
"Shan State (North)","Nawnghkio Township","Ho Hko (North) Village Tract",1613229
"Shan State (North)","Nawnghkio Township","Hsi Hson Village Tract",1613230
"Shan State (North)","Nawnghkio Township","Kone Gyi Village Tract",1613231
"Shan State (North)","Nawnghkio Township","Than Bo Village Tract",1613232
"Shan State (North)","Nawnghkio Township","Tha Yet Kone Village Tract",1613233
"Shan State (North)","Nawnghkio Township","Ah Htet Kyu Inn Village Tract",1613234
"Shan State (North)","Hsipaw Township","Tein San Village Tract",1614200
"Shan State (North)","Hsipaw Township","Man He Village Tract",1614201
"Shan State (North)","Hsipaw Township","Sam Hpeik Village Tract",1614202
"Shan State (North)","Hsipaw Township","Ywar Thit Village Tract",1614203
"Shan State (North)","Hsipaw Township","Ton Hsint Village Tract",1614204
"Shan State (North)","Hsipaw Township","Sun Long Village Tract",1614205
"Shan State (North)","Hsipaw Township","Pang Soa Ming Village Tract",1614206
"Shan State (North)","Hsipaw Township","Mong Lin Village Tract",1614207
"Shan State (North)","Hsipaw Township","Kone Thar Village Tract",1614208
"Shan State (North)","Hsipaw Township","Nawng An Village Tract",1614209
"Shan State (North)","Hsipaw Township","Pang Meik Village Tract",1614210
"Shan State (North)","Hsipaw Township","Kun Hkaik Village Tract",1614211
"Shan State (North)","Hsipaw Township","Kyin Thi Village Tract",1614212
"Shan State (North)","Hsipaw Township","Baw Kyo Village Tract",1614213
"Shan State (North)","Hsipaw Township","Lawng Hkun Village Tract",1614214
"Shan State (North)","Hsipaw Township","Nam Aun Village Tract",1614215
"Shan State (North)","Hsipaw Township","Saung Kye Village Tract",1614216
"Shan State (North)","Hsipaw Township","Tun Kyaing Village Tract",1614217
"Shan State (North)","Hsipaw Township","Nawng Ton Village Tract",1614218
"Shan State (North)","Hsipaw Township","Hseng Lai Village Tract",1614219
"Shan State (North)","Hsipaw Township","Ong Mu Village Tract",1614220
"Shan State (North)","Hsipaw Township","Man Pyit Village Tract",1614221
"Shan State (North)","Hsipaw Township","Pang Hkan Village Tract",1614222
"Shan State (North)","Hsipaw Township","Moe Tay Village Tract",1614223
"Shan State (North)","Hsipaw Township","Man Sang Village Tract",1614224
"Shan State (North)","Hsipaw Township","Hsin Kyawt Village Tract",1614225
"Shan State (North)","Hsipaw Township","Nar Taunt Village Tract",1614226
"Shan State (North)","Hsipaw Township","Ma Hkaw Village Tract",1614227
"Shan State (North)","Hsipaw Township","Pang Sang Village Tract",1614228
"Shan State (North)","Hsipaw Township","Nam Ma Village Tract",1614229
"Shan State (North)","Hsipaw Township","Hu Mye Village Tract",1614230
"Shan State (North)","Hsipaw Township","Kun Hauk Village Tract",1614231
"Shan State (North)","Hsipaw Township","Nam Lan Village Tract",1614232
"Shan State (North)","Hsipaw Township","Kone Hsar Village Tract",1614233
"Shan State (North)","Hsipaw Township","Man Hkaing Hsi Htauk Village Tract",1614234
"Shan State (North)","Hsipaw Township","Mant Mun Man Kyawng Village Tract",1614235
"Shan State (North)","Hsipaw Township","Kone Son Village Tract",1614236
"Shan State (North)","Hsipaw Township","Ho Hke Village Tract",1614237
"Shan State (North)","Hsipaw Township","Kawng Hkan Village Tract",1614238
"Shan State (North)","Hsipaw Township","Man Li Village Tract",1614239
"Shan State (North)","Hsipaw Township","Nam Maw Swe Village Tract",1614240
"Shan State (North)","Hsipaw Township","Man Kyawng Village Tract",1614241
"Shan State (North)","Hsipaw Township","Nar Lay Village Tract",1614242
"Shan State (North)","Hsipaw Township","Kone Yone Village Tract",1614243
"Shan State (North)","Hsipaw Township","Nar Ma Hkaw Village Tract",1614244
"Shan State (North)","Hsipaw Township","Sei Hkan Village Tract",1614245
"Shan State (North)","Hsipaw Township","Kone Hsawt Village Tract",1614246
"Shan State (North)","Hsipaw Township","Nam Yang Village Tract",1614247
"Shan State (North)","Hsipaw Township","Mong Hkay Village Tract",1614248
"Shan State (North)","Hsipaw Township","Mant Mun (Khay) Village Tract",1614249
"Shan State (North)","Hsipaw Township","Nar Lay (Li) Village Tract",1614250
"Shan State (North)","Hsipaw Township","Ho Hko Village Tract",1614251
"Shan State (North)","Hsipaw Township","Man Pang Village Tract",1614252
"Shan State (North)","Hsipaw Township","Pying Nyawng Village Tract",1614253
"Shan State (North)","Hsipaw Township","Ho Aun Village Tract",1614254
"Shan State (North)","Hsipaw Township","Mong Ton Village Tract",1614255
"Shan State (North)","Hsipaw Township","Kun Hkar Village Tract",1614256
"Shan State (North)","Hsipaw Township","Hsut Ton Village Tract",1614257
"Shan State (North)","Hsipaw Township","Kawng Kyaw Village Tract",1614258
"Shan State (North)","Hsipaw Township","Pang Huong Village Tract",1614259
"Shan State (North)","Hsipaw Township","Man Pat Village Tract",1614260
"Shan State (North)","Hsipaw Township","Man Kyawng Village Tract",1614261
"Shan State (North)","Hsipaw Township","Man Maw Village Tract",1614262
"Shan State (North)","Hsipaw Township","Mong Lar Village Tract",1614263
"Shan State (North)","Hsipaw Township","Kawng Hkan Village Tract",1614264
"Shan State (North)","Hsipaw Township","Long Tawng Village Tract",1614265
"Shan State (North)","Hsipaw Township","Nar Hpwei Village Tract",1614266
"Shan State (North)","Namtu Township","Kyu Hsawt Village Tract",1615200
"Shan State (North)","Namtu Township","Hsaik Hkawng Village Tract",1615201
"Shan State (North)","Namtu Township","Hko Mo Village Tract",1615202
"Shan State (North)","Namtu Township","Baw Twin Village Tract",1615203
"Shan State (North)","Namtu Township","Hu Hsar Village Tract",1615204
"Shan State (North)","Namtu Township","Hin Poke Village Tract",1615205
"Shan State (North)","Namtu Township","Man San Village Tract",1615206
"Shan State (North)","Namtu Township","Nam Taung Kone Village Tract",1615207
"Shan State (North)","Namtu Township","Pang Hsawt Village Tract",1615208
"Shan State (North)","Namtu Township","Mong Mu Village Tract",1615209
"Shan State (North)","Namtu Township","Pang Long Village Tract",1615210
"Shan State (North)","Namtu Township","Chaung Hsar Village Tract",1615211
"Shan State (North)","Namtu Township","Loi Pyay Village Tract",1615212
"Shan State (North)","Namtu Township","Mong Tat Village Tract",1615213
"Shan State (North)","Namtu Township","Loi Ngin Nam Hmyaw Village Tract",1615214
"Shan State (North)","Namtu Township","Nar Hseng Village Tract",1615215
"Shan State (North)","Namtu Township","Pang Chin Village Tract",1615216
"Shan State (North)","Namtu Township","Mong Yin Village Tract",1615217
"Shan State (North)","Namtu Township","Wein Nang Village Tract",1615218
"Shan State (North)","Namtu Township","Man Hsar Long Village Tract",1615219
"Shan State (North)","Namtu Township","Wein Myint Village Tract",1615220
"Shan State (North)","Namtu Township","Pang Yang Village Tract",1615221
"Shan State (North)","Namtu Township","Hsan Pu Village Tract",1615222
"Shan State (North)","Namtu Township","Hpar Sum Village Tract",1615223
"Shan State (North)","Namhsan Township","Ngun Hseng Village Tract",1616200
"Shan State (North)","Namhsan Township","Man Loi Village Tract",1616201
"Shan State (North)","Namhsan Township","Nam Len Village Tract",1616202
"Shan State (North)","Namhsan Township","Hkay Hkin Village Tract",1616203
"Shan State (North)","Namhsan Township","Taung Kyaw Village Tract",1616204
"Shan State (North)","Namhsan Township","Ahr Ram Village Tract",1616205
"Shan State (North)","Namhsan Township","Hu Hkin Village Tract",1616206
"Shan State (North)","Namhsan Township","Man Long Village Tract",1616207
"Shan State (North)","Namhsan Township","Hu Man Village Tract",1616208
"Shan State (North)","Namhsan Township","Za Yang Village Tract",1616209
"Shan State (North)","Namhsan Township","Kayah Lan Village Tract",1616210
"Shan State (North)","Namhsan Township","Kayah Village Tract",1616211
"Shan State (North)","Namhsan Township","Kyauk Hpyu Village Tract",1616212
"Shan State (North)","Namhsan Township","Hpa Yar Gyi Village Tract",1616213
"Shan State (North)","Namhsan Township","Long Tauk Village Tract",1616214
"Shan State (North)","Namhsan Township","Man Kan Village Tract",1616215
"Shan State (North)","Namhsan Township","Taung Ma Village Tract",1616216
"Shan State (North)","Namhsan Township","Li Lu Village Tract",1616217
"Shan State (North)","Namhsan Township","Ah Nauk Kin Village Tract",1616218
"Shan State (North)","Namhsan Township","Kun Hei Village Tract",1616219
"Shan State (North)","Namhsan Township","Man Nauk Village Tract",1616220
"Shan State (North)","Namhsan Township","Kyauk Hpyu Lay Village Tract",1616221
"Shan State (North)","Namhsan Township","Myo Thit Village Tract",1616222
"Shan State (North)","Namhsan Township","Nam Tway Village Tract",1616223
"Shan State (North)","Namhsan Township","Ong Ma Sum Village Tract",1616224
"Shan State (North)","Namhsan Township","Pan Nin Village Tract",1616225
"Shan State (North)","Namhsan Township","Kawng Ka Law Village Tract",1616226
"Shan State (North)","Mongmit Township","Taung Kaing Village Tract",1617200
"Shan State (North)","Mongmit Township","Let Khoke Pin Village Tract",1617201
"Shan State (North)","Mongmit Township","Myit Son Village Tract",1617202
"Shan State (North)","Mongmit Township","Shwe Zar Li Village Tract",1617203
"Shan State (North)","Mongmit Township","Thea Ni Village Tract",1617204
"Shan State (North)","Mongmit Township","Lel Gyi Village Tract",1617205
"Shan State (North)","Mongmit Township","Ma Gyi Pin Village Tract",1617206
"Shan State (North)","Mongmit Township","Pa Thin Village Tract",1617207
"Shan State (North)","Mongmit Township","Moe Hauk Village Tract",1617208
"Shan State (North)","Mongmit Township","Nam Hput Village Tract",1617209
"Shan State (North)","Mongmit Township","Thit Seint Kone Village Tract",1617210
"Shan State (North)","Mongmit Township","Pa Dan Village Tract",1617211
"Shan State (North)","Mongmit Township","Moe Bon Village Tract",1617212
"Shan State (North)","Mongmit Township","Hsint Kin Village Tract",1617213
"Shan State (North)","Mongmit Township","Man Pat Village Tract",1617214
"Shan State (North)","Mongmit Township","Loi Hsar Village Tract",1617215
"Shan State (North)","Mongmit Township","Shwe Nyaung Pin (Teng Hu Hkam) Village Tract",1617216
"Shan State (North)","Mongmit Township","Nar Hkar Long Village Tract",1617217
"Shan State (North)","Mongmit Township","Hin Hkoke Village Tract",1617218
"Shan State (North)","Mongmit Township","Man Kawng Village Tract",1617219
"Shan State (North)","Mongmit Township","Mong Nin Village Tract",1617220
"Shan State (North)","Mongmit Township","Moe Lo Village Tract",1617221
"Shan State (North)","Mongmit Township","He Htin Village Tract",1617222
"Shan State (North)","Mongmit Township","Kyu Hsar Village Tract",1617223
"Shan State (North)","Mongmit Township","Loi Yar Village Tract",1617224
"Shan State (North)","Mongmit Township","Man Yun Au Yar Village Tract",1617225
"Shan State (North)","Mongmit Township","Tone Gyi Village Tract",1617226
"Shan State (North)","Mongmit Township","Yae Pone Village Tract",1617227
"Shan State (North)","Mabein Township","Hko Tar Village Tract",1618200
"Shan State (North)","Mabein Township","Ma Hlaing Kone Village Tract",1618201
"Shan State (North)","Mabein Township","Ba He Village Tract",1618202
"Shan State (North)","Mabein Township","Kone Ma Hkan Village Tract",1618203
"Shan State (North)","Mabein Township","La War Village Tract",1618204
"Shan State (North)","Mabein Township","Si Ping Village Tract",1618205
"Shan State (North)","Mabein Township","Ton Kwar Village Tract",1618206
"Shan State (North)","Mabein Township","Ma Au Kone Village Tract",1618207
"Shan State (North)","Mabein Township","Mae Sa Li Village Tract",1618208
"Shan State (North)","Mabein Township","Yan Bo Village Tract",1618209
"Shan State (North)","Mabein Township","Loi Hseng Village Tract",1618210
"Shan State (North)","Mabein Township","Loi Wein Village Tract",1618211
"Shan State (North)","Mabein Township","Hkar Gyit Village Tract",1618212
"Shan State (North)","Mabein Township","Loi Hsawng Village Tract",1618213
"Shan State (North)","Mabein Township","Kun Chaung Village Tract",1618214
"Shan State (North)","Mabein Township","Moe Lone Village Tract",1618215
"Shan State (North)","Mabein Township","Chaung Wa Village Tract",1618216
"Shan State (North)","Mabein Township","Ngar Oe Village Tract",1618217
"Shan State (North)","Mabein Township","Hkat Hkon Village Tract",1618218
"Shan State (North)","Mabein Township","Ngoet Hsin Village Tract",1618219
"Shan State (North)","Manton Township","Nam Hai Village Tract",1619200
"Shan State (North)","Manton Township","Nawng Sang Village Tract",1619201
"Shan State (North)","Manton Township","Kone Nyaung Village Tract",1619202
"Shan State (North)","Manton Township","Mong Hoke Village Tract",1619203
"Shan State (North)","Manton Township","Tun Hsay Village Tract",1619204
"Shan State (North)","Manton Township","Pang Nang Village Tract",1619205
"Shan State (North)","Manton Township","Loi Kyu Village Tract",1619206
"Shan State (North)","Manton Township","Kawng Hson Village Tract",1619207
"Shan State (North)","Manton Township","Hawng Kan Village Tract",1619208
"Shan State (North)","Manton Township","Pang Hsan (a) Nam Hu Hseng Hkawng Village Tract",1619209
"Shan State (North)","Manton Township","Hsaik Hkawng Village Tract",1619210
"Shan State (North)","Manton Township","Nam Nat Village Tract",1619211
"Shan State (North)","Manton Township","Hseng Lein (Ka) Village Tract",1619212
"Shan State (North)","Manton Township","Hseng Lein (Pa) Village Tract",1619213
"Shan State (North)","Manton Township","Manton (Kachin) Village Tract",1619214
"Shan State (North)","Manton Township","Manton (Pa Laung) Village Tract",1619215
"Shan State (North)","Manton Township","Man Pat Village Tract",1619216
"Shan State (North)","Manton Township","Man Pun (Kachin) Village Tract",1619217
"Shan State (North)","Manton Township","Man Pun (Pa Laung) Village Tract",1619218
"Shan State (North)","Manton Township","Maw Long Village Tract",1619219
"Shan State (North)","Manton Township","Man Kyawt Village Tract",1619220
"Shan State (North)","Manton Township","Pang Kone Village Tract",1619221
"Shan State (North)","Manton Township","Man Mauk Village Tract",1619222
"Shan State (North)","Manton Township","Man Nar Village Tract",1619223
"Shan State (North)","Manton Township","Say Kaw Village Tract",1619224
"Shan State (North)","Manton Township","Hu Lein Village Tract",1619225
"Shan State (North)","Manton Township","Man Kaw Village Tract",1619226
"Shan State (North)","Manton Township","Nar Aw Village Tract",1619227
"Shan State (North)","Manton Township","Mone Hka Village Tract",1619228
"Shan State (North)","Kunlong Township","Pang Sang Nam Village Tract",1620200
"Shan State (North)","Kunlong Township","Ton Kyet Village Tract",1620201
"Shan State (North)","Kunlong Township","Nam Hu Village Tract",1620202
"Shan State (North)","Kunlong Township","Kawng Kye Village Tract",1620203
"Shan State (North)","Kunlong Township","Kone Nyaung Village Tract",1620204
"Shan State (North)","Kunlong Township","San Pya Village Tract",1620205
"Shan State (North)","Kunlong Township","Mant Hkar Village Tract",1620206
"Shan State (North)","Kunlong Township","Shaung Ti Lin Village Tract",1620207
"Shan State (North)","Kunlong Township","Tar Huong Ma Shu Village Tract",1620208
"Shan State (North)","Kunlong Township","Wawt Chone Village Tract",1620209
"Shan State (North)","Kunlong Township","Nam Sun Village Tract",1620210
"Shan State (North)","Kunlong Township","Tar Pawng Pawng Village Tract",1620211
"Shan State (North)","Kunlong Township","Pying Ye Village Tract",1620212
"Shan State (North)","Kunlong Township","Tar Shwe Htan Village Tract",1620213
"Shan State (North)","Kunlong Township","Kan Mong Village Tract",1620214
"Shan State (North)","Kunlong Township","Ho Li Village Tract",1620215
"Shan State (North)","Kunlong Township","Nawng Mo Village Tract",1620216
"Shan State (North)","Kunlong Township","Nam Kyin San Village Tract",1620217
"Shan State (North)","Kunlong Township","Pang Ma Village Tract",1620218
"Shan State (North)","Kunlong Township","Man Pying Village Tract",1620219
"Shan State (North)","Kunlong Township","Pang Huong Village Tract",1620220
"Shan State (North)","Kunlong Township","Tat Tu Village Tract",1620221
"Shan State (North)","Kunlong Township","Wa Soke Village Tract",1620222
"Shan State (North)","Kunlong Township","Pang Hai Village Tract",1620223
"Shan State (North)","Kunlong Township","Hpar Hpein Village Tract",1620224
"Shan State (North)","Hopang Township","Nawng Mo Village Tract",1621200
"Shan State (North)","Hopang Township","San Pya (Myaung Zee) Village Tract",1621201
"Shan State (North)","Hopang Township","Maw Hwayt Village Tract",1621202
"Shan State (North)","Hopang Township","Har Hpyat Village Tract",1621203
"Shan State (North)","Hopang Township","Hpat Har Village Tract",1621204
"Shan State (North)","Hopang Township","Pang Kauk Village Tract",1621205
"Shan State (North)","Hopang Township","Tar Ko Village Tract",1621206
"Shan State (North)","Hopang Township","Nam Hseng Village Tract",1621207
"Shan State (North)","Hopang Township","Man Kawng Village Tract",1621208
"Shan State (North)","Hopang Township","Hpar Lin Village Tract",1621209
"Shan State (North)","Hopang Township","Shwe War Village Tract",1621210
"Shan State (North)","Hopang Township","Shi Kan Hto Village Tract",1621211
"Shan State (North)","Hopang Township","Hpar Chan Village Tract",1621212
"Shan State (North)","Hopang Township","Ching Huong Keng Village Tract",1621213
"Shan State (North)","Hopang Township","Hsi Par Hseng Village Tract",1621214
"Shan State (North)","Hopang Township","Mone Kun (Ywar Ma) Village Tract",1621215
"Shan State (North)","Hopang Township","Ahr Waw Keng Village Tract",1621216
"Shan State (North)","Hopang Township","Pang Hkun Village Tract",1621217
"Shan State (North)","Hopang Township","Ahr Ko Keng Village Tract",1621218
"Shan State (North)","Hopang Township","Man Kawng (2) Village Tract",1621219
"Shan State (North)","Hopang Township","Man Hseng Village Tract",1621220
"Shan State (North)","Hopang Township","Nam Mu Village Tract",1621221
"Shan State (North)","Hopang Township","Tar Aik Village Tract",1621222
"Shan State (North)","Hopang Township","Hpar Kwet Village Tract",1621223
"Shan State (North)","Hopang Township","Yon Pang Village Tract",1621224
"Shan State (North)","Hopang Township","Man Han Village Tract",1621225
"Shan State (North)","Hopang Township","Nar Wee Village Tract",1621226
"Shan State (North)","Hopang Township","Pang Kan Village Tract",1621227
"Shan State (North)","Hopang Township","Loi Hkam Village Tract",1621228
"Shan State (North)","Hopang Township","Man Htan Village Tract",1621229
"Shan State (North)","Hopang Township","Nam Ping Village Tract",1621230
"Shan State (North)","Hopang Township","Kone Hsar Village Tract",1621231
"Shan State (North)","Hopang Township","Wein Kawng Village Tract",1621232
"Shan State (North)","Hopang Township","Man Kawng (3) Village Tract",1621233
"Shan State (North)","Hopang Township","Man Au Village Tract",1621234
"Shan State (North)","Hopang Township","Pang Yawng Village Tract",1621235
"Shan State (North)","Hopang Township","Loi Hkat Village Tract",1621236
"Shan State (North)","Hopang Township","Kawng Pyet Village Tract",1621237
"Shan State (North)","Hopang Township","Man Tun Kaw Village Tract",1621238
"Shan State (North)","Hopang Township","Man Nar Sang Village Tract",1621239
"Shan State (North)","Hopang Township","Kawng Nin Village Tract",1621240
"Shan State (North)","Hopang Township","Pang Huong Village Tract",1621241
"Shan State (North)","Hopang Township","Pang Yoke Village Tract",1621242
"Shan State (North)","Hopang Township","Pang Lar Village Tract",1621243
"Shan State (North)","Hopang Township","Mone Hit Village Tract",1621244
"Shan State (North)","Hopang Township","Kawng Kun Village Tract",1621245
"Shan State (North)","Hopang Township","Ho Sum Village Tract",1621246
"Shan State (North)","Hopang Township","Nam Tar Village Tract",1621247
"Shan State (North)","Hopang Township","Bin Hin Village Tract",1621248
"Shan State (North)","Hopang Township","Kaw Mon Village Tract",1621249
"Shan State (North)","Hopang Township","Mar Ong Par Village Tract",1621250
"Shan State (North)","Hopang Township","Kyin Chan Village Tract",1621251
"Shan State (North)","Hopang Township","Lauk Yan Ti Village Tract",1621252
"Shan State (North)","Hopang Township","Shan Shaung Len Village Tract",1621253
"Shan State (North)","Laukkaing Township","Tauk Shwe Village Tract",1622200
"Shan State (North)","Laukkaing Township","Htin Par Keng Village Tract",1622201
"Shan State (North)","Laukkaing Township","Kyar Ti Lin Village Tract",1622202
"Shan State (North)","Laukkaing Township","Kone Hsar Village Tract",1622203
"Shan State (North)","Laukkaing Township","Shwe Yin See Village Tract",1622204
"Shan State (North)","Laukkaing Township","Lauk Par Kyaing Village Tract",1622205
"Shan State (North)","Laukkaing Township","Hkoke Htan Village Tract",1622206
"Shan State (North)","Laukkaing Township","Mar Li Lint Village Tract",1622207
"Shan State (North)","Laukkaing Township","Par Hsin Chow Village Tract",1622208
"Shan State (North)","Laukkaing Township","Man Ton Par Village Tract",1622209
"Shan State (North)","Laukkaing Township","Yan Taw Shan Village Tract",1622210
"Shan State (North)","Laukkaing Township","Tar Shwe Htan Village Tract",1622211
"Shan State (North)","Laukkaing Township","Kyu Kyaing Village Tract",1622212
"Shan State (North)","Laukkaing Township","Kyar Zi Shu Village Tract",1622213
"Shan State (North)","Laukkaing Township","Tar Yin Hpan Village Tract",1622214
"Shan State (North)","Laukkaing Township","Nyo Khwan Village Tract",1622215
"Shan State (North)","Laukkaing Township","Aik Lar Village Tract",1622216
"Shan State (North)","Laukkaing Township","Huong Si Tone Haw Village Tract",1622217
"Shan State (North)","Laukkaing Township","Man Law Village Tract",1622218
"Shan State (North)","Laukkaing Township","Kyin Hkaik Htan Village Tract",1622219
"Shan State (North)","Laukkaing Township","Haw Shi Shan Village Tract",1622220
"Shan State (North)","Laukkaing Township","Shauk Pong Htan Village Tract",1622221
"Shan State (North)","Laukkaing Township","Long Htan Village Tract",1622222
"Shan State (North)","Laukkaing Township","Tar Kan Htan (Chinshwehaw Sub-township) Village Tract",1622223
"Shan State (North)","Laukkaing Township","Shan Kai (Chinshwehaw Sub-township) Village Tract",1622224
"Shan State (North)","Laukkaing Township","Tar Mu Naing (Chinshwehaw Sub-township) Village Tract",1622225
"Shan State (North)","Laukkaing Township","Ton Toe Lint (Chinshwehaw Sub-township) Village Tract",1622226
"Shan State (North)","Laukkaing Township","Shan Ho Kyaing (Chinshwehaw Sub-township) Village Tract",1622227
"Shan State (North)","Laukkaing Township","Shar Aik Hpan (Chinshwehaw Sub-township) Village Tract",1622228
"Shan State (North)","Laukkaing Township","Tar Shwe Tan Village Tract",1622229
"Shan State (North)","Laukkaing Township","Man Law (Marn Lor) Village Tract",1622230
"Shan State (North)","Laukkaing Township","Myin Su Shan Village Tract",1622231
"Shan State (North)","Laukkaing Township","Kyar Kyi Shu (Chya Zi Shio) Village Tract",1622232
"Shan State (North)","Laukkaing Township","Htaik Hpyin Shan Village Tract",1622233
"Shan State (North)","Laukkaing Township","Haw Hpyin Shan Village Tract",1622234
"Shan State (North)","Laukkaing Township","Tauk Shwe Shan Village Tract",1622235
"Shan State (North)","Konkyan Township","Tar Shan Village Tract",1623200
"Shan State (North)","Konkyan Township","Shin Wan Hpu Village Tract",1623201
"Shan State (North)","Konkyan Township","Sein Kyaing Village Tract",1623202
"Shan State (North)","Konkyan Township","Ywi Htan Village Tract",1623203
"Shan State (North)","Konkyan Township","Mar Si Htan Village Tract",1623204
"Shan State (North)","Konkyan Township","Tar Kone Kyan Village Tract",1623205
"Shan State (North)","Konkyan Township","Kyin Nye Village Tract",1623206
"Shan State (North)","Konkyan Township","Kyum Htaik (Lan Hpyi Lin) Village Tract",1623207
"Shan State (North)","Konkyan Township","Pang Yon Long Htan Village Tract",1623208
"Shan State (North)","Konkyan Township","Shauk Kai Village Tract",1623209
"Shan State (North)","Konkyan Township","Su Kyar Kyaing Village Tract",1623210
"Shan State (North)","Konkyan Township","Shin Hwar (Shin Hpyin Kai) Village Tract",1623211
"Shan State (North)","Konkyan Township","Long Htan Kyin Chan Village Tract",1623212
"Shan State (North)","Konkyan Township","Kyin Hpan Village Tract",1623213
"Shan State (North)","Konkyan Township","Shar Pang Kaw Shan Village Tract",1623214
"Shan State (North)","Konkyan Township","Hson Kan Village Tract",1623215
"Shan State (North)","Konkyan Township","Mon Huong Tee Village Tract",1623216
"Shan State (North)","Konkyan Township","Maw Htaik Village Tract",1623217
"Shan State (North)","Konkyan Township","Maw Shan Chaung Village Tract",1623218
"Shan State (North)","Konkyan Township","Son Haw Village Tract",1623219
"Shan State (North)","Konkyan Township","Huong Aik Village Tract",1623220
"Shan State (North)","Konkyan Township","Shin Htan Village Tract",1623221
"Shan State (North)","Konkyan Township","Shan Mar Kyin Sang Village Tract",1623222
"Shan State (North)","Konkyan Township","Kyar Kywe Su Village Tract",1623223
"Shan State (North)","Konkyan Township","Myin An Man Maw Village Tract",1623224
"Shan State (North)","Konkyan Township","Hon Aik (Hon Ai) Village Tract",1623225
"Shan State (North)","Konkyan Township","Mor Htaik (Mor Tai) Village Tract",1623226
"Shan State (North)","Konkyan Township","Hson Kan (Chon Gang) Village Tract",1623227
"Shan State (North)","Konkyan Township","Shin Htan (Xing Tang) Village Tract",1623228
"Shan State (North)","Konkyan Township","Sim Ping Kai Village Tract",1623229
"Shan State (North)","Konkyan Township","Lan Hpyay Lin (Lan Pi Lin) Village Tract",1623230
"Shan State (North)","Konkyan Township","Shaung Kaing (Shaokai) Village Tract",1623231
"Shan State (North)","Konkyan Township","Kone Kyan Village Tract",1623232
"Shan State (North)","Matman Township","Aye Kyant Village Tract",1624200
"Shan State (North)","Matman Township","Kawng Lan Village Tract",1624201
"Shan State (North)","Matman Township","Hnget Yawng Village Tract",1624202
"Shan State (North)","Matman Township","Nam Taw Village Tract",1624203
"Shan State (North)","Matman Township","Hsut Woe Village Tract",1624204
"Shan State (North)","Matman Township","Man Wein Village Tract",1624205
"Shan State (North)","Matman Township","Yawng Au Village Tract",1624206
"Shan State (North)","Matman Township","Tar Kaw Lay Village Tract",1624207
"Shan State (North)","Matman Township","Wein Nawng Village Tract",1624208
"Shan State (North)","Matman Township","Min Yan Aung Village Tract",1624209
"Shan State (North)","Matman Township","Wan Sa Lawng Village Tract",1624210
"Shan State (North)","Matman Township","Pang Yang Village Tract",1624211
"Shan State (North)","Matman Township","Nawt War Village Tract",1624212
"Shan State (North)","Matman Township","Yawng An Village Tract",1624213
"Shan State (North)","Matman Township","Moke Pyin Village Tract",1624214
"Shan State (North)","Matman Township","Nar Lont Village Tract",1624215
"Shan State (North)","Matman Township","Kun Hawng Village Tract",1624216
"Shan State (North)","Matman Township","Nawt La Village Tract",1624217
"Shan State (North)","Matman Township","Aw Hkay Hseng Village Tract",1624218
"Shan State (North)","Matman Township","Long Nauk Village Tract",1624219
"Shan State (North)","Matman Township","Yawng Pang Village Tract",1624220
"Shan State (North)","Matman Township","Yawng Lan Village Tract",1624221
"Shan State (North)","Matman Township","Mut Chu Village Tract",1624222
"Shan State (North)","Matman Township","Wan Hpin Village Tract",1624223
"Shan State (North)","Matman Township","Lai Lin Village Tract",1624224
"Shan State (North)","Matman Township","Wet Hpa Village Tract",1624225
"Shan State (North)","Matman Township","Mut Hai Village Tract",1624226
"Shan State (North)","Matman Township","Nawng Pat Village Tract",1624227
"Shan State (North)","Chinshwehaw Town","Mar Su Phyin Shan Village Tract",1669200
"Shan State (North)","Chinshwehaw Town","Long Htan Shan Village Tract",1669201
"Shan State (North)","Chinshwehaw Town","Shwe Kaw War (Shi Gou Wa) Village Tract",1669202
