﻿Region,"Town / Township","Ward / Village Tract","Postal Code"
"Yangon Region","Insein Township","Kan Nar (West) Quarter",1101001
"Yangon Region","Insein Township","Kan Nar (Middle) Quarter",1101002
"Yangon Region","Insein Township","Kwet Thit Quarter",1101003
"Yangon Region","Insein Township","Pauk Taw Quarter",1101004
"Yangon Region","Insein Township","Zay Kone (West) Quarter",1101005
"Yangon Region","Insein Township","Zay Kone (East) Quarter",1101006
"Yangon Region","Insein Township","Pein Hne Kone Quarter",1101007
"Yangon Region","Insein Township","Myo Thit (Ka Gyi/Kha Gway) Quarter",1101008
"Yangon Region","Insein Township","Myo Thit (Ga Nge) Quarter",1101009
"Yangon Region","Insein Township","Kyoet Kone (West) Quarter",1101010
"Yangon Region","Insein Township","Kyoet Kone (East) Quarter",1101011
"Yangon Region","Insein Township","Saw Bwar Gyi Kone Quarter",1101012
"Yangon Region","Insein Township","Nant Thar Kone Quarter",1101013
"Yangon Region","Insein Township","Taung Thu Kone Quarter",1101014
"Yangon Region","Insein Township","Ywar Ma (East) Quarter",1101015
"Yangon Region","Insein Township","Ywar Ma (Middle) Quarter",1101016
"Yangon Region","Insein Township","Ywar Ma (West) Quarter",1101017
"Yangon Region","Insein Township","Hpawt Kan Quarter",1101018
"Yangon Region","Insein Township","Sint Ngu Quarter",1101019
"Yangon Region","Insein Township","Aung San Quarter",1101020
"Yangon Region","Insein Township","Da Nyin Kone Quarter",1101021
"Yangon Region","Mingaladon Township","Kyan Khin Su Quarter",1102001
"Yangon Region","Mingaladon Township","Ah Nan Pin Quarter",1102002
"Yangon Region","Mingaladon Township","Chit Tee Kone Quarter",1102003
"Yangon Region","Mingaladon Township","No (2) (Ka Gyi) Quarter",1102004
"Yangon Region","Mingaladon Township","No (2) (Kha Gway) Quarter",1102005
"Yangon Region","Mingaladon Township","No (3) (Ka Gyi) Quarter",1102006
"Yangon Region","Mingaladon Township","No (3) (Kha Gway) Quarter",1102007
"Yangon Region","Mingaladon Township","San Gyi Wa Quarter",1102008
"Yangon Region","Mingaladon Township","Tat Ma Daw San Pya Quarter",1102009
"Yangon Region","Mingaladon Township","Pauk Kone Quarter",1102010
"Yangon Region","Mingaladon Township","Min Ga Lar Don Zay Quarter",1102011
"Yangon Region","Mingaladon Township","Pyan Lel Nay Yar Cha Htar Yay Quarter",1102012
"Yangon Region","Mingaladon Township","Pyi Taw Thar Quarter",1102013
"Yangon Region","Mingaladon Township","Taw Taik Quarter",1102014
"Yangon Region","North Okkalapa Township","No (1) Quarter",1103001
"Yangon Region","North Okkalapa Township","No (2) Quarter",1103002
"Yangon Region","North Okkalapa Township","(Ka Gyi) Quarter",1103003
"Yangon Region","North Okkalapa Township","(Kha Gway) Quarter",1103004
"Yangon Region","North Okkalapa Township","(Ga Nge) Quarter",1103005
"Yangon Region","North Okkalapa Township","(Ga Gyi) Quarter",1103006
"Yangon Region","North Okkalapa Township","(Nga) Quarter",1103007
"Yangon Region","North Okkalapa Township","(Sa Lone) Quarter",1103008
"Yangon Region","North Okkalapa Township","(Sa Lein) Quarter",1103009
"Yangon Region","North Okkalapa Township","(Za Gwe) Quarter",1103010
"Yangon Region","North Okkalapa Township","(Za Myin Zwe) Quarter",1103011
"Yangon Region","North Okkalapa Township","(Nya) Quarter",1103012
"Yangon Region","North Okkalapa Township","(Ta Ta Lin Cheik) Quarter",1103013
"Yangon Region","North Okkalapa Township","(Hta Won Bei) Quarter",1103014
"Yangon Region","North Okkalapa Township","Ta Dar Gyi Quarter",1103015
"Yangon Region","North Okkalapa Township","Kyauk Yae Twin Quarter",1103016
"Yangon Region","North Okkalapa Township","Pa Ywet Seik Kone Quarter",1103017
"Yangon Region","North Okkalapa Township","Wai Bar Gi Myo Thit Quarter",1103018
"Yangon Region","North Okkalapa Township","Shwe Pauk Kan Myo Thit Quarter",1103019
"Yangon Region","Kamaryut Township","No (1) Quarter",1104001
"Yangon Region","Kamaryut Township","No (2) Quarter",1104002
"Yangon Region","Kamaryut Township","No (3) Quarter",1104003
"Yangon Region","Kamaryut Township","No (4) Quarter",1104004
"Yangon Region","Kamaryut Township","No (5) Quarter",1104005
"Yangon Region","Kamaryut Township","No (6) Quarter",1104006
"Yangon Region","Kamaryut Township","No (7) Quarter",1104007
"Yangon Region","Kamaryut Township","No (8) Quarter",1104008
"Yangon Region","Kamaryut Township","No (9) Quarter",1104009
"Yangon Region","Kamaryut Township","No (10) Quarter",1104010
"Yangon Region","Hlaing Township","No (1) Quarter",1105001
"Yangon Region","Hlaing Township","No (2) Quarter",1105002
"Yangon Region","Hlaing Township","No (3) Quarter",1105003
"Yangon Region","Hlaing Township","No (4) Quarter",1105004
"Yangon Region","Hlaing Township","No (5) Quarter",1105005
"Yangon Region","Hlaing Township","No (6) Quarter",1105006
"Yangon Region","Hlaing Township","No (7) Quarter",1105007
"Yangon Region","Hlaing Township","No (8) Quarter",1105008
"Yangon Region","Hlaing Township","No (9) Quarter",1105009
"Yangon Region","Hlaing Township","No (10) Quarter",1105010
"Yangon Region","Hlaing Township","No (11) Quarter",1105011
"Yangon Region","Hlaing Township","No (12) Quarter",1105012
"Yangon Region","Hlaing Township","No (13) Quarter",1105013
"Yangon Region","Hlaing Township","No (14) Quarter",1105014
"Yangon Region","Hlaing Township","No (15) Quarter",1105015
"Yangon Region","Hlaing Township","No (16) Ward Quarter",1105016
"Yangon Region","Mayangone Township","No (1) (Tha Maing Bu Tar (West)) Quarter",1106001
"Yangon Region","Mayangone Township","No (2)  (Tha Maing Myo) Quarter",1106002
"Yangon Region","Mayangone Township","No (3) (Kyaik Waing Gyi) Quarter",1106003
"Yangon Region","Mayangone Township","No (4) (Kyaik Waing Lay) Quarter",1106004
"Yangon Region","Mayangone Township","No (5) (Sein Pan Myaing/9 Miles) Quarter",1106005
"Yangon Region","Mayangone Township","No (6)(Nyar Na Sar Gi) Quarter",1106006
"Yangon Region","Mayangone Township","No (7)  (Ywar Tan Shey) Quarter",1106007
"Yangon Region","Mayangone Township","No (8)  (Ka Ba Aye San Pya) Quarter",1106008
"Yangon Region","Mayangone Township","No (9) (Yae Ku) Quarter",1106009
"Yangon Region","Mayangone Township","No (10)  (Chaw Twin Kone) Quarter",1106010
"Yangon Region","Thingangyun Township","(Ka Gyi) Quarter",1107001
"Yangon Region","Thingangyun Township","(Kha Gway) Quarter",1107002
"Yangon Region","Thingangyun Township","(Ga Nge) Quarter",1107003
"Yangon Region","Thingangyun Township","(Ga Gyi) Quarter",1107004
"Yangon Region","Thingangyun Township","Nga/Ka Gyi Quarter",1107005
"Yangon Region","Thingangyun Township","Nga/Kha Gway Ward Quarter",1107006
"Yangon Region","Thingangyun Township","Bo Kan Nyunt Quarter",1107007
"Yangon Region","Thingangyun Township","Ban Yeik Thar Quarter",1107008
"Yangon Region","Thingangyun Township","Yan Aung Quarter",1107009
"Yangon Region","Thingangyun Township","U San Hpe Quarter",1107010
"Yangon Region","Thingangyun Township","Thut Waing Gyi Quarter",1107011
"Yangon Region","Thingangyun Township","Thu Min Ga Lar Quarter",1107012
"Yangon Region","Thingangyun Township","Na Nwin Kone Quarter",1107013
"Yangon Region","Thingangyun Township","(Sa Lein/Ka Gyi) Quarter",1107014
"Yangon Region","Thingangyun Township","(Sa Lein/Kha Gway) Quarter",1107015
"Yangon Region","Thingangyun Township","Za Gwe  (South) Quarter",1107016
"Yangon Region","Thingangyun Township","Za Gwe (North) Quarter",1107017
"Yangon Region","Thingangyun Township","Za Wa Na Quarter",1107018
"Yangon Region","Thingangyun Township","Kyaik Ka San (West) Quarter",1107019
"Yangon Region","Thingangyun Township","Ba Wa Myint Quarter",1107020
"Yangon Region","Thingangyun Township","Nga Moe Yeik Quarter",1107021
"Yangon Region","Thingangyun Township","San Pya Quarter",1107022
"Yangon Region","Thingangyun Township","Kyi Pwar Yay Quarter",1107023
"Yangon Region","Thingangyun Township","B.T.F Quarter",1107024
"Yangon Region","Thingangyun Township","Lay Daunt Kan Quarter",1107025
"Yangon Region","Thingangyun Township","Yangon Thit Quarter",1107026
"Yangon Region","Thingangyun Township","Thu Wa Na - (24) Quarter",1107027
"Yangon Region","Thingangyun Township","Thu Wa Na - (25) Quarter",1107028
"Yangon Region","Thingangyun Township","Thu Wa Na - (29) Quarter",1107029
"Yangon Region","Thingangyun Township","Su Paung Ein Yar Quarter",1107030
"Yangon Region","Thingangyun Township","Aung Su Pan Quarter",1107031
"Yangon Region","Thingangyun Township","Mi Chaung Kan No (1) Quarter",1107032
"Yangon Region","Thingangyun Township","Mi Chaung Kan No (2) Quarter",1107033
"Yangon Region","Thingangyun Township","Mi Chaung Kan No (3) Quarter",1107034
"Yangon Region","Thingangyun Township","No (16/1) Quarter",1107035
"Yangon Region","Thingangyun Township","No (16/2) Quarter",1107036
"Yangon Region","Thingangyun Township","No (16/3) Quarter",1107037
"Yangon Region","Thingangyun Township","No (16/4) Quarter",1107038
"Yangon Region","Thingangyun Township","Sei Thein Quarter",1107039
"Yangon Region","Yankin Township","No (1) Quarter",1108001
"Yangon Region","Yankin Township","No (2) Quarter",1108002
"Yangon Region","Yankin Township","No (3) Quarter",1108003
"Yangon Region","Yankin Township","No (4) Quarter",1108004
"Yangon Region","Yankin Township","No (5) Quarter",1108005
"Yangon Region","Yankin Township","No (6) Quarter",1108006
"Yangon Region","Yankin Township","No (7) Quarter",1108007
"Yangon Region","Yankin Township","No (8) Quarter",1108008
"Yangon Region","Yankin Township","No (9) Quarter",1108009
"Yangon Region","Yankin Township","No (11) Quarter",1108010
"Yangon Region","Yankin Township","No (12) Quarter",1108011
"Yangon Region","Yankin Township","No (13) Quarter",1108012
"Yangon Region","Yankin Township","No (14) Quarter",1108013
"Yangon Region","Yankin Township","No (15) Quarter",1108014
"Yangon Region","Yankin Township","No (16) Quarter",1108015
"Yangon Region","South Okkalapa Township","No (3) Quarter",1109001
"Yangon Region","South Okkalapa Township","No (4) Quarter",1109002
"Yangon Region","South Okkalapa Township","No (5) Quarter",1109003
"Yangon Region","South Okkalapa Township","No (6) Quarter",1109004
"Yangon Region","South Okkalapa Township","No (7) Quarter",1109005
"Yangon Region","South Okkalapa Township","No (8) Ward Quarter",1109006
"Yangon Region","South Okkalapa Township","No (9) Quarter",1109007
"Yangon Region","South Okkalapa Township","No (10) Quarter",1109008
"Yangon Region","South Okkalapa Township","No (11) Quarter",1109009
"Yangon Region","South Okkalapa Township","No (12) Quarter",1109010
"Yangon Region","South Okkalapa Township","No (13) Quarter",1109011
"Yangon Region","South Okkalapa Township","No (14) Quarter",1109012
"Yangon Region","South Okkalapa Township","No (15) Quarter",1109013
"Yangon Region","Kyeemyindaing Township","Tha Yet Taw (North) Quarter",1110001
"Yangon Region","Kyeemyindaing Township","Tha Yet Taw (South) Quarter",1110002
"Yangon Region","Kyeemyindaing Township","Thar Du (East) Quarter",1110003
"Yangon Region","Kyeemyindaing Township","Thar Du (West) Quarter",1110004
"Yangon Region","Kyeemyindaing Township","Ma Gyi Tan (North/East) Quarter",1110005
"Yangon Region","Kyeemyindaing Township","Ma Gyi Tan (North/West) Quarter",1110006
"Yangon Region","Kyeemyindaing Township","Ma Gyi Tan (South/East) Quarter",1110007
"Yangon Region","Kyeemyindaing Township","Ma Gyi Tan (South/West) Quarter",1110008
"Yangon Region","Kyeemyindaing Township","Zay Gyi (East) Quarter",1110009
"Yangon Region","Kyeemyindaing Township","Zay Gyi (West) Quarter",1110010
"Yangon Region","Kyeemyindaing Township","Oe Bo Quarter",1110011
"Yangon Region","Kyeemyindaing Township","Baw Ga Quarter",1110012
"Yangon Region","Kyeemyindaing Township","Zay Ka Lay Quarter",1110013
"Yangon Region","Kyeemyindaing Township","Pan Hlaing Quarter",1110014
"Yangon Region","Kyeemyindaing Township","Htee Tan Set Myay Quarter",1110015
"Yangon Region","Kyeemyindaing Township","Kayin Ah Myo Thar Quarter",1110016
"Yangon Region","Kyeemyindaing Township","Say Yoe Tan Nyein Chan Yay Quarter",1110017
"Yangon Region","Kyeemyindaing Township","Thi Dar Quarter",1110018
"Yangon Region","Kyeemyindaing Township","Aye Ywar Ba Loke Nyut Set Ka Lay Quarter",1110019
"Yangon Region","Kyeemyindaing Township","Set San Auk Yon Ah Lat Chaung Quarter",1110020
"Yangon Region","Kyeemyindaing Township","Seik Gyi U Mya Ngar Sin Quarter",1110021
"Yangon Region","Kyeemyindaing Township","War Yon Seik/Aye Ywar (West) Quarter",1110022
"Yangon Region","Sanchaung Township","Wai Lu Wun (North) Quarter",1111001
"Yangon Region","Sanchaung Township","Wai Lu Wun (South) Quarter",1111002
"Yangon Region","Sanchaung Township","Mont Loke Saung Kone (North) Quarter",1111003
"Yangon Region","Sanchaung Township","Mont Loke Saung Kone (South) Quarter",1111004
"Yangon Region","Sanchaung Township","Kyun Taw (North) Quarter",1111005
"Yangon Region","Sanchaung Township","Kyun Taw (Middle) Quarter",1111006
"Yangon Region","Sanchaung Township","Kyun Taw (South) Quarter",1111007
"Yangon Region","Sanchaung Township","Than Ta Dar Quarter",1111008
"Yangon Region","Sanchaung Township","Lin Lun( North) Quarter",1111009
"Yangon Region","Sanchaung Township","Lin Lun( South) Quarter",1111010
"Yangon Region","Sanchaung Township","San Chaung (North) Quarter",1111011
"Yangon Region","Sanchaung Township","San Chaung (South) Quarter",1111012
"Yangon Region","Sanchaung Township","Shin Saw Pu Quarter",1111013
"Yangon Region","Sanchaung Township","Aung Chan Thar Quarter",1111014
"Yangon Region","Sanchaung Township","Thi Ri Khay Mar Quarter",1111015
"Yangon Region","Sanchaung Township","Hone Lan Bu Tar Quarter",1111016
"Yangon Region","Sanchaung Township","Myay Ni Kone (North) Quarter",1111017
"Yangon Region","Sanchaung Township","Myay Ni Kone (South) Quarter",1111018
"Yangon Region","Ahlone Township","Aye Yar Wa Di Quarter",1112001
"Yangon Region","Ahlone Township","Saw Yan Paing_West Quarter",1112002
"Yangon Region","Ahlone Township","Saw Yan Paing_East Quarter",1112003
"Yangon Region","Ahlone Township","Saw Yan Paing_South Quarter",1112004
"Yangon Region","Ahlone Township","Htar Nar Quarter",1112005
"Yangon Region","Ahlone Township","Saw Yan Paing_North Quarter",1112006
"Yangon Region","Ahlone Township","Sin Min Quarter",1112007
"Yangon Region","Ahlone Township","Ga Lon Quarter",1112008
"Yangon Region","Ahlone Township","Lut Lat Yay Quarter",1112009
"Yangon Region","Ahlone Township","Kayin Chan Quarter",1112010
"Yangon Region","Ahlone Township","Thit Taw Quarter",1112011
"Yangon Region","Lanmadaw Township","No (1) Quarter",1113001
"Yangon Region","Lanmadaw Township","No (2) Quarter",1113002
"Yangon Region","Lanmadaw Township","No (3) Quarter",1113003
"Yangon Region","Lanmadaw Township","No (4) Quarter",1113004
"Yangon Region","Lanmadaw Township","No (5) Quarter",1113005
"Yangon Region","Lanmadaw Township","No (6) Quarter",1113006
"Yangon Region","Lanmadaw Township","No (7) Quarter",1113007
"Yangon Region","Lanmadaw Township","No (8) Quarter",1113008
"Yangon Region","Lanmadaw Township","No (9) Quarter",1113009
"Yangon Region","Lanmadaw Township","No (10) Quarter",1113010
"Yangon Region","Lanmadaw Township","No (11) Quarter",1113011
"Yangon Region","Lanmadaw Township","No (12) Quarter",1113012
"Yangon Region","Lanmadaw Township","Maw Tin Yar Yi Zay Quarter",1113013
"Yangon Region","Pabedan Township","No (1) Quarter",1114001
"Yangon Region","Pabedan Township","No (2) Quarter",1114002
"Yangon Region","Pabedan Township","No (3) Quarter",1114003
"Yangon Region","Pabedan Township","No (4) Quarter",1114004
"Yangon Region","Pabedan Township","No (5) Quarter",1114005
"Yangon Region","Pabedan Township","No (6) Quarter",1114006
"Yangon Region","Pabedan Township","No (7) Quarter",1114007
"Yangon Region","Pabedan Township","No (8) Quarter",1114008
"Yangon Region","Pabedan Township","No (9) Quarter",1114009
"Yangon Region","Pabedan Township","No (10) Quarter",1114010
"Yangon Region","Pabedan Township","No (11) Quarter",1114011
"Yangon Region","Latha Township","No (1) Quarter",1115001
"Yangon Region","Latha Township","No (2) Quarter",1115002
"Yangon Region","Latha Township","No (3) Quarter",1115003
"Yangon Region","Latha Township","No (4) Quarter",1115004
"Yangon Region","Latha Township","No (5) Quarter",1115005
"Yangon Region","Latha Township","No (6) Quarter",1115006
"Yangon Region","Latha Township","No (7) Quarter",1115007
"Yangon Region","Latha Township","No (8) Quarter",1115008
"Yangon Region","Latha Township","No (9) Quarter",1115009
"Yangon Region","Latha Township","No (10) Quarter",1115010
"Yangon Region","Botahtaung Township","No (1) Quarter",1116001
"Yangon Region","Botahtaung Township","No (2) Quarter",1116002
"Yangon Region","Botahtaung Township","No (3) Quarter",1116003
"Yangon Region","Botahtaung Township","No (4) Quarter",1116004
"Yangon Region","Botahtaung Township","No (5) Quarter",1116005
"Yangon Region","Botahtaung Township","No (6) Quarter",1116006
"Yangon Region","Botahtaung Township","No (7) Quarter",1116007
"Yangon Region","Botahtaung Township","No (8) Quarter",1116008
"Yangon Region","Botahtaung Township","No (9) Quarter",1116009
"Yangon Region","Botahtaung Township","No (10) Quarter",1116010
"Yangon Region","Botahtaung Township","Seik Kan Mi Thar Su Yeik Thar Quarter",1116011
"Yangon Region","Botahtaung Township","Ye Yeik Thar Quarter",1116012
"Yangon Region","Pazundaung Township","No (1) Quarter",1117001
"Yangon Region","Pazundaung Township","No (2) Quarter",1117002
"Yangon Region","Pazundaung Township","No (3) Quarter",1117003
"Yangon Region","Pazundaung Township","No (4) Quarter",1117004
"Yangon Region","Pazundaung Township","No (5) Quarter",1117005
"Yangon Region","Pazundaung Township","No (6) Quarter",1117006
"Yangon Region","Pazundaung Township","No (7) Quarter",1117007
"Yangon Region","Pazundaung Township","No (8) Quarter",1117008
"Yangon Region","Pazundaung Township","No (9) Quarter",1117009
"Yangon Region","Pazundaung Township","No (10) Quarter",1117010
"Yangon Region","Kyauktada Township","No (1) Quarter",1118001
"Yangon Region","Kyauktada Township","No (2) Quarter",1118002
"Yangon Region","Kyauktada Township","No (3) Quarter",1118003
"Yangon Region","Kyauktada Township","No (4) Quarter",1118004
"Yangon Region","Kyauktada Township","No (5) Quarter",1118005
"Yangon Region","Kyauktada Township","No (6) Quarter",1118006
"Yangon Region","Kyauktada Township","No (7) Quarter",1118007
"Yangon Region","Kyauktada Township","No (8) Quarter",1118008
"Yangon Region","Kyauktada Township","No (9) Quarter",1118009
"Yangon Region","Dagon Township","Yaw Min Gyi Quarter",1119001
"Yangon Region","Dagon Township","U Wi Sa Ra Quarter",1119002
"Yangon Region","Dagon Township","Pyay Lan (East) Quarter",1119003
"Yangon Region","Dagon Township","Pyay Lan (West) Quarter",1119004
"Yangon Region","Dagon Township","Hpa Yar Gyi Quarter",1119005
"Yangon Region","Bahan Township","Myo Ma Quarter",1120001
"Yangon Region","Bahan Township","Gyar Taw Ya Quarter",1120002
"Yangon Region","Bahan Township","Yae Tar Shey Quarter",1120003
"Yangon Region","Bahan Township","Shwe Gon Taing (West) Quarter",1120004
"Yangon Region","Bahan Township","Shwe Taung Kyar No (1) Quarter",1120005
"Yangon Region","Bahan Township","Shwe Taung Kyar No (2) Quarter",1120006
"Yangon Region","Bahan Township","Sa Yar San (North/West) Quarter",1120007
"Yangon Region","Bahan Township","Sa Yar San (North/East) Quarter",1120008
"Yangon Region","Bahan Township","Sa Yar San (South) Quarter",1120009
"Yangon Region","Bahan Township","Thar Tha Na Yeik Thar Quarter",1120010
"Yangon Region","Bahan Township","Kyaik Ka San Quarter",1120011
"Yangon Region","Bahan Township","Bo Sein Hman Quarter",1120012
"Yangon Region","Bahan Township","Shwe Gon Taing (East) Quarter",1120013
"Yangon Region","Bahan Township","Shwe Gon Taing (Middle) Quarter",1120014
"Yangon Region","Bahan Township","Koet Min Koet Chin Quarter",1120015
"Yangon Region","Bahan Township","Ngar Htat Gyi (West/Yae Lel) Quarter",1120016
"Yangon Region","Bahan Township","Ngar Htat Gyi (North) Quarter",1120017
"Yangon Region","Bahan Township","Ngar Htat Gyi (Sorth) Quarter",1120018
"Yangon Region","Bahan Township","Bo Cho No (1) Quarter",1120019
"Yangon Region","Bahan Township","Bo Cho No (2) Quarter",1120020
"Yangon Region","Bahan Township","Sa Yar San Quarter",1120021
"Yangon Region","Bahan Township","Shwe Nant Thar Quarter",1120022
"Yangon Region","Tamwe Township","Ma Au Kone Quarter",1121001
"Yangon Region","Tamwe Township","Pon Nar Kone Quarter",1121002
"Yangon Region","Tamwe Township","Ah Yoe Kone Quarter",1121003
"Yangon Region","Tamwe Township","Pyar Yay Kone Quarter",1121004
"Yangon Region","Tamwe Township","Nat Mauk Quarter",1121005
"Yangon Region","Tamwe Township","Bo Lein Aung Min Ga Lar Quarter",1121006
"Yangon Region","Tamwe Township","Kyauk Myaung Gyi Quarter",1121007
"Yangon Region","Tamwe Township","Kyauk Myaung Ah Htet Quarter",1121008
"Yangon Region","Tamwe Township","Kyauk Myaung (East) Quarter",1121009
"Yangon Region","Tamwe Township","Pa Thein Nyunt Quarter",1121010
"Yangon Region","Tamwe Township","Kyar Kwet Thit Quarter",1121011
"Yangon Region","Tamwe Township","Byaing Yae Oe Sin Kwet Thit Quarter",1121012
"Yangon Region","Tamwe Township","Byaing Yae Oe Sin Ywar Ma Quarter",1121013
"Yangon Region","Tamwe Township","Ma Hlwa Kone Htay Kywe (Ka Gyi) Quarter",1121014
"Yangon Region","Tamwe Township","Nat Chaung Quarter",1121015
"Yangon Region","Tamwe Township","Tar Mway Gyi (Ka Gyi + Ga Nge) Quarter",1121016
"Yangon Region","Tamwe Township","Tar Mway Gyi (Kha Gway) Quarter",1121017
"Yangon Region","Tamwe Township","Myit Tar Nyunt Quarter",1121018
"Yangon Region","Tamwe Township","Tar Mway Lay Quarter",1121019
"Yangon Region","Tamwe Township","Man Aung Quarter",1121020
"Yangon Region","Mingalartaungnyunt Township","U Yin Quarter",1122001
"Yangon Region","Mingalartaungnyunt Township","San Pya Hpa Sa Pa La Quarter",1122002
"Yangon Region","Mingalartaungnyunt Township","Kan Taw Ka Lay (North) Quarter",1122003
"Yangon Region","Mingalartaungnyunt Township","Kan Taw Ka Lay (West) Quarter",1122004
"Yangon Region","Mingalartaungnyunt Township","Kan Taw Ka Lay (East) Quarter",1122005
"Yangon Region","Mingalartaungnyunt Township","Kan Taw Ka Lay (South) Quarter",1122006
"Yangon Region","Mingalartaungnyunt Township","Thein Hpyu Mee Ya Htar Quarter",1122007
"Yangon Region","Mingalartaungnyunt Township","Lut Lat Yay Quarter",1122008
"Yangon Region","Mingalartaungnyunt Township","Hpoet Myay Quarter",1122009
"Yangon Region","Mingalartaungnyunt Township","Taung Nyunt Mee Ya Htar Quarter",1122010
"Yangon Region","Mingalartaungnyunt Township","Min Ga Lar Taung Nyunt Quarter",1122011
"Yangon Region","Mingalartaungnyunt Township","Kyee Taw Quarter",1122012
"Yangon Region","Mingalartaungnyunt Township","Taung Lone Pyan Quarter",1122013
"Yangon Region","Mingalartaungnyunt Township","Yae Twin Kone Quarter",1122014
"Yangon Region","Mingalartaungnyunt Township","The Pyay Kone Quarter",1122015
"Yangon Region","Mingalartaungnyunt Township","Thar Yar Kone Quarter",1122016
"Yangon Region","Mingalartaungnyunt Township","Pa Thein Nyunt Quarter",1122017
"Yangon Region","Mingalartaungnyunt Township","Ma Hlwa Kone Mee Ya Htar Quarter",1122018
"Yangon Region","Mingalartaungnyunt Township","Sat San Quarter",1122019
"Yangon Region","Mingalartaungnyunt Township","Ku Toet Seik Quarter",1122020
"Yangon Region","Thaketa Township","Set Hmu Let Hmu Quarter",1123001
"Yangon Region","Thaketa Township","No (1) Ah Naw Mar Quarter",1123002
"Yangon Region","Thaketa Township","No (1) Htu Par Yon Quarter",1123003
"Yangon Region","Thaketa Township","No (2) (South) Quarter",1123004
"Yangon Region","Thaketa Township","No (2) (North) Quarter",1123005
"Yangon Region","Thaketa Township","No (3) Yan Pyay Quarter",1123006
"Yangon Region","Thaketa Township","No (3) Man Pyay Quarter",1123007
"Yangon Region","Thaketa Township","No (4) (South) Quarter",1123008
"Yangon Region","Thaketa Township","No (4) (North) Quarter",1123009
"Yangon Region","Thaketa Township","No (5) Quarter",1123010
"Yangon Region","Thaketa Township","No (6)  (East) Quarter",1123011
"Yangon Region","Thaketa Township","No (6) (West) Quarter",1123012
"Yangon Region","Thaketa Township","No (7)  (East) Quarter",1123013
"Yangon Region","Thaketa Township","No (7) (West) Quarter",1123014
"Yangon Region","Thaketa Township","No (8) Quarter",1123015
"Yangon Region","Thaketa Township","No (9) Quarter",1123016
"Yangon Region","Thaketa Township","No (10)  (South) Quarter",1123017
"Yangon Region","Thaketa Township","No (10)  (North) Quarter",1123018
"Yangon Region","Thaketa Township","Shu Khin Thar Quarter",1123019
"Yangon Region","Dawbon Township","Nwe Aye Quarter",1124001
"Yangon Region","Dawbon Township","Bamar Aye Quarter",1124002
"Yangon Region","Dawbon Township","Bo Htun Zan Quarter",1124003
"Yangon Region","Dawbon Township","Kyi Su Quarter",1124004
"Yangon Region","Dawbon Township","Say Sat Quarter",1124005
"Yangon Region","Dawbon Township","Myo Thit Quarter",1124006
"Yangon Region","Dawbon Township","Pa Thein Myay Ward Quarter",1124007
"Yangon Region","Dawbon Township","War So Quarter",1124008
"Yangon Region","Dawbon Township","Aung Chan Thar Quarter",1124009
"Yangon Region","Dawbon Township","La Mu Tan Quarter",1124010
"Yangon Region","Dawbon Township","Ya Mon Nar (2) Quarter",1124011
"Yangon Region","Dawbon Township","Ya Mon Nar (1) Quarter",1124012
"Yangon Region","Dawbon Township","Zay Yar Thi Ri Quarter",1124013
"Yangon Region","Dawbon Township","Thin Baw Kyin Quarter",1124014
"Yangon Region","Shwepyithar Township","No (1) Quarter",1125001
"Yangon Region","Shwepyithar Township","No (2) Quarter",1125002
"Yangon Region","Shwepyithar Township","No (3) Quarter",1125003
"Yangon Region","Shwepyithar Township","No (4) Quarter",1125004
"Yangon Region","Shwepyithar Township","No (5) Quarter",1125005
"Yangon Region","Shwepyithar Township","No (6) Quarter",1125006
"Yangon Region","Shwepyithar Township","No (7) Quarter",1125007
"Yangon Region","Shwepyithar Township","No (8) Quarter",1125008
"Yangon Region","Shwepyithar Township","No (9) Quarter",1125009
"Yangon Region","Shwepyithar Township","No (10) Quarter",1125010
"Yangon Region","Shwepyithar Township","No (11) Quarter",1125011
"Yangon Region","Shwepyithar Township","No (12) Quarter",1125012
"Yangon Region","Shwepyithar Township","No (13) Quarter",1125013
"Yangon Region","Shwepyithar Township","No (14) Quarter",1125014
"Yangon Region","Shwepyithar Township","No (15) Quarter",1125015
"Yangon Region","Shwepyithar Township","No (16) Quarter",1125016
"Yangon Region","Shwepyithar Township","No (17) Quarter",1125017
"Yangon Region","Shwepyithar Township","No (18) Quarter",1125018
"Yangon Region","Shwepyithar Township","No (19) Quarter",1125019
"Yangon Region","Shwepyithar Township","No (20) Quarter",1125020
"Yangon Region","Shwepyithar Township","No (21) Quarter",1125021
"Yangon Region","Shwepyithar Township","No (22) Quarter",1125022
"Yangon Region","Shwepyithar Township","No (23) Quarter",1125023
"Yangon Region","Dala Township","Tha Ma Ta Kan Chay Quarter",1126001
"Yangon Region","Dala Township","Ant Gyi Ah Shey (Ant Gyi) Quarter",1126002
"Yangon Region","Dala Township","Ant Gyi Ah Nauk (Pyin Ma Kone) Quarter",1126003
"Yangon Region","Dala Township","No (6) Quarter",1126004
"Yangon Region","Dala Township","No (11/14) Quarter",1126005
"Yangon Region","Dala Township","Nyaung Kone Quarter",1126006
"Yangon Region","Dala Township","Myo Ma Ah Paing (1) Quarter",1126007
"Yangon Region","Dala Township","Myo Ma Ah Paing (2) Quarter",1126008
"Yangon Region","Dala Township","Myo Ma Ah Paing (3) Quarter",1126009
"Yangon Region","Dala Township","Myo Ma Ah Paing (4) Quarter",1126010
"Yangon Region","Dala Township","Aung Min Ga Lar Quarter",1126011
"Yangon Region","Dala Township","BI / IF Quarter",1126012
"Yangon Region","Dala Township","Set Myay Quarter",1126013
"Yangon Region","Dala Township","Ka Mar Ka Thwei Quarter",1126014
"Yangon Region","Dala Township","Ka Mar Ka Sit Quarter",1126015
"Yangon Region","Dala Township","Hmaw Set Quarter",1126016
"Yangon Region","Dala Township","Sar Par Chaung /Kyaung Su Quarter",1126017
"Yangon Region","Dala Township","Kyan Sit Thar Quarter",1126018
"Yangon Region","Dala Township","Ta Pin Shwe Htee Quarter",1126019
"Yangon Region","Dala Township","Ba Yint Naung Quarter",1126020
"Yangon Region","Dala Township","Ba Nyar Da La Quarter",1126021
"Yangon Region","Dala Township","Yar Za Thin Gyan Quarter",1126022
"Yangon Region","Dala Township","Kyan Mar Yay Wun Htan Ein Yar Quarter",1126023
"Yangon Region","Dala Township","Tar Gyi Quarter",1126024
"Yangon Region","Seikgyikanaungto Township","Seik Gyi (East) Quarter",1127001
"Yangon Region","Seikgyikanaungto Township","Seik Gyi (West) Quarter",1127002
"Yangon Region","Seikgyikanaungto Township","Kha Naung To (East) Quarter",1127003
"Yangon Region","Seikgyikanaungto Township","Kha Naung To (West) Quarter",1127004
"Yangon Region","Seikgyikanaungto Township","U Htun Oh Quarter",1127005
"Yangon Region","Seikgyikanaungto Township","Pan Pin Chaung Quarter",1127006
"Yangon Region","Seikgyikanaungto Township","No (5/6/7) Quarter",1127007
"Yangon Region","Seikgyikanaungto Township","Chaung Waing Lay Quarter",1127008
"Yangon Region","Seikgyikanaungto Township","Tha Khin Ba Thaung Quarter",1127009
"Yangon Region","Cocokyun Township","No (1) Quarter",1128001
"Yangon Region","Cocokyun Township","No (2) Quarter",1128002
"Yangon Region","Thanlyin Township","Myo Haung (West) Quarter",1129001
"Yangon Region","Thanlyin Township","Myo Haung (Middle) Quarter",1129002
"Yangon Region","Thanlyin Township","Myo Haung (East) Quarter",1129003
"Yangon Region","Thanlyin Township","Thauk Taw Kwin Quarter",1129004
"Yangon Region","Thanlyin Township","Oke Hpo Su Quarter",1129005
"Yangon Region","Thanlyin Township","Ah Hmu Htan Quarter",1129006
"Yangon Region","Thanlyin Township","Bago Su Quarter",1129007
"Yangon Region","Thanlyin Township","Htan Pin Kone Quarter",1129008
"Yangon Region","Thanlyin Township","Myo Thit (East) Quarter",1129009
"Yangon Region","Thanlyin Township","Myo Thit (Middle) Quarter",1129010
"Yangon Region","Thanlyin Township","Myo Thit (West) Quarter",1129011
"Yangon Region","Thanlyin Township","Myo Ma (South) Quarter",1129012
"Yangon Region","Thanlyin Township","Myo Ma (North) Quarter",1129013
"Yangon Region","Thanlyin Township","Aung Min Ga Lar Quarter",1129014
"Yangon Region","Thanlyin Township","Dahr Gar Quarter",1129015
"Yangon Region","Thanlyin Township","Yae Nan Quarter",1129016
"Yangon Region","Thanlyin Township","Aung Chan Thar Quarter",1129017
"Yangon Region","Kyauktan Township","Ah Shey Paing Quarter",1130001
"Yangon Region","Kyauktan Township","Ah Lel Paing Quarter",1130002
"Yangon Region","Kyauktan Township","Ah Nauk Paing Quarter",1130003
"Yangon Region","Kyauktan Township","Sin Kan Quarter",1130004
"Yangon Region","Kyauktan Township","Shwe Kone Quarter",1130005
"Yangon Region","Kyauktan Township","San Chein Hmi Quarter",1130006
"Yangon Region","Kyauktan Township","Thi Dar Myaing Quarter",1130007
"Yangon Region","Kyauktan Township","Shwe Pyi Thar Yar Quarter",1130008
"Yangon Region","Kyauktan Township","Aye Mya Thi Dar Quarter",1130009
"Yangon Region","Thongwa Township","No (1) Quarter",1131001
"Yangon Region","Thongwa Township","No (2) Quarter",1131002
"Yangon Region","Thongwa Township","No (3) Quarter",1131003
"Yangon Region","Thongwa Township","No (4) Quarter",1131004
"Yangon Region","Thongwa Township","No (5) Quarter",1131005
"Yangon Region","Thongwa Township","No (6) Quarter",1131006
"Yangon Region","Thongwa Township","No (7) Quarter",1131007
"Yangon Region","Thongwa Township","No (8) Quarter",1131008
"Yangon Region","Thongwa Township","No (9) Quarter",1131009
"Yangon Region","Thongwa Township","No (10) Quarter",1131010
"Yangon Region","Thongwa Township","No (11) Quarter",1131011
"Yangon Region","Thongwa Township","No (12) Quarter",1131012
"Yangon Region","Kayan Township","No (1) Quarter",1132001
"Yangon Region","Kayan Township","No (2) Quarter",1132002
"Yangon Region","Kayan Township","No (3) Quarter",1132003
"Yangon Region","Kayan Township","No (4) Quarter",1132004
"Yangon Region","Kayan Township","No (5) Quarter",1132005
"Yangon Region","Kayan Township","No (6) Quarter",1132006
"Yangon Region","Kayan Township","No (7) Quarter",1132007
"Yangon Region","Kayan Township","No (8) Quarter",1132008
"Yangon Region","Kayan Township","No (9) Quarter",1132009
"Yangon Region","Kayan Township","No (10) Quarter",1132010
"Yangon Region","Kayan Township","No (11) Quarter",1132011
"Yangon Region","Kayan Township","No (12) Quarter",1132012
"Yangon Region","Kayan Township","Kun Moe Dein Quarter",1132013
"Yangon Region","Twantay Township","Kun Chan Quarter",1133001
"Yangon Region","Twantay Township","Zay Thit Quarter",1133002
"Yangon Region","Twantay Township","Ohn Pin Su Quarter",1133003
"Yangon Region","Twantay Township","Min Paing Quarter",1133004
"Yangon Region","Twantay Township","Kyun Taw Quarter",1133005
"Yangon Region","Twantay Township","Shwe San Taw Quarter",1133006
"Yangon Region","Twantay Township","Oe Bo (East) Quarter",1133007
"Yangon Region","Twantay Township","Oe Bo (West) Quarter",1133008
"Yangon Region","Kungyangon Township","Myo Ma Quarter",1134001
"Yangon Region","Kungyangon Township","Kan Gyi -Ma Gyi Tan Quarter",1134002
"Yangon Region","Kungyangon Township","Zay Paing Quarter",1134003
"Yangon Region","Kungyangon Township","Taung Bet Paing Quarter",1134004
"Yangon Region","Kungyangon Township","Min Paing Quarter",1134005
"Yangon Region","Kungyangon Township","Taw Pu Lwea Quarter",1134006
"Yangon Region","Kungyangon Township","San Pya Quarter",1134007
"Yangon Region","Kawhmu Township","Myo Thit Quarter",1135001
"Yangon Region","Kawhmu Township","Myo Ma Paing Quarter",1135002
"Yangon Region","Kawhmu Township","Ma Gyi Tan Quarter",1135003
"Yangon Region","Kawhmu Township","Tar Lan Thit Quarter",1135004
"Yangon Region","Kawhmu Township","Pyi Taw Thar Quarter",1135005
"Yangon Region","Kawhmu Township","Taung Paing Quarter",1135006
"Yangon Region","Kawhmu Township","Hpa Yar Lan Quarter",1135007
"Yangon Region","Hmawbi Township","No (1) Quarter",1136001
"Yangon Region","Hmawbi Township","No (2) Quarter",1136002
"Yangon Region","Hmawbi Township","No (3) Quarter",1136003
"Yangon Region","Hmawbi Township","No (4) Quarter",1136004
"Yangon Region","Hlegu Township","Aung Min Ga Lar Quarter",1137001
"Yangon Region","Hlegu Township","Pyi Taw Thar Quarter",1137002
"Yangon Region","Hlegu Township","Thar Tha Na Yeik Thar Quarter",1137003
"Yangon Region","Hlegu Township","Zay Paing Quarter",1137004
"Yangon Region","Hlegu Township","Myo Ma Quarter",1137005
"Yangon Region","Taikkyi Township","Inn Ku Lar Quarter",1138001
"Yangon Region","Taikkyi Township","Oe Tan Quarter",1138002
"Yangon Region","Taikkyi Township","Zay Quarter",1138003
"Yangon Region","Taikkyi Township","Baw Di Kone Quarter",1138004
"Yangon Region","Taikkyi Township","Bu Tar Quarter",1138005
"Yangon Region","Taikkyi Township","Oke Pon Su Quarter",1138006
"Yangon Region","Taikkyi Township","Shan Su Quarter",1138007
"Yangon Region","Taikkyi Township","Min Ga Lar Ward Quarter",1138008
"Yangon Region","Htantabin Township","No (1) Quarter",1139001
"Yangon Region","Htantabin Township","No (2) Quarter",1139002
"Yangon Region","Htantabin Township","No (3) Quarter",1139003
"Yangon Region","Htantabin Township","No (4) Quarter",1139004
"Yangon Region","Htantabin Township","No (5) Quarter",1139005
"Yangon Region",-,"No (1) Quarter",1140001
"Yangon Region","Hlaingtharya(East) Township","No (1) Quarter",1140001
"Yangon Region",-,"No (2) Quarter",1140002
"Yangon Region","Hlaingtharya(East) Township","No (2) Quarter",1140002
"Yangon Region",-,"No (3) Quarter",1140003
"Yangon Region","Hlaingtharya(East) Township","No (3) Quarter",1140003
"Yangon Region","Hlaingtharya(East) Township","No (4) Quarter",1140004
"Yangon Region",-,"No (4) Quarter",1140004
"Yangon Region","Hlaingtharya(East) Township","No (5) Quarter",1140005
"Yangon Region",-,"No (5) Quarter",1140005
"Yangon Region","Hlaingtharya(East) Township","No (6) Quarter",1140006
"Yangon Region",-,"No (6) Quarter",1140006
"Yangon Region","Hlaingtharya(East) Township","No (7) Quarter",1140007
"Yangon Region",-,"No (7) Quarter",1140007
"Yangon Region",-,"No (8) Quarter",1140008
"Yangon Region","Hlaingtharya(East) Township","No (8) Quarter",1140008
"Yangon Region","Hlaingtharya(East) Township","No (15) Quarter",1140009
"Yangon Region",-,"No (15) Quarter",1140009
"Yangon Region","Hlaingtharya (West) Township","No (9) Quarter",1141001
"Yangon Region",-,"No (9) Quarter",1141001
"Yangon Region",-,"No (10) Quarter",1141002
"Yangon Region","Hlaingtharya (West) Township","No (10) Quarter",1141002
"Yangon Region",-,"No (11) Quarter",1141003
"Yangon Region","Hlaingtharya (West) Township","No (11) Quarter",1141003
"Yangon Region","Hlaingtharya (West) Township","No (12) Quarter",1141004
"Yangon Region",-,"No (12) Quarter",1141004
"Yangon Region","Hlaingtharya (West) Township","No (13) Quarter",1141005
"Yangon Region",-,"No (13) Quarter",1141005
"Yangon Region",-,"No (14) Quarter",1141006
"Yangon Region","Hlaingtharya (West) Township","No (14) Quarter",1141006
"Yangon Region","Hlaingtharya (West) Township","No (16) Quarter",1141007
"Yangon Region",-,"No (16) Quarter",1141007
"Yangon Region",-,"No (17) Quarter",1141008
"Yangon Region","Hlaingtharya (West) Township","No (17) Quarter",1141008
"Yangon Region","Hlaingtharya (West) Township","No (18) Quarter",1141009
"Yangon Region",-,"No (18) Quarter",1141009
"Yangon Region","Hlaingtharya (West) Township","No (19) Quarter",1141010
"Yangon Region",-,"No (19) Quarter",1141010
"Yangon Region","Hlaingtharya (West) Township","No (20) Quarter",1141011
"Yangon Region",-,"No (20) Quarter",1141011
"Yangon Region","Dagon Myothit (North) Township","No (16) Quarter",1142001
"Yangon Region","Dagon Myothit (North) Township","No (27) Quarter",1142002
"Yangon Region","Dagon Myothit (North) Township","No (28) Quarter",1142003
"Yangon Region","Dagon Myothit (North) Township","No (29) Quarter",1142004
"Yangon Region","Dagon Myothit (North) Township","No (30) Quarter",1142005
"Yangon Region","Dagon Myothit (North) Township","No (31) Quarter",1142006
"Yangon Region","Dagon Myothit (North) Township","No (32) Quarter",1142007
"Yangon Region","Dagon Myothit (North) Township","No (33) Quarter",1142008
"Yangon Region","Dagon Myothit (North) Township","No (34) Quarter",1142009
"Yangon Region","Dagon Myothit (North) Township","No (35) Quarter",1142010
"Yangon Region","Dagon Myothit (North) Township","No (36) Quarter",1142011
"Yangon Region","Dagon Myothit (North) Township","No (37) Quarter",1142012
"Yangon Region","Dagon Myothit (North) Township","No (38) Quarter",1142013
"Yangon Region","Dagon Myothit (North) Township","No (39) Quarter",1142014
"Yangon Region","Dagon Myothit (North) Township","No (40) Quarter",1142015
"Yangon Region","Dagon Myothit (North) Township","No (41) Quarter",1142016
"Yangon Region","Dagon Myothit (North) Township","No (42) Quarter",1142017
"Yangon Region","Dagon Myothit (North) Township","No (43) Quarter",1142018
"Yangon Region","Dagon Myothit (North) Township","No (44) Quarter",1142019
"Yangon Region","Dagon Myothit (North) Township","No (45) Quarter",1142020
"Yangon Region","Dagon Myothit (North) Township","No (46) Quarter",1142021
"Yangon Region","Dagon Myothit (North) Township","No (47) Quarter",1142022
"Yangon Region","Dagon Myothit (North) Township","No (48) Quarter",1142023
"Yangon Region","Dagon Myothit (North) Township","No (49) Quarter",1142024
"Yangon Region","Dagon Myothit (North) Township","No (50) Quarter",1142025
"Yangon Region","Dagon Myothit (North) Township","No (51) Quarter",1142026
"Yangon Region","Dagon Myothit (North) Township","No (41) Toe Cheit Quarter",1142027
"Yangon Region","Dagon Myothit (South) Township","No (17) (South) Quarter",1143001
"Yangon Region","Dagon Myothit (South) Township","No (18) Quarter",1143002
"Yangon Region","Dagon Myothit (South) Township","No (19) Quarter",1143003
"Yangon Region","Dagon Myothit (South) Township","No (20) Quarter",1143004
"Yangon Region","Dagon Myothit (South) Township","No (21) Quarter",1143005
"Yangon Region","Dagon Myothit (South) Township","No (22) Quarter",1143006
"Yangon Region","Dagon Myothit (South) Township","No (23) Quarter",1143007
"Yangon Region","Dagon Myothit (South) Township","No (24) Quarter",1143008
"Yangon Region","Dagon Myothit (South) Township","No (25) Quarter",1143009
"Yangon Region","Dagon Myothit (South) Township","No (26) Quarter",1143010
"Yangon Region","Dagon Myothit (South) Township","No (53) Quarter",1143011
"Yangon Region","Dagon Myothit (South) Township","No (54) Quarter",1143012
"Yangon Region","Dagon Myothit (South) Township","No (55) Quarter",1143013
"Yangon Region","Dagon Myothit (South) Township","No (56) Quarter",1143014
"Yangon Region","Dagon Myothit (South) Township","No (57) Quarter",1143015
"Yangon Region","Dagon Myothit (South) Township","No (62) Quarter",1143016
"Yangon Region","Dagon Myothit (South) Township","No (63) Quarter",1143017
"Yangon Region","Dagon Myothit (South) Township","No (64) Quarter",1143018
"Yangon Region","Dagon Myothit (South) Township","No (65) Quarter",1143019
"Yangon Region","Dagon Myothit (South) Township","No (66) Quarter",1143020
"Yangon Region","Dagon Myothit (South) Township","No (70) Quarter",1143021
"Yangon Region","Dagon Myothit (South) Township","No (71) Quarter",1143022
"Yangon Region","Dagon Myothit (South) Township","No (72) Quarter",1143023
"Yangon Region","Dagon Myothit (South) Township","No (104) Quarter",1143024
"Yangon Region","Dagon Myothit (South) Township","No (105) Quarter",1143025
"Yangon Region","Dagon Myothit (South) Township","No (106) Quarter",1143026
"Yangon Region","Dagon Myothit (South) Township","No (107) Quarter",1143027
"Yangon Region","Dagon Myothit (South) Township","No (140) Quarter",1143028
"Yangon Region","Dagon Myothit (South) Township","No (141) Quarter",1143029
"Yangon Region","Dagon Myothit (South) Township","No (142) Quarter",1143030
"Yangon Region","Dagon Myothit (South) Township","No (143) Quarter",1143031
"Yangon Region","Dagon Myothit (South) Township","No (144) Quarter",1143032
"Yangon Region","Dagon Myothit (South) Township","No (145) Quarter",1143033
"Yangon Region","Dagon Myothit (South) Township","No (146) Quarter",1143034
"Yangon Region","Dagon Myothit (South) Township","No (147) Quarter",1143035
"Yangon Region","Dagon Myothit (South) Township","No (152) Quarter",1143036
"Yangon Region","Dagon Myothit (South) Township","No (153) Quarter",1143037
"Yangon Region","Dagon Myothit (South) Township","No (154) Quarter",1143038
"Yangon Region","Dagon Myothit (South) Township","Kyi Su (West) Quarter",1143039
"Yangon Region","Dagon Myothit (South) Township","Ywar Thar Gyi (South) Quarter",1143040
"Yangon Region","Dagon Myothit (South) Township","Thone Gwa (South) Quarter",1143041
"Yangon Region","Dagon Myothit (South) Township","Lay Daunt Kan (South) Quarter",1143042
"Yangon Region","Dagon Myothit (South) Township","Saik Pyo Mway Myu Yay No.(1) Quarter",1143043
"Yangon Region","Dagon Myothit (South) Township","Shan Te Gyi (South) Quarter",1143044
"Yangon Region","Dagon Myothit (Seikkan) Township","No (58) Quarter",1144001
"Yangon Region","Dagon Myothit (Seikkan) Township","No (59) Quarter",1144002
"Yangon Region","Dagon Myothit (Seikkan) Township","No (60) Quarter",1144003
"Yangon Region","Dagon Myothit (Seikkan) Township","No (61) Quarter",1144004
"Yangon Region","Dagon Myothit (Seikkan) Township","No (67) Quarter",1144005
"Yangon Region","Dagon Myothit (Seikkan) Township","No (68) Quarter",1144006
"Yangon Region","Dagon Myothit (Seikkan) Township","No (69) Quarter",1144007
"Yangon Region","Dagon Myothit (Seikkan) Township","No (73) Quarter",1144008
"Yangon Region","Dagon Myothit (Seikkan) Township","No (74) Quarter",1144009
"Yangon Region","Dagon Myothit (Seikkan) Township","No (75) Quarter",1144010
"Yangon Region","Dagon Myothit (Seikkan) Township","No (76) Quarter",1144011
"Yangon Region","Dagon Myothit (Seikkan) Township","No (77) Quarter",1144012
"Yangon Region","Dagon Myothit (Seikkan) Township","No (78) Quarter",1144013
"Yangon Region","Dagon Myothit (Seikkan) Township","No (79) Quarter",1144014
"Yangon Region","Dagon Myothit (Seikkan) Township","No (80) Quarter",1144015
"Yangon Region","Dagon Myothit (Seikkan) Township","No (81) Quarter",1144016
"Yangon Region","Dagon Myothit (Seikkan) Township","No (82) Quarter",1144017
"Yangon Region","Dagon Myothit (Seikkan) Township","No (83) Quarter",1144018
"Yangon Region","Dagon Myothit (Seikkan) Township","No (84) Quarter",1144019
"Yangon Region","Dagon Myothit (Seikkan) Township","No (85) Quarter",1144020
"Yangon Region","Dagon Myothit (Seikkan) Township","No (86) Quarter",1144021
"Yangon Region","Dagon Myothit (Seikkan) Township","No (87) Quarter",1144022
"Yangon Region","Dagon Myothit (Seikkan) Township","No (88) Quarter",1144023
"Yangon Region","Dagon Myothit (Seikkan) Township","No (89) Quarter",1144024
"Yangon Region","Dagon Myothit (Seikkan) Township","No (90) Quarter",1144025
"Yangon Region","Dagon Myothit (Seikkan) Township","No (91) Quarter",1144026
"Yangon Region","Dagon Myothit (Seikkan) Township","No (92) Quarter",1144027
"Yangon Region","Dagon Myothit (Seikkan) Township","No (93) Quarter",1144028
"Yangon Region","Dagon Myothit (Seikkan) Township","No (94) Quarter",1144029
"Yangon Region","Dagon Myothit (Seikkan) Township","No (98) Quarter",1144030
"Yangon Region","Dagon Myothit (Seikkan) Township","No (148) Quarter",1144031
"Yangon Region","Dagon Myothit (Seikkan) Township","No (149) Quarter",1144032
"Yangon Region","Dagon Myothit (Seikkan) Township","No (150) Quarter",1144033
"Yangon Region","Dagon Myothit (Seikkan) Township","No (151) Quarter",1144034
"Yangon Region","Dagon Myothit (Seikkan) Township","No (168) Quarter",1144035
"Yangon Region","Dagon Myothit (East) Township","No (1) Quarter",1145001
"Yangon Region","Dagon Myothit (East) Township","No (2) Quarter",1145002
"Yangon Region","Dagon Myothit (East) Township","No (3) Quarter",1145003
"Yangon Region","Dagon Myothit (East) Township","No (4) Quarter",1145004
"Yangon Region","Dagon Myothit (East) Township","No (5) Quarter",1145005
"Yangon Region","Dagon Myothit (East) Township","No (6) Quarter",1145006
"Yangon Region","Dagon Myothit (East) Township","No (7) Quarter",1145007
"Yangon Region","Dagon Myothit (East) Township","No (8) Quarter",1145008
"Yangon Region","Dagon Myothit (East) Township","No (9) Quarter",1145009
"Yangon Region","Dagon Myothit (East) Township","No (10) Quarter",1145010
"Yangon Region","Dagon Myothit (East) Township","No (11) Quarter",1145011
"Yangon Region","Dagon Myothit (East) Township","No (12) Quarter",1145012
"Yangon Region","Dagon Myothit (East) Township","No (13) Quarter",1145013
"Yangon Region","Dagon Myothit (East) Township","No (14) Quarter",1145014
"Yangon Region","Dagon Myothit (East) Township","No (15) Quarter",1145015
"Yangon Region","Dagon Myothit (East) Township","No (16)(East) Quarter",1145016
"Yangon Region","Dagon Myothit (East) Township","No (52) Quarter",1145017
"Yangon Region","Dagon Myothit (East) Township","No (108) Quarter",1145018
"Yangon Region","Dagon Myothit (East) Township","No (109) Quarter",1145019
"Yangon Region","Dagon Myothit (East) Township","No (110) Quarter",1145020
"Yangon Region","Dagon Myothit (East) Township","No (111) Quarter",1145021
"Yangon Region","Dagon Myothit (East) Township","No (112) Quarter",1145022
"Yangon Region","Dagon Myothit (East) Township","No (113) Quarter",1145023
"Yangon Region","Dagon Myothit (East) Township","No (114) Quarter",1145024
"Yangon Region","Dagon Myothit (East) Township","No (115) Quarter",1145025
"Yangon Region","Dagon Myothit (East) Township","No (116) Quarter",1145026
"Yangon Region","Dagon Myothit (East) Township","No (117) Quarter",1145027
"Yangon Region","Dagon Myothit (East) Township","No (118) Quarter",1145028
"Yangon Region","Dagon Myothit (East) Township","No (119) Quarter",1145029
"Yangon Region","Dagon Myothit (East) Township","No (120) Quarter",1145030
"Yangon Region","Dagon Myothit (East) Township","No (121) Quarter",1145031
"Yangon Region","Dagon Myothit (East) Township","No (122) Quarter",1145032
"Yangon Region","Dagon Myothit (East) Township","No (123) Quarter",1145033
"Yangon Region","Dagon Myothit (East) Township","No (124) Quarter",1145034
"Yangon Region","Dagon Myothit (East) Township","No (125) Quarter",1145035
"Yangon Region","Dagon Myothit (East) Township","No (126) Quarter",1145036
"Yangon Region","Dagon Myothit (East) Township","No (127) Quarter",1145037
"Yangon Region","Dagon Myothit (East) Township","No (128) Quarter",1145038
"Yangon Region","Dagon Myothit (East) Township","No (129) Quarter",1145039
"Yangon Region","Dagon Myothit (East) Township","Sit Pin (South) Quarter",1145040
"Yangon Region","Dagon Myothit (East) Township","Taung Ta Loke Quarter",1145041
"Yangon Region","Dagon Myothit (East) Township","Ywar Thar Gyi (Ah Shey Paing) Quarter",1145042
"Yangon Region","Dagon Myothit (East) Township","Thone Khwa (Ah Shey Paing) Quarter",1145043
"Yangon Region","Dagon Myothit (East) Township","No (130) Quarter",1145044
"Yangon Region","Dagon Myothit (East) Township","No (131) Quarter",1145045
"Yangon Region","Dagon Myothit (East) Township","No (132) Quarter",1145046
"Yangon Region","Dagon Myothit (East) Township","No (133) Quarter",1145047
"Yangon Region","Dagon Myothit (East) Township","No (134) Quarter",1145048
"Yangon Region","Dagon Myothit (East) Township","No (135) Quarter",1145049
"Yangon Region","Dagon Myothit (East) Township","No (136) Quarter",1145050
"Yangon Region","Dagon Myothit (East) Township","No (137) Quarter",1145051
"Yangon Region","Dagon Myothit (East) Township","No (138) Quarter",1145052
"Yangon Region","Dagon Myothit (East) Township","No (139) Quarter",1145053
"Yangon Region","Dagon Myothit (East) Township","No (155) Quarter",1145054
"Yangon Region","Dagon Myothit (East) Township","No (156) Quarter",1145055
"Yangon Region","Dagon Myothit (East) Township","No (157) Quarter",1145056
"Yangon Region","Dagon Myothit (East) Township","No (158) Quarter",1145057
"Yangon Region","Dagon Myothit (East) Township","No (159) Quarter",1145058
"Yangon Region","Dagon Myothit (East) Township","No (160) Quarter",1145059
"Yangon Region","Dagon Myothit (East) Township","No (162) Quarter",1145061
"Yangon Region","Dagon Myothit (East) Township","No (163) Quarter",1145062
"Yangon Region","Dagon Myothit (East) Township","No (164) Quarter",1145063
"Yangon Region","Dagon Myothit (East) Township","No (161) Quarter",114560
"Yangon Region","Htaukkyant Town","Htauk Kyant (South) Quarter",1160001
"Yangon Region","Htaukkyant Town","Htauk Kyant (North) Quarter",1160002
"Yangon Region","Htaukkyant Town","Pa-San Pya Quarter",1160003
"Yangon Region","Htaukkyant Town","Du-San Pya Quarter",1160004
"Yangon Region","Htaukkyant Town","Ye Su (South) Quarter",1160005
"Yangon Region","Htaukkyant Town","Baw Lone Kwin Quarter",1160006
"Yangon Region","Htaukkyant Town","Aye Ka Rit Quarter",1160007
"Yangon Region","Htaukkyant Town","Bago Lan Quarter",1160008
"Yangon Region","Htaukkyant Town","Ti Law Kar Yon Quarter",1160009
"Yangon Region","Htaukkyant Town","Lan Son Paing Quarter",1160010
"Yangon Region","Htaukkyant Town","Zay Paing Quarter",1160011
"Yangon Region","Htaukkyant Town","Ywar Ma Paing Quarter",1160012
"Yangon Region","Htaukkyant Town","Htauk Kyant Toe Cheit Quarter",1160013
"Yangon Region","Tadar Town","No (1) Quarter",1161001
"Yangon Region","Tadar Town","No (2) Quarter",1161002
"Yangon Region","Tadar Town","No (3) Quarter",1161003
"Yangon Region","Tadar Town","No (4) Quarter",1161004
"Yangon Region","Okekan Town","Kyan Sit Thar Quarter",1162001
"Yangon Region","Okekan Town","U Aung Zay Ya Quarter",1162002
"Yangon Region","Okekan Town","Ah Naw Ra Htar Quarter",1162003
"Yangon Region","Okekan Town","Ban Du La Quarter",1162004
"Yangon Region","Okekan Town","Bo Gyoke Aung San Quarter",1162005
"Yangon Region","Okekan Town","Sin Hpyu Shin Quarter",1162006
"Yangon Region","Okekan Town","Ba Yint Naung Quarter",1162007
"Yangon Region","Okekan Town","Min Ye Kyaw Swar Quarter",1162008
"Yangon Region","Ahpyauk Town","No (1) Quarter",1163001
"Yangon Region","Ahpyauk Town","No (2) Quarter",1163002
"Yangon Region","Ahpyauk Town","No (3) Quarter",1163003
"Yangon Region","Ahpyauk Town","No (4) Quarter",1163004
