﻿Region,"Town / Township","Quarter / Village Tract","Postal Code"
"ရှမ်းပြည်နယ် (မြောက်ပိုင်း)","လားရှိုး မြို့နယ်","သီရိမဟာ ရပ်ကွက်",1601001
"ရှမ်းပြည်နယ် (မြောက်ပိုင်း)","လားရှိုး မြို့နယ်","အောင်မေတ္တာ ရပ်ကွက်",1601002
"ရှမ်းပြည်နယ် (မြောက်ပိုင်း)","လားရှိုး မြို့နယ်","ရွှေဘုံသာ ရပ်ကွက်",1601003
"ရှမ်းပြည်နယ် (မြောက်ပိုင်း)","လားရှိုး မြို့နယ်","အာရုံတော် ရပ်ကွက်",1601004
"ရှမ်းပြည်နယ် (မြောက်ပိုင်း)","လားရှိုး မြို့နယ်","အောင်မင်္ဂလာ ရပ်ကွက်",1601005
"ရှမ်းပြည်နယ် (မြောက်ပိုင်း)","လားရှိုး မြို့နယ်","ရွှေလီ ရပ်ကွက်",1601006
"ရှမ်းပြည်နယ် (မြောက်ပိုင်း)","လားရှိုး မြို့နယ်","သံလွင် ရပ်ကွက်",1601007
"ရှမ်းပြည်နယ် (မြောက်ပိုင်း)","လားရှိုး မြို့နယ်","အောင်သီတာ ရပ်ကွက်",1601008
"ရှမ်းပြည်နယ် (မြောက်ပိုင်း)","လားရှိုး မြို့နယ်","မြန်မာခါးရိုး ရပ်ကွက်",1601009
"ရှမ်းပြည်နယ် (မြောက်ပိုင်း)","လားရှိုး မြို့နယ်","မြို့ဝမ် ရပ်ကွက်",1601010
"ရှမ်းပြည်နယ် (မြောက်ပိုင်း)","လားရှိုး မြို့နယ်","နမ့်ပါချီး ရပ်ကွက်",1601011
"ရှမ်းပြည်နယ် (မြောက်ပိုင်း)","လားရှိုး မြို့နယ်","လားရှိုးကြီး ရပ်ကွက်",1601012
"ရှမ်းပြည်နယ် (မြောက်ပိုင်း)","သိန္နီ မြို့နယ်","အမှတ် (၁) ရပ်ကွက်",1602001
"ရှမ်းပြည်နယ် (မြောက်ပိုင်း)","သိန္နီ မြို့နယ်","အမှတ် (၂) ရပ်ကွက်",1602002
"ရှမ်းပြည်နယ် (မြောက်ပိုင်း)","သိန္နီ မြို့နယ်","အမှတ် (၃) ရပ်ကွက်",1602003
"ရှမ်းပြည်နယ် (မြောက်ပိုင်း)","သိန္နီ မြို့နယ်","အမှတ် (၄) ရပ်ကွက်",1602004
"ရှမ်းပြည်နယ် (မြောက်ပိုင်း)","မိုင်းရယ် မြို့နယ်","အမှတ် (၁) ရပ်ကွက်",1603001
"ရှမ်းပြည်နယ် (မြောက်ပိုင်း)","မိုင်းရယ် မြို့နယ်","အမှတ် (၂) ရပ်ကွက်",1603002
"ရှမ်းပြည်နယ် (မြောက်ပိုင်း)","မိုင်းရယ် မြို့နယ်","အမှတ် (၃) ရပ်ကွက်",1603003
"ရှမ်းပြည်နယ် (မြောက်ပိုင်း)","တန့်ယန်း မြို့နယ်","အမှတ် (၁) ရပ်ကွက်",1604001
"ရှမ်းပြည်နယ် (မြောက်ပိုင်း)","တန့်ယန်း မြို့နယ်","အမှတ် (၂) ရပ်ကွက်",1604002
"ရှမ်းပြည်နယ် (မြောက်ပိုင်း)","တန့်ယန်း မြို့နယ်","အမှတ် (၃) ရပ်ကွက်",1604003
"ရှမ်းပြည်နယ် (မြောက်ပိုင်း)","တန့်ယန်း မြို့နယ်","အမှတ် (၄) ရပ်ကွက်",1604004
"ရှမ်းပြည်နယ် (မြောက်ပိုင်း)","တန့်ယန်း မြို့နယ်","အမှတ် (၅) ရပ်ကွက်",1604005
"ရှမ်းပြည်နယ် (မြောက်ပိုင်း)","တန့်ယန်း မြို့နယ်","ဝိန်းလောင်း ရပ်ကွက်",1604006
"ရှမ်းပြည်နယ် (မြောက်ပိုင်း)","တန့်ယန်း မြို့နယ်","မန်လွယ် ရပ်ကွက်",1604007
"ရှမ်းပြည်နယ် (မြောက်ပိုင်း)","တန့်ယန်း မြို့နယ်","နောင်မို ရပ်ကွက်",1604008
"ရှမ်းပြည်နယ် (မြောက်ပိုင်း)","တန့်ယန်း မြို့နယ်","မန်စန် ရပ်ကွက်",1604009
"ရှမ်းပြည်နယ် (မြောက်ပိုင်း)","တန့်ယန်း မြို့နယ်","ဟိုနမ့် ရပ်ကွက်",1604010
"ရှမ်းပြည်နယ် (မြောက်ပိုင်း)","ပန်ဆန်း (ပန်ခမ်း) မြို့နယ်","အမှတ် (၁) ရပ်ကွက်",1605001
"ရှမ်းပြည်နယ် (မြောက်ပိုင်း)","ပန်ဆန်း (ပန်ခမ်း) မြို့နယ်","အမှတ် (၂) ရပ်ကွက်",1605002
"ရှမ်းပြည်နယ် (မြောက်ပိုင်း)","ပန်ဆန်း (ပန်ခမ်း) မြို့နယ်","အမှတ် (၃) ရပ်ကွက်",1605003
"ရှမ်းပြည်နယ် (မြောက်ပိုင်း)","မူဆယ် မြို့နယ်","ခရစ်ယာန် ရပ်ကွက်",1609001
"ရှမ်းပြည်နယ် (မြောက်ပိုင်း)","မူဆယ် မြို့နယ်","ဈေး ရပ်ကွက်",1609002
"ရှမ်းပြည်နယ် (မြောက်ပိုင်း)","မူဆယ် မြို့နယ်","တောင် ရပ်ကွက်",1609003
"ရှမ်းပြည်နယ် (မြောက်ပိုင်း)","မူဆယ် မြို့နယ်","ဟိုမွန် ရပ်ကွက်",1609004
"ရှမ်းပြည်နယ် (မြောက်ပိုင်း)","မူဆယ် မြို့နယ်","မြောက် ရပ်ကွက်",1609005
"ရှမ်းပြည်နယ် (မြောက်ပိုင်း)","မူဆယ် မြို့နယ်","ကောင်းနောင် ရပ်ကွက်",1609006
"ရှမ်းပြည်နယ် (မြောက်ပိုင်း)","မူဆယ် မြို့နယ်","စွမ်တော် ရပ်ကွက်",1609007
"ရှမ်းပြည်နယ် (မြောက်ပိုင်း)","မူဆယ် မြို့နယ်","တော်ရွက် ရပ်ကွက်",1609008
"ရှမ်းပြည်နယ် (မြောက်ပိုင်း)","မူဆယ် မြို့နယ်","ကောင်းမူးတုံ ရပ်ကွက်",1609009
"ရှမ်းပြည်နယ် (မြောက်ပိုင်း)","နမ့်ခမ်း မြို့နယ်","အမှတ် (၁) ရပ်ကွက်",1610001
"ရှမ်းပြည်နယ် (မြောက်ပိုင်း)","နမ့်ခမ်း မြို့နယ်","အမှတ် (၂) ရပ်ကွက်",1610002
"ရှမ်းပြည်နယ် (မြောက်ပိုင်း)","နမ့်ခမ်း မြို့နယ်","အမှတ် (၃) ရပ်ကွက်",1610003
"ရှမ်းပြည်နယ် (မြောက်ပိုင်း)","နမ့်ခမ်း မြို့နယ်","အမှတ် (၄) ရပ်ကွက်",1610004
"ရှမ်းပြည်နယ် (မြောက်ပိုင်း)","နမ့်ခမ်း မြို့နယ်","အမှတ် (၅) ရပ်ကွက်",1610005
"ရှမ်းပြည်နယ် (မြောက်ပိုင်း)","နမ့်ခမ်း မြို့နယ်","အမှတ် (၆) ရပ်ကွက်",1610006
"ရှမ်းပြည်နယ် (မြောက်ပိုင်း)","နမ့်ခမ်း မြို့နယ်","အမှတ် (၇) ရပ်ကွက်",1610007
"ရှမ်းပြည်နယ် (မြောက်ပိုင်း)","နမ့်ခမ်း မြို့နယ်","အမှတ် (၈) ရပ်ကွက်",1610008
"ရှမ်းပြည်နယ် (မြောက်ပိုင်း)","နမ့်ခမ်း မြို့နယ်","အမှတ် (၉) ရပ်ကွက်",1610009
"ရှမ်းပြည်နယ် (မြောက်ပိုင်း)","နမ့်ခမ်း မြို့နယ်","အမှတ် (၁၀) ရပ်ကွက်",1610010
"ရှမ်းပြည်နယ် (မြောက်ပိုင်း)","နမ့်ခမ်း မြို့နယ်","အမှတ် (၁၁) ရပ်ကွက်",1610011
"ရှမ်းပြည်နယ် (မြောက်ပိုင်း)","နမ့်ခမ်း မြို့နယ်","အမှတ် (၁၂) ရပ်ကွက်",1610012
"ရှမ်းပြည်နယ် (မြောက်ပိုင်း)","နမ့်ခမ်း မြို့နယ်","အမှတ် (၁၃) ရပ်ကွက်",1610013
"ရှမ်းပြည်နယ် (မြောက်ပိုင်း)","နမ့်ခမ်း မြို့နယ်","အမှတ် (၁၄) ရပ်ကွက်",1610014
"ရှမ်းပြည်နယ် (မြောက်ပိုင်း)","ကွတ်ခိုင် မြို့နယ်","အမှတ် (၁) ရပ်ကွက်",1611001
"ရှမ်းပြည်နယ် (မြောက်ပိုင်း)","ကွတ်ခိုင် မြို့နယ်","အမှတ် (၂) ရပ်ကွက်",1611002
"ရှမ်းပြည်နယ် (မြောက်ပိုင်း)","ကွတ်ခိုင် မြို့နယ်","အမှတ် (၃) ရပ်ကွက်",1611003
"ရှမ်းပြည်နယ် (မြောက်ပိုင်း)","ကွတ်ခိုင် မြို့နယ်","အမှတ် (၄) ရပ်ကွက်",1611004
"ရှမ်းပြည်နယ် (မြောက်ပိုင်း)","ကွတ်ခိုင် မြို့နယ်","အမှတ် (၅) ရပ်ကွက်",1611005
"ရှမ်းပြည်နယ် (မြောက်ပိုင်း)","ကွတ်ခိုင် မြို့နယ်","အမှတ် (၆) ရပ်ကွက်",1611006
"ရှမ်းပြည်နယ် (မြောက်ပိုင်း)","ကွတ်ခိုင် မြို့နယ်","အမှတ် (၇) ရပ်ကွက်",1611007
"ရှမ်းပြည်နယ် (မြောက်ပိုင်း)","ကွတ်ခိုင် မြို့နယ်","အမှတ် (၈) ရပ်ကွက်",1611008
"ရှမ်းပြည်နယ် (မြောက်ပိုင်း)","ကျောက်မဲ မြို့နယ်","အမှတ် (၁) ရပ်ကွက်",1612001
"ရှမ်းပြည်နယ် (မြောက်ပိုင်း)","ကျောက်မဲ မြို့နယ်","အမှတ် (၂) ရပ်ကွက်",1612002
"ရှမ်းပြည်နယ် (မြောက်ပိုင်း)","ကျောက်မဲ မြို့နယ်","အမှတ် (၃) ရပ်ကွက်",1612003
"ရှမ်းပြည်နယ် (မြောက်ပိုင်း)","ကျောက်မဲ မြို့နယ်","အမှတ် (၄) ရပ်ကွက်",1612004
"ရှမ်းပြည်နယ် (မြောက်ပိုင်း)","ကျောက်မဲ မြို့နယ်","အမှတ် (၅) ရပ်ကွက်",1612005
"ရှမ်းပြည်နယ် (မြောက်ပိုင်း)","ကျောက်မဲ မြို့နယ်","အမှတ် (၆) ရပ်ကွက်",1612006
"ရှမ်းပြည်နယ် (မြောက်ပိုင်း)","ကျောက်မဲ မြို့နယ်","အမှတ် (၇) ရပ်ကွက်",1612007
"ရှမ်းပြည်နယ် (မြောက်ပိုင်း)","ကျောက်မဲ မြို့နယ်","အမှတ် (၈) ရပ်ကွက်",1612008
"ရှမ်းပြည်နယ် (မြောက်ပိုင်း)","ကျောက်မဲ မြို့နယ်","အမှတ် (၉) ရပ်ကွက်",1612009
"ရှမ်းပြည်နယ် (မြောက်ပိုင်း)","နောင်ချို မြို့နယ်","ဈေး ရပ်ကွက်",1613001
"ရှမ်းပြည်နယ် (မြောက်ပိုင်း)","နောင်ချို မြို့နယ်","ဘူတာ ရပ်ကွက်",1613002
"ရှမ်းပြည်နယ် (မြောက်ပိုင်း)","နောင်ချို မြို့နယ်","တောင် ရပ်ကွက်",1613003
"ရှမ်းပြည်နယ် (မြောက်ပိုင်း)","နောင်ချို မြို့နယ်","ပါဟက် ရပ်ကွက်",1613004
"ရှမ်းပြည်နယ် (မြောက်ပိုင်း)","နောင်ချို မြို့နယ်","သပြေရေ ရပ်ကွက်",1613005
"ရှမ်းပြည်နယ် (မြောက်ပိုင်း)","နောင်ချို မြို့နယ်","နားရှိုး ရပ်ကွက်",1613006
"ရှမ်းပြည်နယ် (မြောက်ပိုင်း)","သီပေါ မြို့နယ်","မြန်မာ ရပ်ကွက်",1614001
"ရှမ်းပြည်နယ် (မြောက်ပိုင်း)","သီပေါ မြို့နယ်","မြို့လယ် ရပ်ကွက်",1614002
"ရှမ်းပြည်နယ် (မြောက်ပိုင်း)","သီပေါ မြို့နယ်","အနောက် ရပ်ကွက်",1614003
"ရှမ်းပြည်နယ် (မြောက်ပိုင်း)","သီပေါ မြို့နယ်","ဈေး ရပ်ကွက်",1614004
"ရှမ်းပြည်နယ် (မြောက်ပိုင်း)","သီပေါ မြို့နယ်","ပန်းတိမ်မြောက် ရပ်ကွက်",1614005
"ရှမ်းပြည်နယ် (မြောက်ပိုင်း)","သီပေါ မြို့နယ်","ပန်းတိမ်တောင် ရပ်ကွက်",1614006
"ရှမ်းပြည်နယ် (မြောက်ပိုင်း)","သီပေါ မြို့နယ်","ဇာတ်စု ရပ်ကွက်",1614007
"ရှမ်းပြည်နယ် (မြောက်ပိုင်း)","သီပေါ မြို့နယ်","ရွှေကျောင်း ရပ်ကွက်",1614008
"ရှမ်းပြည်နယ် (မြောက်ပိုင်း)","သီပေါ မြို့နယ်","အုတ်ကျင်း ရပ်ကွက်",1614009
"ရှမ်းပြည်နယ် (မြောက်ပိုင်း)","သီပေါ မြို့နယ်","တောင်မြို့ ရပ်ကွက်",1614010
"ရှမ်းပြည်နယ် (မြောက်ပိုင်း)","သီပေါ မြို့နယ်","မီးရထား ရပ်ကွက်",1614011
"ရှမ်းပြည်နယ် (မြောက်ပိုင်း)","နမ္မတူ မြို့နယ်","နမ္မတူ ရပ်ကွက်",1615001
"ရှမ်းပြည်နယ် (မြောက်ပိုင်း)","နမ္မတူ မြို့နယ်","ပန်ဟိုက် ရပ်ကွက်",1615002
"ရှမ်းပြည်နယ် (မြောက်ပိုင်း)","နမ့်ဆန် မြို့နယ်","နမ္မဝေါ ရပ်ကွက်",1616001
"ရှမ်းပြည်နယ် (မြောက်ပိုင်း)","နမ့်ဆန် မြို့နယ်","မြို့လယ် ရပ်ကွက်",1616002
"ရှမ်းပြည်နယ် (မြောက်ပိုင်း)","နမ့်ဆန် မြို့နယ်","မင်္ဂလာ ရပ်ကွက်",1616003
"ရှမ်းပြည်နယ် (မြောက်ပိုင်း)","နမ့်ဆန် မြို့နယ်","မန်ခိုက် ရပ်ကွက်",1616004
"ရှမ်းပြည်နယ် (မြောက်ပိုင်း)","နမ့်ဆန် မြို့နယ်","မိုးဂဲ ရပ်ကွက်",1616005
"ရှမ်းပြည်နယ် (မြောက်ပိုင်း)","နမ့်ဆန် မြို့နယ်","မန်မိုင် ရပ်ကွက်",1616006
"ရှမ်းပြည်နယ် (မြောက်ပိုင်း)","မိုးမိတ် မြို့နယ်","တောင်ပိုင်း ရပ်ကွက်",1617001
"ရှမ်းပြည်နယ် (မြောက်ပိုင်း)","မိုးမိတ် မြို့နယ်","မြောက်ပိုင်း ရပ်ကွက်",1617002
"ရှမ်းပြည်နယ် (မြောက်ပိုင်း)","မိုးမိတ် မြို့နယ်","လက်ခုတ်တန်း ရပ်ကွက်",1617003
"ရှမ်းပြည်နယ် (မြောက်ပိုင်း)","မိုးမိတ် မြို့နယ်","ဟော်ကုန်း (ဟော်နန်း) ရပ်ကွက်",1617004
"ရှမ်းပြည်နယ် (မြောက်ပိုင်း)","မဘိမ်း မြို့နယ်","မြို့မ ရပ်ကွက်",1618001
"ရှမ်းပြည်နယ် (မြောက်ပိုင်း)","မဘိမ်း မြို့နယ်","တိုက်ကုန်း ရပ်ကွက်",1618002
"ရှမ်းပြည်နယ် (မြောက်ပိုင်း)","မဘိမ်း မြို့နယ်","ကုန်းခါး ရပ်ကွက်",1618003
"ရှမ်းပြည်နယ် (မြောက်ပိုင်း)","မဘိမ်း မြို့နယ်","နမ့်ပုံးပုံး ရပ်ကွက်",1618004
"ရှမ်းပြည်နယ် (မြောက်ပိုင်း)","မန်တုံ မြို့နယ်","မြို့မ ရပ်ကွက်",1619001
"ရှမ်းပြည်နယ် (မြောက်ပိုင်း)","မန်တုံ မြို့နယ်","အမှတ် (၁) ရပ်ကွက်",1619002
"ရှမ်းပြည်နယ် (မြောက်ပိုင်း)","မန်တုံ မြို့နယ်","အမှတ် (၂) ရပ်ကွက်",1619003
"ရှမ်းပြည်နယ် (မြောက်ပိုင်း)","ကွမ်းလုံ မြို့နယ်","ခိုလုံ (ခ) မြို့မ ရပ်ကွက်",1620001
"ရှမ်းပြည်နယ် (မြောက်ပိုင်း)","ကွမ်းလုံ မြို့နယ်","ဉာဏသိပ္ပံ ရပ်ကွက်",1620002
"ရှမ်းပြည်နယ် (မြောက်ပိုင်း)","ကွမ်းလုံ မြို့နယ်","ရှမ်းရွာမ ရပ်ကွက်",1620003
"ရှမ်းပြည်နယ် (မြောက်ပိုင်း)","ကွမ်းလုံ မြို့နယ်","ဘောဂ ရပ်ကွက်",1620004
"ရှမ်းပြည်နယ် (မြောက်ပိုင်း)","ကွမ်းလုံ မြို့နယ်","ဝန်ထမ်း ရပ်ကွက်",1620005
"ရှမ်းပြည်နယ် (မြောက်ပိုင်း)","ကွမ်းလုံ မြို့နယ်","ကန်သာယာ ရပ်ကွက်",1620006
"ရှမ်းပြည်နယ် (မြောက်ပိုင်း)","ဟိုပန် မြို့နယ်","ဟိုပန် ရပ်ကွက်",1621001
"ရှမ်းပြည်နယ် (မြောက်ပိုင်း)","ဟိုပန် မြို့နယ်","ကောင်းဟုန်း ရပ်ကွက်",1621002
"ရှမ်းပြည်နယ် (မြောက်ပိုင်း)","ဟိုပန် မြို့နယ်","မန်ခွန် ရပ်ကွက်",1621003
"ရှမ်းပြည်နယ် (မြောက်ပိုင်း)","ဟိုပန် မြို့နယ်","ဈေး ရပ်ကွက်",1621004
"ရှမ်းပြည်နယ် (မြောက်ပိုင်း)","ဟိုပန် မြို့နယ်","ပန်လုံလမ်း ရပ်ကွက်",1621005
"ရှမ်းပြည်နယ် (မြောက်ပိုင်း)","ဟိုပန် မြို့နယ်","ရုံးကုန်း ရပ်ကွက်",1621006
"ရှမ်းပြည်နယ် (မြောက်ပိုင်း)","ဟိုပန် မြို့နယ်","မိန်းပန်း ရပ်ကွက်",1621007
"ရှမ်းပြည်နယ် (မြောက်ပိုင်း)","ဟိုပန် မြို့နယ်","နမ့်လျံ ရပ်ကွက်",1621008
"ရှမ်းပြည်နယ် (မြောက်ပိုင်း)","ဟိုပန် မြို့နယ်","မန်မိုင် ရပ်ကွက်",1621009
"ရှမ်းပြည်နယ် (မြောက်ပိုင်း)","ဟိုပန် မြို့နယ်","မိုင်းပန်း (လွယ်လ) ရပ်ကွက်",1621010
"ရှမ်းပြည်နယ် (မြောက်ပိုင်း)","လောက်ကိုင် မြို့နယ်","အမှတ် (၁) ရပ်ကွက်",1622001
"ရှမ်းပြည်နယ် (မြောက်ပိုင်း)","လောက်ကိုင် မြို့နယ်","အမှတ် (၂) ရပ်ကွက်",1622002
"ရှမ်းပြည်နယ် (မြောက်ပိုင်း)","လောက်ကိုင် မြို့နယ်","အမှတ် (၃) ရပ်ကွက်",1622003
"ရှမ်းပြည်နယ် (မြောက်ပိုင်း)","ကုန်းကြမ်း မြို့နယ်","အမှတ် (၁) ရပ်ကွက်",1623001
"ရှမ်းပြည်နယ် (မြောက်ပိုင်း)","ကုန်းကြမ်း မြို့နယ်","အမှတ် (၂) ရပ်ကွက်",1623002
"ရှမ်းပြည်နယ် (မြောက်ပိုင်း)","ကုန်းကြမ်း မြို့နယ်","အမှတ် (၃) ရပ်ကွက်",1623003
"ရှမ်းပြည်နယ် (မြောက်ပိုင်း)","မက်မန်း မြို့နယ်","အမှတ် (၁) ရပ်ကွက်",1624001
"ရှမ်းပြည်နယ် (မြောက်ပိုင်း)","မက်မန်း မြို့နယ်","အမှတ် (၂) ရပ်ကွက်",1624002
"ရှမ်းပြည်နယ် (မြောက်ပိုင်း)","မန်ကန် မြို့","အမှတ် (၁) ရပ်ကွက်",1660001
"ရှမ်းပြည်နယ် (မြောက်ပိုင်း)","မန်ကန် မြို့","အမှတ် (၂) ရပ်ကွက်",1660002
"ရှမ်းပြည်နယ် (မြောက်ပိုင်း)","မန်ကန် မြို့","အမှတ် (၃) ရပ်ကွက်",1660003
"ရှမ်းပြည်နယ် (မြောက်ပိုင်း)","မုန်းကိုး မြို့","အမှတ် (၁) ရပ်ကွက်",1661001
"ရှမ်းပြည်နယ် (မြောက်ပိုင်း)","မုန်းကိုး မြို့","အမှတ် (၂) ရပ်ကွက်",1661002
"ရှမ်းပြည်နယ် (မြောက်ပိုင်း)","မုန်းကိုး မြို့","အမှတ် (၃) ရပ်ကွက်",1661003
"ရှမ်းပြည်နယ် (မြောက်ပိုင်း)","မုန်းကိုး မြို့","အမှတ် (၄) ရပ်ကွက်",1661004
"ရှမ်းပြည်နယ် (မြောက်ပိုင်း)","မုန်းကိုး မြို့","အမှတ် (၅) ရပ်ကွက်",1661005
"ရှမ်းပြည်နယ် (မြောက်ပိုင်း)","မုန်းကိုး မြို့","အမှတ် (၆) ရပ်ကွက်",1661006
"ရှမ်းပြည်နယ် (မြောက်ပိုင်း)","မုန်းကိုး မြို့","အမှတ် (၇) ရပ်ကွက်",1661007
"ရှမ်းပြည်နယ် (မြောက်ပိုင်း)","(မန်ဟျိုး) မန်ဟီးရိုး မြို့","အမှတ် (၁) ရပ်ကွက်",1662001
"ရှမ်းပြည်နယ် (မြောက်ပိုင်း)","(မန်ဟျိုး) မန်ဟီးရိုး မြို့","အမှတ် (၂) ရပ်ကွက်",1662002
"ရှမ်းပြည်နယ် (မြောက်ပိုင်း)","(မန်ဟျိုး) မန်ဟီးရိုး မြို့","အမှတ် (၃) ရပ်ကွက်",1662003
"ရှမ်းပြည်နယ် (မြောက်ပိုင်း)","ပန်ဆိုင်း (ကြူကုတ်) မြို့","အမှတ် (၁) ရပ်ကွက်",1663001
"ရှမ်းပြည်နယ် (မြောက်ပိုင်း)","ပန်ဆိုင်း (ကြူကုတ်) မြို့","အမှတ် (၂) ရပ်ကွက်",1663002
"ရှမ်းပြည်နယ် (မြောက်ပိုင်း)","ပန်ဆိုင်း (ကြူကုတ်) မြို့","အမှတ် (၃) ရပ်ကွက်",1663003
"ရှမ်းပြည်နယ် (မြောက်ပိုင်း)","ပန်ဆိုင်း (ကြူကုတ်) မြို့","အမှတ် (၄) ရပ်ကွက်",1663004
"ရှမ်းပြည်နယ် (မြောက်ပိုင်း)","ပန်ဆိုင်း (ကြူကုတ်) မြို့","အမှတ် (၅) ရပ်ကွက်",1663005
"ရှမ်းပြည်နယ် (မြောက်ပိုင်း)","တာမိုးညဲ မြို့","အမှတ် (၁) ရပ်ကွက်",1664001
"ရှမ်းပြည်နယ် (မြောက်ပိုင်း)","တာမိုးညဲ မြို့","အမှတ် (၂) ရပ်ကွက်",1664002
"ရှမ်းပြည်နယ် (မြောက်ပိုင်း)","တာမိုးညဲ မြို့","အမှတ် (၃) ရပ်ကွက်",1664003
"ရှမ်းပြည်နယ် (မြောက်ပိုင်း)","တာမိုးညဲ မြို့","အမှတ် (၄) ရပ်ကွက်",1664004
"ရှမ်းပြည်နယ် (မြောက်ပိုင်း)","တာမိုးညဲ မြို့","အမှတ် (၅) ရပ်ကွက်",1664005
"ရှမ်းပြည်နယ် (မြောက်ပိုင်း)","တာမိုးညဲ မြို့","အမှတ် (၆) ရပ်ကွက်",1664006
"ရှမ်းပြည်နယ် (မြောက်ပိုင်း)","တာမိုးညဲ မြို့","အမှတ် (၇) ရပ်ကွက်",1664007
"ရှမ်းပြည်နယ် (မြောက်ပိုင်း)","တာမိုးညဲ မြို့","အမှတ် (၈) ရပ်ကွက်",1664008
"ရှမ်းပြည်နယ် (မြောက်ပိုင်း)","မိုင်းငေါ့ မြို့","တာလုံ ရပ်ကွက်",1665001
"ရှမ်းပြည်နယ် (မြောက်ပိုင်း)","မိုင်းငေါ့ မြို့","ပန်ဖတ်ဖာ ရပ်ကွက်",1665002
"ရှမ်းပြည်နယ် (မြောက်ပိုင်း)","မိုင်းငေါ့ မြို့","မန်ကောင်း ရပ်ကွက်",1665003
"ရှမ်းပြည်နယ် (မြောက်ပိုင်း)","မိုင်းငေါ့ မြို့","မန်လုံ ရပ်ကွက်",1665004
"ရှမ်းပြည်နယ် (မြောက်ပိုင်း)","မိုင်းငေါ့ မြို့","မိုင်းငေါ့ဈေး ရပ်ကွက်",1665005
"ရှမ်းပြည်နယ် (မြောက်ပိုင်း)","မိုင်းလုံ မြို့","ခန္တီ ရပ်ကွက်",1666001
"ရှမ်းပြည်နယ် (မြောက်ပိုင်း)","မိုင်းလုံ မြို့","ဈေး ရပ်ကွက်",1666002
"ရှမ်းပြည်နယ် (မြောက်ပိုင်း)","မိုင်းလုံ မြို့","နမ့်ပိန် ရပ်ကွက်",1666003
"ရှမ်းပြည်နယ် (မြောက်ပိုင်း)","မိုင်းလုံ မြို့","အထက်ပိုင်း ရပ်ကွက်",1666004
"ရှမ်းပြည်နယ် (မြောက်ပိုင်း)","မိုင်းလုံ မြို့","အလယ်ပိုင်း ရပ်ကွက်",1666005
"ရှမ်းပြည်နယ် (မြောက်ပိုင်း)","မိုင်းလုံ မြို့","အောက်ပိုင်း ရပ်ကွက်",1666006
"ရှမ်းပြည်နယ် (မြောက်ပိုင်း)","နမ့်တစ် မြို့","အမှတ် (၁) ရပ်ကွက်",1667001
"ရှမ်းပြည်နယ် (မြောက်ပိုင်း)","နမ့်တစ် မြို့","အမှတ် (၂) ရပ်ကွက်",1667002
"ရှမ်းပြည်နယ် (မြောက်ပိုင်း)","နမ့်တစ် မြို့","အမှတ် (၃) ရပ်ကွက်",1667003
"ရှမ်းပြည်နယ် (မြောက်ပိုင်း)","နမ့်တစ် မြို့","အမှတ် (၄) ရပ်ကွက်",1667004
"ရှမ်းပြည်နယ် (မြောက်ပိုင်း)","နမ့်တစ် မြို့","အမှတ် (၅) ရပ်ကွက်",1667005
"ရှမ်းပြည်နယ် (မြောက်ပိုင်း)","ပန်လုံ မြို့","အမှတ် (၁) ရပ်ကွက်",1668001
"ရှမ်းပြည်နယ် (မြောက်ပိုင်း)","ပန်လုံ မြို့","အမှတ် (၂) ရပ်ကွက်",1668002
"ရှမ်းပြည်နယ် (မြောက်ပိုင်း)","ပန်လုံ မြို့","အမှတ် (၃) ရပ်ကွက်",1668003
"ရှမ်းပြည်နယ် (မြောက်ပိုင်း)","ပန်လုံ မြို့","အမှတ် (၄) ရပ်ကွက်",1668004
"ရှမ်းပြည်နယ် (မြောက်ပိုင်း)","ပန်လုံ မြို့","အမှတ် (၅) ရပ်ကွက်",1668005
"ရှမ်းပြည်နယ် (မြောက်ပိုင်း)","ပန်လုံ မြို့","အမှတ် (၆) ရပ်ကွက်",1668006
"ရှမ်းပြည်နယ် (မြောက်ပိုင်း)","ပန်လုံ မြို့","အမှတ် (၇) ရပ်ကွက်",1668007
"ရှမ်းပြည်နယ် (မြောက်ပိုင်း)","ပန်လုံ မြို့","အမှတ် (၈) ရပ်ကွက်",1668008
"ရှမ်းပြည်နယ် (မြောက်ပိုင်း)","ချင်းရွှေဟော် မြို့","အမှတ် (၁) ရပ်ကွက် ရပ်ကွက်",1669001
"ရှမ်းပြည်နယ် (မြောက်ပိုင်း)","ချင်းရွှေဟော် မြို့","အမှတ် (၂) ရပ်ကွက် ရပ်ကွက်",1669002
"ရှမ်းပြည်နယ် (မြောက်ပိုင်း)","ချင်းရွှေဟော် မြို့","အမှတ် (၃) ရပ်ကွက် ရပ်ကွက်",1669003
"ရှမ်းပြည်နယ် (မြောက်ပိုင်း)","​မော်ထိုက် မြို့","အမှတ် (၁) ရပ်ကွက်",1670001
"ရှမ်းပြည်နယ် (မြောက်ပိုင်း)","​မော်ထိုက် မြို့","အမှတ် (၂) ရပ်ကွက်",1670002
"ရှမ်းပြည်နယ် (မြောက်ပိုင်း)","​မော်ထိုက် မြို့","အမှတ် (၃) ရပ်ကွက်",1670003
"ရှမ်းပြည်နယ် (မြောက်ပိုင်း)","ဝိန်းကောင် မြို့","ဝိန်းကောင် ရပ်ကွက်",1671001
