﻿Region,"Town / Township","Quarter / Village Tract","Postal Code"
"ရှမ်းပြည်နယ် (အရှေ့)","ကျိုင်းတုံ မြို့နယ်","ကတ်တောင် ကျေးရွာအုပ်စု",1701200
"ရှမ်းပြည်နယ် (အရှေ့)","ကျိုင်းတုံ မြို့နယ်","ကတ်ထိုက် ကျေးရွာအုပ်စု",1701201
"ရှမ်းပြည်နယ် (အရှေ့)","ကျိုင်းတုံ မြို့နယ်","ကတ်ဖ ကျေးရွာအုပ်စု",1701202
"ရှမ်းပြည်နယ် (အရှေ့)","ကျိုင်းတုံ မြို့နယ်","တာလေ ကျေးရွာအုပ်စု",1701203
"ရှမ်းပြည်နယ် (အရှေ့)","ကျိုင်းတုံ မြို့နယ်","နမ့်ခတ် ကျေးရွာအုပ်စု",1701204
"ရှမ်းပြည်နယ် (အရှေ့)","ကျိုင်းတုံ မြို့နယ်","နမ့်နီ/နမ့်လုံ ကျေးရွာအုပ်စု",1701205
"ရှမ်းပြည်နယ် (အရှေ့)","ကျိုင်းတုံ မြို့နယ်","နမ့်အင်း ကျေးရွာအုပ်စု",1701206
"ရှမ်းပြည်နယ် (အရှေ့)","ကျိုင်းတုံ မြို့နယ်","နားပေါ် ကျေးရွာအုပ်စု",1701207
"ရှမ်းပြည်နယ် (အရှေ့)","ကျိုင်းတုံ မြို့နယ်","နောင်ကုန် ကျေးရွာအုပ်စု",1701208
"ရှမ်းပြည်နယ် (အရှေ့)","ကျိုင်းတုံ မြို့နယ်","နောင်တောင်း ကျေးရွာအုပ်စု",1701209
"ရှမ်းပြည်နယ် (အရှေ့)","ကျိုင်းတုံ မြို့နယ်","ပင်းတောက် ကျေးရွာအုပ်စု",1701210
"ရှမ်းပြည်နယ် (အရှေ့)","ကျိုင်းတုံ မြို့နယ်","ပန်ကြူ ကျေးရွာအုပ်စု",1701211
"ရှမ်းပြည်နယ် (အရှေ့)","ကျိုင်းတုံ မြို့နယ်","ပန်မတ် ကျေးရွာအုပ်စု",1701212
"ရှမ်းပြည်နယ် (အရှေ့)","ကျိုင်းတုံ မြို့နယ်","မိုင်းကိုင် ကျေးရွာအုပ်စု",1701213
"ရှမ်းပြည်နယ် (အရှေ့)","ကျိုင်းတုံ မြို့နယ်","မိုင်းငွန်း ကျေးရွာအုပ်စု",1701214
"ရှမ်းပြည်နယ် (အရှေ့)","ကျိုင်းတုံ မြို့နယ်","မိုင်းဇင်း ကျေးရွာအုပ်စု",1701215
"ရှမ်းပြည်နယ် (အရှေ့)","ကျိုင်းတုံ မြို့နယ်","မိုင်းဒခွန် ကျေးရွာအုပ်စု",1701216
"ရှမ်းပြည်နယ် (အရှေ့)","ကျိုင်းတုံ မြို့နယ်","မိုင်းနော့/ဖာတ ကျေးရွာအုပ်စု",1701217
"ရှမ်းပြည်နယ် (အရှေ့)","ကျိုင်းတုံ မြို့နယ်","မိုင်းပတ် (အထက်) ကျေးရွာအုပ်စု",1701218
"ရှမ်းပြည်နယ် (အရှေ့)","ကျိုင်းတုံ မြို့နယ်","မိုင်းပတ် (အောက်) ကျေးရွာအုပ်စု",1701219
"ရှမ်းပြည်နယ် (အရှေ့)","ကျိုင်းတုံ မြို့နယ်","မိုင်းပန် (လယ်) ကျေးရွာအုပ်စု",1701220
"ရှမ်းပြည်နယ် (အရှေ့)","ကျိုင်းတုံ မြို့နယ်","မိုင်းလန်း ကျေးရွာအုပ်စု",1701221
"ရှမ်းပြည်နယ် (အရှေ့)","ကျိုင်းတုံ မြို့နယ်","မိုင်းလပ် ကျေးရွာအုပ်စု",1701222
"ရှမ်းပြည်နယ် (အရှေ့)","ကျိုင်းတုံ မြို့နယ်","မိုင်းအင်း ကျေးရွာအုပ်စု",1701223
"ရှမ်းပြည်နယ် (အရှေ့)","ကျိုင်းတုံ မြို့နယ်","ယန်းကျိန် ကျေးရွာအုပ်စု",1701224
"ရှမ်းပြည်နယ် (အရှေ့)","ကျိုင်းတုံ မြို့နယ်","ယန်းခ ကျေးရွာအုပ်စု",1701225
"ရှမ်းပြည်နယ် (အရှေ့)","ကျိုင်းတုံ မြို့နယ်","ယန်းလော ကျေးရွာအုပ်စု",1701226
"ရှမ်းပြည်နယ် (အရှေ့)","ကျိုင်းတုံ မြို့နယ်","လွယ်လုံ ကျေးရွာအုပ်စု",1701227
"ရှမ်းပြည်နယ် (အရှေ့)","ကျိုင်းတုံ မြို့နယ်","လွိုင်မွေ ကျေးရွာအုပ်စု",1701228
"ရှမ်းပြည်နယ် (အရှေ့)","ကျိုင်းတုံ မြို့နယ်","ဝပ်ဆောင်း ကျေးရွာအုပ်စု",1701229
"ရှမ်းပြည်နယ် (အရှေ့)","ကျိုင်းတုံ မြို့နယ်","ဟွေကွယ် ကျေးရွာအုပ်စု",1701230
"ရှမ်းပြည်နယ် (အရှေ့)","မိုင်းခတ် မြို့နယ်","တုံဖကော် ကျေးရွာအုပ်စု",1702200
"ရှမ်းပြည်နယ် (အရှေ့)","မိုင်းခတ် မြို့နယ်","နမ့်ဆော် ကျေးရွာအုပ်စု",1702201
"ရှမ်းပြည်နယ် (အရှေ့)","မိုင်းခတ် မြို့နယ်","နမ့်ယန်းလုံ ကျေးရွာအုပ်စု",1702202
"ရှမ်းပြည်နယ် (အရှေ့)","မိုင်းခတ် မြို့နယ်","နောင်လုံး ကျေးရွာအုပ်စု",1702203
"ရှမ်းပြည်နယ် (အရှေ့)","မိုင်းခတ် မြို့နယ်","ပါခါးလုံ ကျေးရွာအုပ်စု",1702204
"ရှမ်းပြည်နယ် (အရှေ့)","မိုင်းခတ် မြို့နယ်","ပါပွန်း ကျေးရွာအုပ်စု",1702205
"ရှမ်းပြည်နယ် (အရှေ့)","မိုင်းခတ် မြို့နယ်","ဖာလန် / ကော် ကျေးရွာအုပ်စု",1702206
"ရှမ်းပြည်နယ် (အရှေ့)","မိုင်းခတ် မြို့နယ်","မိုင်းကာ ကျေးရွာအုပ်စု",1702207
"ရှမ်းပြည်နယ် (အရှေ့)","မိုင်းခတ် မြို့နယ်","မိုင်းညှင်း ကျေးရွာအုပ်စု",1702208
"ရှမ်းပြည်နယ် (အရှေ့)","မိုင်းခတ် မြို့နယ်","မိုင်းနှုံး ကျေးရွာအုပ်စု",1702209
"ရှမ်းပြည်နယ် (အရှေ့)","မိုင်းခတ် မြို့နယ်","မိုင်းဟန် ကျေးရွာအုပ်စု",1702210
"ရှမ်းပြည်နယ် (အရှေ့)","မိုင်းခတ် မြို့နယ်","ဝမ်ခုတ် ကျေးရွာအုပ်စု",1702211
"ရှမ်းပြည်နယ် (အရှေ့)","မိုင်းခတ် မြို့နယ်","ဝမ်နောင်လုံ ကျေးရွာအုပ်စု",1702212
"ရှမ်းပြည်နယ် (အရှေ့)","မိုင်းခတ် မြို့နယ်","ဝမ်ပင်း ကျေးရွာအုပ်စု",1702213
"ရှမ်းပြည်နယ် (အရှေ့)","မိုင်းခတ် မြို့နယ်","ဝမ်အွန် ကျေးရွာအုပ်စု",1702214
"ရှမ်းပြည်နယ် (အရှေ့)","မိုင်းခတ် မြို့နယ်","ဟုတ်ပုံ ကျေးရွာအုပ်စု",1702215
"ရှမ်းပြည်နယ် (အရှေ့)","မိုင်းယန်း မြို့နယ်","နမ့်ဆီပန်း ကျေးရွာအုပ်စု",1703200
"ရှမ်းပြည်နယ် (အရှေ့)","မိုင်းယန်း မြို့နယ်","နမ့်မောင်း ကျေးရွာအုပ်စု",1703201
"ရှမ်းပြည်နယ် (အရှေ့)","မိုင်းယန်း မြို့နယ်","ပါဆံကျ ကျေးရွာအုပ်စု",1703202
"ရှမ်းပြည်နယ် (အရှေ့)","မိုင်းယန်း မြို့နယ်","ပေါက်နွေး ကျေးရွာအုပ်စု",1703203
"ရှမ်းပြည်နယ် (အရှေ့)","မိုင်းယန်း မြို့နယ်","မွတ်ကင်း ကျေးရွာအုပ်စု",1703204
"ရှမ်းပြည်နယ် (အရှေ့)","မိုင်းယန်း မြို့နယ်","မွန်ခမ်းဟိန်း ကျေးရွာအုပ်စု",1703205
"ရှမ်းပြည်နယ် (အရှေ့)","မိုင်းယန်း မြို့နယ်","မိုင်းတွေး ကျေးရွာအုပ်စု",1703206
"ရှမ်းပြည်နယ် (အရှေ့)","မိုင်းယန်း မြို့နယ်","မိုင်းပေါက် (ကချင်) ကျေးရွာအုပ်စု",1703207
"ရှမ်းပြည်နယ် (အရှေ့)","မိုင်းယန်း မြို့နယ်","မိုင်းဖျန် ကျေးရွာအုပ်စု",1703208
"ရှမ်းပြည်နယ် (အရှေ့)","မိုင်းယန်း မြို့နယ်","မိုင်းယန်း ကျေးရွာအုပ်စု",1703209
"ရှမ်းပြည်နယ် (အရှေ့)","မိုင်းယန်း မြို့နယ်","မိုင်းလွေ ကျေးရွာအုပ်စု",1703210
"ရှမ်းပြည်နယ် (အရှေ့)","မိုင်းယန်း မြို့နယ်","ယန်းကောင် ကျေးရွာအုပ်စု",1703211
"ရှမ်းပြည်နယ် (အရှေ့)","မိုင်းယန်း မြို့နယ်","ယန်းငင်း ကျေးရွာအုပ်စု",1703212
"ရှမ်းပြည်နယ် (အရှေ့)","မိုင်းယန်း မြို့နယ်","ဟိုတောင်း ကျေးရွာအုပ်စု",1703213
"ရှမ်းပြည်နယ် (အရှေ့)","မိုင်းယန်း မြို့နယ်","အန်းခေတ် ကျေးရွာအုပ်စု",1703214
"ရှမ်းပြည်နယ် (အရှေ့)","မိုင်းလား မြို့နယ်","စွပ်ပလွေ ကျေးရွာအုပ်စု",1704200
"ရှမ်းပြည်နယ် (အရှေ့)","မိုင်းလား မြို့နယ်","တာပင်း ကျေးရွာအုပ်စု",1704201
"ရှမ်းပြည်နယ် (အရှေ့)","မိုင်းလား မြို့နယ်","တာပုံ ကျေးရွာအုပ်စု",1704202
"ရှမ်းပြည်နယ် (အရှေ့)","မိုင်းလား မြို့နယ်","ထပန်းလုံ ကျေးရွာအုပ်စု",1704203
"ရှမ်းပြည်နယ် (အရှေ့)","မိုင်းလား မြို့နယ်","မိုင်းမ ကျေးရွာအုပ်စု",1704204
"ရှမ်းပြည်နယ် (အရှေ့)","မိုင်းလား မြို့နယ်","မိုင်းဝ ကျေးရွာအုပ်စု",1704205
"ရှမ်းပြည်နယ် (အရှေ့)","မိုင်းလား မြို့နယ်","ဝမ်ပုန်း ကျေးရွာအုပ်စု",1704206
"ရှမ်းပြည်နယ် (အရှေ့)","မိုင်းလား မြို့နယ်","ဝမ်ဖာခါး ကျေးရွာအုပ်စု",1704207
"ရှမ်းပြည်နယ် (အရှေ့)","မိုင်းလား မြို့နယ်","ဝမ်မိုင်းလုံ ကျေးရွာအုပ်စု",1704208
"ရှမ်းပြည်နယ် (အရှေ့)","မိုင်းဆတ် မြို့နယ်","ကျတီ ကျေးရွာအုပ်စု",1705200
"ရှမ်းပြည်နယ် (အရှေ့)","မိုင်းဆတ် မြို့နယ်","ကောင်းမှုကန် ကျေးရွာအုပ်စု",1705201
"ရှမ်းပြည်နယ် (အရှေ့)","မိုင်းဆတ် မြို့နယ်","စတုံး ကျေးရွာအုပ်စု",1705202
"ရှမ်းပြည်နယ် (အရှေ့)","မိုင်းဆတ် မြို့နယ်","ဆန်ကန် ကျေးရွာအုပ်စု",1705203
"ရှမ်းပြည်နယ် (အရှေ့)","မိုင်းဆတ် မြို့နယ်","ဆိုက်ခေါင် ကျေးရွာအုပ်စု",1705204
"ရှမ်းပြည်နယ် (အရှေ့)","မိုင်းဆတ် မြို့နယ်","တန့်ဆိုင် ကျေးရွာအုပ်စု",1705205
"ရှမ်းပြည်နယ် (အရှေ့)","မိုင်းဆတ် မြို့နယ်","နန်းမွန်း ကျေးရွာအုပ်စု",1705206
"ရှမ်းပြည်နယ် (အရှေ့)","မိုင်းဆတ် မြို့နယ်","ဖန်ဖု ကျေးရွာအုပ်စု",1705207
"ရှမ်းပြည်နယ် (အရှေ့)","မိုင်းဆတ် မြို့နယ်","မယ်ဆတ် ကျေးရွာအုပ်စု",1705208
"ရှမ်းပြည်နယ် (အရှေ့)","မိုင်းဆတ် မြို့နယ်","မယ်ဆွမ်တောင် ကျေးရွာအုပ်စု",1705209
"ရှမ်းပြည်နယ် (အရှေ့)","မိုင်းဆတ် မြို့နယ်","မယ်နင် ကျေးရွာအုပ်စု",1705210
"ရှမ်းပြည်နယ် (အရှေ့)","မိုင်းဆတ် မြို့နယ်","မယ်ပုလုံ ကျေးရွာအုပ်စု",1705211
"ရှမ်းပြည်နယ် (အရှေ့)","မိုင်းဆတ် မြို့နယ်","မဟုန်ကန် ကျေးရွာအုပ်စု",1705212
"ရှမ်းပြည်နယ် (အရှေ့)","မိုင်းဆတ် မြို့နယ်","မဟုန်လွယ် ကျေးရွာအုပ်စု",1705213
"ရှမ်းပြည်နယ် (အရှေ့)","မိုင်းဆတ် မြို့နယ်","မအို့ ကျေးရွာအုပ်စု",1705214
"ရှမ်းပြည်နယ် (အရှေ့)","မိုင်းဆတ် မြို့နယ်","မိုင်းတွန်း (တောင်ပေါ်) ကျေးရွာအုပ်စု",1705215
"ရှမ်းပြည်နယ် (အရှေ့)","မိုင်းဆတ် မြို့နယ်","မိုင်းထလမ်း ကျေးရွာအုပ်စု",1705216
"ရှမ်းပြည်နယ် (အရှေ့)","မိုင်းဆတ် မြို့နယ်","မိုင်းနင်း ကျေးရွာအုပ်စု",1705217
"ရှမ်းပြည်နယ် (အရှေ့)","မိုင်းဆတ် မြို့နယ်","မိုင်းယွန်း (တာကူး) ကျေးရွာအုပ်စု",1705218
"ရှမ်းပြည်နယ် (အရှေ့)","မိုင်းဆတ် မြို့နယ်","မိုင်းလုံး ကျေးရွာအုပ်စု",1705219
"ရှမ်းပြည်နယ် (အရှေ့)","မိုင်းဆတ် မြို့နယ်","လွယ်ဆောင် ကျေးရွာအုပ်စု",1705220
"ရှမ်းပြည်နယ် (အရှေ့)","မိုင်းဆတ် မြို့နယ်","လွယ်လန်း ကျေးရွာအုပ်စု",1705221
"ရှမ်းပြည်နယ် (အရှေ့)","မိုင်းဆတ် မြို့နယ်","ဝမ်ကောင်း ကျေးရွာအုပ်စု",1705222
"ရှမ်းပြည်နယ် (အရှေ့)","မိုင်းဆတ် မြို့နယ်","ဝမ်တုံ (မိုင်းတွမ်း) ကျေးရွာအုပ်စု",1705223
"ရှမ်းပြည်နယ် (အရှေ့)","မိုင်းဆတ် မြို့နယ်","ဝမ်နောင် ကျေးရွာအုပ်စု",1705224
"ရှမ်းပြည်နယ် (အရှေ့)","မိုင်းဆတ် မြို့နယ်","ဝိန်းနေ ကျေးရွာအုပ်စု",1705225
"ရှမ်းပြည်နယ် (အရှေ့)","မိုင်းဆတ် မြို့နယ်","ဟိုနား ကျေးရွာအုပ်စု",1705226
"ရှမ်းပြည်နယ် (အရှေ့)","မိုင်းပျဉ်း မြို့နယ်","ကျောင်းခါး ကျေးရွာအုပ်စု",1706200
"ရှမ်းပြည်နယ် (အရှေ့)","မိုင်းပျဉ်း မြို့နယ်","ကုန်းဆာ ကျေးရွာအုပ်စု",1706201
"ရှမ်းပြည်နယ် (အရှေ့)","မိုင်းပျဉ်း မြို့နယ်","ဆင်မောင်း ကျေးရွာအုပ်စု",1706202
"ရှမ်းပြည်နယ် (အရှေ့)","မိုင်းပျဉ်း မြို့နယ်","ဆီပေါ့ ကျေးရွာအုပ်စု",1706203
"ရှမ်းပြည်နယ် (အရှေ့)","မိုင်းပျဉ်း မြို့နယ်","တာကော် ကျေးရွာအုပ်စု",1706204
"ရှမ်းပြည်နယ် (အရှေ့)","မိုင်းပျဉ်း မြို့နယ်","ထမ်ယမ်း ကျေးရွာအုပ်စု",1706205
"ရှမ်းပြည်နယ် (အရှေ့)","မိုင်းပျဉ်း မြို့နယ်","နမ့်ရှို ကျေးရွာအုပ်စု",1706206
"ရှမ်းပြည်နယ် (အရှေ့)","မိုင်းပျဉ်း မြို့နယ်","နားကျောင်း ကျေးရွာအုပ်စု",1706207
"ရှမ်းပြည်နယ် (အရှေ့)","မိုင်းပျဉ်း မြို့နယ်","နားမော် ကျေးရွာအုပ်စု",1706208
"ရှမ်းပြည်နယ် (အရှေ့)","မိုင်းပျဉ်း မြို့နယ်","နောင်ကွဲ ကျေးရွာအုပ်စု",1706209
"ရှမ်းပြည်နယ် (အရှေ့)","မိုင်းပျဉ်း မြို့နယ်","နောင်ခစ်(ဝမ်ချန်) ကျေးရွာအုပ်စု",1706210
"ရှမ်းပြည်နယ် (အရှေ့)","မိုင်းပျဉ်း မြို့နယ်","ပန်နောင်လုံ (သစ်) ကျေးရွာအုပ်စု",1706211
"ရှမ်းပြည်နယ် (အရှေ့)","မိုင်းပျဉ်း မြို့နယ်","ပန်ဝိုင် ကျေးရွာအုပ်စု",1706212
"ရှမ်းပြည်နယ် (အရှေ့)","မိုင်းပျဉ်း မြို့နယ်","ပျက်ကန့် ကျေးရွာအုပ်စု",1706213
"ရှမ်းပြည်နယ် (အရှေ့)","မိုင်းပျဉ်း မြို့နယ်","ဖါခမ်း ကျေးရွာအုပ်စု",1706214
"ရှမ်းပြည်နယ် (အရှေ့)","မိုင်းပျဉ်း မြို့နယ်","ဖါဝေါ ကျေးရွာအုပ်စု",1706215
"ရှမ်းပြည်နယ် (အရှေ့)","မိုင်းပျဉ်း မြို့နယ်","မိုင်းပုကြီး ကျေးရွာအုပ်စု",1706216
"ရှမ်းပြည်နယ် (အရှေ့)","မိုင်းပျဉ်း မြို့နယ်","မိုင်းပုအွန် ကျေးရွာအုပ်စု",1706217
"ရှမ်းပြည်နယ် (အရှေ့)","မိုင်းပျဉ်း မြို့နယ်","မိုင်းမန်း ကျေးရွာအုပ်စု",1706218
"ရှမ်းပြည်နယ် (အရှေ့)","မိုင်းပျဉ်း မြို့နယ်","မိုင်းရှဲန် ကျေးရွာအုပ်စု",1706219
"ရှမ်းပြည်နယ် (အရှေ့)","မိုင်းပျဉ်း မြို့နယ်","မိုင်းလျှန်း ကျေးရွာအုပ်စု",1706220
"ရှမ်းပြည်နယ် (အရှေ့)","မိုင်းပျဉ်း မြို့နယ်","ယမ်းခမ်း ကျေးရွာအုပ်စု",1706221
"ရှမ်းပြည်နယ် (အရှေ့)","မိုင်းပျဉ်း မြို့နယ်","ယမ်းမိုင် ကျေးရွာအုပ်စု",1706222
"ရှမ်းပြည်နယ် (အရှေ့)","မိုင်းပျဉ်း မြို့နယ်","လွယ်လုံ ကျေးရွာအုပ်စု",1706223
"ရှမ်းပြည်နယ် (အရှေ့)","မိုင်းပျဉ်း မြို့နယ်","ဝမ်တာခက် ကျေးရွာအုပ်စု",1706224
"ရှမ်းပြည်နယ် (အရှေ့)","မိုင်းပျဉ်း မြို့နယ်","ဝမ်ဖြစ် ကျေးရွာအုပ်စု",1706225
"ရှမ်းပြည်နယ် (အရှေ့)","မိုင်းပျဉ်း မြို့နယ်","ဝမ်မတ်လုံ ကျေးရွာအုပ်စု",1706226
"ရှမ်းပြည်နယ် (အရှေ့)","မိုင်းပျဉ်း မြို့နယ်","ဟွေခုရု ကျေးရွာအုပ်စု",1706227
"ရှမ်းပြည်နယ် (အရှေ့)","မိုင်းပျဉ်း မြို့နယ်","ဟောင်ကန် ကျေးရွာအုပ်စု",1706228
"ရှမ်းပြည်နယ် (အရှေ့)","မိုင်းတုံ မြို့နယ်","ကုန်းတီဗွီ ကျေးရွာအုပ်စု",1707200
"ရှမ်းပြည်နယ် (အရှေ့)","မိုင်းတုံ မြို့နယ်","ခိုင်းလုံ ကျေးရွာအုပ်စု",1707201
"ရှမ်းပြည်နယ် (အရှေ့)","မိုင်းတုံ မြို့နယ်","ဆန်ကျူ ကျေးရွာအုပ်စု",1707202
"ရှမ်းပြည်နယ် (အရှေ့)","မိုင်းတုံ မြို့နယ်","တန်ဂိုး (တန်ဝိုး) ကျေးရွာအုပ်စု",1707203
"ရှမ်းပြည်နယ် (အရှေ့)","မိုင်းတုံ မြို့နယ်","နမ့်ဟူးခွန် ကျေးရွာအုပ်စု",1707204
"ရှမ်းပြည်နယ် (အရှေ့)","မိုင်းတုံ မြို့နယ်","ပန်စေထောက် ကျေးရွာအုပ်စု",1707205
"ရှမ်းပြည်နယ် (အရှေ့)","မိုင်းတုံ မြို့နယ်","ဖာချယ် ကျေးရွာအုပ်စု",1707206
"ရှမ်းပြည်နယ် (အရှေ့)","မိုင်းတုံ မြို့နယ်","မိုင်းကန် ကျေးရွာအုပ်စု",1707207
"ရှမ်းပြည်နယ် (အရှေ့)","မိုင်းတုံ မြို့နယ်","မိုင်းတုံ ကျေးရွာအုပ်စု",1707208
"ရှမ်းပြည်နယ် (အရှေ့)","မိုင်းတုံ မြို့နယ်","မိုင်းဟန် ကျေးရွာအုပ်စု",1707209
"ရှမ်းပြည်နယ် (အရှေ့)","မိုင်းတုံ မြို့နယ်","မုန်းထော် ကျေးရွာအုပ်စု",1707210
"ရှမ်းပြည်နယ် (အရှေ့)","မိုင်းတုံ မြို့နယ်","မဲကင် ကျေးရွာအုပ်စု",1707211
"ရှမ်းပြည်နယ် (အရှေ့)","မိုင်းတုံ မြို့နယ်","လွယ်ခမ်းလုံ ကျေးရွာအုပ်စု",1707212
"ရှမ်းပြည်နယ် (အရှေ့)","မိုင်းတုံ မြို့နယ်","ဟွေယောင်း ကျေးရွာအုပ်စု",1707213
"ရှမ်းပြည်နယ် (အရှေ့)","မိုင်းတုံ မြို့နယ်","ဟွေအ (ဟွေဟ) ကျေးရွာအုပ်စု",1707214
"ရှမ်းပြည်နယ် (အရှေ့)","မိုင်းတုံ မြို့နယ်","ဟွေအော ကျေးရွာအုပ်စု",1707215
"ရှမ်းပြည်နယ် (အရှေ့)","မိုင်းတုံ မြို့နယ်","ဟိုပန် ကျေးရွာအုပ်စု",1707216
"ရှမ်းပြည်နယ် (အရှေ့)","တာချီလိတ် မြို့နယ်","ကျားခမ်းကျောက် ကျေးရွာအုပ်စု",1708200
"ရှမ်းပြည်နယ် (အရှေ့)","တာချီလိတ် မြို့နယ်","နမ့်ခင်း ကျေးရွာအုပ်စု",1708201
"ရှမ်းပြည်နယ် (အရှေ့)","တာချီလိတ် မြို့နယ်","နားယောင်း ကျေးရွာအုပ်စု",1708202
"ရှမ်းပြည်နယ် (အရှေ့)","တာချီလိတ် မြို့နယ်","ဖန်မင် ကျေးရွာအုပ်စု",1708203
"ရှမ်းပြည်နယ် (အရှေ့)","တာချီလိတ် မြို့နယ်","မိုင်းကိုး ကျေးရွာအုပ်စု",1708204
"ရှမ်းပြည်နယ် (အရှေ့)","တာချီလိတ် မြို့နယ်","မိုင်းပါလျှိုး ကျေးရွာအုပ်စု",1708205
"ရှမ်းပြည်နယ် (အရှေ့)","တာချီလိတ် မြို့နယ်","မိုင်းဖုံး (က) ကျေးရွာအုပ်စု",1708206
"ရှမ်းပြည်နယ် (အရှေ့)","တာချီလိတ် မြို့နယ်","မိုင်းဖုံး (ခ) ကျေးရွာအုပ်စု",1708207
"ရှမ်းပြည်နယ် (အရှေ့)","တာချီလိတ် မြို့နယ်","မိုင်းလင်း (အနောက်) ကျေးရွာအုပ်စု",1708208
"ရှမ်းပြည်နယ် (အရှေ့)","တာချီလိတ် မြို့နယ်","မိုင်းလင်း (အရှေ့) ကျေးရွာအုပ်စု",1708209
"ရှမ်းပြည်နယ် (အရှေ့)","တာချီလိတ် မြို့နယ်","မိုင်းဟဲ ကျေးရွာအုပ်စု",1708210
"ရှမ်းပြည်နယ် (အရှေ့)","တာချီလိတ် မြို့နယ်","လွယ်တော်ခမ်း ကျေးရွာအုပ်စု",1708211
"ရှမ်းပြည်နယ် (အရှေ့)","တာချီလိတ် မြို့နယ်","ဝမ်လုံ ကျေးရွာအုပ်စု",1708212
"ရှမ်းပြည်နယ် (အရှေ့)","မိုင်းဖြတ် မြို့နယ်","မိုင်းဖြတ် ကျေးရွာအုပ်စု",1709200
"ရှမ်းပြည်နယ် (အရှေ့)","မိုင်းဖြတ် မြို့နယ်","ဝမ်လုံး ကျေးရွာအုပ်စု",1709201
"ရှမ်းပြည်နယ် (အရှေ့)","မိုင်းဖြတ် မြို့နယ်","နမ့်ကုန်း ကျေးရွာအုပ်စု",1709202
"ရှမ်းပြည်နယ် (အရှေ့)","မိုင်းဖြတ် မြို့နယ်","နမ့်လောက် ကျေးရွာအုပ်စု",1709203
"ရှမ်းပြည်နယ် (အရှေ့)","မိုင်းဖြတ် မြို့နယ်","နမ့်နန်း ကျေးရွာအုပ်စု",1709204
"ရှမ်းပြည်နယ် (အရှေ့)","မိုင်းဖြတ် မြို့နယ်","မွန်ကာကျောင်း ကျေးရွာအုပ်စု",1709205
"ရှမ်းပြည်နယ် (အရှေ့)","မိုင်းဖြတ် မြို့နယ်","ဆီးမွန် ကျေးရွာအုပ်စု",1709206
"ရှမ်းပြည်နယ် (အရှေ့)","မိုင်းဖြတ် မြို့နယ်","ဝမ်ပုံ ကျေးရွာအုပ်စု",1709207
"ရှမ်းပြည်နယ် (အရှေ့)","မိုင်းဖြတ် မြို့နယ်","အိုက်လုံ ကျေးရွာအုပ်စု",1709208
"ရှမ်းပြည်နယ် (အရှေ့)","မိုင်းဖြတ် မြို့နယ်","ဆားလု ကျေးရွာအုပ်စု",1709209
"ရှမ်းပြည်နယ် (အရှေ့)","မိုင်းဖြတ် မြို့နယ်","အိုက်ငု ကျေးရွာအုပ်စု",1709210
"ရှမ်းပြည်နယ် (အရှေ့)","မိုင်းဖြတ် မြို့နယ်","ဟွေရှို ကျေးရွာအုပ်စု",1709211
"ရှမ်းပြည်နယ် (အရှေ့)","မိုင်းဖြတ် မြို့နယ်","နမ့်လန်း ကျေးရွာအုပ်စု",1709212
"ရှမ်းပြည်နယ် (အရှေ့)","မိုင်းဖြတ် မြို့နယ်","တောညုနမ့်ခမ်း (အောက်) ကျေးရွာအုပ်စု",1709213
"ရှမ်းပြည်နယ် (အရှေ့)","မိုင်းဖြတ် မြို့နယ်","နမ့်ယွန်း ကျေးရွာအုပ်စု",1709214
"ရှမ်းပြည်နယ် (အရှေ့)","မိုင်းဖြတ် မြို့နယ်","မိုင်းဟဲ ကျေးရွာအုပ်စု",1709215
"ရှမ်းပြည်နယ် (အရှေ့)","မိုင်းဖြတ် မြို့နယ်","လုံကောင့် ကျေးရွာအုပ်စု",1709216
"ရှမ်းပြည်နယ် (အရှေ့)","မိုင်းဖြတ် မြို့နယ်","ကောင်းမူ ကျေးရွာအုပ်စု",1709217
"ရှမ်းပြည်နယ် (အရှေ့)","မိုင်းဖြတ် မြို့နယ်","လမ်းဆတ် ကျေးရွာအုပ်စု",1709218
"ရှမ်းပြည်နယ် (အရှေ့)","မိုင်းဖြတ် မြို့နယ်","မိုင်းတင်း ကျေးရွာအုပ်စု",1709219
"ရှမ်းပြည်နယ် (အရှေ့)","မိုင်းဖြတ် မြို့နယ်","နမ့်ဟက်ပုံ ကျေးရွာအုပ်စု",1709220
"ရှမ်းပြည်နယ် (အရှေ့)","မိုင်းဖြတ် မြို့နယ်","နမ့်ပန် ကျေးရွာအုပ်စု",1709221
"ရှမ်းပြည်နယ် (အရှေ့)","မိုင်းယောင်း မြို့နယ်","ကျိုင်းကုန်း ကျေးရွာအုပ်စု",1710200
"ရှမ်းပြည်နယ် (အရှေ့)","မိုင်းယောင်း မြို့နယ်","ကျိုင်းခမ်း ကျေးရွာအုပ်စု",1710201
"ရှမ်းပြည်နယ် (အရှေ့)","မိုင်းယောင်း မြို့နယ်","မိုင်းခန်း ကျေးရွာအုပ်စု",1710202
"ရှမ်းပြည်နယ် (အရှေ့)","မိုင်းယောင်း မြို့နယ်","မိုင်းဆော် ကျေးရွာအုပ်စု",1710203
"ရှမ်းပြည်နယ် (အရှေ့)","မိုင်းယောင်း မြို့နယ်","မိုင်းထန် ကျေးရွာအုပ်စု",1710204
"ရှမ်းပြည်နယ် (အရှေ့)","မိုင်းယောင်း မြို့နယ်","မိုင်းနန်း ကျေးရွာအုပ်စု",1710205
"ရှမ်းပြည်နယ် (အရှေ့)","မိုင်းယောင်း မြို့နယ်","မိုင်းလွေ ကျေးရွာအုပ်စု",1710206
"ရှမ်းပြည်နယ် (အရှေ့)","မိုင်းယောင်း မြို့နယ်","မိုင်းဟီး ကျေးရွာအုပ်စု",1710207
"ရှမ်းပြည်နယ် (အရှေ့)","မိုင်းယောင်း မြို့နယ်","မုန်းလိုက် ကျေးရွာအုပ်စု",1710208
"ရှမ်းပြည်နယ် (အရှေ့)","မိုင်းယောင်း မြို့နယ်","ဝမ်ကောင်း ကျေးရွာအုပ်စု",1710209
"ရှမ်းပြည်နယ် (အရှေ့)","မိုင်းယောင်း မြို့နယ်","ဝမ်တပ် ကျေးရွာအုပ်စု",1710210
"ရှမ်းပြည်နယ် (အရှေ့)","မိုင်းယောင်း မြို့နယ်","ဝမ်ထန်ကျန့် ကျေးရွာအုပ်စု",1710211
"ရှမ်းပြည်နယ် (အရှေ့)","မိုင်းယောင်း မြို့နယ်","ဝမ်ဒွန်းနွဲ့ ကျေးရွာအုပ်စု",1710212
"ရှမ်းပြည်နယ် (အရှေ့)","မိုင်းယောင်း မြို့နယ်","ဝမ်ပါဟုတ် ကျေးရွာအုပ်စု",1710213
"ရှမ်းပြည်နယ် (အရှေ့)","မိုင်းယောင်း မြို့နယ်","ဝမ်ဖြတ် ကျေးရွာအုပ်စု",1710214
"ရှမ်းပြည်နယ် (အရှေ့)","မိုင်းယောင်း မြို့နယ်","ဝမ်ဘိုး ကျေးရွာအုပ်စု",1710215
"ရှမ်းပြည်နယ် (အရှေ့)","မိုင်းယောင်း မြို့နယ်","ဝမ်မန်း ကျေးရွာအုပ်စု",1710216
"ရှမ်းပြည်နယ် (အရှေ့)","မိုင်းယောင်း မြို့နယ်","ဝမ်အင် ကျေးရွာအုပ်စု",1710217
"ရှမ်းပြည်နယ် (အရှေ့)","မိုင်းယောင်း မြို့နယ်","ဟွေဖ ကျေးရွာအုပ်စု",1710218
"ရှမ်းပြည်နယ် (အရှေ့)","မိုင်းယောင်း မြို့နယ်","ဟောင်ကြန့် ကျေးရွာအုပ်စု",1710219
"ရှမ်းပြည်နယ် (အရှေ့)","ဟိုတောင်း မြို့နယ်","ဟိုတောင်း ကျေးရွာအုပ်စု",1711200
"ရှမ်းပြည်နယ် (အရှေ့)","ဟိုတောင်း မြို့နယ်","ကျိမ်းခမ်း ကျေးရွာအုပ်စု",1711201
"ရှမ်းပြည်နယ် (အရှေ့)","ဟိုတောင်း မြို့နယ်","နမ်ဒူ ကျေးရွာအုပ်စု",1711202
"ရှမ်းပြည်နယ် (အရှေ့)","ဟိုတောင်း မြို့နယ်","နမ့်တွန် ကျေးရွာအုပ်စု",1711203
"ရှမ်းပြည်နယ် (အရှေ့)","ဟိုတောင်း မြို့နယ်","နောင်တောင်း ကျေးရွာအုပ်စု",1711204
"ရှမ်းပြည်နယ် (အရှေ့)","မိုင်းပေါက် မြို့နယ်","မိုင်းပေါက် ကျေးရွာအုပ်စု",1712200
"ရှမ်းပြည်နယ် (အရှေ့)","မိုင်းပေါက် မြို့နယ်","နမ့်အူး ကျေးရွာအုပ်စု",1712201
"ရှမ်းပြည်နယ် (အရှေ့)","မိုင်းပေါက် မြို့နယ်","နမ့်မောင်း ကျေးရွာအုပ်စု",1712202
"ရှမ်းပြည်နယ် (အရှေ့)","မိုင်းပေါက် မြို့နယ်","တုံဖ ကျေးရွာအုပ်စု",1712203
"ရှမ်းပြည်နယ် (အရှေ့)","မိုင်းပေါက် မြို့နယ်","ဝမ်းကောင် ကျေးရွာအုပ်စု",1712204
"ရှမ်းပြည်နယ် (အရှေ့)","မိုင်းပေါက် မြို့နယ်","ယောင်ဟတ် ကျေးရွာအုပ်စု",1712205
"ရှမ်းပြည်နယ် (အရှေ့)","မိုင်းပေါက် မြို့နယ်","မိုင်းပေါက်ဈေး ကျေးရွာအုပ်စု",1712206
