﻿Region,"Town / Township","Ward / Village Tract","Postal Code"
"Kachin State","myintkyina Township","Aye Yar Quarter",0101001
"Kachin State","myintkyina Township","Thi Dar Quarter",0101002
"Kachin State","myintkyina Township","Yan Gyi Aung Quarter",0101003
"Kachin State","myintkyina Township","Du Ka Htaung Quarter",0101004
"Kachin State","myintkyina Township","Myo Ma Quarter",0101005
"Kachin State","myintkyina Township","Min Yat Quarter",0101006
"Kachin State","myintkyina Township","Shan Su (North) Quarter",0101007
"Kachin State","myintkyina Township","Shan Su (South) Quarter",0101008
"Kachin State","myintkyina Township","Kachin Su Quarter",0101009
"Kachin State","myintkyina Township","Kyun Pin Thar Quarter",0101010
"Kachin State","myintkyina Township","Aye Zay Di Quarter",0101011
"Kachin State","myintkyina Township","Shwe Nyaung Pin Quarter",0101012
"Kachin State","myintkyina Township","Myo Thit Quarter",0101013
"Kachin State","myintkyina Township","Aung Nan Yeik Thar Quarter",0101014
"Kachin State","myintkyina Township","Khay Mar Thi Ri Quarter",0101015
"Kachin State","myintkyina Township","Yu Za Na Quarter",0101016
"Kachin State","myintkyina Township","Myay Myint Quarter",0101017
"Kachin State","myintkyina Township","Shwe Set Quarter",0101018
"Kachin State","myintkyina Township","Man Khein Quarter",0101019
"Kachin State","myintkyina Township","Tat Kone Quarter",0101020
"Kachin State","myintkyina Township","Si Tar Pu Quarter",0101021
"Kachin State","myintkyina Township","Ram Pu Quarter",0101022
"Kachin State","myintkyina Township","Kyet Paung Chan Quarter",0101023
"Kachin State","myintkyina Township","Myo Thit Gyi Quarter",0101024
"Kachin State","myintkyina Township","Lel Kone Quarter",0101025
"Kachin State","myintkyina Township","Shwe Aik Quarter",0101026
"Kachin State","myintkyina Township","Shwe Pyi Thar Quarter",0101027
"Kachin State","myintkyina Township","Pan Ma Ti Quarter",0101028
"Kachin State","Injangyang Township","No (1) Quarter",0102001
"Kachin State","Injangyang Township","No (2) Quarter",0102002
"Kachin State","Injangyang Township","No (3) Quarter",0102003
"Kachin State","Injangyang Township","No (4) Quarter",0102004
"Kachin State","Nawngmun Township","No (1) Quarter",0103001
"Kachin State","Nawngmun Township","No (2) Quarter",0103002
"Kachin State","Nawngmun Township","No (3) Quarter",0103003
"Kachin State","Nawngmun Township","No (4) Quarter",0103004
"Kachin State","Nawngmun Township","No (5) Quarter",0103005
"Kachin State","Machanbaw Township","No (1) Quarter",0104001
"Kachin State","Machanbaw Township","No (2) Quarter",0104002
"Kachin State","Machanbaw Township","No (3) Quarter",0104003
"Kachin State","Machanbaw Township","No (4) Quarter",0104004
"Kachin State","Puta-O Township","Pan Hlaing Quarter",0105001
"Kachin State","Puta-O Township","Ho Kho Quarter",0105002
"Kachin State","Puta-O Township","Myo Ma Quarter",0105003
"Kachin State","Puta-O Township","Kawng Ka Htaung Quarter",0105004
"Kachin State","Puta-O Township","Tat Thit Quarter",0105005
"Kachin State","Puta-O Township","Ton Li Htu Quarter",0105006
"Kachin State","Puta-O Township","Par In Quarter",0105007
"Kachin State","Puta-O Township","Lay Yin Kwin Quarter",0105008
"Kachin State","Puta-O Township","Doke Tan Quarter",0105009
"Kachin State","Puta-O Township","Lone Sut Quarter",0105010
"Kachin State","Puta-O Township","Mu Lar Shee Dee Quarter",0105011
"Kachin State","Sumprabum Township","KaBaYanKhu Quarter",0106001
"Kachin State","Sumprabum Township","Myo Ma Quarter",0106002
"Kachin State","Sumprabum Township","War Sat Khu Quarter",0106003
"Kachin State","Chipwi Township","Yit Law Hkaung Quarter",0107001
"Kachin State","Chipwi Township","Oke Kat Quarter",0107002
"Kachin State","Chipwi Township","Ba Leit Dan Quarter",0107003
"Kachin State","Chipwi Township","Kan Paing Yan Quarter",0107004
"Kachin State","Waingmaw Township","No (1) Quarter",0108001
"Kachin State","Waingmaw Township","No (2) Quarter",0108002
"Kachin State","Waingmaw Township","No (3) Quarter",0108003
"Kachin State","Waingmaw Township","No (4 Quarter",0108004
"Kachin State","Waingmaw Township","No (5) Quarter",0108005
"Kachin State","Tanai Township","Sin Sa Kawng Quarter",0109001
"Kachin State","Tanai Township","Mon Dein Kawng Quarter",0109002
"Kachin State","Tanai Township","Hu Kawng Quarter",0109003
"Kachin State","Tanai Township","Kin Sar Quarter",0109004
"Kachin State","Tanai Township","Du Kawng Quarter",0109005
"Kachin State","Tanai Township","Pon Khon Kawng Quarter",0109006
"Kachin State","Mogaung Township","Nam Yin Ward Quarter",0110001
"Kachin State","Mogaung Township","Oe Tan Quarter",0110002
"Kachin State","Mogaung Township","Ah Le Quarter",0110003
"Kachin State","Mogaung Township","Ah Shey Quarter",0110004
"Kachin State","Mogaung Township","Zay Kone Quarter",0110005
"Kachin State","Mogaung Township","Nat Gyi Kone Quarter",0110006
"Kachin State","Mogaung Township","Ywar Thit Quarter",0110007
"Kachin State","Mogaung Township","Nawng Kaing Taw Quarter",0110008
"Kachin State","Mogaung Township","Myo U Quarter",0110009
"Kachin State","Mogaung Township","Kyun Taw Quarter",0110010
"Kachin State","Mohnyin Township","Nam Khar Quarter",0111001
"Kachin State","Mohnyin Township","Myo Ma Quarter",0111002
"Kachin State","Mohnyin Township","Oke Kyin Quarter",0111003
"Kachin State","Mohnyin Township","Ah Shey Su Quarter",0111004
"Kachin State","Mohnyin Township","Aung Tha Pyay Quarter",0111005
"Kachin State","Shwegu Township","No (1) Quarter",0112001
"Kachin State","Shwegu Township","No (2) Quarter",0112002
"Kachin State","Shwegu Township","No (3) Quarter",0112003
"Kachin State","Shwegu Township","No (4) Quarter",0112004
"Kachin State","Bhamo Township","Khun Thar Quarter",0113001
"Kachin State","Bhamo Township","Myo Ma Quarter",0113002
"Kachin State","Bhamo Township","Ah Lel Yat Quarter",0113003
"Kachin State","Bhamo Township","Min Kone Quarter",0113004
"Kachin State","Bhamo Township","Thar Si Quarter",0113005
"Kachin State","Bhamo Township","Pauk Kone Quarter",0113006
"Kachin State","Bhamo Township","Min Kyaung Kone Quarter",0113007
"Kachin State","Bhamo Township","Nyaung Pin Quarter",0113008
"Kachin State","Bhamo Township","Thi Ri Quarter",0113009
"Kachin State","Bhamo Township","Sin Kone Quarter",0113010
"Kachin State","Bhamo Township","Nam Hpar Quarter",0113011
"Kachin State","Bhamo Township","Nawng Kho Quarter",0113012
"Kachin State","Bhamo Township","Shwe Kyee Nar Quarter",0113013
"Kachin State","Bhamo Township","Shwe Pyi Thar Ward Quarter",0113014
"Kachin State","Bhamo Township","Han Te Quarter",0113015
"Kachin State","Bhamo Township","Aung Thar Quarter",0113016
"Kachin State","Mansi Township","Maw Ya Wa Di Quarter",0114001
"Kachin State","Mansi Township","Jein Hpawt Myay Quarter",0114002
"Kachin State","Mansi Township","Pyin Oo Lwin Quarter",0114003
"Kachin State","Mansi Township","Kawng Yar Quarter",0114004
"Kachin State","Momauk Township","Khar Nan Quarter",0115001
"Kachin State","Momauk Township","Ah Lin Kawng Quarter",0115002
"Kachin State","Momauk Township","Kyay Nan Waing Quarter",0115003
"Kachin State","Hpakant Township","Maw Wam Quarter",0116001
"Kachin State","Hpakant Township","Hnget Pyaw Taw Quarter",0116002
"Kachin State","Hpakant Township","Myo Ma Quarter",0116003
"Kachin State","Hpakant Township","Aye Mya Thar Yar Quarter",0116004
"Kachin State","Hpakant Township","Ma Shi Ka Htaung Quarter",0116005
"Kachin State","Tsawlaw Township","Tsawlaw Quarter",0117001
"Kachin State","Khaunglanhpu Township","No (1) Quarter",0118001
"Kachin State","Khaunglanhpu Township","No (2) Quarter",0118002
"Kachin State","Khaunglanhpu Township","No (3) Quarter",0118003
"Kachin State","Khaunglanhpu Township","No (4) Quarter",0118004
"Kachin State","Sinbo Town","Aye Yar U Quarter",0160001
"Kachin State","Sinbo Town","Aung Min Ga Lar Quarter",0160002
"Kachin State","Sinbo Town","Aung Chan Thar Quarter",0160003
"Kachin State","Pannandin Town","Myo Ma Quarter",0161001
"Kachin State","Pang War Town","No (1) Quarter",0162001
"Kachin State","Pang War Town","No (2) Quarter",0162002
"Kachin State","Pang War Town","No (3) Quarter",0162003
"Kachin State","Sadung Town","No (1) Quarter",0163001
"Kachin State","Sadung Town","No (2) Quarter",0163002
"Kachin State","Sadung Town","No (3) Quarter",0163003
"Kachin State","Sadung Town","No (4) Quarter",0163004
"Kachin State","Sadung Town","No (5) Quarter",0163005
"Kachin State","Kan Paik Ti Town","No (1) Quarter",0164001
"Kachin State","Kan Paik Ti Town","No (2) Quarter",0164002
"Kachin State","Kan Paik Ti Town","No (3) Quarter",0164003
"Kachin State","Shin Bway Yang Town","No (1) Quarter",0165001
"Kachin State","Shin Bway Yang Town","No (2) Quarter",0165002
"Kachin State","Shin Bway Yang Town","No (3) Quarter",0165003
"Kachin State","Shin Bway Yang Town","No (4) Quarter",0165004
"Kachin State","Nammatee Town","Myo Ma Quarter",0166001
"Kachin State","Nammatee Town","Myo U Quarter",0166002
"Kachin State","Nammatee Town","Myo Hla Quarter",0166003
"Kachin State","Nammatee Town","Myo Thar Yar Quarter",0166004
"Kachin State","Hopin Town","Mya Thi Dar Quarter",0167001
"Kachin State","Hopin Town","Mya Zay Yar Quarter",0167002
"Kachin State","Hopin Town","Myo Ma (South) Quarter",0167003
"Kachin State","Hopin Town","Myo Ma (North) Quarter",0167004
"Kachin State","Inn Taw Gyi Town","Shwe Inn Thar Quarter",0168001
"Kachin State","Inn Taw Gyi Town","Shwe Pyi Thar Quarter",0168002
"Kachin State","Inn Taw Gyi Town","Shwe Chaung Thar Quarter",0168003
"Kachin State","Inn Taw Gyi Town","Taung Tan Thar Quarter",0168004
"Kachin State","Nam Mun Town","No (1) Quarter",0169001
"Kachin State","Nam Mun Town","No (2) Quarter",0169002
"Kachin State","Nam Mun Town","No (3) Quarter",0169003
"Kachin State","Nam Mun Town","No (4) Quarter",0169004
"Kachin State","Nam Mar Town","Myo Ma Yan Aung Quarter",0170001
"Kachin State","Nam Mar Town","Nyaung Kone Quarter",0170002
"Kachin State","Nam Mar Town","Shan Su Quarter",0170003
"Kachin State","Nam Mar Town","Nan Thar Yar Quarter",0170004
"Kachin State","Nam Mar Town","Chaung Thar Quarter",0170005
"Kachin State","Myo Hla Town","No (1) Quarter",0171001
"Kachin State","Myo Hla Town","No (2) Quarter",0171002
"Kachin State","Myo Hla Town","No (3) Quarter",0171003
"Kachin State","Myo Hla Town","No (4) Quarter",0171004
"Kachin State","Lwegel Town","Aung Min Ga Lar Quarter",0172001
"Kachin State","Lwegel Town","Aung Thi Ri Quarter",0172002
"Kachin State","Lwegel Town","Aung Chan Thar Quarter",0172003
"Kachin State","Lwegel Town","Aung Thit Sar Quarter",0172004
"Kachin State","Lwegel Town","Aung Zay Yar Quarter",0172005
"Kachin State","Lwegel Town","Saing Gyar Quarter",0172006
"Kachin State","Lwegel Town","Kawng Nan Quarter",0172007
"Kachin State","Dawthponeyan Town","No (1) Quarter",0173001
"Kachin State","Dawthponeyan Town","No (2) Quarter",0173002
"Kachin State","Dawthponeyan Town","No (3) Quarter",0173003
"Kachin State","Kamaing Town","Kamaing Quarter",0174001
