﻿Region,"Town / Township","Ward / Village Tract","Postal Code"
"Shan State (East)","Kengtung Township","No (1) Quarter",1701001
"Shan State (East)","Kengtung Township","No (2) Quarter",1701002
"Shan State (East)","Kengtung Township","No (3) Quarter",1701003
"Shan State (East)","Kengtung Township","No (4) Quarter",1701004
"Shan State (East)","Kengtung Township","No (5) Quarter",1701005
"Shan State (East)","Kengtung Township","Kat Taung Village Tract",1701200
"Shan State (East)","Kengtung Township","Kat Htaik Village Tract",1701201
"Shan State (East)","Kengtung Township","Kat Hpa Village Tract",1701202
"Shan State (East)","Kengtung Township","Tar Lay Village Tract",1701203
"Shan State (East)","Kengtung Township","Nam Hkat Village Tract",1701204
"Shan State (East)","Kengtung Township","Nam Ni/Nam Long Village Tract",1701205
"Shan State (East)","Kengtung Township","Nam Inn Village Tract",1701206
"Shan State (East)","Kengtung Township","Nar Paw Village Tract",1701207
"Shan State (East)","Kengtung Township","Nawng Kon Village Tract",1701208
"Shan State (East)","Kengtung Township","Nawng Tawng Village Tract",1701209
"Shan State (East)","Kengtung Township","Pin Tauk Village Tract",1701210
"Shan State (East)","Kengtung Township","Pang Kyu Village Tract",1701211
"Shan State (East)","Kengtung Township","Pang Mat Village Tract",1701212
"Shan State (East)","Kengtung Township","Mong Kai Village Tract",1701213
"Shan State (East)","Kengtung Township","Mong Ngun Village Tract",1701214
"Shan State (East)","Kengtung Township","Mong Zin Village Tract",1701215
"Shan State (East)","Kengtung Township","Mong Da Hkun Village Tract",1701216
"Shan State (East)","Kengtung Township","Mong Naw/Hpar Ta Village Tract",1701217
"Shan State (East)","Kengtung Township","Mong Pat (Upper) Village Tract",1701218
"Shan State (East)","Kengtung Township","Mong Pat (Lower) Village Tract",1701219
"Shan State (East)","Kengtung Township","Mong Pang (Middle) Village Tract",1701220
"Shan State (East)","Kengtung Township","Mong Lan Village Tract",1701221
"Shan State (East)","Kengtung Township","Mong Lat Village Tract",1701222
"Shan State (East)","Kengtung Township","Mong Inn Village Tract",1701223
"Shan State (East)","Kengtung Township","Yang Kying Village Tract",1701224
"Shan State (East)","Kengtung Township","Yang Hka Village Tract",1701225
"Shan State (East)","Kengtung Township","Yang Law Village Tract",1701226
"Shan State (East)","Kengtung Township","Loi Long Village Tract",1701227
"Shan State (East)","Kengtung Township","Loi Mway Village Tract",1701228
"Shan State (East)","Kengtung Township","Wut Sawng Village Tract",1701229
"Shan State (East)","Kengtung Township","Hway Kwei Village Tract",1701230
"Shan State (East)","Mongkhet Township","No (1) Quarter",1702001
"Shan State (East)","Mongkhet Township","No (2) Quarter",1702002
"Shan State (East)","Mongkhet Township","Ton Hpa Kaw Village Tract",1702200
"Shan State (East)","Mongkhet Township","Nam Hsaw Village Tract",1702201
"Shan State (East)","Mongkhet Township","Nam Yang Long Village Tract",1702202
"Shan State (East)","Mongkhet Township","Nawng Long Village Tract",1702203
"Shan State (East)","Mongkhet Township","Par Hkar Long Village Tract",1702204
"Shan State (East)","Mongkhet Township","Par Pun Village Tract",1702205
"Shan State (East)","Mongkhet Township","Hpar Lan/Kaw Village Tract",1702206
"Shan State (East)","Mongkhet Township","Mong Kar Village Tract",1702207
"Shan State (East)","Mongkhet Township","Mong Hnyin Village Tract",1702208
"Shan State (East)","Mongkhet Township","Mong Hnone Village Tract",1702209
"Shan State (East)","Mongkhet Township","Mong Han Village Tract",1702210
"Shan State (East)","Mongkhet Township","Wan Hkoke Village Tract",1702211
"Shan State (East)","Mongkhet Township","Wan Nawng Long Village Tract",1702212
"Shan State (East)","Mongkhet Township","Wan Pin Village Tract",1702213
"Shan State (East)","Mongkhet Township","Wan Aun Village Tract",1702214
"Shan State (East)","Mongkhet Township","Hoke Pong Village Tract",1702215
"Shan State (East)","Mongyang Township","Kyein Hin Quarter",1703001
"Shan State (East)","Mongyang Township","Zay Tan Quarter",1703002
"Shan State (East)","Mongyang Township","Par Nwan Quarter",1703003
"Shan State (East)","Mongyang Township","Par Mai Quarter",1703004
"Shan State (East)","Mongyang Township","Mun Ke Quarter",1703005
"Shan State (East)","Mongyang Township","Mong Ping Quarter",1703006
"Shan State (East)","Mongyang Township","Mauk Mai Quarter",1703007
"Shan State (East)","Mongyang Township","Wein Leik Quarter",1703008
"Shan State (East)","Mongyang Township","Ho Kat Quarter",1703009
"Shan State (East)","Mongyang Township","Haw Ke Quarter",1703010
"Shan State (East)","Mongyang Township","Haw Haik Quarter",1703011
"Shan State (East)","Mongyang Township","Nam Hsi Pang Village Tract",1703200
"Shan State (East)","Mongyang Township","Nam Mawng Village Tract",1703201
"Shan State (East)","Mongyang Township","Par Hsan Kya Village Tract",1703202
"Shan State (East)","Mongyang Township","Pauk Nway Village Tract",1703203
"Shan State (East)","Mongyang Township","Mut Kin Village Tract",1703204
"Shan State (East)","Mongyang Township","Mun Hkam Hing Village Tract",1703205
"Shan State (East)","Mongyang Township","Mong Tway Village Tract",1703206
"Shan State (East)","Mongyang Township","Mong Pauk (Kachin) Village Tract",1703207
"Shan State (East)","Mongyang Township","Mong Hpyan Village Tract",1703208
"Shan State (East)","Mongyang Township","Mongyang Village Tract",1703209
"Shan State (East)","Mongyang Township","Mong Lway Village Tract",1703210
"Shan State (East)","Mongyang Township","Yang Kawng Village Tract",1703211
"Shan State (East)","Mongyang Township","Yang Ngin Village Tract",1703212
"Shan State (East)","Mongyang Township","Ho Tawng Village Tract",1703213
"Shan State (East)","Mongyang Township","Ann Hkit Village Tract",1703214
"Shan State (East)","Mongla Township","No (1) Quarter",1704001
"Shan State (East)","Mongla Township","No (2) Quarter",1704002
"Shan State (East)","Mongla Township","Sut Pa Lway Village Tract",1704200
"Shan State (East)","Mongla Township","Tar Pin Village Tract",1704201
"Shan State (East)","Mongla Township","Tar Pong Village Tract",1704202
"Shan State (East)","Mongla Township","Hta Pang Long Village Tract",1704203
"Shan State (East)","Mongla Township","Mong Ma Village Tract",1704204
"Shan State (East)","Mongla Township","Mong Wa Village Tract",1704205
"Shan State (East)","Mongla Township","Wan Pong Village Tract",1704206
"Shan State (East)","Mongla Township","Wan Hpar Hkar Village Tract",1704207
"Shan State (East)","Mongla Township","Wan Mong Long Village Tract",1704208
"Shan State (East)","Monghsat Township","Kya Dei Quarter",1705001
"Shan State (East)","Monghsat Township","Mae Sum (South) Quarter",1705002
"Shan State (East)","Monghsat Township","Mae Sum (North) Quarter",1705003
"Shan State (East)","Monghsat Township","Myo Thit Quarter",1705004
"Shan State (East)","Monghsat Township","Wein Nay Quarter",1705005
"Shan State (East)","Monghsat Township","Wein Waing Quarter",1705006
"Shan State (East)","Monghsat Township","Kya Ti Village Tract",1705200
"Shan State (East)","Monghsat Township","Kawng Hmu Kan Village Tract",1705201
"Shan State (East)","Monghsat Township","Sa Tone Village Tract",1705202
"Shan State (East)","Monghsat Township","Hsan Kan Village Tract",1705203
"Shan State (East)","Monghsat Township","Hsaik Hkawng Village Tract",1705204
"Shan State (East)","Monghsat Township","Tant Hseng Village Tract",1705205
"Shan State (East)","Monghsat Township","Nang Mun Village Tract",1705206
"Shan State (East)","Monghsat Township","Hpan Hpu Village Tract",1705207
"Shan State (East)","Monghsat Township","Mae Hsat Village Tract",1705208
"Shan State (East)","Monghsat Township","Mae Sum Taung Village Tract",1705209
"Shan State (East)","Monghsat Township","Mae Nin Village Tract",1705210
"Shan State (East)","Monghsat Township","Mae Pu Long Village Tract",1705211
"Shan State (East)","Monghsat Township","Ma Huong Kan Village Tract",1705212
"Shan State (East)","Monghsat Township","Ma Huong Loi Village Tract",1705213
"Shan State (East)","Monghsat Township","Ma Oht Village Tract",1705214
"Shan State (East)","Monghsat Township","Mong Tun (Taung Paw) Village Tract",1705215
"Shan State (East)","Monghsat Township","Mong Hta Lang Village Tract",1705216
"Shan State (East)","Monghsat Township","Mong Nin Village Tract",1705217
"Shan State (East)","Monghsat Township","Mong Yun (Tar Ku) Village Tract",1705218
"Shan State (East)","Monghsat Township","Mong Long Village Tract",1705219
"Shan State (East)","Monghsat Township","Loi Hsawng Village Tract",1705220
"Shan State (East)","Monghsat Township","Loi Lan Village Tract",1705221
"Shan State (East)","Monghsat Township","Wan Kawng Village Tract",1705222
"Shan State (East)","Monghsat Township","Wan Ton (Mong Twin) Village Tract",1705223
"Shan State (East)","Monghsat Township","Wein Nay Village Tract",1705224
"Shan State (East)","Monghsat Township","Wan Nawng Village Tract",1705225
"Shan State (East)","Monghsat Township","Ho Nar Village Tract",1705226
"Shan State (East)","Mongping Township","Ping Sang Quarter",1706001
"Shan State (East)","Mongping Township","Ah Lel Paing Quarter",1706002
"Shan State (East)","Mongping Township","Auk Zay Tan Quarter",1706003
"Shan State (East)","Mongping Township","Kyawng Hkar Village Tract",1706200
"Shan State (East)","Mongping Township","Kone Hsar Village Tract",1706201
"Shan State (East)","Mongping Township","Hsin Mawng Village Tract",1706202
"Shan State (East)","Mongping Township","Hsi Pawt Village Tract",1706203
"Shan State (East)","Mongping Township","Tar Kaw Village Tract",1706204
"Shan State (East)","Mongping Township","Htam Yang Village Tract",1706205
"Shan State (East)","Mongping Township","Nam Sho Village Tract",1706206
"Shan State (East)","Mongping Township","Nar Kyawng Village Tract",1706207
"Shan State (East)","Mongping Township","Nar Maw Village Tract",1706208
"Shan State (East)","Mongping Township","Nawng Kwe Village Tract",1706209
"Shan State (East)","Mongping Township","Nawng Hkit (Wan Chan) Village Tract",1706210
"Shan State (East)","Mongping Township","Pang Nawng Long (Thit) Village Tract",1706211
"Shan State (East)","Mongping Township","Pangwaun Village Tract",1706212
"Shan State (East)","Mongping Township","Pyet Kant Village Tract",1706213
"Shan State (East)","Mongping Township","Hpar Hkam Village Tract",1706214
"Shan State (East)","Mongping Township","Hpar Waw Village Tract",1706215
"Shan State (East)","Mongping Township","Mong Pu Gyi Village Tract",1706216
"Shan State (East)","Mongping Township","Mong Pu Aun Village Tract",1706217
"Shan State (East)","Mongping Township","Mong Man Village Tract",1706218
"Shan State (East)","Mongping Township","Mong Shan Village Tract",1706219
"Shan State (East)","Mongping Township","Mong Hlyan Village Tract",1706220
"Shan State (East)","Mongping Township","Yang Hkam Village Tract",1706221
"Shan State (East)","Mongping Township","Yang Mai Village Tract",1706222
"Shan State (East)","Mongping Township","Loi Long Village Tract",1706223
"Shan State (East)","Mongping Township","Wan Tar Hket Village Tract",1706224
"Shan State (East)","Mongping Township","Wan Hpyit Village Tract",1706225
"Shan State (East)","Mongping Township","Wan Mat Long Village Tract",1706226
"Shan State (East)","Mongping Township","Hway Hku Yu Village Tract",1706227
"Shan State (East)","Mongping Township","Hawng Kan Village Tract",1706228
"Shan State (East)","Mongton Township","Myo Ma Quarter",1707001
"Shan State (East)","Mongton Township","Nawng Pa Yin Quarter",1707002
"Shan State (East)","Mongton Township","Wan Mai Quarter",1707003
"Shan State (East)","Mongton Township","Kone Ti Vi Village Tract",1707200
"Shan State (East)","Mongton Township","Hkaing Long Village Tract",1707201
"Shan State (East)","Mongton Township","Hsan Kyu Village Tract",1707202
"Shan State (East)","Mongton Township","Tan Goe (Tan Woe) Village Tract",1707203
"Shan State (East)","Mongton Township","Nam Hu Hkun Village Tract",1707204
"Shan State (East)","Mongton Township","Pang Say Htauk Village Tract",1707205
"Shan State (East)","Mongton Township","Hpar Chei Village Tract",1707206
"Shan State (East)","Mongton Township","Mong Kan Village Tract",1707207
"Shan State (East)","Mongton Township","Mongton Village Tract",1707208
"Shan State (East)","Mongton Township","Mong Han Village Tract",1707209
"Shan State (East)","Mongton Township","Mone Htaw Village Tract",1707210
"Shan State (East)","Mongton Township","Me Kin Village Tract",1707211
"Shan State (East)","Mongton Township","Loi Hkam Long Village Tract",1707212
"Shan State (East)","Mongton Township","Hway Yawng Village Tract",1707213
"Shan State (East)","Mongton Township","Hway Ah (Hway Ha) Village Tract",1707214
"Shan State (East)","Mongton Township","Hway Aw Village Tract",1707215
"Shan State (East)","Mongton Township","Ho Pang Village Tract",1707216
"Shan State (East)","Tachileik Township","Hsay Hkam Quarter",1708001
"Shan State (East)","Tachileik Township","Hsan Hseng(Ka Gyi) Quarter",1708002
"Shan State (East)","Tachileik Township","Hsan Hseng  (Kha Gway) Quarter",1708003
"Shan State (East)","Tachileik Township","Tar Lawt Quarter",1708004
"Shan State (East)","Tachileik Township","Par Sat Quarter",1708005
"Shan State (East)","Tachileik Township","Pone Tun Quarter",1708006
"Shan State (East)","Tachileik Township","Ma Kar Ho Hkam Quarter",1708007
"Shan State (East)","Tachileik Township","Mae Khawng Quarter",1708008
"Shan State (East)","Tachileik Township","Yan Aung Myay Quarter",1708009
"Shan State (East)","Tachileik Township","Wan Kawng Quarter",1708010
"Shan State (East)","Tachileik Township","Wein Kyauk Quarter",1708011
"Shan State (East)","Tachileik Township","Kyar Hkam Kyauk Village Tract",1708200
"Shan State (East)","Tachileik Township","Nam Hkin Village Tract",1708201
"Shan State (East)","Tachileik Township","Nar Yawng Village Tract",1708202
"Shan State (East)","Tachileik Township","Hpan Min Village Tract",1708203
"Shan State (East)","Tachileik Township","Mong Koe Village Tract",1708204
"Shan State (East)","Tachileik Township","Mong Pa Hlyo Village Tract",1708205
"Shan State (East)","Tachileik Township","Mong Hpone (Ka) Village Tract",1708206
"Shan State (East)","Tachileik Township","Mong Hpone (Kha) Village Tract",1708207
"Shan State (East)","Tachileik Township","Mong Lin (West) Village Tract",1708208
"Shan State (East)","Tachileik Township","Mong Lin (East) Village Tract",1708209
"Shan State (East)","Tachileik Township","Mong He Village Tract",1708210
"Shan State (East)","Tachileik Township","Loi Taw Hkam Village Tract",1708211
"Shan State (East)","Tachileik Township","Wan Long Village Tract",1708212
"Shan State (East)","Monghpyak Township","Zay Tan Quarter",1709001
"Shan State (East)","Monghpyak Township","Wan Mai Quarter",1709002
"Shan State (East)","Monghpyak Township","Wan Whay Quarter",1709003
"Shan State (East)","Monghpyak Township","Mong Hpyat Village Tract",1709200
"Shan State (East)","Monghpyak Township","Wan Long Village Tract",1709201
"Shan State (East)","Monghpyak Township","Nam Kone Village Tract",1709202
"Shan State (East)","Monghpyak Township","Nam Lauk Village Tract",1709203
"Shan State (East)","Monghpyak Township","Nam Nang Village Tract",1709204
"Shan State (East)","Monghpyak Township","Mun Kar Kyawng Village Tract",1709205
"Shan State (East)","Monghpyak Township","Hsee Mun Village Tract",1709206
"Shan State (East)","Monghpyak Township","Wan Pong Village Tract",1709207
"Shan State (East)","Monghpyak Township","Aik Long Village Tract",1709208
"Shan State (East)","Monghpyak Township","Hsar Lu Village Tract",1709209
"Shan State (East)","Monghpyak Township","Aik Ngu Village Tract",1709210
"Shan State (East)","Monghpyak Township","Hway Sho Village Tract",1709211
"Shan State (East)","Monghpyak Township","Nam Lan Village Tract",1709212
"Shan State (East)","Monghpyak Township","Taw Nyu Nam Hkam (Lower) Village Tract",1709213
"Shan State (East)","Monghpyak Township","Nam Yun Village Tract",1709214
"Shan State (East)","Monghpyak Township","Mong He Village Tract",1709215
"Shan State (East)","Monghpyak Township","Long Kaunt Village Tract",1709216
"Shan State (East)","Monghpyak Township","Kawng Mu Village Tract",1709217
"Shan State (East)","Monghpyak Township","Lan Hsat Village Tract",1709218
"Shan State (East)","Monghpyak Township","Mong Tin Village Tract",1709219
"Shan State (East)","Monghpyak Township","Nam Het Pong Village Tract",1709220
"Shan State (East)","Monghpyak Township","Nam Pang Village Tract",1709221
"Shan State (East)","Mongyawng Township","No (1) Quarter",1710001
"Shan State (East)","Mongyawng Township","No (2) Quarter",1710002
"Shan State (East)","Mongyawng Township","No (3) Quarter",1710003
"Shan State (East)","Mongyawng Township","No (4) Quarter",1710004
"Shan State (East)","Mongyawng Township","No (5) Quarter",1710005
"Shan State (East)","Mongyawng Township","No (6) Quarter",1710006
"Shan State (East)","Mongyawng Township","No (7) Quarter",1710007
"Shan State (East)","Mongyawng Township","No (8) Quarter",1710008
"Shan State (East)","Mongyawng Township","No (9) Quarter",1710009
"Shan State (East)","Mongyawng Township","Keng Kone Village Tract",1710200
"Shan State (East)","Mongyawng Township","Keng Hkam Village Tract",1710201
"Shan State (East)","Mongyawng Township","Mong Hkan Village Tract",1710202
"Shan State (East)","Mongyawng Township","Mong Hsaw Village Tract",1710203
"Shan State (East)","Mongyawng Township","Mong Htan Village Tract",1710204
"Shan State (East)","Mongyawng Township","Mong Nang Village Tract",1710205
"Shan State (East)","Mongyawng Township","Mong Lway Village Tract",1710206
"Shan State (East)","Mongyawng Township","Mong Hee Village Tract",1710207
"Shan State (East)","Mongyawng Township","Mong Laik Village Tract",1710208
"Shan State (East)","Mongyawng Township","Wan Kawng Village Tract",1710209
"Shan State (East)","Mongyawng Township","Wan Tat Village Tract",1710210
"Shan State (East)","Mongyawng Township","Wan Htan Kyant Village Tract",1710211
"Shan State (East)","Mongyawng Township","Wan Dun Nwet Village Tract",1710212
"Shan State (East)","Mongyawng Township","Wan Par Hoke Village Tract",1710213
"Shan State (East)","Mongyawng Township","Wan Hpyat Village Tract",1710214
"Shan State (East)","Mongyawng Township","Wan Boe Village Tract",1710215
"Shan State (East)","Mongyawng Township","Wan Man Village Tract",1710216
"Shan State (East)","Mongyawng Township","Wan Inn Village Tract",1710217
"Shan State (East)","Mongyawng Township","Hway Hpa Village Tract",1710218
"Shan State (East)","Mongyawng Township","Hawng Kyant Village Tract",1710219
"Shan State (East)","Ho Tawng (Ho Tao) Township","Ho Tawng (Ho Tao) Village Tract",1711200
"Shan State (East)","Ho Tawng (Ho Tao) Township","Kyein Hkam Village Tract",1711201
"Shan State (East)","Ho Tawng (Ho Tao) Township","Nam Du Village Tract",1711202
"Shan State (East)","Ho Tawng (Ho Tao) Township","Nam Tun Village Tract",1711203
"Shan State (East)","Ho Tawng (Ho Tao) Township","Nawng Tawng Village Tract",1711204
"Shan State (East)","Mong Pawk Township","Mong Pawk Village Tract",1712200
"Shan State (East)","Mong Pawk Township","Nam Au Village Tract",1712201
"Shan State (East)","Mong Pawk Township","Nam Mawng Village Tract",1712202
"Shan State (East)","Mong Pawk Township","Ton Hpa Village Tract",1712203
"Shan State (East)","Mong Pawk Township","Wan Kawng Village Tract",1712204
"Shan State (East)","Mong Pawk Township","Yawng Hat Village Tract",1712205
"Shan State (East)","Mong Pawk Township","Mong Pawk Market Village Tract",1712206
"Shan State (East)","Mongkhoke Town","No (1) Quarter",1760001
"Shan State (East)","Mongkhoke Town","No (2) Quarter",1760002
"Shan State (East)","Mongkhoke Town","No (3) Quarter",1760003
"Shan State (East)","Tontar Town","No (1) Quarter",1761001
"Shan State (East)","Tontar Town","No (2) Quarter",1761002
"Shan State (East)","Tontar Town","No (3) Quarter",1761003
"Shan State (East)","Tontar Town","No (4) Quarter",1761004
"Shan State (East)","Ponparkyin Town","No (1) Quarter",1762001
"Shan State (East)","Ponparkyin Town","No (2) Quarter",1762002
"Shan State (East)","Ponparkyin Town","No (3) Quarter",1762003
"Shan State (East)","Ponparkyin Town","No (4) Quarter",1762004
"Shan State (East)","Ponparkyin Town","No (5) Quarter",1762005
"Shan State (East)","Hmone Hta Town","No (1) Quarter",1763001
"Shan State (East)","Hmone Hta Town","No (2) Quarter",1763002
"Shan State (East)","Hmone Hta Town","No (3) Quarter",1763003
"Shan State (East)","Kenglat Town","No (1) Quarter",1764001
"Shan State (East)","Kenglat Town","No (2) Quarter",1764002
"Shan State (East)","Kenglat Town","No (3) Quarter",1764003
"Shan State (East)","Tarlay Town","No (1) Quarter",1765001
"Shan State (East)","Tarlay Town","No (2) Quarter",1765002
"Shan State (East)","Tarlay Town","No (3) Quarter",1765003
"Shan State (East)","Tarlay Town","No (4) Quarter",1765004
"Shan State (East)","Mongyu Town","Mongyu Myo Ma Quarter",1766001
