﻿Region,"Town / Township","Quarter / Village Tract","Postal Code"
"Kachin State","myintkyina Township","Aye Yar Quarter",0101001
"Kachin State","myintkyina Township","Thi Dar Quarter",0101002
"Kachin State","myintkyina Township","Yan Gyi Aung Quarter",0101003
"Kachin State","myintkyina Township","Du Ka Htaung Quarter",0101004
"Kachin State","myintkyina Township","Myo Ma Quarter",0101005
"Kachin State","myintkyina Township","Min Yat Quarter",0101006
"Kachin State","myintkyina Township","Shan Su (North) Quarter",0101007
"Kachin State","myintkyina Township","Shan Su (South) Quarter",0101008
"Kachin State","myintkyina Township","Kachin Su Quarter",0101009
"Kachin State","myintkyina Township","Kyun Pin Thar Quarter",0101010
"Kachin State","myintkyina Township","Aye Zay Di Quarter",0101011
"Kachin State","myintkyina Township","Shwe Nyaung Pin Quarter",0101012
"Kachin State","myintkyina Township","Myo Thit Quarter",0101013
"Kachin State","myintkyina Township","Aung Nan Yeik Thar Quarter",0101014
"Kachin State","myintkyina Township","Khay Mar Thi Ri Quarter",0101015
"Kachin State","myintkyina Township","Yu Za Na Quarter",0101016
"Kachin State","myintkyina Township","Myay Myint Quarter",0101017
"Kachin State","myintkyina Township","Shwe Set Quarter",0101018
"Kachin State","myintkyina Township","Man Khein Quarter",0101019
"Kachin State","myintkyina Township","Tat Kone Quarter",0101020
"Kachin State","myintkyina Township","Si Tar Pu Quarter",0101021
"Kachin State","myintkyina Township","Ram Pu Quarter",0101022
"Kachin State","myintkyina Township","Kyet Paung Chan Quarter",0101023
"Kachin State","myintkyina Township","Myo Thit Gyi Quarter",0101024
"Kachin State","myintkyina Township","Lel Kone Quarter",0101025
"Kachin State","myintkyina Township","Shwe Aik Quarter",0101026
"Kachin State","myintkyina Township","Shwe Pyi Thar Quarter",0101027
"Kachin State","myintkyina Township","Pan Ma Ti Quarter",0101028
"Kachin State","myintkyina Township","Alam Village Tract",0101200
"Kachin State","myintkyina Township","Nawng Nang Village Tract",0101201
"Kachin State","myintkyina Township","Pa La Na Sa Khan Myar Village Tract",0101202
"Kachin State","myintkyina Township","Nam Kyin Village Tract",0101203
"Kachin State","myintkyina Township","Nam Kwayt Village Tract",0101204
"Kachin State","myintkyina Township","Pam Ma Ti Village Tract",0101205
"Kachin State","myintkyina Township","Maw Hpawng Village Tract",0101206
"Kachin State","myintkyina Township","Sha Daung Village Tract",0101207
"Kachin State","myintkyina Township","Loi Hkaw Village Tract",0101208
"Kachin State","myintkyina Township","Tang Hpe Village Tract",0101209
"Kachin State","myintkyina Township","In Jit Yang Village Tract",0101210
"Kachin State","myintkyina Township","Ti Yang Zug Village Tract",0101211
"Kachin State","myintkyina Township","Ta Law Gyi Village Tract",0101212
"Kachin State","myintkyina Township","Hkaung Hpu Ywar Thit Village Tract",0101213
"Kachin State","myintkyina Township","Hkaung Hpu Ywar Haung Village Tract",0101214
"Kachin State","myintkyina Township","Ho Kat Village Tract",0101215
"Kachin State","myintkyina Township","San Kin Village Tract",0101216
"Kachin State","myintkyina Township","Ah Kye Village Tract",0101217
"Kachin State","myintkyina Township","Myin Thar Village Tract",0101218
"Kachin State","myintkyina Township","Yae Nar Pin Lon Village Tract",0101219
"Kachin State","myintkyina Township","Pin Taw Village Tract",0101220
"Kachin State","myintkyina Township","Taw Pin Lon Village Tract",0101221
"Kachin State","myintkyina Township","Man Kin Village Tract",0101222
"Kachin State","myintkyina Township","Wea Gyi Village Tract",0101223
"Kachin State","myintkyina Township","Nawng Pwe Village Tract",0101224
"Kachin State","myintkyina Township","Nei Char Village Tract",0101225
"Kachin State","myintkyina Township","Man Hpwar Village Tract",0101226
"Kachin State","myintkyina Township","Nyaung Pin Thar Village Tract",0101227
"Kachin State","myintkyina Township","Waing Lon Village Tract",0101228
"Kachin State","myintkyina Township","Tar Hoe Nar Village Tract",0101229
"Kachin State","Injangyang Township","No (1) Quarter",0102001
"Kachin State","Injangyang Township","No (2) Quarter",0102002
"Kachin State","Injangyang Township","No (3) Quarter",0102003
"Kachin State","Injangyang Township","No (4) Quarter",0102004
"Kachin State","Injangyang Township","In Jun Ga Village Tract",0102200
"Kachin State","Injangyang Township","Shagri Bum Village Tract",0102201
"Kachin State","Injangyang Township","Mai Rawn Village Tract",0102202
"Kachin State","Injangyang Township","Ma Htum Village Tract",0102203
"Kachin State","Injangyang Township","Sam Hpum Ga Village Tract",0102204
"Kachin State","Injangyang Township","In Dung Yang Village Tract",0102205
"Kachin State","Injangyang Township","Hpon Gan Village Tract",0102206
"Kachin State","Injangyang Township","Sut Mar Tu Village Tract",0102207
"Kachin State","Injangyang Township","Sa Law Ding Sar Village Tract",0102208
"Kachin State","Injangyang Township","Sha Dan Lawt Khum Village Tract",0102209
"Kachin State","Injangyang Township","In Man Hka Jang Village Tract",0102210
"Kachin State","Injangyang Township","In Hpyin Ga Village Tract",0102211
"Kachin State","Injangyang Township","Mai Taung Village Tract",0102212
"Kachin State","Injangyang Township","Sha Ga Ri Ka Htaung Village Tract",0102213
"Kachin State","Injangyang Township","Shin Kun (Kying Htaung Ga) Village Tract",0102214
"Kachin State","Injangyang Township","Tsum Dwar Ga Village Tract",0102215
"Kachin State","Injangyang Township","Pin Laung Village Tract",0102216
"Kachin State","Injangyang Township","In Htauk Ga Village Tract",0102217
"Kachin State","Injangyang Township","Ka Yawng Htein Rawt Village Tract",0102218
"Kachin State","Injangyang Township","Sha Dan Pong War Village Tract",0102219
"Kachin State","Injangyang Township","In Trein Hka Yam Village Tract",0102220
"Kachin State","Injangyang Township","Hkan Dauk Yang Village Tract",0102221
"Kachin State","Injangyang Township","Jing Ma Yang Village Tract",0102222
"Kachin State","Injangyang Township","In Waing Kawng Village Tract",0102223
"Kachin State","Injangyang Township","Myit Son Village Tract",0102224
"Kachin State","Injangyang Township","In Pauk Chet Village Tract",0102225
"Kachin State","Injangyang Township","In Hku Ga Village Tract",0102226
"Kachin State","Injangyang Township","In Ji Au Mar Village Tract",0102227
"Kachin State","Injangyang Township","Ka Kyee Htu La Nang Village Tract",0102228
"Kachin State","Injangyang Township","La Gan In Bauk Htu Village Tract",0102229
"Kachin State","Injangyang Township","Tsum Hpawng Village Tract",0102230
"Kachin State","Injangyang Township","Au Ga Au Si Village Tract",0102231
"Kachin State","Injangyang Township","In Gawt Au Mar Village Tract",0102232
"Kachin State","Injangyang Township","Shadan Ding Sa Village Tract",0102233
"Kachin State","Injangyang Township","In Pawm Bum Village Tract",0102234
"Kachin State","Injangyang Township","La Zee Gum Yang Lar Village Tract",0102235
"Kachin State","Injangyang Township","La Wa Yang Village Tract",0102236
"Kachin State","Injangyang Township","Ka Kyee Htu Village Tract",0102237
"Kachin State","Injangyang Township","Sa Law Ding Ngut Village Tract",0102238
"Kachin State","Injangyang Township","Ma Kyang Ding Sa Village Tract",0102239
"Kachin State","Injangyang Township","Ka Ring Ga Village Tract",0102240
"Kachin State","Injangyang Township","Hkum Bwe Au Mar Village Tract",0102241
"Kachin State","Injangyang Township","Ma Dan Tu Village Tract",0102242
"Kachin State","Injangyang Township","In Law Au Mar Village Tract",0102243
"Kachin State","Injangyang Township","War Li Chet Village Tract",0102244
"Kachin State","Injangyang Township","Naw Hkum Ga Village Tract",0102245
"Kachin State","Injangyang Township","In Shang Hkoe Gar Village Tract",0102246
"Kachin State","Injangyang Township","Kying Ma Gar Village Tract",0102247
"Kachin State","Injangyang Township","Ma Wun Au Mar Village Tract",0102248
"Kachin State","Injangyang Township","Sha Re Au Mar Village Tract",0102249
"Kachin State","Injangyang Township","In Hku Village Tract",0102250
"Kachin State","Injangyang Township","Adan Ga Village Tract",0102251
"Kachin State","Injangyang Township","Gum Lang Village Tract",0102252
"Kachin State","Injangyang Township","Hpum Yawng Ding Sa Village Tract",0102253
"Kachin State","Injangyang Township","Ka Htang Tu Village Tract",0102254
"Kachin State","Injangyang Township","In Gum La Village Tract",0102255
"Kachin State","Injangyang Township","In Bang Bum Village Tract",0102256
"Kachin State","Injangyang Township","Ma Htaw Au Mar Village Tract",0102257
"Kachin State","Injangyang Township","Naw Lang Village Tract",0102258
"Kachin State","Injangyang Township","Ka Dawt Zum Hpaw Village Tract",0102259
"Kachin State","Injangyang Township","In Kwei Village Tract",0102260
"Kachin State","Injangyang Township","In Byine Gar Village Tract",0102261
"Kachin State","Injangyang Township","In Sar Hkram Village Tract",0102262
"Kachin State","Nawngmun Township","No (1) Quarter",0103001
"Kachin State","Nawngmun Township","No (2) Quarter",0103002
"Kachin State","Nawngmun Township","No (3) Quarter",0103003
"Kachin State","Nawngmun Township","No (4) Quarter",0103004
"Kachin State","Nawngmun Township","No (5) Quarter",0103005
"Kachin State","Nawngmun Township","Nawngmun Village Tract",0103200
"Kachin State","Nawngmun Township","Ka San Hku Village Tract",0103201
"Kachin State","Nawngmun Township","Htung Lar Dam Village Tract",0103202
"Kachin State","Nawngmun Township","Yat Bawt Village Tract",0103203
"Kachin State","Nawngmun Township","Gat Htu Village Tract",0103204
"Kachin State","Nawngmun Township","Lang Sar Htu Village Tract",0103205
"Kachin State","Nawngmun Township","Da Bu Dam Village Tract",0103206
"Kachin State","Nawngmun Township","Ah Wi Wan Village Tract",0103207
"Kachin State","Nawngmun Township","Ngar War Village Tract",0103208
"Kachin State","Nawngmun Township","Da Zun Dam Village Tract",0103209
"Kachin State","Nawngmun Township","Ta Su Htu Village Tract",0103210
"Kachin State","Nawngmun Township","Ah Li Awng Village Tract",0103211
"Kachin State","Nawngmun Township","Ma Khum Kan Village Tract",0103212
"Kachin State","Machanbaw Township","No (1) Quarter",0104001
"Kachin State","Machanbaw Township","No (2) Quarter",0104002
"Kachin State","Machanbaw Township","No (3) Quarter",0104003
"Kachin State","Machanbaw Township","No (4) Quarter",0104004
"Kachin State","Machanbaw Township","In Bu Bawt Village Tract",0104200
"Kachin State","Machanbaw Township","Nam Hkam Village Tract",0104201
"Kachin State","Machanbaw Township","Hta Ran Dam Village Tract",0104202
"Kachin State","Machanbaw Township","Kawng Mu Lon Village Tract",0104203
"Kachin State","Machanbaw Township","Man No Village Tract",0104204
"Kachin State","Machanbaw Township","Ah Lang Ga Village Tract",0104205
"Kachin State","Machanbaw Township","Htang Gar Village Tract",0104206
"Kachin State","Machanbaw Township","In Ga Ding Chet Village Tract",0104207
"Kachin State","Machanbaw Township","Shin Mway Yang Village Tract",0104208
"Kachin State","Machanbaw Township","Ma Jang Ga Village Tract",0104209
"Kachin State","Machanbaw Township","Dawng Shar Lar (Dawng Ga) Village Tract",0104210
"Kachin State","Machanbaw Township","Ding Bu Ding Sar Village Tract",0104211
"Kachin State","Machanbaw Township","In Khint War Kar Village Tract",0104212
"Kachin State","Machanbaw Township","La Ru Tin Kawt Village Tract",0104213
"Kachin State","Machanbaw Township","Pa Si Dam Village Tract",0104214
"Kachin State","Machanbaw Township","In Dang Gar Village Tract",0104215
"Kachin State","Machanbaw Township","War Lang Ga Village Tract",0104216
"Kachin State","Machanbaw Township","In Hkan Ga Run Hku Village Tract",0104217
"Kachin State","Machanbaw Township","Num Lar Tum Hku Village Tract",0104218
"Kachin State","Machanbaw Township","Shin Naw Ga Village Tract",0104219
"Kachin State","Machanbaw Township","Tan Hpan Ga Village Tract",0104220
"Kachin State","Machanbaw Township","La Sha Tun Khan Village Tract",0104221
"Kachin State","Machanbaw Township","Da Gum Ga Village Tract",0104222
"Kachin State","Machanbaw Township","Hting Bu Ga Village Tract",0104223
"Kachin State","Machanbaw Township","Ma Gawng Dawng Hput Village Tract",0104224
"Kachin State","Machanbaw Township","Sha Dun Gar Village Tract",0104225
"Kachin State","Machanbaw Township","Tar Law Gyi Village Tract",0104226
"Kachin State","Puta-O Township","Pan Hlaing Quarter",0105001
"Kachin State","Puta-O Township","Ho Kho Quarter",0105002
"Kachin State","Puta-O Township","Myo Ma Quarter",0105003
"Kachin State","Puta-O Township","Kawng Ka Htaung Quarter",0105004
"Kachin State","Puta-O Township","Tat Thit Quarter",0105005
"Kachin State","Puta-O Township","Ton Li Htu Quarter",0105006
"Kachin State","Puta-O Township","Par In Quarter",0105007
"Kachin State","Puta-O Township","Lay Yin Kwin Quarter",0105008
"Kachin State","Puta-O Township","Doke Tan Quarter",0105009
"Kachin State","Puta-O Township","Lone Sut Quarter",0105010
"Kachin State","Puta-O Township","Mu Lar Shee Dee Quarter",0105011
"Kachin State","Puta-O Township","Sarl Hkam Dam Village Tract",0105200
"Kachin State","Puta-O Township","Zi Aun Village Tract",0105201
"Kachin State","Puta-O Township","Nam Ton Hku Village Tract",0105202
"Kachin State","Puta-O Township","Pang Ma Ti Village Tract",0105203
"Kachin State","Puta-O Township","Pu Taung Village Tract",0105204
"Kachin State","Puta-O Township","Mar Lu Leit Village Tract",0105205
"Kachin State","Puta-O Township","Man Say Village Tract",0105206
"Kachin State","Puta-O Township","Man Say Khun Village Tract",0105207
"Kachin State","Puta-O Township","Lang Taung Village Tract",0105208
"Kachin State","Puta-O Township","Mu Lar Hawng (Mu Lar Dee) Village Tract",0105209
"Kachin State","Puta-O Township","Hpat Ma Village Tract",0105210
"Kachin State","Puta-O Township","Lon Sha Yang Village Tract",0105211
"Kachin State","Puta-O Township","Tsum Pi Yang Village Tract",0105212
"Kachin State","Puta-O Township","Ma Kat Mon Village Tract",0105213
"Kachin State","Sumprabum Township","KaBaYanKhu Quarter",0106001
"Kachin State","Sumprabum Township","Myo Ma Quarter",0106002
"Kachin State","Sumprabum Township","War Sat Khu Quarter",0106003
"Kachin State","Sumprabum Township","Hpung Wea Yang Village Tract",0106200
"Kachin State","Sumprabum Township","In Ta Ga Lu Village Tract",0106201
"Kachin State","Sumprabum Township","Kun Shin Mar Kyei Village Tract",0106202
"Kachin State","Sumprabum Township","Hpung Ing Hku Village Tract",0106203
"Kachin State","Sumprabum Township","In Yam Ga Village Tract",0106204
"Kachin State","Sumprabum Township","Shakrin Tu Village Tract",0106205
"Kachin State","Sumprabum Township","Hpon Ing Yang Village Tract",0106206
"Kachin State","Sumprabum Township","In Gaw Ma Village Tract",0106207
"Kachin State","Sumprabum Township","Mali Yang Village Tract",0106208
"Kachin State","Sumprabum Township","Sai Ran Village Tract",0106209
"Kachin State","Sumprabum Township","Shakram Ga Village Tract",0106210
"Kachin State","Sumprabum Township","Hting Nang Village Tract",0106211
"Kachin State","Sumprabum Township","Khin Du Yang Village Tract",0106212
"Kachin State","Sumprabum Township","Gan Ma Jawng Village Tract",0106213
"Kachin State","Sumprabum Township","Bum Wan Village Tract",0106214
"Kachin State","Sumprabum Township","In Ding Ding Sa Village Tract",0106215
"Kachin State","Sumprabum Township","Sha Chyum Village Tract",0106216
"Kachin State","Sumprabum Township","Wa Hpawng Village Tract",0106217
"Kachin State","Sumprabum Township","Lon Kan Village Tract",0106218
"Kachin State","Sumprabum Township","Nein Mar Village Tract",0106219
"Kachin State","Sumprabum Township","In Ding Kawt Nang Village Tract",0106220
"Kachin State","Sumprabum Township","San Htu Village Tract",0106221
"Kachin State","Sumprabum Township","In Gan Au Mar Village Tract",0106222
"Kachin State","Sumprabum Township","La Htun Ka Htaung Village Tract",0106223
"Kachin State","Sumprabum Township","Lon Wan Village Tract",0106224
"Kachin State","Sumprabum Township","In Shee Hku Village Tract",0106225
"Kachin State","Sumprabum Township","Jahtung Au Mar Village Tract",0106226
"Kachin State","Sumprabum Township","In Hkai Village Tract",0106227
"Kachin State","Sumprabum Township","Hkin Dawng Village Tract",0106228
"Kachin State","Sumprabum Township","Hka Ka Ran Yang Village Tract",0106229
"Kachin State","Sumprabum Township","Ka War Pan Village Tract",0106230
"Kachin State","Sumprabum Township","But Hkar Village Tract",0106231
"Kachin State","Sumprabum Township","Pin Lum Bum Village Tract",0106232
"Kachin State","Sumprabum Township","Aum La Htum Village Tract",0106233
"Kachin State","Sumprabum Township","Htum Shin Kawt Nan Village Tract",0106234
"Kachin State","Sumprabum Township","Za Nan Kha Village Tract",0106235
"Kachin State","Sumprabum Township","Mai Htaung Village Tract",0106236
"Kachin State","Sumprabum Township","Du Rit Village Tract",0106237
"Kachin State","Sumprabum Township","Ma Gaw Gar Village Tract",0106238
"Kachin State","Sumprabum Township","Ton Yang Village Tract",0106239
"Kachin State","Sumprabum Township","Kun Shin Kawt Sar Village Tract",0106240
"Kachin State","Chipwi Township","Yit Law Hkaung Quarter",0107001
"Kachin State","Chipwi Township","Oke Kat Quarter",0107002
"Kachin State","Chipwi Township","Ba Leit Dan Quarter",0107003
"Kachin State","Chipwi Township","Kan Paing Yan Quarter",0107004
"Kachin State","Chipwi Township","Lai Mar Yang Village Tract",0107200
"Kachin State","Chipwi Township","Zan Nawng Village Tract",0107201
"Kachin State","Chipwi Township","Na Law Village Tract",0107202
"Kachin State","Chipwi Township","Myaw Maw Par Village Tract",0107203
"Kachin State","Chipwi Township","Laung Hpant Village Tract",0107204
"Kachin State","Chipwi Township","Myit Nawt Village Tract",0107205
"Kachin State","Chipwi Township","Man San Village Tract",0107206
"Kachin State","Chipwi Township","Shan Kyaw Village Tract",0107207
"Kachin State","Chipwi Township","Ma Gaung Village Tract",0107208
"Kachin State","Chipwi Township","Bant Li Village Tract",0107209
"Kachin State","Chipwi Township","Nam Maw Zup Village Tract",0107210
"Kachin State","Chipwi Township","Ta Mu Village Tract",0107211
"Kachin State","Chipwi Township","Hpa Lar Village Tract",0107212
"Kachin State","Chipwi Township","Byaw Li Village Tract",0107213
"Kachin State","Chipwi Township","Man Dungt Village Tract",0107214
"Kachin State","Chipwi Township","Law Hkawng Village Tract",0107215
"Kachin State","Chipwi Township","Ya Jawng Village Tract",0107216
"Kachin State","Chipwi Township","Jit Lai Village Tract",0107217
"Kachin State","Chipwi Township","Yi Jaw Village Tract",0107218
"Kachin State","Chipwi Township","Mawng Gong Village Tract",0107219
"Kachin State","Chipwi Township","Kyin Htong Village Tract",0107220
"Kachin State","Chipwi Township","Lang Jaw Village Tract",0107221
"Kachin State","Chipwi Township","Htaw Gawt Village Tract",0107222
"Kachin State","Chipwi Township","Bawm Myan Village Tract",0107223
"Kachin State","Chipwi Township","La Gway Village Tract",0107224
"Kachin State","Chipwi Township","Hpa Re Village Tract",0107225
"Kachin State","Chipwi Township","Lang Yang Village Tract",0107226
"Kachin State","Chipwi Township","Bwi Lat Village Tract",0107227
"Kachin State","Chipwi Township","Gam Hkun Village Tract",0107228
"Kachin State","Chipwi Township","Shi Kyang Village Tract",0107229
"Kachin State","Chipwi Township","Htum Shing Village Tract",0107230
"Kachin State","Chipwi Township","Nu Zung Baung Village Tract",0107231
"Kachin State","Chipwi Township","Gawt Yum Village Tract",0107232
"Kachin State","Chipwi Township","Chit Gaw Village Tract",0107233
"Kachin State","Chipwi Township","Hpi Maw Village Tract",0107234
"Kachin State","Chipwi Township","Htan Dung Village Tract",0107235
"Kachin State","Chipwi Township","La Ngaw Hkaw Village Tract",0107236
"Kachin State","Chipwi Township","Sa Du Law Village Tract",0107237
"Kachin State","Chipwi Township","Ngwa Hpa Hkar Village Tract",0107238
"Kachin State","Chipwi Township","Kan Hpan Village Tract",0107239
"Kachin State","Chipwi Township","Lu Pi Village Tract",0107240
"Kachin State","Chipwi Township","Loke Nawt Jang Village Tract",0107241
"Kachin State","Waingmaw Township","No (1) Quarter",0108001
"Kachin State","Waingmaw Township","No (2) Quarter",0108002
"Kachin State","Waingmaw Township","No (3) Quarter",0108003
"Kachin State","Waingmaw Township","No (4 Quarter",0108004
"Kachin State","Waingmaw Township","No (5) Quarter",0108005
"Kachin State","Waingmaw Township","Mading Village Tract",0108200
"Kachin State","Waingmaw Township","Moke Lwe Village Tract",0108201
"Kachin State","Waingmaw Township","Hkat Cho Village Tract",0108202
"Kachin State","Waingmaw Township","Aung Myay (1) Village Tract",0108203
"Kachin State","Waingmaw Township","Aung Myay (2) Village Tract",0108204
"Kachin State","Waingmaw Township","Mong Nar Village Tract",0108205
"Kachin State","Waingmaw Township","Nawng Ta Law Village Tract",0108206
"Kachin State","Waingmaw Township","Nawng Hee Village Tract",0108207
"Kachin State","Waingmaw Township","Ma Hkan Tee Village Tract",0108208
"Kachin State","Waingmaw Township","Zee Kyun Village Tract",0108209
"Kachin State","Waingmaw Township","Wu Yang Village Tract",0108210
"Kachin State","Waingmaw Township","Shwe Nyaung Pin Village Tract",0108211
"Kachin State","Waingmaw Township","Nawng Si Paw Village Tract",0108212
"Kachin State","Waingmaw Township","Nawng Chein Village Tract",0108213
"Kachin State","Waingmaw Township","Nam War Village Tract",0108214
"Kachin State","Waingmaw Township","War Shawng Village Tract",0108215
"Kachin State","Waingmaw Township","Ding Jang Yang Village Tract",0108216
"Kachin State","Waingmaw Township","Sha Ngaw Village Tract",0108217
"Kachin State","Waingmaw Township","Ma Ga Ran Yang Village Tract",0108218
"Kachin State","Waingmaw Township","Hpan Dawng Village Tract",0108219
"Kachin State","Waingmaw Township","Kan Taw Yang Village Tract",0108220
"Kachin State","Waingmaw Township","Ka Tsu Village Tract",0108221
"Kachin State","Waingmaw Township","Ga Ra Yang Village Tract",0108222
"Kachin State","Waingmaw Township","Nam Sang Yang Village Tract",0108223
"Kachin State","Waingmaw Township","Da Bat Yang Village Tract",0108224
"Kachin State","Waingmaw Township","Sai Law Village Tract",0108225
"Kachin State","Waingmaw Township","Man Wein Village Tract",0108226
"Kachin State","Waingmaw Township","San Kar Village Tract",0108227
"Kachin State","Waingmaw Township","San Pai Village Tract",0108228
"Kachin State","Waingmaw Township","Hpon Tang Kawng Village Tract",0108229
"Kachin State","Waingmaw Township","Sa Hpar Village Tract",0108230
"Kachin State","Waingmaw Township","Hpawt Dawt Village Tract",0108231
"Kachin State","Waingmaw Township","Sa Nar Village Tract",0108232
"Kachin State","Waingmaw Township","La Hpai Village Tract",0108233
"Kachin State","Waingmaw Township","Waw Chont Village Tract",0108234
"Kachin State","Waingmaw Township","Hpon Kraw Village Tract",0108235
"Kachin State","Waingmaw Township","Lu Htaung Village Tract",0108236
"Kachin State","Waingmaw Township","Lawt Pun Village Tract",0108237
"Kachin State","Waingmaw Township","Zahkung Village Tract",0108238
"Kachin State","Waingmaw Township","Saga Par Village Tract",0108239
"Kachin State","Tanai Township","Sin Sa Kawng Quarter",0109001
"Kachin State","Tanai Township","Mon Dein Kawng Quarter",0109002
"Kachin State","Tanai Township","Hu Kawng Quarter",0109003
"Kachin State","Tanai Township","Kin Sar Quarter",0109004
"Kachin State","Tanai Township","Du Kawng Quarter",0109005
"Kachin State","Tanai Township","Pon Khon Kawng Quarter",0109006
"Kachin State","Tanai Township","Ting Kauk Village Tract",0109200
"Kachin State","Tanai Township","Nam Hpyet Yang Village Tract",0109201
"Kachin State","Tanai Township","Nawng Lon Kawng Ra Village Tract",0109202
"Kachin State","Tanai Township","Mai Khun (Mone Hkawm) Village Tract",0109203
"Kachin State","Tanai Township","Ma Kaw Village Tract",0109204
"Kachin State","Tanai Township","Shin Lon Ga Village Tract",0109205
"Kachin State","Tanai Township","Da Naing Yang Village Tract",0109206
"Kachin State","Tanai Township","In Htoi In Praw Village Tract",0109207
"Kachin State","Tanai Township","Gawt Lwng Yang Village Tract",0109208
"Kachin State","Tanai Township","Sa Rar Ka Htaung Village Tract",0109209
"Kachin State","Tanai Township","Zi Kawng Village Tract",0109210
"Kachin State","Tanai Township","In Gam Gar Village Tract",0109211
"Kachin State","Tanai Township","Shein Bway Kawng Village Tract",0109212
"Kachin State","Tanai Township","Ahr Hlyin Village Tract",0109213
"Kachin State","Tanai Township","Sim Sa Village Tract",0109214
"Kachin State","Tanai Township","Hka Long Village Tract",0109215
"Kachin State","Tanai Township","Ta Ron Village Tract",0109216
"Kachin State","Tanai Township","Sha Du Suk Village Tract",0109217
"Kachin State","Mogaung Township","Nam Yin Ward Quarter",0110001
"Kachin State","Mogaung Township","Oe Tan Quarter",0110002
"Kachin State","Mogaung Township","Ah Le Quarter",0110003
"Kachin State","Mogaung Township","Ah Shey Quarter",0110004
"Kachin State","Mogaung Township","Zay Kone Quarter",0110005
"Kachin State","Mogaung Township","Nat Gyi Kone Quarter",0110006
"Kachin State","Mogaung Township","Ywar Thit Quarter",0110007
"Kachin State","Mogaung Township","Nawng Kaing Taw Quarter",0110008
"Kachin State","Mogaung Township","Myo U Quarter",0110009
"Kachin State","Mogaung Township","Kyun Taw Quarter",0110010
"Kachin State","Mogaung Township","Ywar Thit Village Tract",0110200
"Kachin State","Mogaung Township","Nawng Kaing Htaw Village Tract",0110201
"Kachin State","Mogaung Township","Pin Hkar Village Tract",0110202
"Kachin State","Mogaung Township","Kyar Inn Village Tract",0110203
"Kachin State","Mogaung Township","Kyun Pin Thar Village Tract",0110204
"Kachin State","Mogaung Township","Yae Shin Village Tract",0110205
"Kachin State","Mogaung Township","Loi Li Yang Village Tract",0110206
"Kachin State","Mogaung Township","Man Ywet Village Tract",0110207
"Kachin State","Mogaung Township","Nyaung Kone Village Tract",0110208
"Kachin State","Mogaung Township","Saung Hkar Village Tract",0110209
"Kachin State","Mogaung Township","Nam Hai Village Tract",0110210
"Kachin State","Mogaung Township","Lwe Law Village Tract",0110211
"Kachin State","Mogaung Township","Moke Nawng Village Tract",0110212
"Kachin State","Mogaung Township","Aung Thar Village Tract",0110213
"Kachin State","Mogaung Township","Shwe Inn Village Tract",0110214
"Kachin State","Mogaung Township","Hto Pu Village Tract",0110215
"Kachin State","Mogaung Township","Inn Baung Village Tract",0110216
"Kachin State","Mogaung Township","Sar Hmaw Village Tract",0110217
"Kachin State","Mogaung Township","Ka War Yang Village Tract",0110218
"Kachin State","Mogaung Township","Taung Ni Village Tract",0110219
"Kachin State","Mogaung Township","Nam Ma Na Village Tract",0110220
"Kachin State","Mogaung Township","Pint Thar Village Tract",0110221
"Kachin State","Mogaung Township","Ohn Baung Village Tract",0110222
"Kachin State","Mogaung Township","Thaik War Kone Village Tract",0110223
"Kachin State","Mogaung Township","In Gyin Kone Village Tract",0110224
"Kachin State","Mogaung Township","Pin Baw Village Tract",0110225
"Kachin State","Mogaung Township","Kone Tan Gyi Village Tract",0110226
"Kachin State","Mogaung Township","Htone Yae Pauk Village Tract",0110227
"Kachin State","Mogaung Township","Nam Khwin Village Tract",0110228
"Kachin State","Mogaung Township","Nam Ma Tee Village Tract",0110229
"Kachin State","Mogaung Township","Thu Htay Kone Village Tract",0110230
"Kachin State","Mogaung Township","Mya Daung Village Tract",0110231
"Kachin State","Mogaung Township","Kan Hla Village Tract",0110232
"Kachin State","Mogaung Township","See Din Yang Village Tract",0110233
"Kachin State","Mogaung Township","Myo Thit Gyi Village Tract",0110234
"Kachin State","Mogaung Township","Lan Gwa Village Tract",0110235
"Kachin State","Mogaung Township","Nyaung Taw Village Tract",0110236
"Kachin State","Mogaung Township","Nam Hkam Village Tract",0110237
"Kachin State","Mogaung Township","Ma Ram Village Tract",0110238
"Kachin State","Mogaung Township","Oak Kyin Village Tract",0110239
"Kachin State","Mogaung Township","Ka Nyin Myine Village Tract",0110240
"Kachin State","Mohnyin Township","Nam Khar Quarter",0111001
"Kachin State","Mohnyin Township","Myo Ma Quarter",0111002
"Kachin State","Mohnyin Township","Oke Kyin Quarter",0111003
"Kachin State","Mohnyin Township","Ah Shey Su Quarter",0111004
"Kachin State","Mohnyin Township","Aung Tha Pyay Quarter",0111005
"Kachin State","Mohnyin Township","Pin Lon Village Tract",0111200
"Kachin State","Mohnyin Township","Maw Han Village Tract",0111201
"Kachin State","Mohnyin Township","Se Maing Ywar Thit Village Tract",0111202
"Kachin State","Mohnyin Township","Kar Tu Village Tract",0111203
"Kachin State","Mohnyin Township","Nyaung Kaing Village Tract",0111204
"Kachin State","Mohnyin Township","Bi Lu Village Tract",0111205
"Kachin State","Mohnyin Township","In Gyin Kone Village Tract",0111206
"Kachin State","Mohnyin Township","Nyaung Kone Village Tract",0111207
"Kachin State","Mohnyin Township","Pin He Village Tract",0111208
"Kachin State","Mohnyin Township","Inn Kone Village Tract",0111209
"Kachin State","Mohnyin Township","Let Pan Tan Village Tract",0111210
"Kachin State","Mohnyin Township","Ah Lel Taw Village Tract",0111211
"Kachin State","Mohnyin Township","Lel Mee Village Tract",0111212
"Kachin State","Mohnyin Township","Nam Saw Law Village Tract",0111213
"Kachin State","Mohnyin Township","Taung Inn Village Tract",0111214
"Kachin State","Mohnyin Township","Sa Nwin Kone Village Tract",0111215
"Kachin State","Mohnyin Township","Ma Mon Kaing Village Tract",0111216
"Kachin State","Mohnyin Township","Kone Ma Na Village Tract",0111217
"Kachin State","Mohnyin Township","Maing Poke Village Tract",0111218
"Kachin State","Mohnyin Township","Lwe Mun Village Tract",0111219
"Kachin State","Mohnyin Township","Nyaung Pin Village Tract",0111220
"Kachin State","Mohnyin Township","Long Sant Village Tract",0111221
"Kachin State","Mohnyin Township","He Pu Village Tract",0111222
"Kachin State","Mohnyin Township","Chaung Wa Village Tract",0111223
"Kachin State","Mohnyin Township","Pan Lar Village Tract",0111224
"Kachin State","Mohnyin Township","Ma Pyin Village Tract",0111225
"Kachin State","Mohnyin Township","He Lon Village Tract",0111226
"Kachin State","Mohnyin Township","Ywar Thit Kone Village Tract",0111227
"Kachin State","Mohnyin Township","Nam Poke Village Tract",0111228
"Kachin State","Mohnyin Township","Myo Thit Ka Lay Village Tract",0111229
"Kachin State","Mohnyin Township","Ta Kwin Village Tract",0111230
"Kachin State","Mohnyin Township","Kyar Gyi Kwin Village Tract",0111231
"Kachin State","Mohnyin Township","Ywar Thit Gyi Village Tract",0111232
"Kachin State","Mohnyin Township","Zaw Ti Kone Village Tract",0111233
"Kachin State","Mohnyin Township","Khun Hnit Maing Kone Tan Village Tract",0111234
"Kachin State","Mohnyin Township","Inn Lay Village Tract",0111235
"Kachin State","Mohnyin Township","Nam Yin Village Tract",0111236
"Kachin State","Mohnyin Township","Shwe Let Pan Village Tract",0111237
"Kachin State","Mohnyin Township","Min Kone Village Tract",0111238
"Kachin State","Shwegu Township","No (1) Quarter",0112001
"Kachin State","Shwegu Township","No (2) Quarter",0112002
"Kachin State","Shwegu Township","No (3) Quarter",0112003
"Kachin State","Shwegu Township","No (4) Quarter",0112004
"Kachin State","Shwegu Township","Nawng Mo Village Tract",0112200
"Kachin State","Shwegu Township","Thin Baw Inn Village Tract",0112201
"Kachin State","Shwegu Township","Moe Sit Village Tract",0112202
"Kachin State","Shwegu Township","Yae Le Village Tract",0112203
"Kachin State","Shwegu Township","Sin Tat Village Tract",0112204
"Kachin State","Shwegu Township","Sin Hpoke Village Tract",0112205
"Kachin State","Shwegu Township","Nga Bat Gyi Village Tract",0112206
"Kachin State","Shwegu Township","Pan Tin Village Tract",0112207
"Kachin State","Shwegu Township","Si Thaung Village Tract",0112208
"Kachin State","Shwegu Township","Man Wein Village Tract",0112209
"Kachin State","Shwegu Township","Si Thar Village Tract",0112210
"Kachin State","Shwegu Township","Si Maw Village Tract",0112211
"Kachin State","Shwegu Township","Si Mu Gyi Village Tract",0112212
"Kachin State","Shwegu Township","Nawng Let Gyi Village Tract",0112213
"Kachin State","Shwegu Township","Taw Pone Village Tract",0112214
"Kachin State","Shwegu Township","Bo Kone Village Tract",0112215
"Kachin State","Shwegu Township","Shwe Bon Thar Village Tract",0112216
"Kachin State","Shwegu Township","Ting Hun Village Tract",0112217
"Kachin State","Shwegu Township","Tha Yet Kone Village Tract",0112218
"Kachin State","Shwegu Township","Seik Thar Village Tract",0112219
"Kachin State","Shwegu Township","Tha Pyay Hla Village Tract",0112220
"Kachin State","Shwegu Township","Ma Ni Aw Ga Village Tract",0112221
"Kachin State","Shwegu Township","Kyauk Gyi Village Tract",0112222
"Kachin State","Shwegu Township","Myo Kone Village Tract",0112223
"Kachin State","Shwegu Township","Si Thaw Village Tract",0112224
"Kachin State","Shwegu Township","Nam Hku Village Tract",0112225
"Kachin State","Shwegu Township","La Hpai Ka Htaung Village Tract",0112226
"Kachin State","Shwegu Township","Hpa Lat Loi Baw Village Tract",0112227
"Kachin State","Shwegu Township","Da Shee Loi Baw Village Tract",0112228
"Kachin State","Shwegu Township","Kin La Kawng Village Tract",0112229
"Kachin State","Shwegu Township","Hpa Wut Village Tract",0112230
"Kachin State","Shwegu Township","Ah Mat Gyi Kone Village Tract",0112231
"Kachin State","Shwegu Township","Min Kyaung Kone Village Tract",0112232
"Kachin State","Shwegu Township","Pan Khun Yang Village Tract",0112233
"Kachin State","Shwegu Township","Hka Hpauk Village Tract",0112234
"Kachin State","Shwegu Township","Hka Ba Yawng Village Tract",0112235
"Kachin State","Shwegu Township","Shwe Chaung Thar Village Tract",0112236
"Kachin State","Bhamo Township","Khun Thar Quarter",0113001
"Kachin State","Bhamo Township","Myo Ma Quarter",0113002
"Kachin State","Bhamo Township","Ah Lel Yat Quarter",0113003
"Kachin State","Bhamo Township","Min Kone Quarter",0113004
"Kachin State","Bhamo Township","Thar Si Quarter",0113005
"Kachin State","Bhamo Township","Pauk Kone Quarter",0113006
"Kachin State","Bhamo Township","Min Kyaung Kone Quarter",0113007
"Kachin State","Bhamo Township","Nyaung Pin Quarter",0113008
"Kachin State","Bhamo Township","Thi Ri Quarter",0113009
"Kachin State","Bhamo Township","Sin Kone Quarter",0113010
"Kachin State","Bhamo Township","Nam Hpar Quarter",0113011
"Kachin State","Bhamo Township","Nawng Kho Quarter",0113012
"Kachin State","Bhamo Township","Shwe Kyee Nar Quarter",0113013
"Kachin State","Bhamo Township","Shwe Pyi Thar Ward Quarter",0113014
"Kachin State","Bhamo Township","Han Te Quarter",0113015
"Kachin State","Bhamo Township","Aung Thar Quarter",0113016
"Kachin State","Bhamo Township","Kywe Gyo Kan Ba Ni Village Tract",0113200
"Kachin State","Bhamo Township","Chaung Wa Village Tract",0113201
"Kachin State","Bhamo Township","Nawng Laik Village Tract",0113202
"Kachin State","Bhamo Township","Man Khun Village Tract",0113203
"Kachin State","Bhamo Township","Wet Kone Village Tract",0113204
"Kachin State","Bhamo Township","Kho Kyin Village Tract",0113205
"Kachin State","Bhamo Township","Man Hpar Village Tract",0113206
"Kachin State","Bhamo Township","Si In Village Tract",0113207
"Kachin State","Bhamo Township","Moe Hping Village Tract",0113208
"Kachin State","Bhamo Township","Tar Maing Lon Village Tract",0113209
"Kachin State","Bhamo Township","He Lon Thit Village Tract",0113210
"Kachin State","Bhamo Township","He Lon Haung Village Tract",0113211
"Kachin State","Bhamo Township","Sai Kin Village Tract",0113212
"Kachin State","Bhamo Township","Ma Lu La Village Tract",0113213
"Kachin State","Bhamo Township","Nam Hlaing Village Tract",0113214
"Kachin State","Bhamo Township","Hku Li Village Tract",0113215
"Kachin State","Bhamo Township","Ma Au Pin Village Tract",0113216
"Kachin State","Bhamo Township","Man Yay Village Tract",0113217
"Kachin State","Bhamo Township","Sint Kin Village Tract",0113218
"Kachin State","Bhamo Township","Thing Ling Village Tract",0113219
"Kachin State","Bhamo Township","Han Te Village Tract",0113220
"Kachin State","Bhamo Township","Kone Ma Hat Village Tract",0113221
"Kachin State","Bhamo Township","Si He Village Tract",0113222
"Kachin State","Bhamo Township","Kan Ba Ni Village Tract",0113223
"Kachin State","Bhamo Township","Nyaung Pin Thar Village Tract",0113224
"Kachin State","Bhamo Township","Sar Wa Tee Village Tract",0113225
"Kachin State","Bhamo Township","Man Yut Village Tract",0113226
"Kachin State","Bhamo Township","Man Ma Lin Village Tract",0113227
"Kachin State","Bhamo Township","Kone Hkar Village Tract",0113228
"Kachin State","Bhamo Township","Man Pin Village Tract",0113229
"Kachin State","Bhamo Township","Kyun Gyi Village Tract",0113230
"Kachin State","Bhamo Township","Maing Kar Village Tract",0113231
"Kachin State","Bhamo Township","Tha Hpan Pin Village Tract",0113232
"Kachin State","Bhamo Township","Hnget Pyaw Taw Village Tract",0113233
"Kachin State","Bhamo Township","Mya Zay Di Village Tract",0113234
"Kachin State","Bhamo Township","Par Pawng Village Tract",0113235
"Kachin State","Bhamo Township","Kawng Sint Village Tract",0113236
"Kachin State","Bhamo Township","Yae Ni Village Tract",0113237
"Kachin State","Bhamo Township","Kan Thar Village Tract",0113238
"Kachin State","Bhamo Township","Let Pan Tan Village Tract",0113239
"Kachin State","Bhamo Township","Tein Thaw Village Tract",0113240
"Kachin State","Bhamo Township","Sin Hkan Village Tract",0113241
"Kachin State","Bhamo Township","Kawng Ton Village Tract",0113242
"Kachin State","Bhamo Township","Nawng Mo Village Tract",0113243
"Kachin State","Bhamo Township","Aung Thar Village Tract",0113244
"Kachin State","Mansi Township","Maw Ya Wa Di Quarter",0114001
"Kachin State","Mansi Township","Jein Hpawt Myay Quarter",0114002
"Kachin State","Mansi Township","Pyin Oo Lwin Quarter",0114003
"Kachin State","Mansi Township","Kawng Yar Quarter",0114004
"Kachin State","Mansi Township","Chaung Htauk Village Tract",0114200
"Kachin State","Mansi Township","Man Hkan Yi Hku Village Tract",0114201
"Kachin State","Mansi Township","Han Htet Village Tract",0114202
"Kachin State","Mansi Township","Kone Tein Village Tract",0114203
"Kachin State","Mansi Township","Nam Ma Hpweit Village Tract",0114204
"Kachin State","Mansi Township","Man Thar (Mansi) Village Tract",0114205
"Kachin State","Mansi Township","Mong Hkawng Village Tract",0114206
"Kachin State","Mansi Township","Je Sum Village Tract",0114207
"Kachin State","Mansi Township","La Jawng Village Tract",0114208
"Kachin State","Mansi Township","Ma Dang Yang Village Tract",0114209
"Kachin State","Mansi Township","Au Ra Bum Village Tract",0114210
"Kachin State","Mansi Township","In Bar Par Village Tract",0114211
"Kachin State","Mansi Township","Zein Rong Village Tract",0114212
"Kachin State","Mansi Township","Dum Buk Village Tract",0114213
"Kachin State","Mansi Township","Gaing Daw Man Bang (Man Bang Bum) Village Tract",0114214
"Kachin State","Mansi Township","Hka Na Par Village Tract",0114215
"Kachin State","Mansi Township","Sa Done Village Tract",0114216
"Kachin State","Mansi Township","Mai Bat Village Tract",0114217
"Kachin State","Mansi Township","Ton Huong Village Tract",0114218
"Kachin State","Mansi Township","Ding Sing (Ding Sing Par) Village Tract",0114219
"Kachin State","Mansi Township","Man Wein Village Tract",0114220
"Kachin State","Mansi Township","Man Mawn Village Tract",0114221
"Kachin State","Mansi Township","Nawng Loke Village Tract",0114222
"Kachin State","Mansi Township","Nawng Tsum Village Tract",0114223
"Kachin State","Mansi Township","Pan Hkam Village Tract",0114224
"Kachin State","Mansi Township","Nam Hkar Par Village Tract",0114225
"Kachin State","Mansi Township","La Gat Dawt Village Tract",0114226
"Kachin State","Mansi Township","Kaik Hteik Village Tract",0114227
"Kachin State","Mansi Township","Zaw Bon Hting Nu Village Tract",0114228
"Kachin State","Mansi Township","Bang Gaw Hting Nu Village Tract",0114229
"Kachin State","Mansi Township","Au Lang Par Village Tract",0114230
"Kachin State","Mansi Township","Kawng Lwin Village Tract",0114231
"Kachin State","Mansi Township","Si Au Village Tract",0114232
"Kachin State","Mansi Township","Si Kaw Village Tract",0114233
"Kachin State","Mansi Township","Than Ta Dar Village Tract",0114234
"Kachin State","Mansi Township","Si Hkam Gyi Village Tract",0114235
"Kachin State","Mansi Township","Nam Lin Par Village Tract",0114236
"Kachin State","Mansi Township","Mung Ding Par Village Tract",0114237
"Kachin State","Mansi Township","Ta Maw Village Tract",0114238
"Kachin State","Mansi Township","La Khum Yar Ma Village Tract",0114239
"Kachin State","Momauk Township","Khar Nan Quarter",0115001
"Kachin State","Momauk Township","Ah Lin Kawng Quarter",0115002
"Kachin State","Momauk Township","Kyay Nan Waing Quarter",0115003
"Kachin State","Momauk Township","Man Pong Village Tract",0115200
"Kachin State","Momauk Township","Kyauk Sa Khan Village Tract",0115201
"Kachin State","Momauk Township","Ja Ri Da Gaw Village Tract",0115202
"Kachin State","Momauk Township","Kun Bang Village Tract",0115203
"Kachin State","Momauk Township","Ja Hkan Dat Village Tract",0115204
"Kachin State","Momauk Township","Gwei Ka Htaung Village Tract",0115205
"Kachin State","Momauk Township","Hpa Kawm Village Tract",0115206
"Kachin State","Momauk Township","Prang Hu Dong Village Tract",0115207
"Kachin State","Momauk Township","Ma Ru War Htang Village Tract",0115208
"Kachin State","Momauk Township","Myo Thit Village Tract",0115209
"Kachin State","Momauk Township","Min Jang Village Tract",0115210
"Kachin State","Momauk Township","Si Kaw Village Tract",0115211
"Kachin State","Momauk Township","Khon Sint Village Tract",0115212
"Kachin State","Momauk Township","Man Nawng Village Tract",0115213
"Kachin State","Momauk Township","Hnin Ei Village Tract",0115214
"Kachin State","Momauk Township","Pan Choe Hai Village Tract",0115215
"Kachin State","Momauk Township","Ma Khwei Village Tract",0115216
"Kachin State","Momauk Township","Nawng Kun (Nawng Kawn) Village Tract",0115217
"Kachin State","Momauk Township","Nawng Kon Village Tract",0115218
"Kachin State","Momauk Township","Maing Hkat Village Tract",0115219
"Kachin State","Momauk Township","Tar Li Village Tract",0115220
"Kachin State","Momauk Township","Num Lang Village Tract",0115221
"Kachin State","Momauk Township","Zee Wone Gawt Village Tract",0115222
"Kachin State","Momauk Township","Sein Long Village Tract",0115223
"Kachin State","Momauk Township","Pan Mu Village Tract",0115224
"Kachin State","Momauk Township","Kon Pyi Village Tract",0115225
"Kachin State","Momauk Township","Sein Long Kaji Village Tract",0115226
"Kachin State","Momauk Township","Ka Le Chet Village Tract",0115227
"Kachin State","Momauk Township","Man Maw Kawng Village Tract",0115228
"Kachin State","Momauk Township","Ba Lawng Kawng Village Tract",0115229
"Kachin State","Momauk Township","Bum Ka Htaung Village Tract",0115230
"Kachin State","Momauk Township","Kun Shee (Pun Shee) Village Tract",0115231
"Kachin State","Momauk Township","Kawng Hsa Village Tract",0115232
"Kachin State","Momauk Township","Prang Ngawn Village Tract",0115233
"Kachin State","Momauk Township","Bum Tawm Village Tract",0115234
"Kachin State","Momauk Township","Lawt Hkum Village Tract",0115235
"Kachin State","Momauk Township","Hka Rein Mu Dan Village Tract",0115236
"Kachin State","Momauk Township","Pan Hkat Village Tract",0115237
"Kachin State","Momauk Township","Wein Hkam Village Tract",0115238
"Kachin State","Momauk Township","Ma Kyang Village Tract",0115239
"Kachin State","Momauk Township","Ding Ga Yang Village Tract",0115240
"Kachin State","Momauk Township","In Baw Mai Kyin Village Tract",0115241
"Kachin State","Momauk Township","Au Htan Yang Village Tract",0115242
"Kachin State","Momauk Township","Tein Hpa Yar Village Tract",0115243
"Kachin State","Momauk Township","Thein Lon Village Tract",0115244
"Kachin State","Momauk Township","Hpar Kei Village Tract",0115245
"Kachin State","Momauk Township","Tar Sai Village Tract",0115246
"Kachin State","Momauk Township","Nar Lon Village Tract",0115247
"Kachin State","Momauk Township","Man Thea Village Tract",0115248
"Kachin State","Momauk Township","Ton Huong Yang Village Tract",0115249
"Kachin State","Momauk Township","Man Maw Village Tract",0115250
"Kachin State","Momauk Township","Man Ping (Ping) Village Tract",0115251
"Kachin State","Momauk Township","Lai Lum Li Saw Village Tract",0115252
"Kachin State","Hpakant Township","Maw Wam Quarter",0116001
"Kachin State","Hpakant Township","Hnget Pyaw Taw Quarter",0116002
"Kachin State","Hpakant Township","Myo Ma Quarter",0116003
"Kachin State","Hpakant Township","Aye Mya Thar Yar Quarter",0116004
"Kachin State","Hpakant Township","Ma Shi Ka Htaung Quarter",0116005
"Kachin State","Hpakant Township","Long Hkin Village Tract",0116200
"Kachin State","Hpakant Township","Nam Ma Hpyit Village Tract",0116201
"Kachin State","Hpakant Township","Seik Mu Village Tract",0116202
"Kachin State","Hpakant Township","Hawng Par Village Tract",0116203
"Kachin State","Hpakant Township","Dun Bone Hka Village Tract",0116204
"Kachin State","Hpakant Township","La War Village Tract",0116205
"Kachin State","Hpakant Township","Dun Bang Village Tract",0116206
"Kachin State","Hpakant Township","Nawng Mi Village Tract",0116207
"Kachin State","Hpakant Township","Wa Ra Zut Village Tract",0116208
"Kachin State","Hpakant Township","Gaw Ri Village Tract",0116209
"Kachin State","Hpakant Township","Kawng Ra Village Tract",0116210
"Kachin State","Hpakant Township","Nam Si In Village Tract",0116211
"Kachin State","Hpakant Township","Ka Htan Yang Village Tract",0116212
"Kachin State","Hpakant Township","Nam Ya Village Tract",0116213
"Kachin State","Hpakant Township","Kat Hmaw Sut Village Tract",0116214
"Kachin State","Tsawlaw Township","Tsawlaw Quarter",0117001
"Kachin State","Tsawlaw Township","La Hkam Village Tract",0117200
"Kachin State","Tsawlaw Township","Yin Kyang Village Tract",0117201
"Kachin State","Tsawlaw Township","Wa Hawng Village Tract",0117202
"Kachin State","Tsawlaw Township","Man Kyi Village Tract",0117203
"Kachin State","Tsawlaw Township","Han Kaw Village Tract",0117204
"Kachin State","Tsawlaw Township","Yaw Jaw Village Tract",0117205
"Kachin State","Tsawlaw Township","Jit Loi Village Tract",0117206
"Kachin State","Tsawlaw Township","Laung Din Village Tract",0117207
"Kachin State","Tsawlaw Township","Shin Swei Village Tract",0117208
"Kachin State","Tsawlaw Township","Myaw Jaung Village Tract",0117209
"Kachin State","Tsawlaw Township","Man Byawt Village Tract",0117210
"Kachin State","Tsawlaw Township","Gawt Maw Village Tract",0117211
"Kachin State","Tsawlaw Township","Nung Boke Village Tract",0117212
"Kachin State","Tsawlaw Township","Lawng Lang Village Tract",0117213
"Kachin State","Tsawlaw Township","Zan Yu Village Tract",0117214
"Kachin State","Tsawlaw Township","Boke Ran Village Tract",0117215
"Kachin State","Tsawlaw Township","Sha Hpat Village Tract",0117216
"Kachin State","Tsawlaw Township","Kyee Shin Village Tract",0117217
"Kachin State","Tsawlaw Township","Wa Myit Village Tract",0117218
"Kachin State","Tsawlaw Township","La Za Village Tract",0117219
"Kachin State","Tsawlaw Township","Htaw Lang Village Tract",0117220
"Kachin State","Tsawlaw Township","La Kin Village Tract",0117221
"Kachin State","Tsawlaw Township","Lar Chin Village Tract",0117222
"Kachin State","Tsawlaw Township","Jar Ran Village Tract",0117223
"Kachin State","Tsawlaw Township","Ba Shea Village Tract",0117224
"Kachin State","Khaunglanhpu Township","No (1) Quarter",0118001
"Kachin State","Khaunglanhpu Township","No (2) Quarter",0118002
"Kachin State","Khaunglanhpu Township","No (3) Quarter",0118003
"Kachin State","Khaunglanhpu Township","No (4) Quarter",0118004
"Kachin State","Khaunglanhpu Township","Hta Lar Law Village Tract",0118200
"Kachin State","Khaunglanhpu Township","Hkaw Lar Dar Ho Village Tract",0118201
"Kachin State","Khaunglanhpu Township","Man Kun Dam Village Tract",0118202
"Kachin State","Khaunglanhpu Township","Da Ham Village Tract",0118203
"Kachin State","Khaunglanhpu Township","Ah Ku Village Tract",0118204
"Kachin State","Khaunglanhpu Township","Ka Khin Village Tract",0118205
"Kachin State","Khaunglanhpu Township","Kawng Lo Lat Village Tract",0118206
"Kachin State","Khaunglanhpu Township","Nyi Wan Htan Village Tract",0118207
"Kachin State","Khaunglanhpu Township","Ya Man Chi Village Tract",0118208
"Kachin State","Khaunglanhpu Township","Chi Htu Hpan Village Tract",0118209
"Kachin State","Khaunglanhpu Township","Zan Yawt Village Tract",0118210
"Kachin State","Khaunglanhpu Township","Zee Htan Village Tract",0118211
"Kachin State","Khaunglanhpu Township","Dar Lang Village Tract",0118212
"Kachin State","Khaunglanhpu Township","Lar Tar Kaw Village Tract",0118213
"Kachin State","Khaunglanhpu Township","Za Nin Hti Village Tract",0118214
"Kachin State","Khaunglanhpu Township","Hpi Zaw Village Tract",0118215
"Kachin State","Khaunglanhpu Township","Hta Hpone Village Tract",0118216
"Kachin State","Khaunglanhpu Township","Yat Mar Village Tract",0118217
"Kachin State","Khaunglanhpu Township","Shi Lang Dam Village Tract",0118218
"Kachin State","Khaunglanhpu Township","Nam Ching Village Tract",0118219
"Kachin State","Khaunglanhpu Township","La Jar Ga Village Tract",0118220
"Kachin State","Khaunglanhpu Township","Khin Lum Village Tract",0118221
"Kachin State","Khaunglanhpu Township","Ma Shawt Hku Village Tract",0118222
"Kachin State","Khaunglanhpu Township","Hta Ri Wan Kawng Village Tract",0118223
"Kachin State","Sinbo Town","Aye Yar U Quarter",0160001
"Kachin State","Sinbo Town","Aung Min Ga Lar Quarter",0160002
"Kachin State","Sinbo Town","Aung Chan Thar Quarter",0160003
"Kachin State","Pannandin Town","Myo Ma Quarter",0161001
"Kachin State","Pang War Town","No (1) Quarter",0162001
"Kachin State","Pang War Town","No (2) Quarter",0162002
"Kachin State","Pang War Town","No (3) Quarter",0162003
"Kachin State","Sadung Town","No (1) Quarter",0163001
"Kachin State","Sadung Town","No (2) Quarter",0163002
"Kachin State","Sadung Town","No (3) Quarter",0163003
"Kachin State","Sadung Town","No (4) Quarter",0163004
"Kachin State","Sadung Town","No (5) Quarter",0163005
"Kachin State","Kan Paik Ti Town","No (1) Quarter",0164001
"Kachin State","Kan Paik Ti Town","No (2) Quarter",0164002
"Kachin State","Kan Paik Ti Town","No (3) Quarter",0164003
"Kachin State","Shin Bway Yang Town","No (1) Quarter",0165001
"Kachin State","Shin Bway Yang Town","No (2) Quarter",0165002
"Kachin State","Shin Bway Yang Town","No (3) Quarter",0165003
"Kachin State","Shin Bway Yang Town","No (4) Quarter",0165004
"Kachin State","Nammatee Town","Myo Ma Quarter",0166001
"Kachin State","Nammatee Town","Myo U Quarter",0166002
"Kachin State","Nammatee Town","Myo Hla Quarter",0166003
"Kachin State","Nammatee Town","Myo Thar Yar Quarter",0166004
"Kachin State","Hopin Town","Mya Thi Dar Quarter",0167001
"Kachin State","Hopin Town","Mya Zay Yar Quarter",0167002
"Kachin State","Hopin Town","Myo Ma (South) Quarter",0167003
"Kachin State","Hopin Town","Myo Ma (North) Quarter",0167004
"Kachin State","Inn Taw Gyi Town","Shwe Inn Thar Quarter",0168001
"Kachin State","Inn Taw Gyi Town","Shwe Pyi Thar Quarter",0168002
"Kachin State","Inn Taw Gyi Town","Shwe Chaung Thar Quarter",0168003
"Kachin State","Inn Taw Gyi Town","Taung Tan Thar Quarter",0168004
"Kachin State","Nam Mun Town","No (1) Quarter",0169001
"Kachin State","Nam Mun Town","No (2) Quarter",0169002
"Kachin State","Nam Mun Town","No (3) Quarter",0169003
"Kachin State","Nam Mun Town","No (4) Quarter",0169004
"Kachin State","Nam Mar Town","Myo Ma Yan Aung Quarter",0170001
"Kachin State","Nam Mar Town","Nyaung Kone Quarter",0170002
"Kachin State","Nam Mar Town","Shan Su Quarter",0170003
"Kachin State","Nam Mar Town","Nan Thar Yar Quarter",0170004
"Kachin State","Nam Mar Town","Chaung Thar Quarter",0170005
"Kachin State","Myo Hla Town","No (1) Quarter",0171001
"Kachin State","Myo Hla Town","No (2) Quarter",0171002
"Kachin State","Myo Hla Town","No (3) Quarter",0171003
"Kachin State","Myo Hla Town","No (4) Quarter",0171004
"Kachin State","Lwegel Town","Aung Min Ga Lar Quarter",0172001
"Kachin State","Lwegel Town","Aung Thi Ri Quarter",0172002
"Kachin State","Lwegel Town","Aung Chan Thar Quarter",0172003
"Kachin State","Lwegel Town","Aung Thit Sar Quarter",0172004
"Kachin State","Lwegel Town","Aung Zay Yar Quarter",0172005
"Kachin State","Lwegel Town","Saing Gyar Quarter",0172006
"Kachin State","Lwegel Town","Kawng Nan Quarter",0172007
"Kachin State","Dawthponeyan Town","No (1) Quarter",0173001
"Kachin State","Dawthponeyan Town","No (2) Quarter",0173002
"Kachin State","Dawthponeyan Town","No (3) Quarter",0173003
"Kachin State","Kamaing Town","Kamaing Quarter",0174001
