﻿Region,"Town / Township","Quarter / Village Tract","Postal Code"
"နေပြည်တော် (ပြည်ထောင်စုနယ်မြေ)","ဇမ္ဗူသီရိ မြို့နယ်","ဇေယျသိဒ္ဓိ ရပ်ကွက်",1501001
"နေပြည်တော် (ပြည်ထောင်စုနယ်မြေ)","ဇမ္ဗူသီရိ မြို့နယ်","ပညာသိဒ္ဓိ ရပ်ကွက်",1501002
"နေပြည်တော် (ပြည်ထောင်စုနယ်မြေ)","ဇမ္ဗူသီရိ မြို့နယ်","မင်္ဂလာသိဒ္ဓိ ရပ်ကွက်",1501003
"နေပြည်တော် (ပြည်ထောင်စုနယ်မြေ)","ဇမ္ဗူသီရိ မြို့နယ်","ဘောဂသိဒ္ဓိ ရပ်ကွက်",1501004
"နေပြည်တော် (ပြည်ထောင်စုနယ်မြေ)","ဇမ္ဗူသီရိ မြို့နယ်","သပြေကုန်း ရပ်ကွက်",1501005
"နေပြည်တော် (ပြည်ထောင်စုနယ်မြေ)","ဇမ္ဗူသီရိ မြို့နယ်","ဝဏ္ဏသိဒ္ဓိ ရပ်ကွက်",1501006
"နေပြည်တော် (ပြည်ထောင်စုနယ်မြေ)","ဇမ္ဗူသီရိ မြို့နယ်","သုခသိဒ္ဓိ ရပ်ကွက်",1501007
"နေပြည်တော် (ပြည်ထောင်စုနယ်မြေ)","ဇမ္ဗူသီရိ မြို့နယ်","ဉာဏသိဒ္ဓိ ရပ်ကွက်",1501008
"နေပြည်တော် (ပြည်ထောင်စုနယ်မြေ)","ဇမ္ဗူသီရိ မြို့နယ်","ဗလသိဒ္ဓိ ရပ်ကွက်",1501009
"နေပြည်တော် (ပြည်ထောင်စုနယ်မြေ)","ဇမ္ဗူသီရိ မြို့နယ်","ဓနသိဒ္ဓိ ရပ်ကွက်",1501010
"နေပြည်တော် (ပြည်ထောင်စုနယ်မြေ)","ဇမ္ဗူသီရိ မြို့နယ်","ရွှေကြာပင် ရပ်ကွက်",1501011
"နေပြည်တော် (ပြည်ထောင်စုနယ်မြေ)","ဇမ္ဗူသီရိ မြို့နယ်","အောင်ဇမ္ဗူ ရပ်ကွက်",1501012
"နေပြည်တော် (ပြည်ထောင်စုနယ်မြေ)","ပျဉ်းမနား မြို့နယ်","ရွာကောက် ရပ်ကွက်",1502001
"နေပြည်တော် (ပြည်ထောင်စုနယ်မြေ)","ပျဉ်းမနား မြို့နယ်","ရန်အောင် (၁) ရပ်ကွက်",1502002
"နေပြည်တော် (ပြည်ထောင်စုနယ်မြေ)","ပျဉ်းမနား မြို့နယ်","ရန်အောင် (၂) ရပ်ကွက်",1502003
"နေပြည်တော် (ပြည်ထောင်စုနယ်မြေ)","ပျဉ်းမနား မြို့နယ်","ရွှေချီ ရပ်ကွက်",1502004
"နေပြည်တော် (ပြည်ထောင်စုနယ်မြေ)","ပျဉ်းမနား မြို့နယ်","မင်္ဂလာ ရပ်ကွက်",1502005
"နေပြည်တော် (ပြည်ထောင်စုနယ်မြေ)","ပျဉ်းမနား မြို့နယ်","ဘောဂဝတီ ရပ်ကွက်",1502006
"နေပြည်တော် (ပြည်ထောင်စုနယ်မြေ)","ပျဉ်းမနား မြို့နယ်","ဥယျာဉ်စု ရပ်ကွက်",1502007
"နေပြည်တော် (ပြည်ထောင်စုနယ်မြေ)","တပ်ကုန်း မြို့နယ်","ဘုရင့်နောင် ရပ်ကွက်",1503001
"နေပြည်တော် (ပြည်ထောင်စုနယ်မြေ)","တပ်ကုန်း မြို့နယ်","အောင်ဇေယျ ရပ်ကွက်",1503002
"နေပြည်တော် (ပြည်ထောင်စုနယ်မြေ)","တပ်ကုန်း မြို့နယ်","မြဝတီ ရပ်ကွက်",1503003
"နေပြည်တော် (ပြည်ထောင်စုနယ်မြေ)","တပ်ကုန်း မြို့နယ်","ဗိုလ်မင်းရောင် ရပ်ကွက်",1503004
"နေပြည်တော် (ပြည်ထောင်စုနယ်မြေ)","တပ်ကုန်း မြို့နယ်","ဆရာစံ ရပ်ကွက်",1503005
"နေပြည်တော် (ပြည်ထောင်စုနယ်မြေ)","တပ်ကုန်း မြို့နယ်","အနော်ရထာ ရပ်ကွက်",1503006
"နေပြည်တော် (ပြည်ထောင်စုနယ်မြေ)","လယ်ဝေး မြို့နယ်","အမှတ် (၁) ရပ်ကွက်",1504001
"နေပြည်တော် (ပြည်ထောင်စုနယ်မြေ)","လယ်ဝေး မြို့နယ်","အမှတ် (၂) ရပ်ကွက်",1504002
"နေပြည်တော် (ပြည်ထောင်စုနယ်မြေ)","လယ်ဝေး မြို့နယ်","အမှတ် (၃) ရပ်ကွက်",1504003
"နေပြည်တော် (ပြည်ထောင်စုနယ်မြေ)","လယ်ဝေး မြို့နယ်","အမှတ် (၄) ရပ်ကွက်",1504004
"နေပြည်တော် (ပြည်ထောင်စုနယ်မြေ)","လယ်ဝေး မြို့နယ်","အမှတ် (၅) ရပ်ကွက်",1504005
"နေပြည်တော် (ပြည်ထောင်စုနယ်မြေ)","လယ်ဝေး မြို့နယ်","အမှတ် (၆) ရပ်ကွက်",1504006
"နေပြည်တော် (ပြည်ထောင်စုနယ်မြေ)","လယ်ဝေး မြို့နယ်","အမှတ် (၇) ရပ်ကွက်",1504007
"နေပြည်တော် (ပြည်ထောင်စုနယ်မြေ)","ဇေယျာသီရိ မြို့နယ်","ကျန်စစ်သား ရပ်ကွက်",1505001
"နေပြည်တော် (ပြည်ထောင်စုနယ်မြေ)","ဇေယျာသီရိ မြို့နယ်","အနော်ရထာ ရပ်ကွက်",1505002
"နေပြည်တော် (ပြည်ထောင်စုနယ်မြေ)","ဇေယျာသီရိ မြို့နယ်","ပြည်စံအောင် ရပ်ကွက်",1505003
"နေပြည်တော် (ပြည်ထောင်စုနယ်မြေ)","ဇေယျာသီရိ မြို့နယ်","အောင်ဇေယျ ရပ်ကွက်",1505004
"နေပြည်တော် (ပြည်ထောင်စုနယ်မြေ)","ဇေယျာသီရိ မြို့နယ်","ပုပ္ပါးကုန်း ရပ်ကွက်",1505005
"နေပြည်တော် (ပြည်ထောင်စုနယ်မြေ)","ဒက္ခိဏသီရိ မြို့နယ်","ဒက္ခိဏသီရိ ရပ်ကွက်",1506001
"နေပြည်တော် (ပြည်ထောင်စုနယ်မြေ)","ဒက္ခိဏသီရိ မြို့နယ်","ရွှေအင်ကြင်း ရပ်ကွက်",1506002
"နေပြည်တော် (ပြည်ထောင်စုနယ်မြေ)","ပုဗ္ဗသီရိ မြို့နယ်","ဘုရင့်နောင် ရပ်ကွက်",1507001
"နေပြည်တော် (ပြည်ထောင်စုနယ်မြေ)","ပုဗ္ဗသီရိ မြို့နယ်","အောင်သာယာ ရပ်ကွက်",1507002
"နေပြည်တော် (ပြည်ထောင်စုနယ်မြေ)","ပုဗ္ဗသီရိ မြို့နယ်","မင်္ဂလာဒီပ ရပ်ကွက်",1507003
"နေပြည်တော် (ပြည်ထောင်စုနယ်မြေ)","ပုဗ္ဗသီရိ မြို့နယ်","ဝဏ္ဏဒီပ ရပ်ကွက်",1507004
"နေပြည်တော် (ပြည်ထောင်စုနယ်မြေ)","ပုဗ္ဗသီရိ မြို့နယ်","သုခဒီပ ရပ်ကွက်",1507005
"နေပြည်တော် (ပြည်ထောင်စုနယ်မြေ)","ပုဗ္ဗသီရိ မြို့နယ်","ဇဝနဒီပ ရပ်ကွက်",1507006
"နေပြည်တော် (ပြည်ထောင်စုနယ်မြေ)","ပုဗ္ဗသီရိ မြို့နယ်","ရတနာဒီပ ရပ်ကွက်",1507007
"နေပြည်တော် (ပြည်ထောင်စုနယ်မြေ)","ပုဗ္ဗသီရိ မြို့နယ်","ဇေယျာဒီပ ရပ်ကွက်",1507008
"နေပြည်တော် (ပြည်ထောင်စုနယ်မြေ)","ပုဗ္ဗသီရိ မြို့နယ်","ဆင်ဖြူရှင် ရပ်ကွက်",1507009
"နေပြည်တော် (ပြည်ထောင်စုနယ်မြေ)","ပုဗ္ဗသီရိ မြို့နယ်","နဝဒေး ရပ်ကွက်",1507010
"နေပြည်တော် (ပြည်ထောင်စုနယ်မြေ)","ပုဗ္ဗသီရိ မြို့နယ်","တပင်ရွှေထီး ရပ်ကွက်",1507011
"နေပြည်တော် (ပြည်ထောင်စုနယ်မြေ)","ပုဗ္ဗသီရိ မြို့နယ်","ကျည်တောင်ကန်အမှတ် (၁)  (မြို့သစ်) ရပ်ကွက်",1507012
"နေပြည်တော် (ပြည်ထောင်စုနယ်မြေ)","ပုဗ္ဗသီရိ မြို့နယ်","ကျည်တောင်ကန်အမှတ် (၂)  (မြို့မ) ရပ်ကွက်",1507013
"နေပြည်တော် (ပြည်ထောင်စုနယ်မြေ)","ပုဗ္ဗသီရိ မြို့နယ်","ကျည်တောင်ကန်အမှတ် (၃)  (မြို့ဟောင်း) ရပ်ကွက်",1507014
"နေပြည်တော် (ပြည်ထောင်စုနယ်မြေ)","ပုဗ္ဗသီရိ မြို့နယ်","ကျည်တောင်ကန်အမှတ် (၄)  (ကမ်းနား) ရပ်ကွက်",1507015
"နေပြည်တော် (ပြည်ထောင်စုနယ်မြေ)","ပုဗ္ဗသီရိ မြို့နယ်","ကျည်တောင်ကန်အမှတ် (၅)  (ဆုံကုန်း) ရပ်ကွက်",1507016
"နေပြည်တော် (ပြည်ထောင်စုနယ်မြေ)","ပုဗ္ဗသီရိ မြို့နယ်","ကျည်တောင်ကန်အမှတ် (၆) (သဲကျွန်း) ရပ်ကွက်",1507017
"နေပြည်တော် (ပြည်ထောင်စုနယ်မြေ)","ဥတ္တရသီရိ မြို့နယ်","ရွှေနံသာ ရပ်ကွက်",1508001
"နေပြည်တော် (ပြည်ထောင်စုနယ်မြေ)","ဥတ္တရသီရိ မြို့နယ်","ဥတ္တရသီရိ ရပ်ကွက်",1508002
