﻿Region,"Town / Township","Ward / Village Tract","Postal Code"
ဧရာဝတီတိုင်းဒေသကြီး,"ပုသိမ် မြို့နယ်","အမှတ် (၁) ရပ်ကွက်",1001001
ဧရာဝတီတိုင်းဒေသကြီး,"ပုသိမ် မြို့နယ်","အမှတ် (၂) ရပ်ကွက်",1001002
ဧရာဝတီတိုင်းဒေသကြီး,"ပုသိမ် မြို့နယ်","အမှတ် (၃) ရပ်ကွက်",1001003
ဧရာဝတီတိုင်းဒေသကြီး,"ပုသိမ် မြို့နယ်","အမှတ် (၄) ရပ်ကွက်",1001004
ဧရာဝတီတိုင်းဒေသကြီး,"ပုသိမ် မြို့နယ်","အမှတ် (၅) ရပ်ကွက်",1001005
ဧရာဝတီတိုင်းဒေသကြီး,"ပုသိမ် မြို့နယ်","အမှတ် (၆) ရပ်ကွက်",1001006
ဧရာဝတီတိုင်းဒေသကြီး,"ပုသိမ် မြို့နယ်","အမှတ် (၇) ရပ်ကွက်",1001007
ဧရာဝတီတိုင်းဒေသကြီး,"ပုသိမ် မြို့နယ်","အမှတ် (၈) ရပ်ကွက်",1001008
ဧရာဝတီတိုင်းဒေသကြီး,"ပုသိမ် မြို့နယ်","အမှတ် (၉) ရပ်ကွက်",1001009
ဧရာဝတီတိုင်းဒေသကြီး,"ပုသိမ် မြို့နယ်","အမှတ် (၁၀) ရပ်ကွက်",1001010
ဧရာဝတီတိုင်းဒေသကြီး,"ပုသိမ် မြို့နယ်","အမှတ် (၁၁) (ကန်တိုမင်နယ်မြေ) ရပ်ကွက်",1001011
ဧရာဝတီတိုင်းဒေသကြီး,"ပုသိမ် မြို့နယ်","အမှတ် (၁၂) (ရေကြည်ဦး) ရပ်ကွက်",1001012
ဧရာဝတီတိုင်းဒေသကြီး,"ပုသိမ် မြို့နယ်","အမှတ် (၁၃)  (ရွှေဝတ်မှုံ) ရပ်ကွက်",1001013
ဧရာဝတီတိုင်းဒေသကြီး,"ပုသိမ် မြို့နယ်","အမှတ် (၁၄) ရပ်ကွက်",1001014
ဧရာဝတီတိုင်းဒေသကြီး,"ပုသိမ် မြို့နယ်","အမှတ် (၁၅) ရပ်ကွက်",1001015
ဧရာဝတီတိုင်းဒေသကြီး,"ကန်ကြီးထောင့် မြို့နယ်","(၁) ရပ်ကွက်",1002001
ဧရာဝတီတိုင်းဒေသကြီး,"ကန်ကြီးထောင့် မြို့နယ်","(၂) ရပ်ကွက်",1002002
ဧရာဝတီတိုင်းဒေသကြီး,"ကန်ကြီးထောင့် မြို့နယ်","(၃) ရပ်ကွက်",1002003
ဧရာဝတီတိုင်းဒေသကြီး,"ကန်ကြီးထောင့် မြို့နယ်","(၄) ရပ်ကွက်",1002004
ဧရာဝတီတိုင်းဒေသကြီး,"ကန်ကြီးထောင့် မြို့နယ်","(၅) ရပ်ကွက်",1002005
ဧရာဝတီတိုင်းဒေသကြီး,"ကန်ကြီးထောင့် မြို့နယ်","(၆) ရပ်ကွက်",1002006
ဧရာဝတီတိုင်းဒေသကြီး,"ကန်ကြီးထောင့် မြို့နယ်","(၇) ရပ်ကွက်",1002007
ဧရာဝတီတိုင်းဒေသကြီး,"ကြံခင်း မြို့နယ်","မြို့မ ရပ်ကွက်",1003001
ဧရာဝတီတိုင်းဒေသကြီး,"ကြံခင်း မြို့နယ်","ရွာသစ် ရပ်ကွက်",1003002
ဧရာဝတီတိုင်းဒေသကြီး,"ကြံခင်း မြို့နယ်","ရွှေတောင်စု ရပ်ကွက်",1003003
ဧရာဝတီတိုင်းဒေသကြီး,"မြန်အောင် မြို့နယ်","အမှတ် (၁) ရပ်ကွက်",1004001
ဧရာဝတီတိုင်းဒေသကြီး,"မြန်အောင် မြို့နယ်","အမှတ် (၂) ရပ်ကွက်",1004002
ဧရာဝတီတိုင်းဒေသကြီး,"မြန်အောင် မြို့နယ်","အမှတ် (၃) ရပ်ကွက်",1004003
ဧရာဝတီတိုင်းဒေသကြီး,"မြန်အောင် မြို့နယ်","အမှတ် (၄) ရပ်ကွက်",1004004
ဧရာဝတီတိုင်းဒေသကြီး,"မြန်အောင် မြို့နယ်","အမှတ် (၅) ရပ်ကွက်",1004005
ဧရာဝတီတိုင်းဒေသကြီး,"မြန်အောင် မြို့နယ်","အမှတ် (၆) ရပ်ကွက်",1004006
ဧရာဝတီတိုင်းဒေသကြီး,"အင်္ဂပူ မြို့နယ်","(၁) ရပ်ကွက်",1005001
ဧရာဝတီတိုင်းဒေသကြီး,"အင်္ဂပူ မြို့နယ်","(၂) ရပ်ကွက်",1005002
ဧရာဝတီတိုင်းဒေသကြီး,"အင်္ဂပူ မြို့နယ်","(၃) ရပ်ကွက်",1005003
ဧရာဝတီတိုင်းဒေသကြီး,"ဟင်္သာတ မြို့နယ်","ပျဉ်းမချောင်း ရပ်ကွက်",1006001
ဧရာဝတီတိုင်းဒေသကြီး,"ဟင်္သာတ မြို့နယ်","ညောင်ပင် ရပ်ကွက်",1006002
ဧရာဝတီတိုင်းဒေသကြီး,"ဟင်္သာတ မြို့နယ်","တာငါးဆယ်မြောက် ရပ်ကွက်",1006003
ဧရာဝတီတိုင်းဒေသကြီး,"ဟင်္သာတ မြို့နယ်","တာငါးဆယ်တောင် ရပ်ကွက်",1006004
ဧရာဝတီတိုင်းဒေသကြီး,"ဟင်္သာတ မြို့နယ်","လက်သမားမြောက် ရပ်ကွက်",1006005
ဧရာဝတီတိုင်းဒေသကြီး,"ဟင်္သာတ မြို့နယ်","ရုံးကြီး ရပ်ကွက်",1006006
ဧရာဝတီတိုင်းဒေသကြီး,"ဟင်္သာတ မြို့နယ်","ဥယျာဉ်မြောက် ရပ်ကွက်",1006007
ဧရာဝတီတိုင်းဒေသကြီး,"ဟင်္သာတ မြို့နယ်","ဥယျာဉ်တောင် ရပ်ကွက်",1006008
ဧရာဝတီတိုင်းဒေသကြီး,"ဟင်္သာတ မြို့နယ်","ရွှေကူ ရပ်ကွက်",1006009
ဧရာဝတီတိုင်းဒေသကြီး,"ဟင်္သာတ မြို့နယ်","ဇကာ ရပ်ကွက်",1006010
ဧရာဝတီတိုင်းဒေသကြီး,"ဟင်္သာတ မြို့နယ်","ကင်း ရပ်ကွက်",1006011
ဧရာဝတီတိုင်းဒေသကြီး,"ဟင်္သာတ မြို့နယ်","ပခန်းချောင်း ရပ်ကွက်",1006012
ဧရာဝတီတိုင်းဒေသကြီး,"ဟင်္သာတ မြို့နယ်","တာကလေး ရပ်ကွက်",1006013
ဧရာဝတီတိုင်းဒေသကြီး,"ဟင်္သာတ မြို့နယ်","ပန်းဘဲတန်း ရပ်ကွက်",1006014
ဧရာဝတီတိုင်းဒေသကြီး,"ဟင်္သာတ မြို့နယ်","ဘုရားကြီး ရပ်ကွက်",1006015
ဧရာဝတီတိုင်းဒေသကြီး,"ဟင်္သာတ မြို့နယ်","ကနောင်စု ရပ်ကွက်",1006016
ဧရာဝတီတိုင်းဒေသကြီး,"ဟင်္သာတ မြို့နယ်","ပတ္တမြား ရပ်ကွက်",1006017
ဧရာဝတီတိုင်းဒေသကြီး,"ဟင်္သာတ မြို့နယ်","သုံးပင်ကွင်း ရပ်ကွက်",1006018
ဧရာဝတီတိုင်းဒေသကြီး,"ဟင်္သာတ မြို့နယ်","လယ်တီကွင်း ရပ်ကွက်",1006019
ဧရာဝတီတိုင်းဒေသကြီး,"ဟင်္သာတ မြို့နယ်","မြဝတီ ရပ်ကွက်",1006020
ဧရာဝတီတိုင်းဒေသကြီး,"ဟင်္သာတ မြို့နယ်","အေးမြသာယာ ရပ်ကွက်",1006021
ဧရာဝတီတိုင်းဒေသကြီး,"လေးမျက်နှာ မြို့နယ်","အမှတ် (၁) ရပ်ကွက်",1007001
ဧရာဝတီတိုင်းဒေသကြီး,"လေးမျက်နှာ မြို့နယ်","အမှတ် (၂) ရပ်ကွက်",1007002
ဧရာဝတီတိုင်းဒေသကြီး,"လေးမျက်နှာ မြို့နယ်","အမှတ် (၃) ရပ်ကွက်",1007003
ဧရာဝတီတိုင်းဒေသကြီး,"လေးမျက်နှာ မြို့နယ်","အမှတ် (၄) ရပ်ကွက်",1007004
ဧရာဝတီတိုင်းဒေသကြီး,"လေးမျက်နှာ မြို့နယ်","အမှတ် (၅) ရပ်ကွက်",1007005
ဧရာဝတီတိုင်းဒေသကြီး,"ရေကြည် မြို့နယ်","နေဝင်း ရပ်ကွက်",1008001
ဧရာဝတီတိုင်းဒေသကြီး,"ရေကြည် မြို့နယ်","ဆရာစံ ရပ်ကွက်",1008002
ဧရာဝတီတိုင်းဒေသကြီး,"ရေကြည် မြို့နယ်","အောင်ဆန်း ရပ်ကွက်",1008003
ဧရာဝတီတိုင်းဒေသကြီး,"ရေကြည် မြို့နယ်","ဗထူး ရပ်ကွက်",1008004
ဧရာဝတီတိုင်းဒေသကြီး,"ရေကြည် မြို့နယ်","မြို့မ ရပ်ကွက်",1008005
ဧရာဝတီတိုင်းဒေသကြီး,"ကျုံပျော် မြို့နယ်","တေဇ ရပ်ကွက်",1009001
ဧရာဝတီတိုင်းဒေသကြီး,"ကျုံပျော် မြို့နယ်","မြဝတီ ရပ်ကွက်",1009002
ဧရာဝတီတိုင်းဒေသကြီး,"ကျုံပျော် မြို့နယ်","ပင်လုံ ရပ်ကွက်",1009003
ဧရာဝတီတိုင်းဒေသကြီး,"ကျုံပျော် မြို့နယ်","အောင်ဆန်း ရပ်ကွက်",1009004
ဧရာဝတီတိုင်းဒေသကြီး,"ကျောင်းကုန်း မြို့နယ်","အမှတ် (၁) ရပ်ကွက်",1010001
ဧရာဝတီတိုင်းဒေသကြီး,"ကျောင်းကုန်း မြို့နယ်","အမှတ် (၂) ရပ်ကွက်",1010002
ဧရာဝတီတိုင်းဒေသကြီး,"ကျောင်းကုန်း မြို့နယ်","အမှတ် (၃) ရပ်ကွက်",1010003
ဧရာဝတီတိုင်းဒေသကြီး,"သာပေါင်း မြို့နယ်","အမှတ် (၁) ရပ်ကွက်",1011001
ဧရာဝတီတိုင်းဒေသကြီး,"သာပေါင်း မြို့နယ်","အမှတ် (၂) ရပ်ကွက်",1011002
ဧရာဝတီတိုင်းဒေသကြီး,"သာပေါင်း မြို့နယ်","အမှတ် (၃) ရပ်ကွက်",1011003
ဧရာဝတီတိုင်းဒေသကြီး,"လပွတ္တာ မြို့နယ်","အမှတ် (၁) ရပ်ကွက်",1012001
ဧရာဝတီတိုင်းဒေသကြီး,"လပွတ္တာ မြို့နယ်","အမှတ် (၂) ရပ်ကွက်",1012002
ဧရာဝတီတိုင်းဒေသကြီး,"လပွတ္တာ မြို့နယ်","အမှတ် (၃) ရပ်ကွက်",1012003
ဧရာဝတီတိုင်းဒေသကြီး,"လပွတ္တာ မြို့နယ်","အမှတ် (၄) ရပ်ကွက်",1012004
ဧရာဝတီတိုင်းဒေသကြီး,"လပွတ္တာ မြို့နယ်","အမှတ် (၅) ရပ်ကွက်",1012005
ဧရာဝတီတိုင်းဒေသကြီး,"လပွတ္တာ မြို့နယ်","အမှတ် (၆) ရပ်ကွက်",1012006
ဧရာဝတီတိုင်းဒေသကြီး,"လပွတ္တာ မြို့နယ်","အမှတ် (၇) ရပ်ကွက်",1012007
ဧရာဝတီတိုင်းဒေသကြီး,"လပွတ္တာ မြို့နယ်","အမှတ် (၈) ရပ်ကွက်",1012008
ဧရာဝတီတိုင်းဒေသကြီး,"လပွတ္တာ မြို့နယ်","အမှတ် (၉) ရပ်ကွက်",1012009
ဧရာဝတီတိုင်းဒေသကြီး,"လပွတ္တာ မြို့နယ်","အမှတ် (၁၀) ရပ်ကွက်",1012010
ဧရာဝတီတိုင်းဒေသကြီး,"ငပုတော မြို့နယ်","မြောက်ပိုင်း ရပ်ကွက်",1013001
ဧရာဝတီတိုင်းဒေသကြီး,"ငပုတော မြို့နယ်","တောင်ပိုင်း ရပ်ကွက်",1013002
ဧရာဝတီတိုင်းဒေသကြီး,"ငပုတော မြို့နယ်","အရှေ့ပိုင်း ရပ်ကွက်",1013003
ဧရာဝတီတိုင်းဒေသကြီး,"ငပုတော မြို့နယ်","အနောက်ပိုင်း ရပ်ကွက်",1013004
ဧရာဝတီတိုင်းဒေသကြီး,"ဇလွန် မြို့နယ်","ကမ်းနား ရပ်ကွက်",1014001
ဧရာဝတီတိုင်းဒေသကြီး,"ဇလွန် မြို့နယ်","လမ္မတော်မြောက် ရပ်ကွက်",1014002
ဧရာဝတီတိုင်းဒေသကြီး,"ဇလွန် မြို့နယ်","လမ္မတော်တောင် ရပ်ကွက်",1014003
ဧရာဝတီတိုင်းဒေသကြီး,"ဇလွန် မြို့နယ်","ဆန်တန်း ရပ်ကွက်",1014004
ဧရာဝတီတိုင်းဒေသကြီး,"ဇလွန် မြို့နယ်","ညောင်ပင်ဈေး ရပ်ကွက်",1014005
ဧရာဝတီတိုင်းဒေသကြီး,"ဓနုဖြူ မြို့နယ်","အမှတ် (၁) ရပ်ကွက်",1015001
ဧရာဝတီတိုင်းဒေသကြီး,"ဓနုဖြူ မြို့နယ်","အမှတ် (၂) ရပ်ကွက်",1015002
ဧရာဝတီတိုင်းဒေသကြီး,"ဓနုဖြူ မြို့နယ်","အမှတ် (၃) ရပ်ကွက်",1015003
ဧရာဝတီတိုင်းဒေသကြီး,"ဓနုဖြူ မြို့နယ်","အမှတ် (၄) ရပ်ကွက်",1015004
ဧရာဝတီတိုင်းဒေသကြီး,"ဓနုဖြူ မြို့နယ်","အမှတ် (၅) ရပ်ကွက်",1015005
ဧရာဝတီတိုင်းဒေသကြီး,"ဓနုဖြူ မြို့နယ်","အမှတ် (၆) ရပ်ကွက်",1015006
ဧရာဝတီတိုင်းဒေသကြီး,"ဓနုဖြူ မြို့နယ်","အမှတ် (၇) ရပ်ကွက်",1015007
ဧရာဝတီတိုင်းဒေသကြီး,"ဓနုဖြူ မြို့နယ်","အမှတ် (၈) ရပ်ကွက်",1015008
ဧရာဝတီတိုင်းဒေသကြီး,"ဓနုဖြူ မြို့နယ်","အမှတ် (၉) ရပ်ကွက်",1015009
ဧရာဝတီတိုင်းဒေသကြီး,"ဓနုဖြူ မြို့နယ်","အမှတ် (၁၀) ရပ်ကွက်",1015010
ဧရာဝတီတိုင်းဒေသကြီး,"ဓနုဖြူ မြို့နယ်","အမှတ် (၁၁) ရပ်ကွက်",1015011
ဧရာဝတီတိုင်းဒေသကြီး,"ဓနုဖြူ မြို့နယ်","အမှတ် (၁၂) ရပ်ကွက်",1015012
ဧရာဝတီတိုင်းဒေသကြီး,"ဓနုဖြူ မြို့နယ်","အမှတ် (၁၃) ရပ်ကွက်",1015013
ဧရာဝတီတိုင်းဒေသကြီး,"ဓနုဖြူ မြို့နယ်","အမှတ် (၁၄) ရပ်ကွက်",1015014
ဧရာဝတီတိုင်းဒေသကြီး,"ဓနုဖြူ မြို့နယ်","အမှတ် (၁၅) ရပ်ကွက်",1015015
ဧရာဝတီတိုင်းဒေသကြီး,"ဓနုဖြူ မြို့နယ်","အမှတ် (၁၆) ရပ်ကွက်",1015016
ဧရာဝတီတိုင်းဒေသကြီး,"ဓနုဖြူ မြို့နယ်","အမှတ် (၁၇) ရပ်ကွက်",1015017
ဧရာဝတီတိုင်းဒေသကြီး,"ဓနုဖြူ မြို့နယ်","အမှတ် (၁၈) ရပ်ကွက်",1015018
ဧရာဝတီတိုင်းဒေသကြီး,"ညောင်တုန်း မြို့နယ်","အမှတ် (၁) ရပ်ကွက်",1016001
ဧရာဝတီတိုင်းဒေသကြီး,"ညောင်တုန်း မြို့နယ်","အမှတ် (၂) ရပ်ကွက်",1016002
ဧရာဝတီတိုင်းဒေသကြီး,"ညောင်တုန်း မြို့နယ်","အမှတ် (၃) ရပ်ကွက်",1016003
ဧရာဝတီတိုင်းဒေသကြီး,"ညောင်တုန်း မြို့နယ်","အမှတ် (၄) ရပ်ကွက်",1016004
ဧရာဝတီတိုင်းဒေသကြီး,"ညောင်တုန်း မြို့နယ်","အမှတ် (၅) ရပ်ကွက်",1016005
ဧရာဝတီတိုင်းဒေသကြီး,"ညောင်တုန်း မြို့နယ်","အမှတ် (၆) ရပ်ကွက်",1016006
ဧရာဝတီတိုင်းဒေသကြီး,"ညောင်တုန်း မြို့နယ်","အမှတ် (၇) ရပ်ကွက်",1016007
ဧရာဝတီတိုင်းဒေသကြီး,"ညောင်တုန်း မြို့နယ်","အမှတ် (၈) ရပ်ကွက်",1016008
ဧရာဝတီတိုင်းဒေသကြီး,"ညောင်တုန်း မြို့နယ်","အမှတ် (၉) ရပ်ကွက်",1016009
ဧရာဝတီတိုင်းဒေသကြီး,"ညောင်တုန်း မြို့နယ်","အမှတ် (၁၀) ရပ်ကွက်",1016010
ဧရာဝတီတိုင်းဒေသကြီး,"ပန်းတနော် မြို့နယ်","အရှေ့ပိုင်း ရပ်ကွက်",1017001
ဧရာဝတီတိုင်းဒေသကြီး,"ပန်းတနော် မြို့နယ်","အလယ်ပိုင်း ရပ်ကွက်",1017002
ဧရာဝတီတိုင်းဒေသကြီး,"ပန်းတနော် မြို့နယ်","အနောက်ပိုင်း ရပ်ကွက်",1017003
ဧရာဝတီတိုင်းဒေသကြီး,"ပန်းတနော် မြို့နယ်","မြို့ကွက်သစ် ရပ်ကွက်",1017004
ဧရာဝတီတိုင်းဒေသကြီး,"မအူပင် မြို့နယ်","စာရေးကုန်း ရပ်ကွက်",1018001
ဧရာဝတီတိုင်းဒေသကြီး,"မအူပင် မြို့နယ်","ဘောလုံးကွင်း ရပ်ကွက်",1018002
ဧရာဝတီတိုင်းဒေသကြီး,"မအူပင် မြို့နယ်","ဈေး ရပ်ကွက်",1018003
ဧရာဝတီတိုင်းဒေသကြီး,"မအူပင် မြို့နယ်","မြို့လယ်ကျောင်း ရပ်ကွက်",1018004
ဧရာဝတီတိုင်းဒေသကြီး,"မအူပင် မြို့နယ်","ဆေးရုံ ရပ်ကွက်",1018005
ဧရာဝတီတိုင်းဒေသကြီး,"မအူပင် မြို့နယ်","အထက (၁) ကျောင်း ရပ်ကွက်",1018006
ဧရာဝတီတိုင်းဒေသကြီး,"မအူပင် မြို့နယ်","လှေဆိပ်မြောက်ပိုင်း ရပ်ကွက်",1018007
ဧရာဝတီတိုင်းဒေသကြီး,"မအူပင် မြို့နယ်","လှေဆိပ်တောင်ပိုင်း ရပ်ကွက်",1018008
ဧရာဝတီတိုင်းဒေသကြီး,"မအူပင် မြို့နယ်","အောင်မြေသာဇီ ရပ်ကွက်",1018009
ဧရာဝတီတိုင်းဒေသကြီး,"မအူပင် မြို့နယ်","မဟာဗောဓိ ရပ်ကွက်",1018010
ဧရာဝတီတိုင်းဒေသကြီး,"မအူပင် မြို့နယ်","အထက (၂) ကျောင်း ရပ်ကွက်",1018011
ဧရာဝတီတိုင်းဒေသကြီး,"မအူပင် မြို့နယ်","ပေါ်တော်မူ ရပ်ကွက်",1018012
ဧရာဝတီတိုင်းဒေသကြီး,"အိမ်မဲ မြို့နယ်","ချောင်းဝပိုင်း ရပ်ကွက်",1019001
ဧရာဝတီတိုင်းဒေသကြီး,"အိမ်မဲ မြို့နယ်","အထက်ပိုင်း ရပ်ကွက်",1019002
ဧရာဝတီတိုင်းဒေသကြီး,"အိမ်မဲ မြို့နယ်","အိမ်မဲကြီးပိုင်း ရပ်ကွက်",1019003
ဧရာဝတီတိုင်းဒေသကြီး,"အိမ်မဲ မြို့နယ်","လယ်ပေါ်ပိုင်း ရပ်ကွက်",1019004
ဧရာဝတီတိုင်းဒေသကြီး,"အိမ်မဲ မြို့နယ်","စာချွန်ခံပိုင်း ရပ်ကွက်",1019005
ဧရာဝတီတိုင်းဒေသကြီး,"ဝါးခယ်မ မြို့နယ်","သော်က ရပ်ကွက်",1020001
ဧရာဝတီတိုင်းဒေသကြီး,"ဝါးခယ်မ မြို့နယ်","တရုပ်တန်း ရပ်ကွက်",1020002
ဧရာဝတီတိုင်းဒေသကြီး,"ဝါးခယ်မ မြို့နယ်","လှေကျင်းကုန်း ရပ်ကွက်",1020003
ဧရာဝတီတိုင်းဒေသကြီး,"ဝါးခယ်မ မြို့နယ်","ရွာလည် ရပ်ကွက်",1020004
ဧရာဝတီတိုင်းဒေသကြီး,"ဝါးခယ်မ မြို့နယ်","ရေကျော် ရပ်ကွက်",1020005
ဧရာဝတီတိုင်းဒေသကြီး,"ဝါးခယ်မ မြို့နယ်","ပတ္တမြား ရပ်ကွက်",1020006
ဧရာဝတီတိုင်းဒေသကြီး,"ဝါးခယ်မ မြို့နယ်","စာရေးကုန်း ရပ်ကွက်",1020007
ဧရာဝတီတိုင်းဒေသကြီး,"ဝါးခယ်မ မြို့နယ်","ရွာသစ် ရပ်ကွက်",1020008
ဧရာဝတီတိုင်းဒေသကြီး,"ဝါးခယ်မ မြို့နယ်","ထော်ကနွတ် ရပ်ကွက်",1020009
ဧရာဝတီတိုင်းဒေသကြီး,"ဝါးခယ်မ မြို့နယ်","မြသိန်းတန် ရပ်ကွက်",1020010
ဧရာဝတီတိုင်းဒေသကြီး,"ဝါးခယ်မ မြို့နယ်","ဆေးရုံ ရပ်ကွက်",1020011
ဧရာဝတီတိုင်းဒေသကြီး,"ဝါးခယ်မ မြို့နယ်","ဈေး ရပ်ကွက်",1020012
ဧရာဝတီတိုင်းဒေသကြီး,"ဝါးခယ်မ မြို့နယ်","မင်းပိုင်း ရပ်ကွက်",1020013
ဧရာဝတီတိုင်းဒေသကြီး,"ဝါးခယ်မ မြို့နယ်","သံကြိုးတိုင် ရပ်ကွက်",1020014
ဧရာဝတီတိုင်းဒေသကြီး,"မြောင်းမြ မြို့နယ်","အမှတ် (၁) ရပ်ကွက်",1021001
ဧရာဝတီတိုင်းဒေသကြီး,"မြောင်းမြ မြို့နယ်","အမှတ် (၂) ရပ်ကွက်",1021002
ဧရာဝတီတိုင်းဒေသကြီး,"မြောင်းမြ မြို့နယ်","အမှတ် (၃) ရပ်ကွက်",1021003
ဧရာဝတီတိုင်းဒေသကြီး,"မြောင်းမြ မြို့နယ်","အမှတ် (၄) ရပ်ကွက်",1021004
ဧရာဝတီတိုင်းဒေသကြီး,"မြောင်းမြ မြို့နယ်","အမှတ် (၅) ရပ်ကွက်",1021005
ဧရာဝတီတိုင်းဒေသကြီး,"မြောင်းမြ မြို့နယ်","အမှတ် (၆) ရပ်ကွက်",1021006
ဧရာဝတီတိုင်းဒေသကြီး,"မြောင်းမြ မြို့နယ်","အမှတ် (၇) ရပ်ကွက်",1021007
ဧရာဝတီတိုင်းဒေသကြီး,"မြောင်းမြ မြို့နယ်","အမှတ် (၈) ရပ်ကွက်",1021008
ဧရာဝတီတိုင်းဒေသကြီး,"မြောင်းမြ မြို့နယ်","အမှတ် (၉) ရပ်ကွက်",1021009
ဧရာဝတီတိုင်းဒေသကြီး,"မြောင်းမြ မြို့နယ်","အမှတ် (၁၀) ရပ်ကွက်",1021010
ဧရာဝတီတိုင်းဒေသကြီး,"မြောင်းမြ မြို့နယ်","မရမ်းကုန်း ရပ်ကွက်",1021011
ဧရာဝတီတိုင်းဒေသကြီး,"မြောင်းမြ မြို့နယ်","ကံ့ကော်မြိုင် ရပ်ကွက်",1021012
ဧရာဝတီတိုင်းဒေသကြီး,"မြောင်းမြ မြို့နယ်","မြကန်သာ ရပ်ကွက်",1021013
ဧရာဝတီတိုင်းဒေသကြီး,"မြောင်းမြ မြို့နယ်","မြရတနာ ရပ်ကွက်",1021014
ဧရာဝတီတိုင်းဒေသကြီး,"မြောင်းမြ မြို့နယ်","မြစန္ဒာ ရပ်ကွက်",1021015
ဧရာဝတီတိုင်းဒေသကြီး,"မြောင်းမြ မြို့နယ်","မြဟေမာ ရပ်ကွက်",1021016
ဧရာဝတီတိုင်းဒေသကြီး,"မော်လမြိုင်ကျွန်း မြို့နယ်","အမှတ် (၁) ရပ်ကွက်",1022001
ဧရာဝတီတိုင်းဒေသကြီး,"မော်လမြိုင်ကျွန်း မြို့နယ်","အမှတ် (၂) ရပ်ကွက်",1022002
ဧရာဝတီတိုင်းဒေသကြီး,"မော်လမြိုင်ကျွန်း မြို့နယ်","အမှတ် (၃) ရပ်ကွက်",1022003
ဧရာဝတီတိုင်းဒေသကြီး,"မော်လမြိုင်ကျွန်း မြို့နယ်","အမှတ် (၄) ရပ်ကွက်",1022004
ဧရာဝတီတိုင်းဒေသကြီး,"မော်လမြိုင်ကျွန်း မြို့နယ်","အမှတ် (၅) ရပ်ကွက်",1022005
ဧရာဝတီတိုင်းဒေသကြီး,"မော်လမြိုင်ကျွန်း မြို့နယ်","အမှတ် (၆) ရပ်ကွက်",1022006
ဧရာဝတီတိုင်းဒေသကြီး,"မော်လမြိုင်ကျွန်း မြို့နယ်","အမှတ် (၇) ရပ်ကွက်",1022007
ဧရာဝတီတိုင်းဒေသကြီး,"မော်လမြိုင်ကျွန်း မြို့နယ်","အမှတ် (၈) ရပ်ကွက်",1022008
ဧရာဝတီတိုင်းဒေသကြီး,"မော်လမြိုင်ကျွန်း မြို့နယ်","အမှတ် (၉) ရပ်ကွက်",1022009
ဧရာဝတီတိုင်းဒေသကြီး,"မော်လမြိုင်ကျွန်း မြို့နယ်","အမှတ် (၁၀) ရပ်ကွက်",1022010
ဧရာဝတီတိုင်းဒေသကြီး,"မော်လမြိုင်ကျွန်း မြို့နယ်","အမှတ် (၁၁) ရပ်ကွက်",1022011
ဧရာဝတီတိုင်းဒေသကြီး,"မော်လမြိုင်ကျွန်း မြို့နယ်","အမှတ် (၁၂) ရပ်ကွက်",1022012
ဧရာဝတီတိုင်းဒေသကြီး,"မော်လမြိုင်ကျွန်း မြို့နယ်","ချမ်းမြေ့သာယာ ရပ်ကွက်",1022013
ဧရာဝတီတိုင်းဒေသကြီး,"ဘိုကလေး မြို့နယ်","အမှတ် (၁) ရပ်ကွက်",1023001
ဧရာဝတီတိုင်းဒေသကြီး,"ဘိုကလေး မြို့နယ်","အမှတ် (၂) ရပ်ကွက်",1023002
ဧရာဝတီတိုင်းဒေသကြီး,"ဘိုကလေး မြို့နယ်","အမှတ် (၃) ရပ်ကွက်",1023003
ဧရာဝတီတိုင်းဒေသကြီး,"ဘိုကလေး မြို့နယ်","အမှတ် (၄) ရပ်ကွက်",1023004
ဧရာဝတီတိုင်းဒေသကြီး,"ဘိုကလေး မြို့နယ်","အမှတ် (၅) ရပ်ကွက်",1023005
ဧရာဝတီတိုင်းဒေသကြီး,"ဘိုကလေး မြို့နယ်","အမှတ် (၆) ရပ်ကွက်",1023006
ဧရာဝတီတိုင်းဒေသကြီး,"ဘိုကလေး မြို့နယ်","အမှတ် (၇) ရပ်ကွက်",1023007
ဧရာဝတီတိုင်းဒေသကြီး,"ဘိုကလေး မြို့နယ်","အမှတ် (၈) ရပ်ကွက်",1023008
ဧရာဝတီတိုင်းဒေသကြီး,"ဘိုကလေး မြို့နယ်","အမှတ် (၉) ရပ်ကွက်",1023009
ဧရာဝတီတိုင်းဒေသကြီး,"ဘိုကလေး မြို့နယ်","အမှတ် (၁၀) ရပ်ကွက်",1023010
ဧရာဝတီတိုင်းဒေသကြီး,"ကျိုက်လတ် မြို့နယ်","အမှတ် (၁) ရပ်ကွက်",1024001
ဧရာဝတီတိုင်းဒေသကြီး,"ကျိုက်လတ် မြို့နယ်","အမှတ် (၂) ရပ်ကွက်",1024002
ဧရာဝတီတိုင်းဒေသကြီး,"ကျိုက်လတ် မြို့နယ်","အမှတ် (၃) ရပ်ကွက်",1024003
ဧရာဝတီတိုင်းဒေသကြီး,"ကျိုက်လတ် မြို့နယ်","အမှတ် (၄) ရပ်ကွက်",1024004
ဧရာဝတီတိုင်းဒေသကြီး,"ကျိုက်လတ် မြို့နယ်","အမှတ် (၅) ရပ်ကွက်",1024005
ဧရာဝတီတိုင်းဒေသကြီး,"ကျိုက်လတ် မြို့နယ်","အမှတ် (၆) ရပ်ကွက်",1024006
ဧရာဝတီတိုင်းဒေသကြီး,"ဖျာပုံ မြို့နယ်","(၁) ဓနိတော ရပ်ကွက်",1025001
ဧရာဝတီတိုင်းဒေသကြီး,"ဖျာပုံ မြို့နယ်","(၂) ဈေးပိုင်း ရပ်ကွက်",1025002
ဧရာဝတီတိုင်းဒေသကြီး,"ဖျာပုံ မြို့နယ်","(၃) မြို့ဦး ရပ်ကွက်",1025003
ဧရာဝတီတိုင်းဒေသကြီး,"ဖျာပုံ မြို့နယ်","(၄) မကျီးတန်း ရပ်ကွက်",1025004
ဧရာဝတီတိုင်းဒေသကြီး,"ဖျာပုံ မြို့နယ်","(၅) ရွာလည်ဘုရား ရပ်ကွက်",1025005
ဧရာဝတီတိုင်းဒေသကြီး,"ဖျာပုံ မြို့နယ်","(၆) သင်္ဘောဆိပ် ရပ်ကွက်",1025006
ဧရာဝတီတိုင်းဒေသကြီး,"ဖျာပုံ မြို့နယ်","(၇) ရွှေဂူချောင် ရပ်ကွက်",1025007
ဧရာဝတီတိုင်းဒေသကြီး,"ဖျာပုံ မြို့နယ်","(၈) အပြောင် ရပ်ကွက်",1025008
ဧရာဝတီတိုင်းဒေသကြီး,"ဖျာပုံ မြို့နယ်","(၉) ကွက်သစ်မြောက် ရပ်ကွက်",1025009
ဧရာဝတီတိုင်းဒေသကြီး,"ဖျာပုံ မြို့နယ်","(၁၀) ကွက်သစ်အလယ် ရပ်ကွက်",1025010
ဧရာဝတီတိုင်းဒေသကြီး,"ဖျာပုံ မြို့နယ်","(၁၁) ကွက်သစ်တောင် ရပ်ကွက်",1025011
ဧရာဝတီတိုင်းဒေသကြီး,"ဖျာပုံ မြို့နယ်","(၁၂) စစ်တန်း ရပ်ကွက်",1025012
ဧရာဝတီတိုင်းဒေသကြီး,"ဖျာပုံ မြို့နယ်","(၁၃) သိမ်ဘုရား ရပ်ကွက်",1025013
ဧရာဝတီတိုင်းဒေသကြီး,"ဖျာပုံ မြို့နယ်","(၁၄) စစ်ကွက်သစ် ရပ်ကွက်",1025014
ဧရာဝတီတိုင်းဒေသကြီး,"ဖျာပုံ မြို့နယ်","(၁၅) ဗိုလ်ချုပ်ကွက်သစ် ရပ်ကွက်",1025015
ဧရာဝတီတိုင်းဒေသကြီး,"ဖျာပုံ မြို့နယ်","(၁၆) အကြီးကွက်သစ် ရပ်ကွက်",1025016
ဧရာဝတီတိုင်းဒေသကြီး,"ဖျာပုံ မြို့နယ်","(၁၇) လိပ်ဥကုန်းကွက်သစ် ရပ်ကွက်",1025017
ဧရာဝတီတိုင်းဒေသကြီး,"ဖျာပုံ မြို့နယ်","(၁၈) ကန်တော်မင်္ဂလာ ရပ်ကွက်",1025018
ဧရာဝတီတိုင်းဒေသကြီး,"ဖျာပုံ မြို့နယ်","(၁၉) တူးမြောင်း ရပ်ကွက်",1025019
ဧရာဝတီတိုင်းဒေသကြီး,"ဒေးဒရဲ မြို့နယ်","အမှတ် (၁) ရပ်ကွက်",1026001
ဧရာဝတီတိုင်းဒေသကြီး,"ဒေးဒရဲ မြို့နယ်","အမှတ် (၂) ရပ်ကွက်",1026002
ဧရာဝတီတိုင်းဒေသကြီး,"ဒေးဒရဲ မြို့နယ်","အမှတ် (၃) ရပ်ကွက်",1026003
ဧရာဝတီတိုင်းဒေသကြီး,"ရွှေသောင်ယံ မြို့","အမှတ် (၁) ရပ်ကွက်",1060001
ဧရာဝတီတိုင်းဒေသကြီး,"ရွှေသောင်ယံ မြို့","အမှတ် (၂) ရပ်ကွက်",1060002
ဧရာဝတီတိုင်းဒေသကြီး,"ရွှေသောင်ယံ မြို့","အမှတ် (၃) ရပ်ကွက်",1060003
ဧရာဝတီတိုင်းဒေသကြီး,"ငွေဆောင် မြို့","အမှတ် (၁) ရပ်ကွက်",1061001
ဧရာဝတီတိုင်းဒေသကြီး,"ငွေဆောင် မြို့","အမှတ် (၂) ရပ်ကွက်",1061002
ဧရာဝတီတိုင်းဒေသကြီး,"ငွေဆောင် မြို့","အမှတ် (၃) ရပ်ကွက်",1061003
ဧရာဝတီတိုင်းဒေသကြီး,"ငွေဆောင် မြို့","အမှတ် (၄) ရပ်ကွက်",1061004
ဧရာဝတီတိုင်းဒေသကြီး,"ချောင်းသာ မြို့","အမှတ် (၁) ရပ်ကွက်",1062001
ဧရာဝတီတိုင်းဒေသကြီး,"ချောင်းသာ မြို့","အမှတ် (၂) ရပ်ကွက်",1062002
ဧရာဝတီတိုင်းဒေသကြီး,"ချောင်းသာ မြို့","အမှတ် (၃) ရပ်ကွက်",1062003
ဧရာဝတီတိုင်းဒေသကြီး,"ဘက်ရဲ မြို့","အမှတ် (၁) ရပ်ကွက်",1063001
ဧရာဝတီတိုင်းဒေသကြီး,"ဘက်ရဲ မြို့","အမှတ် (၂) ရပ်ကွက်",1063002
ဧရာဝတီတိုင်းဒေသကြီး,"ကနောင် မြို့","မြောက်ပိုင်း ရပ်ကွက်",1064001
ဧရာဝတီတိုင်းဒေသကြီး,"ကနောင် မြို့","အလယ်ပိုင်း ရပ်ကွက်",1064002
ဧရာဝတီတိုင်းဒေသကြီး,"ကနောင် မြို့","ဈေးပိုင်း ရပ်ကွက်",1064003
ဧရာဝတီတိုင်းဒေသကြီး,"ကနောင် မြို့","မြို့မ ရပ်ကွက်",1064004
ဧရာဝတီတိုင်းဒေသကြီး,"ကနောင် မြို့","ရိုက်စု ရပ်ကွက်",1064005
ဧရာဝတီတိုင်းဒေသကြီး,"အင်ပင် မြို့","အမှတ် (၁) ရပ်ကွက်",1065001
ဧရာဝတီတိုင်းဒေသကြီး,"အင်ပင် မြို့","အမှတ် (၂) ရပ်ကွက်",1065002
ဧရာဝတီတိုင်းဒေသကြီး,"အင်ပင် မြို့","အမှတ် (၃) ရပ်ကွက်",1065003
ဧရာဝတီတိုင်းဒေသကြီး,"အင်ပင် မြို့","အမှတ် (၄) ရပ်ကွက်",1065004
ဧရာဝတီတိုင်းဒေသကြီး,"ထူးကြီး မြို့","အမှတ် (၁) ရပ်ကွက်",1066001
ဧရာဝတီတိုင်းဒေသကြီး,"ထူးကြီး မြို့","အမှတ် (၂) ရပ်ကွက်",1066002
ဧရာဝတီတိုင်းဒေသကြီး,"ထူးကြီး မြို့","အမှတ် (၃) ရပ်ကွက်",1066003
ဧရာဝတီတိုင်းဒေသကြီး,"ထူးကြီး မြို့","အမှတ် (၄) ရပ်ကွက်",1066004
ဧရာဝတီတိုင်းဒေသကြီး,"ထူးကြီး မြို့","အမှတ် (၅) ရပ်ကွက်",1066005
ဧရာဝတီတိုင်းဒေသကြီး,"မဲဇလီကုန်း မြို့","အမှတ် (၁) ရပ်ကွက်",1067001
ဧရာဝတီတိုင်းဒေသကြီး,"မဲဇလီကုန်း မြို့","အမှတ် (၂) ရပ်ကွက်",1067002
ဧရာဝတီတိုင်းဒေသကြီး,"မဲဇလီကုန်း မြို့","အမှတ် (၃) ရပ်ကွက်",1067003
ဧရာဝတီတိုင်းဒေသကြီး,"မဲဇလီကုန်း မြို့","အမှတ် (၄) ရပ်ကွက်",1067004
ဧရာဝတီတိုင်းဒေသကြီး,"တလုတ္ထော် မြို့","အမှတ် (၁) ရပ်ကွက်",1068001
ဧရာဝတီတိုင်းဒေသကြီး,"တလုတ္ထော် မြို့","အမှတ် (၂) ရပ်ကွက်",1068002
ဧရာဝတီတိုင်းဒေသကြီး,"တလုတ္ထော် မြို့","အမှတ် (၃) ရပ်ကွက်",1068003
ဧရာဝတီတိုင်းဒေသကြီး,"တလုတ္ထော် မြို့","အမှတ် (၄) ရပ်ကွက်",1068004
ဧရာဝတီတိုင်းဒေသကြီး,"တလုတ္ထော် မြို့","အမှတ်(၅) ရပ်ကွက်",1068005
ဧရာဝတီတိုင်းဒေသကြီး,"ဒူးယား မြို့","အမှတ် (၁) ရပ်ကွက်",1069001
ဧရာဝတီတိုင်းဒေသကြီး,"ဒူးယား မြို့","အမှတ် (၂) ရပ်ကွက်",1069002
ဧရာဝတီတိုင်းဒေသကြီး,"ဒူးယား မြို့","အမှတ် (၃) ရပ်ကွက်",1069003
ဧရာဝတီတိုင်းဒေသကြီး,"ဒူးယား မြို့","အမှတ် (၄) ရပ်ကွက်",1069004
ဧရာဝတီတိုင်းဒေသကြီး,"ဒူးယား မြို့","အမှတ် (၅) ရပ်ကွက်",1069005
ဧရာဝတီတိုင်းဒေသကြီး,"ငသိုင်းချောင်း မြို့","ရှေ.ဆောင် ရပ်ကွက်",1070001
ဧရာဝတီတိုင်းဒေသကြီး,"ငသိုင်းချောင်း မြို့","မြို့မ ရပ်ကွက်",1070002
ဧရာဝတီတိုင်းဒေသကြီး,"ငသိုင်းချောင်း မြို့","ငဝန် ရပ်ကွက်",1070003
ဧရာဝတီတိုင်းဒေသကြီး,"ငသိုင်းချောင်း မြို့","သောင်တန်း(အောင်ဆန်း) ရပ်ကွက်",1070004
ဧရာဝတီတိုင်းဒေသကြီး,"ငသိုင်းချောင်း မြို့","မြို.သစ် ရပ်ကွက်",1070005
ဧရာဝတီတိုင်းဒေသကြီး,"ငသိုင်းချောင်း မြို့","ရွှေဘို ရပ်ကွက်",1070006
ဧရာဝတီတိုင်းဒေသကြီး,"အသုတ် မြို့","အမှတ် (၁) ရပ်ကွက်",1071001
ဧရာဝတီတိုင်းဒေသကြီး,"အသုတ် မြို့","အမှတ် (၂) ရပ်ကွက်",1071002
ဧရာဝတီတိုင်းဒေသကြီး,"အသုတ် မြို့","အမှတ် (၃) ရပ်ကွက်",1071003
ဧရာဝတီတိုင်းဒေသကြီး,"အသုတ် မြို့","အမှတ် (၄) ရပ်ကွက်",1071004
ဧရာဝတီတိုင်းဒေသကြီး,"အသုတ် မြို့","အမှတ် (၅) ရပ်ကွက်",1071005
ဧရာဝတီတိုင်းဒေသကြီး,"အထောင် မြို့","အမှတ် (၁) ရပ်ကွက်",1072001
ဧရာဝတီတိုင်းဒေသကြီး,"အထောင် မြို့","အမှတ် (၂) ရပ်ကွက်",1072002
ဧရာဝတီတိုင်းဒေသကြီး,"အထောင် မြို့","အမှတ် (၃) ရပ်ကွက်",1072003
ဧရာဝတီတိုင်းဒေသကြီး,"အထောင် မြို့","အမှတ် (၄) ရပ်ကွက်",1072004
ဧရာဝတီတိုင်းဒေသကြီး,"ပြင်စလူ မြို့","အမှတ် (၁) ရပ်ကွက်",1073001
ဧရာဝတီတိုင်းဒေသကြီး,"ပြင်စလူ မြို့","အမှတ် (၂) ရပ်ကွက်",1073002
ဧရာဝတီတိုင်းဒေသကြီး,"ပြင်စလူ မြို့","အမှတ် (၃) ရပ်ကွက်",1073003
ဧရာဝတီတိုင်းဒေသကြီး,"လပွတ္တာ (၃) မိုင် မြို့","အမှတ် (၁) ရပ်ကွက်",1074001
ဧရာဝတီတိုင်းဒေသကြီး,"လပွတ္တာ (၃) မိုင် မြို့","အမှတ် (၂) ရပ်ကွက်",1074002
ဧရာဝတီတိုင်းဒေသကြီး,"လပွတ္တာ (၃) မိုင် မြို့","အမှတ် (၃) ရပ်ကွက်",1074003
ဧရာဝတီတိုင်းဒေသကြီး,"လပွတ္တာ (၃) မိုင် မြို့","အမှတ် (၄) ရပ်ကွက်",1074004
ဧရာဝတီတိုင်းဒေသကြီး,"ငရုတ်ကောင်း မြို့","အမှတ် (၁) ရပ်ကွက်",1075001
ဧရာဝတီတိုင်းဒေသကြီး,"ငရုတ်ကောင်း မြို့","အမှတ် (၂) ရပ်ကွက်",1075002
ဧရာဝတီတိုင်းဒေသကြီး,"ဟိုင်းကြီးကျွန်း မြို့","အမှတ် (၁) ရပ်ကွက်",1076001
ဧရာဝတီတိုင်းဒေသကြီး,"ဟိုင်းကြီးကျွန်း မြို့","အမှတ် (၂) ရပ်ကွက်",1076002
ဧရာဝတီတိုင်းဒေသကြီး,"ဟိုင်းကြီးကျွန်း မြို့","အမှတ် (၃) ရပ်ကွက်",1076003
ဧရာဝတီတိုင်းဒေသကြီး,"ကျုံမငေး မြို့","မြစိမ်း ရပ်ကွက်",1077001
ဧရာဝတီတိုင်းဒေသကြီး,"ကျုံမငေး မြို့","သီရိဟေမာ ရပ်ကွက်",1077002
ဧရာဝတီတိုင်းဒေသကြီး,"ကျုံမငေး မြို့","နထ္ထိပ် ရပ်ကွက်",1077003
ဧရာဝတီတိုင်းဒေသကြီး,"ကျုံမငေး မြို့","ပုလဲအောင်မြေ ရပ်ကွက်",1077004
ဧရာဝတီတိုင်းဒေသကြီး,"ကျုံမငေး မြို့","နဒီအောင်မြေ ရပ်ကွက်",1077005
ဧရာဝတီတိုင်းဒေသကြီး,"အမာ မြို့","အမှတ် (၁) ရပ်ကွက်",1078001
ဧရာဝတီတိုင်းဒေသကြီး,"အမာ မြို့","အမှတ် (၂) ရပ်ကွက်",1078002
ဧရာဝတီတိုင်းဒေသကြီး,"အမာ မြို့","အမှတ် (၃) ရပ်ကွက်",1078003
ဧရာဝတီတိုင်းဒေသကြီး,"အမာ မြို့","အမှတ် (၄) ရပ်ကွက်",1078004
