﻿Region,"Town / Township","Quarter / Village Tract","Postal Code"
"Tanintharyi Region","Dawei Township","San Chi Quarter",1401001
"Tanintharyi Region","Dawei Township","Oe Loke Quarter",1401002
"Tanintharyi Region","Dawei Township","Ta Laing Htein Quarter",1401003
"Tanintharyi Region","Dawei Township","Thin Baw Seik Quarter",1401004
"Tanintharyi Region","Dawei Township","Daung Ngu Quarter",1401005
"Tanintharyi Region","Dawei Township","Kyet Sa Pyin Quarter",1401006
"Tanintharyi Region","Dawei Township","Bon Maw Quarter",1401007
"Tanintharyi Region","Dawei Township","Za Yit Quarter",1401008
"Tanintharyi Region","Dawei Township","Ka Nyon Quarter",1401009
"Tanintharyi Region","Dawei Township","Pein Hne Taw Quarter",1401010
"Tanintharyi Region","Dawei Township","Ah Nauk Myo Twin Quarter",1401011
"Tanintharyi Region","Dawei Township","Byaw Taw Wa Quarter",1401012
"Tanintharyi Region","Dawei Township","Kyauk  Maw Quarter",1401013
"Tanintharyi Region","Dawei Township","Htein Thit Quarter",1401014
"Tanintharyi Region","Dawei Township","Sin Seik Quarter",1401015
"Tanintharyi Region","Yebyu Township","Myo Ma (Ka Gyi) Quarter",1402001
"Tanintharyi Region","Yebyu Township","Myo Ma (Kha Gway) Quarter",1402002
"Tanintharyi Region","Yebyu Township","Myo Ma (Ga Nge) Quarter",1402003
"Tanintharyi Region","Yebyu Township","Myo Ma (Ga Gyi) Quarter",1402004
"Tanintharyi Region","Thayetchaung Township","Maw Shi Kone Quarter",1403001
"Tanintharyi Region","Thayetchaung Township","Kyauk Myaung Quarter",1403002
"Tanintharyi Region","Thayetchaung Township","Tha Yet Chaung Quarter",1403003
"Tanintharyi Region","Thayetchaung Township","Pan Taw Quarter",1403004
"Tanintharyi Region","Thayetchaung Township","Sin Hpyu Pyin Quarter",1403005
"Tanintharyi Region","Launglon Township","(Ka Gyi) Quarter",1404001
"Tanintharyi Region","Launglon Township","(Kha Gway) Quarter",1404002
"Tanintharyi Region","Launglon Township","(Ga Nge) Quarter",1404003
"Tanintharyi Region","Launglon Township","(Ga Gyi) Quarter",1404004
"Tanintharyi Region","Myeik Township","Nauk Lel Quarter",1405001
"Tanintharyi Region","Myeik Township","Ta Laing Su Quarter",1405002
"Tanintharyi Region","Myeik Township","Seik Nge Quarter",1405003
"Tanintharyi Region","Myeik Township","Zay Tan Quarter",1405004
"Tanintharyi Region","Myeik Township","Kan Khaung Quarter",1405005
"Tanintharyi Region","Myeik Township","Myit Nge Quarter",1405006
"Tanintharyi Region","Myeik Township","Dawei Su Quarter",1405007
"Tanintharyi Region","Myeik Township","Kan Gyi Quarter",1405008
"Tanintharyi Region","Myeik Township","Yae Pone Quarter",1405009
"Tanintharyi Region","Myeik Township","Kan Hpyar Quarter",1405010
"Tanintharyi Region","Myeik Township","Ah Lel Kyun Quarter",1405011
"Tanintharyi Region","Myeik Township","Myeik (South) Quarter",1405012
"Tanintharyi Region","Palaw Township","No (1) Quarter",1406001
"Tanintharyi Region","Palaw Township","No (2) Quarter",1406002
"Tanintharyi Region","Palaw Township","No (3) Quarter",1406003
"Tanintharyi Region","Palaw Township","No (4) Quarter",1406004
"Tanintharyi Region","Palaw Township","No (5) Quarter",1406005
"Tanintharyi Region","Tanintharyi Township","Chaung Gyi Quarter",1407001
"Tanintharyi Region","Tanintharyi Township","Chaung Nge Quarter",1407002
"Tanintharyi Region","Bokpyin Township","Shwe Bon Thar Quarter",1408001
"Tanintharyi Region","Bokpyin Township","Aung Min Ga Lar Quarter",1408002
"Tanintharyi Region","Kawthoung Township","Shwe Hin Thar Quarter",1409001
"Tanintharyi Region","Kawthoung Township","Ah Nan War Quarter",1409002
"Tanintharyi Region","Kawthoung Township","Pi Tauk Shwe War Quarter",1409003
"Tanintharyi Region","Kawthoung Township","Ba Yint Naung Quarter",1409004
"Tanintharyi Region","Kawthoung Township","Aung Thu Kha Quarter",1409005
"Tanintharyi Region","Kawthoung Township","Aye Mya Kan Thar Quarter",1409006
"Tanintharyi Region","Kawthoung Township","Thi Ri Myaing Quarter",1409007
"Tanintharyi Region","Kawthoung Township","Shwe Zin Yaw Quarter",1409008
"Tanintharyi Region","Kawthoung Township","Aye Yeik Nyein Quarter",1409009
"Tanintharyi Region","Kawthoung Township","Shwe Pyi Thar Quarter",1409010
"Tanintharyi Region","Kyunsu Township","No (1) Quarter",1410001
"Tanintharyi Region","Kyunsu Township","No (2) Quarter",1410002
"Tanintharyi Region","Kyunsu Township","No (3) Quarter",1410003
"Tanintharyi Region","Kyunsu Township","No (4) Quarter",1410004
"Tanintharyi Region","Myitta Town","No (1) Quarter",1460001
"Tanintharyi Region","Myitta Town","No (2) Quarter",1460002
"Tanintharyi Region","Myitta Town","No (3) Quarter",1460003
"Tanintharyi Region","Kaleinaung Town","No (1) Quarter",1461001
"Tanintharyi Region","Kaleinaung Town","No (2) Quarter",1461002
"Tanintharyi Region","Kaleinaung Town","No (3) Quarter",1461003
"Tanintharyi Region","Kaleinaung Town","No (4) Quarter",1461004
"Tanintharyi Region","Palauk Town","No (1) Quarter",1462001
"Tanintharyi Region","Palauk Town","No (2) Quarter",1462002
"Tanintharyi Region","Palauk Town","No (3) Quarter",1462003
"Tanintharyi Region","Palauk Town","No (4) Quarter",1462004
"Tanintharyi Region","Pala Town","No (1) Quarter",1463001
"Tanintharyi Region","Pala Town","No (2) Quarter",1463002
"Tanintharyi Region","Pala Town","No (3) Quarter",1463003
"Tanintharyi Region","Pala Town","No (4) Quarter",1463004
"Tanintharyi Region","Maw Taung Town","Myo Ma Quarter",1464001
"Tanintharyi Region","Maw Taung Town","No (1) Quarter",1464002
"Tanintharyi Region","Maw Taung Town","No (2) Quarter",1464003
"Tanintharyi Region","Pyigyimandaing Town","Pyi Gyi Mandaing Quarter",1465001
"Tanintharyi Region","Pyigyimandaing Town","Lay Hnar (East) Quarter",1465002
"Tanintharyi Region","Pyigyimandaing Town","Lay Hnar (West) Quarter",1465003
"Tanintharyi Region","Karathuri Town","No (1) Quarter",1466001
"Tanintharyi Region","Karathuri Town","No (2) Quarter",1466002
"Tanintharyi Region","Karathuri Town","No (3) Quarter",1466003
"Tanintharyi Region","Khamaukgyi Town","No (1) Quarter",1467001
"Tanintharyi Region","Khamaukgyi Town","No (2) Quarter",1467002
"Tanintharyi Region","Khamaukgyi Town","No (4) Quarter",1467003
