﻿Region,"Town / Township","Ward / Village Tract","Postal Code"
မွန်ပြည်နယ်,"မော်လမြိုင် မြို့နယ်","ကတိုး ကျေးရွာအုပ်စု",1201200
မွန်ပြည်နယ်,"မော်လမြိုင် မြို့နယ်","ကော့စိန် ကျေးရွာအုပ်စု",1201201
မွန်ပြည်နယ်,"မော်လမြိုင် မြို့နယ်","ကျောက်တန်း ကျေးရွာအုပ်စု",1201202
မွန်ပြည်နယ်,"မော်လမြိုင် မြို့နယ်","စမ်းကြီး ကျေးရွာအုပ်စု",1201203
မွန်ပြည်နယ်,"မော်လမြိုင် မြို့နယ်","ကော့တွန် ကျေးရွာအုပ်စု",1201204
မွန်ပြည်နယ်,"မော်လမြိုင် မြို့နယ်","ကော့နှပ် ကျေးရွာအုပ်စု",1201205
မွန်ပြည်နယ်,"မော်လမြိုင် မြို့နယ်","ကော့လှာ ကျေးရွာအုပ်စု",1201206
မွန်ပြည်နယ်,"မော်လမြိုင် မြို့နယ်","ကော့ပေါက် ကျေးရွာအုပ်စု",1201207
မွန်ပြည်နယ်,"မော်လမြိုင် မြို့နယ်","ငန်းတေး ကျေးရွာအုပ်စု",1201208
မွန်ပြည်နယ်,"မော်လမြိုင် မြို့နယ်","မင်းရွာ ကျေးရွာအုပ်စု",1201209
မွန်ပြည်နယ်,"မော်လမြိုင် မြို့နယ်","မုရောင်း ကျေးရွာအုပ်စု",1201210
မွန်ပြည်နယ်,"မော်လမြိုင် မြို့နယ်","ဂွေးကုန်း ကျေးရွာအုပ်စု",1201211
မွန်ပြည်နယ်,"မော်လမြိုင် မြို့နယ်","ခြောက်မိုင်ကျွဲခြံကုန်း ကျေးရွာအုပ်စု",1201212
မွန်ပြည်နယ်,"မော်လမြိုင် မြို့နယ်","ကော့ခနိ ကျေးရွာအုပ်စု",1201213
မွန်ပြည်နယ်,"မော်လမြိုင် မြို့နယ်","နောင်ခရိ ကျေးရွာအုပ်စု",1201214
မွန်ပြည်နယ်,"မော်လမြိုင် မြို့နယ်","ကြာအင်း ကျေးရွာအုပ်စု",1201215
မွန်ပြည်နယ်,"မော်လမြိုင် မြို့နယ်","ကော့ခမယ် ကျေးရွာအုပ်စု",1201216
မွန်ပြည်နယ်,"မော်လမြိုင် မြို့နယ်","ဖါးအောက် ကျေးရွာအုပ်စု",1201217
မွန်ပြည်နယ်,"မော်လမြိုင် မြို့နယ်","ရိုးဂိုး ကျေးရွာအုပ်စု",1201218
မွန်ပြည်နယ်,"ကျိုက်ထို မြို့နယ်","အဘိုင်း ကျေးရွာအုပ်စု",1202200
မွန်ပြည်နယ်,"ကျိုက်ထို မြို့နယ်","ကျူချောင် ကျေးရွာအုပ်စု",1202201
မွန်ပြည်နယ်,"ကျိုက်ထို မြို့နယ်","သုံးခွ ကျေးရွာအုပ်စု",1202202
မွန်ပြည်နယ်,"ကျိုက်ထို မြို့နယ်","ဝင်းကံ ကျေးရွာအုပ်စု",1202203
မွန်ပြည်နယ်,"ကျိုက်ထို မြို့နယ်","လှည်းလမ်းကူး ကျေးရွာအုပ်စု",1202204
မွန်ပြည်နယ်,"ကျိုက်ထို မြို့နယ်","အင်္ဂပို ကျေးရွာအုပ်စု",1202205
မွန်ပြည်နယ်,"ကျိုက်ထို မြို့နယ်","ကဒိုင်ဒွတ် ကျေးရွာအုပ်စု",1202206
မွန်ပြည်နယ်,"ကျိုက်ထို မြို့နယ်","ကမ်းနီ ကျေးရွာအုပ်စု",1202207
မွန်ပြည်နယ်,"ကျိုက်ထို မြို့နယ်","ခရွဲ ကျေးရွာအုပ်စု",1202208
မွန်ပြည်နယ်,"ကျိုက်ထို မြို့နယ်","မုက္ခမော့ ကျေးရွာအုပ်စု",1202209
မွန်ပြည်နယ်,"ကျိုက်ထို မြို့နယ်","ကော့ထင်း ကျေးရွာအုပ်စု",1202210
မွန်ပြည်နယ်,"ကျိုက်ထို မြို့နယ်","ကော့ဘိန်း ကျေးရွာအုပ်စု",1202211
မွန်ပြည်နယ်,"ကျိုက်ထို မြို့နယ်","ကျောင်းရွာ ကျေးရွာအုပ်စု",1202212
မွန်ပြည်နယ်,"ကျိုက်ထို မြို့နယ်","ကျိုက္ကသာ ကျေးရွာအုပ်စု",1202213
မွန်ပြည်နယ်,"ကျိုက်ထို မြို့နယ်","ကျိုက်ပိ ကျေးရွာအုပ်စု",1202214
မွန်ပြည်နယ်,"ကျိုက်ထို မြို့နယ်","ကင်မွန်းချောင်း ကျေးရွာအုပ်စု",1202215
မွန်ပြည်နယ်,"ကျိုက်ထို မြို့နယ်","မလော့ချောင် ကျေးရွာအုပ်စု",1202216
မွန်ပြည်နယ်,"ကျိုက်ထို မြို့နယ်","မာလာဖူး ကျေးရွာအုပ်စု",1202217
မွန်ပြည်နယ်,"ကျိုက်ထို မြို့နယ်","မုက္ခမူ ကျေးရွာအုပ်စု",1202218
မွန်ပြည်နယ်,"ကျိုက်ထို မြို့နယ်","မရမ်းချောင်း ကွာရီရွာသစ် ကျေးရွာအုပ်စု",1202219
မွန်ပြည်နယ်,"ကျိုက်ထို မြို့နယ်","ကျွန်းတော ကျေးရွာအုပ်စု",1202220
မွန်ပြည်နယ်,"ကျိုက်ထို မြို့နယ်","ငှက်ပျောတော ကျေးရွာအုပ်စု",1202221
မွန်ပြည်နယ်,"ကျိုက်ထို မြို့နယ်","သိမ်ဇရပ် ကျေးရွာအုပ်စု",1202222
မွန်ပြည်နယ်,"ကျိုက်ထို မြို့နယ်","ကျောက်ကလပ် ကျေးရွာအုပ်စု",1202223
မွန်ပြည်နယ်,"ကျိုက်ထို မြို့နယ်","ဘိုရားကြီး ကျေးရွာအုပ်စု",1202224
မွန်ပြည်နယ်,"ကျိုက်ထို မြို့နယ်","ပျဉ်းကတိုးကုန်း ကျေးရွာအုပ်စု",1202225
မွန်ပြည်နယ်,"ကျိုက်ထို မြို့နယ်","ဖက္တလိပ် ကျေးရွာအုပ်စု",1202226
မွန်ပြည်နယ်,"ကျိုက်ထို မြို့နယ်","ပီတိ ကျေးရွာအုပ်စု",1202227
မွန်ပြည်နယ်,"ကျိုက်ထို မြို့နယ်","စစ်တောင်း ကျေးရွာအုပ်စု",1202228
မွန်ပြည်နယ်,"ကျိုက်ထို မြို့နယ်","စွပ္ပနူး ကျေးရွာအုပ်စု",1202229
မွန်ပြည်နယ်,"ကျိုက်ထို မြို့နယ်","ခလွန် ကျေးရွာအုပ်စု",1202230
မွန်ပြည်နယ်,"ကျိုက်ထို မြို့နယ်","ဝါးဘိုးချောင်း ကျေးရွာအုပ်စု",1202231
မွန်ပြည်နယ်,"ကျိုက်ထို မြို့နယ်","ကွင်းကလေး ကျေးရွာအုပ်စု",1202232
မွန်ပြည်နယ်,"ကျိုက်ထို မြို့နယ်","ဇီးပြောင်း ကျေးရွာအုပ်စု",1202233
မွန်ပြည်နယ်,"ကျိုက်ထို မြို့နယ်","မုပ္ပလင် ကျေးရွာအုပ်စု",1202234
မွန်ပြည်နယ်,"ကျိုက်ထို မြို့နယ်","ကျိုက်ထီးရိုးရင်ပြင်တော် ကျေးရွာအုပ်စု",1202235
မွန်ပြည်နယ်,"ဘီးလင်း မြို့နယ်","နှင်းပုလဲ ကျေးရွာအုပ်စု",1203200
မွန်ပြည်နယ်,"ဘီးလင်း မြို့နယ်","ရွှေလှေ ကျေးရွာအုပ်စု",1203201
မွန်ပြည်နယ်,"ဘီးလင်း မြို့နယ်","ညောင်ပလင် ကျေးရွာအုပ်စု",1203202
မွန်ပြည်နယ်,"ဘီးလင်း မြို့နယ်","လိပ်ခုံး ကျေးရွာအုပ်စု",1203203
မွန်ပြည်နယ်,"ဘီးလင်း မြို့နယ်","တဘက်ဆွဲ ကျေးရွာအုပ်စု",1203204
မွန်ပြည်နယ်,"ဘီးလင်း မြို့နယ်","အနိင်းပွန် ကျေးရွာအုပ်စု",1203205
မွန်ပြည်နယ်,"ဘီးလင်း မြို့နယ်","မုသင် ကျေးရွာအုပ်စု",1203206
မွန်ပြည်နယ်,"ဘီးလင်း မြို့နယ်","ဇွဲကလာ ကျေးရွာအုပ်စု",1203207
မွန်ပြည်နယ်,"ဘီးလင်း မြို့နယ်","ဇုတ်သုတ် ကျေးရွာအုပ်စု",1203208
မွန်ပြည်နယ်,"ဘီးလင်း မြို့နယ်","ဇုက္ကလီ ကျေးရွာအုပ်စု",1203209
မွန်ပြည်နယ်,"ဘီးလင်း မြို့နယ်","ကော့ကဒွတ် ကျေးရွာအုပ်စု",1203210
မွန်ပြည်နယ်,"ဘီးလင်း မြို့နယ်","ယွန်းဒလင်းကုန်း ကျေးရွာအုပ်စု",1203211
မွန်ပြည်နယ်,"ဘီးလင်း မြို့နယ်","တောင်စွန်း ကျေးရွာအုပ်စု",1203212
မွန်ပြည်နယ်,"ဘီးလင်း မြို့နယ်","ပေါက်တော ကျေးရွာအုပ်စု",1203213
မွန်ပြည်နယ်,"ဘီးလင်း မြို့နယ်","ကင်းရွာ ကျေးရွာအုပ်စု",1203214
မွန်ပြည်နယ်,"ဘီးလင်း မြို့နယ်","တောင်ကြီး ကျေးရွာအုပ်စု",1203215
မွန်ပြည်နယ်,"ဘီးလင်း မြို့နယ်","ဝင်းက ကျေးရွာအုပ်စု",1203216
မွန်ပြည်နယ်,"ဘီးလင်း မြို့နယ်","အရက်သီမ ကျေးရွာအုပ်စု",1203217
မွန်ပြည်နယ်,"ဘီးလင်း မြို့နယ်","မရမ်းကုန်း ကျေးရွာအုပ်စု",1203218
မွန်ပြည်နယ်,"ဘီးလင်း မြို့နယ်","သိန်ငူ ကျေးရွာအုပ်စု",1203219
မွန်ပြည်နယ်,"ဘီးလင်း မြို့နယ်","သဲဖြူချောင်း ကျေးရွာအုပ်စု",1203220
မွန်ပြည်နယ်,"ဘီးလင်း မြို့နယ်","အလူး ကျေးရွာအုပ်စု",1203221
မွန်ပြည်နယ်,"ဘီးလင်း မြို့နယ်","ဝင်းပြန် ကျေးရွာအုပ်စု",1203222
မွန်ပြည်နယ်,"ဘီးလင်း မြို့နယ်","ကျောက်ရေတွင်း ကျေးရွာအုပ်စု",1203223
မွန်ပြည်နယ်,"ဘီးလင်း မြို့နယ်","ဖိုးဝါးသိမ် ကျေးရွာအုပ်စု",1203224
မွန်ပြည်နယ်,"ဘီးလင်း မြို့နယ်","ဂုံညင်းနွယ် ကျေးရွာအုပ်စု",1203225
မွန်ပြည်နယ်,"ဘီးလင်း မြို့နယ်","ဝင်းသောင် ကျေးရွာအုပ်စု",1203226
မွန်ပြည်နယ်,"ဘီးလင်း မြို့နယ်","ကဒီပု ကျေးရွာအုပ်စု",1203227
မွန်ပြည်နယ်,"ဘီးလင်း မြို့နယ်","ဒေါက်ရပ် ကျေးရွာအုပ်စု",1203228
မွန်ပြည်နယ်,"ဘီးလင်း မြို့နယ်","ရွှေရောင်ပြ ကျေးရွာအုပ်စု",1203229
မွန်ပြည်နယ်,"ဘီးလင်း မြို့နယ်","ကျခတ်ချောင်း ကျေးရွာအုပ်စု",1203230
မွန်ပြည်နယ်,"ဘီးလင်း မြို့နယ်","တညင်းကုန်း ကျေးရွာအုပ်စု",1203231
မွန်ပြည်နယ်,"ဘီးလင်း မြို့နယ်","ကဇိုင်း ကျေးရွာအုပ်စု",1203232
မွန်ပြည်နယ်,"ဘီးလင်း မြို့နယ်","ရင်းအုံ ကျေးရွာအုပ်စု",1203233
မွန်ပြည်နယ်,"ဘီးလင်း မြို့နယ်","မဲလံ ကျေးရွာအုပ်စု",1203234
မွန်ပြည်နယ်,"ဘီးလင်း မြို့နယ်","မဲလံဂေါင်း ကျေးရွာအုပ်စု",1203235
မွန်ပြည်နယ်,"ဘီးလင်း မြို့နယ်","အဟုံးဝ ကျေးရွာအုပ်စု",1203236
မွန်ပြည်နယ်,"ဘီးလင်း မြို့နယ်","ဘုရားဆိပ် ကျေးရွာအုပ်စု",1203237
မွန်ပြည်နယ်,"ဘီးလင်း မြို့နယ်","နတ်ကြီး ကျေးရွာအုပ်စု",1203238
မွန်ပြည်နယ်,"ဘီးလင်း မြို့နယ်","မဲနသန် ကျေးရွာအုပ်စု",1203239
မွန်ပြည်နယ်,"ဘီးလင်း မြို့နယ်","မဲပလီ ကျေးရွာအုပ်စု",1203240
မွန်ပြည်နယ်,"ဘီးလင်း မြို့နယ်","ပီတိ ကျေးရွာအုပ်စု",1203241
မွန်ပြည်နယ်,"ဘီးလင်း မြို့နယ်","ဘောနောခီး ကျေးရွာအုပ်စု",1203242
မွန်ပြည်နယ်,"ဘီးလင်း မြို့နယ်","အစူးချောင်း ကျေးရွာအုပ်စု",1203243
မွန်ပြည်နယ်,"ဘီးလင်း မြို့နယ်","ဝင်းတာပန် ကျေးရွာအုပ်စု",1203244
မွန်ပြည်နယ်,"ဘီးလင်း မြို့နယ်","လေးကေ ကျေးရွာအုပ်စု",1203245
မွန်ပြည်နယ်,"ဘီးလင်း မြို့နယ်","ကြိုးဝိုင်း ကျေးရွာအုပ်စု",1203246
မွန်ပြည်နယ်,"ဘီးလင်း မြို့နယ်","ပိုင်ဒဝယ် ကျေးရွာအုပ်စု",1203247
မွန်ပြည်နယ်,"ဘီးလင်း မြို့နယ်","ကျားကွင်း ကျေးရွာအုပ်စု",1203248
မွန်ပြည်နယ်,"ဘီးလင်း မြို့နယ်","ကျောက်လုံးကြီး ကျေးရွာအုပ်စု",1203249
မွန်ပြည်နယ်,"ဘီးလင်း မြို့နယ်","ဆင်အင်း ကျေးရွာအုပ်စု",1203250
မွန်ပြည်နယ်,"သထုံ မြို့နယ်","တောင်ကြား ကျေးရွာအုပ်စု",1204200
မွန်ပြည်နယ်,"သထုံ မြို့နယ်","ဝင်းပ ကျေးရွာအုပ်စု",1204201
မွန်ပြည်နယ်,"သထုံ မြို့နယ်","ကော့လှိုင်း ကျေးရွာအုပ်စု",1204202
မွန်ပြည်နယ်,"သထုံ မြို့နယ်","ချောင်းဇောက် ကျေးရွာအုပ်စု",1204203
မွန်ပြည်နယ်,"သထုံ မြို့နယ်","ဝီယော် ကျေးရွာအုပ်စု",1204204
မွန်ပြည်နယ်,"သထုံ မြို့နယ်","ပိန္နဲတော ကျေးရွာအုပ်စု",1204205
မွန်ပြည်နယ်,"သထုံ မြို့နယ်","ဓနု ကျေးရွာအုပ်စု",1204206
မွန်ပြည်နယ်,"သထုံ မြို့နယ်","ဝင်းဖုန်း ကျေးရွာအုပ်စု",1204207
မွန်ပြည်နယ်,"သထုံ မြို့နယ်","မတ်ချ ကျေးရွာအုပ်စု",1204208
မွန်ပြည်နယ်,"သထုံ မြို့နယ်","နောင်ကတုတ် ကျေးရွာအုပ်စု",1204209
မွန်ပြည်နယ်,"သထုံ မြို့နယ်","သိမ်ဆိပ် ကျေးရွာအုပ်စု",1204210
မွန်ပြည်နယ်,"သထုံ မြို့နယ်","ကျိုက္ကော် ကျေးရွာအုပ်စု",1204211
မွန်ပြည်နယ်,"သထုံ မြို့နယ်","တံတားဦး ကျေးရွာအုပ်စု",1204212
မွန်ပြည်နယ်,"သထုံ မြို့နယ်","မိုးကောင်း ကျေးရွာအုပ်စု",1204213
မွန်ပြည်နယ်,"သထုံ မြို့နယ်","ဒုံဝန်း ကျေးရွာအုပ်စု",1204214
မွန်ပြည်နယ်,"သထုံ မြို့နယ်","ကတိုက်ကလေး ကျေးရွာအုပ်စု",1204215
မွန်ပြည်နယ်,"သထုံ မြို့နယ်","ကတိုက်ကြီး ကျေးရွာအုပ်စု",1204216
မွန်ပြည်နယ်,"သထုံ မြို့နယ်","ဓနုကတိုက် ကျေးရွာအုပ်စု",1204217
မွန်ပြည်နယ်,"သထုံ မြို့နယ်","ဆိပ်ကျွန်း ကျေးရွာအုပ်စု",1204218
မွန်ပြည်နယ်,"သထုံ မြို့နယ်","တောကြီး ကျေးရွာအုပ်စု",1204219
မွန်ပြည်နယ်,"သထုံ မြို့နယ်","သောင်ကြီး ကျေးရွာအုပ်စု",1204220
မွန်ပြည်နယ်,"သထုံ မြို့နယ်","ဇရစ်ချောင် ကျေးရွာအုပ်စု",1204221
မွန်ပြည်နယ်,"သထုံ မြို့နယ်","မြေနီကုန်း ကျေးရွာအုပ်စု",1204222
မွန်ပြည်နယ်,"သထုံ မြို့နယ်","ဆင်ဖြူကျွန်း ကျေးရွာအုပ်စု",1204223
မွန်ပြည်နယ်,"သထုံ မြို့နယ်","နောင်ဘို ကျေးရွာအုပ်စု",1204224
မွန်ပြည်နယ်,"သထုံ မြို့နယ်","ပေါ်တော်မူ ကျေးရွာအုပ်စု",1204225
မွန်ပြည်နယ်,"သထုံ မြို့နယ်","ဘူဒင်းချောင် ကျေးရွာအုပ်စု",1204226
မွန်ပြည်နယ်,"သထုံ မြို့နယ်","မရမ်းကုန်း ကျေးရွာအုပ်စု",1204227
မွန်ပြည်နယ်,"သထုံ မြို့နယ်","ဇိုက္ကရဲ ကျေးရွာအုပ်စု",1204228
မွန်ပြည်နယ်,"သထုံ မြို့နယ်","ထိန်ပင် ကျေးရွာအုပ်စု",1204229
မွန်ပြည်နယ်,"သထုံ မြို့နယ်","နောင်ကုလား ကျေးရွာအုပ်စု",1204230
မွန်ပြည်နယ်,"သထုံ မြို့နယ်","ဒေးဗရိမ်း ကျေးရွာအုပ်စု",1204231
မွန်ပြည်နယ်,"သထုံ မြို့နယ်","သရက်တော ကျေးရွာအုပ်စု",1204232
မွန်ပြည်နယ်,"သထုံ မြို့နယ်","အောင်းစိုင် ကျေးရွာအုပ်စု",1204233
မွန်ပြည်နယ်,"သထုံ မြို့နယ်","တောင်စွန်း ကျေးရွာအုပ်စု",1204234
မွန်ပြည်နယ်,"သထုံ မြို့နယ်","အုပ္ဖိုချောင် ကျေးရွာအုပ်စု",1204235
မွန်ပြည်နယ်,"သထုံ မြို့နယ်","ကျောက်တန်း ကျေးရွာအုပ်စု",1204236
မွန်ပြည်နယ်,"သထုံ မြို့နယ်","ကျုံပါ ကျေးရွာအုပ်စု",1204237
မွန်ပြည်နယ်,"သထုံ မြို့နယ်","ဂေါ့ ကျေးရွာအုပ်စု",1204238
မွန်ပြည်နယ်,"သထုံ မြို့နယ်","ဝင်းစိန်ရွာသစ် ကျေးရွာအုပ်စု",1204239
မွန်ပြည်နယ်,"သထုံ မြို့နယ်","ဝင်းစိန်အလယ် ကျေးရွာအုပ်စု",1204240
မွန်ပြည်နယ်,"သထုံ မြို့နယ်","ဒူးရင်းဆိပ် ကျေးရွာအုပ်စု",1204241
မွန်ပြည်နယ်,"သထုံ မြို့နယ်","ထောင်မှူး ကျေးရွာအုပ်စု",1204242
မွန်ပြည်နယ်,"သထုံ မြို့နယ်","ဆင်ကျုံး ကျေးရွာအုပ်စု",1204243
မွန်ပြည်နယ်,"သထုံ မြို့နယ်","ဈေးမသွယ် (အထက်) ကျေးရွာအုပ်စု",1204244
မွန်ပြည်နယ်,"သထုံ မြို့နယ်","ဈေးမသွယ် (အောက်) ကျေးရွာအုပ်စု",1204245
မွန်ပြည်နယ်,"သထုံ မြို့နယ်","စခန်းကြီး ကျေးရွာအုပ်စု",1204246
မွန်ပြည်နယ်,"သထုံ မြို့နယ်","အနန်းပင် ကျေးရွာအုပ်စု",1204247
မွန်ပြည်နယ်,"သထုံ မြို့နယ်","ကြက်တူရွေးသောင် ကျေးရွာအုပ်စု",1204248
မွန်ပြည်နယ်,"သထုံ မြို့နယ်","သုဓမ္မဝတီ ကျေးရွာအုပ်စု",1204249
မွန်ပြည်နယ်,"ပေါင် မြို့နယ်","ညောင်ကုန်းလေး ကျေးရွာအုပ်စု",1205200
မွန်ပြည်နယ်,"ပေါင် မြို့နယ်","ပန်းကုန်း ကျေးရွာအုပ်စု",1205201
မွန်ပြည်နယ်,"ပေါင် မြို့နယ်","ဥတ္တတား ကျေးရွာအုပ်စု",1205202
မွန်ပြည်နယ်,"ပေါင် မြို့နယ်","ဒရိန်း ကျေးရွာအုပ်စု",1205203
မွန်ပြည်နယ်,"ပေါင် မြို့နယ်","ဒေးကင်း ကျေးရွာအုပ်စု",1205204
မွန်ပြည်နယ်,"ပေါင် မြို့နယ်","ကမာဘီ ကျေးရွာအုပ်စု",1205205
မွန်ပြည်နယ်,"ပေါင် မြို့နယ်","အဟောက် ကျေးရွာအုပ်စု",1205206
မွန်ပြည်နယ်,"ပေါင် မြို့နယ်","ထန်းပင်ချောင်ကြီး ကျေးရွာအုပ်စု",1205207
မွန်ပြည်နယ်,"ပေါင် မြို့နယ်","ဇင်းကျိုက် ကျေးရွာအုပ်စု",1205208
မွန်ပြည်နယ်,"ပေါင် မြို့နယ်","တပ်မှူးချောင် ကျေးရွာအုပ်စု",1205209
မွန်ပြည်နယ်,"ပေါင် မြို့နယ်","ကော့ထော် ကျေးရွာအုပ်စု",1205210
မွန်ပြည်နယ်,"ပေါင် မြို့နယ်","ကျွဲခြံ ကျေးရွာအုပ်စု",1205211
မွန်ပြည်နယ်,"ပေါင် မြို့နယ်","ကော့ကရင် ကျေးရွာအုပ်စု",1205212
မွန်ပြည်နယ်,"ပေါင် မြို့နယ်","ကဒိုင် ကျေးရွာအုပ်စု",1205213
မွန်ပြည်နယ်,"ပေါင် မြို့နယ်","ဘန့်ဘွေးကုန်း ကျေးရွာအုပ်စု",1205214
မွန်ပြည်နယ်,"ပေါင် မြို့နယ်","သပြေကုန်း ကျေးရွာအုပ်စု",1205215
မွန်ပြည်နယ်,"ပေါင် မြို့နယ်","ဖလပ် ကျေးရွာအုပ်စု",1205216
မွန်ပြည်နယ်,"ပေါင် မြို့နယ်","ရင်းငြိမ် (မြောက်) ကျေးရွာအုပ်စု",1205217
မွန်ပြည်နယ်,"ပေါင် မြို့နယ်","ရင်းငြိမ် (တောင်) ကျေးရွာအုပ်စု",1205218
မွန်ပြည်နယ်,"ပေါင် မြို့နယ်","ရွာတန်းရှည် ကျေးရွာအုပ်စု",1205219
မွန်ပြည်နယ်,"ပေါင် မြို့နယ်","ဖြူဘ ကျေးရွာအုပ်စု",1205220
မွန်ပြည်နယ်,"ပေါင် မြို့နယ်","ကတွန် ကျေးရွာအုပ်စု",1205221
မွန်ပြည်နယ်,"ပေါင် မြို့နယ်","ကျောက်ရေတွင်း ကျေးရွာအုပ်စု",1205222
မွန်ပြည်နယ်,"ပေါင် မြို့နယ်","အင်းပြောင် ကျေးရွာအုပ်စု",1205223
မွန်ပြည်နယ်,"ပေါင် မြို့နယ်","မြလေးချောင် ကျေးရွာအုပ်စု",1205224
မွန်ပြည်နယ်,"ပေါင် မြို့နယ်","ထန်းပင်ချောင်လေး ကျေးရွာအုပ်စု",1205225
မွန်ပြည်နယ်,"ပေါင် မြို့နယ်","ညောင်ကုန်းကြီး ကျေးရွာအုပ်စု",1205226
မွန်ပြည်နယ်,"ပေါင် မြို့နယ်","ကျုံဟော် ကျေးရွာအုပ်စု",1205227
မွန်ပြည်နယ်,"ပေါင် မြို့နယ်","သဲကုန်း ကျေးရွာအုပ်စု",1205228
မွန်ပြည်နယ်,"ပေါင် မြို့နယ်","ကတိုက် ကျေးရွာအုပ်စု",1205229
မွန်ပြည်နယ်,"ပေါင် မြို့နယ်","အုံးတပင် ကျေးရွာအုပ်စု",1205230
မွန်ပြည်နယ်,"ပေါင် မြို့နယ်","ဆင်ရွာ ကျေးရွာအုပ်စု",1205231
မွန်ပြည်နယ်,"ပေါင် မြို့နယ်","ဝဲပတန် ကျေးရွာအုပ်စု",1205232
မွန်ပြည်နယ်,"ပေါင် မြို့နယ်","မုတ္တမ-ကျွဲခြံ ကျေးရွာအုပ်စု",1205233
မွန်ပြည်နယ်,"ပေါင် မြို့နယ်","ကျောက်စရစ် ကျေးရွာအုပ်စု",1205234
မွန်ပြည်နယ်,"ပေါင် မြို့နယ်","လက်ပံတော ကျေးရွာအုပ်စု",1205235
မွန်ပြည်နယ်,"ပေါင် မြို့နယ်","ဥက္ကံ ကျေးရွာအုပ်စု",1205236
မွန်ပြည်နယ်,"ပေါင် မြို့နယ်","မှော်ဘီ ကျေးရွာအုပ်စု",1205237
မွန်ပြည်နယ်,"ပေါင် မြို့နယ်","နတ်မှော် ကျေးရွာအုပ်စု",1205238
မွန်ပြည်နယ်,"ပေါင် မြို့နယ်","သဲအိမ် ကျေးရွာအုပ်စု",1205239
မွန်ပြည်နယ်,"ပေါင် မြို့နယ်","သဲဖြူကုန်း ကျေးရွာအုပ်စု",1205240
မွန်ပြည်နယ်,"ပေါင် မြို့နယ်","ကော့ကဒိုက် ကျေးရွာအုပ်စု",1205241
မွန်ပြည်နယ်,"ပေါင် မြို့နယ်","ကျားဘို ကျေးရွာအုပ်စု",1205242
မွန်ပြည်နယ်,"ပေါင် မြို့နယ်","မုတ္ကမ ကျေးရွာအုပ်စု",1205243
မွန်ပြည်နယ်,"ပေါင် မြို့နယ်","နတ်ကြီးချောင်း ကျေးရွာအုပ်စု",1205244
မွန်ပြည်နယ်,"ပေါင် မြို့နယ်","ကျုံက ကျေးရွာအုပ်စု",1205245
မွန်ပြည်နယ်,"ပေါင် မြို့နယ်","အလှပ် ကျေးရွာအုပ်စု",1205246
မွန်ပြည်နယ်,"ပေါင် မြို့နယ်","လက်ပံကျွန်း ကျေးရွာအုပ်စု",1205247
မွန်ပြည်နယ်,"ပေါင် မြို့နယ်","ကျခပ်ငူ ကျေးရွာအုပ်စု",1205248
မွန်ပြည်နယ်,"ပေါင် မြို့နယ်","အီဗြစ် ကျေးရွာအုပ်စု",1205249
မွန်ပြည်နယ်,"ပေါင် မြို့နယ်","သဗြုချောင် ကျေးရွာအုပ်စု",1205250
မွန်ပြည်နယ်,"ချောင်းဆုံ မြို့နယ်","ရွာလွတ် ကျေးရွာအုပ်စု",1206200
မွန်ပြည်နယ်,"ချောင်းဆုံ မြို့နယ်","ဒရယ် ကျေးရွာအုပ်စု",1206201
မွန်ပြည်နယ်,"ချောင်းဆုံ မြို့နယ်","ကလွီ ကျေးရွာအုပ်စု",1206202
မွန်ပြည်နယ်,"ချောင်းဆုံ မြို့နယ်","ကမာမို ကျေးရွာအုပ်စု",1206203
မွန်ပြည်နယ်,"ချောင်းဆုံ မြို့နယ်","ညောင်လမ်း ကျေးရွာအုပ်စု",1206204
မွန်ပြည်နယ်,"ချောင်းဆုံ မြို့နယ်","တော်ကနာ ကျေးရွာအုပ်စု",1206205
မွန်ပြည်နယ်,"ချောင်းဆုံ မြို့နယ်","နှီးမှုတ် ကျေးရွာအုပ်စု",1206206
မွန်ပြည်နယ်,"ချောင်းဆုံ မြို့နယ်","ဆယ်ပလာ ကျေးရွာအုပ်စု",1206207
မွန်ပြည်နယ်,"ချောင်းဆုံ မြို့နယ်","ဇီးကုန်း ကျေးရွာအုပ်စု",1206208
မွန်ပြည်နယ်,"ချောင်းဆုံ မြို့နယ်","မုရစ်ကြီး ကျေးရွာအုပ်စု",1206209
မွန်ပြည်နယ်,"ချောင်းဆုံ မြို့နယ်","တော်ပွန် ကျေးရွာအုပ်စု",1206210
မွန်ပြည်နယ်,"ချောင်းဆုံ မြို့နယ်","ကရင်ဝင်းစိန် ကျေးရွာအုပ်စု",1206211
မွန်ပြည်နယ်,"ချောင်းဆုံ မြို့နယ်","မုကွဲ ကျေးရွာအုပ်စု",1206212
မွန်ပြည်နယ်,"ချောင်းဆုံ မြို့နယ်","ကလော့ ကျေးရွာအုပ်စု",1206213
မွန်ပြည်နယ်,"ချောင်းဆုံ မြို့နယ်","ကွမ်ရိုက် ကျေးရွာအုပ်စု",1206214
မွန်ပြည်နယ်,"ချောင်းဆုံ မြို့နယ်","ကမနင်း ကျေးရွာအုပ်စု",1206215
မွန်ပြည်နယ်,"ချောင်းဆုံ မြို့နယ်","စော်ကဲ ကျေးရွာအုပ်စု",1206216
မွန်ပြည်နယ်,"ချောင်းဆုံ မြို့နယ်","ခရိုက်ဒူး ကျေးရွာအုပ်စု",1206217
မွန်ပြည်နယ်,"ချောင်းဆုံ မြို့နယ်","မုရစ်ကလေး ကျေးရွာအုပ်စု",1206218
မွန်ပြည်နယ်,"ချောင်းဆုံ မြို့နယ်","ဖံဖ ကျေးရွာအုပ်စု",1206219
မွန်ပြည်နယ်,"ချောင်းဆုံ မြို့နယ်","တကူပတီ ကျေးရွာအုပ်စု",1206220
မွန်ပြည်နယ်,"ချောင်းဆုံ မြို့နယ်","ကုလားတို့ ကျေးရွာအုပ်စု",1206221
မွန်ပြည်နယ်,"ချောင်းဆုံ မြို့နယ်","ခရိုက်သစ် ကျေးရွာအုပ်စု",1206222
မွန်ပြည်နယ်,"ချောင်းဆုံ မြို့နယ်","ကွမ်သဲ ကျေးရွာအုပ်စု",1206223
မွန်ပြည်နယ်,"ချောင်းဆုံ မြို့နယ်","မရမ်း ကျေးရွာအုပ်စု",1206224
မွန်ပြည်နယ်,"ချောင်းဆုံ မြို့နယ်","ကုလားဘီ ကျေးရွာအုပ်စု",1206225
မွန်ပြည်နယ်,"ချောင်းဆုံ မြို့နယ်","ဝယ်လမ်း ကျေးရွာအုပ်စု",1206226
မွန်ပြည်နယ်,"ချောင်းဆုံ မြို့နယ်","ဟင်္သာကျွန်း ကျေးရွာအုပ်စု",1206227
မွန်ပြည်နယ်,"ချောင်းဆုံ မြို့နယ်","ကော့ကဒိုက် ကျေးရွာအုပ်စု",1206228
မွန်ပြည်နယ်,"ချောင်းဆုံ မြို့နယ်","အဘစ် ကျေးရွာအုပ်စု",1206229
မွန်ပြည်နယ်,"ချောင်းဆုံ မြို့နယ်","ကွမ်လှာ ကျေးရွာအုပ်စု",1206230
မွန်ပြည်နယ်,"ချောင်းဆုံ မြို့နယ်","ကမာကေး ကျေးရွာအုပ်စု",1206231
မွန်ပြည်နယ်,"ချောင်းဆုံ မြို့နယ်","ခရိုက်နှီးဟု ကျေးရွာအုပ်စု",1206232
မွန်ပြည်နယ်,"ချောင်းဆုံ မြို့နယ်","သက္ကော ကျေးရွာအုပ်စု",1206233
မွန်ပြည်နယ်,"ချောင်းဆုံ မြို့နယ်","တောင်စွန်း ကျေးရွာအုပ်စု",1206234
မွန်ပြည်နယ်,"ချောင်းဆုံ မြို့နယ်","ဒေါင်းရပ် (အနောက်) ကျေးရွာအုပ်စု",1206235
မွန်ပြည်နယ်,"ချောင်းဆုံ မြို့နယ်","ဒေါင်းရပ် (အရှေ့) ကျေးရွာအုပ်စု",1206236
မွန်ပြည်နယ်,"ချောင်းဆုံ မြို့နယ်","ကော့မုပွန် ကျေးရွာအုပ်စု",1206237
မွန်ပြည်နယ်,"ချောင်းဆုံ မြို့နယ်","ကညှော် ကျေးရွာအုပ်စု",1206238
မွန်ပြည်နယ်,"ချောင်းဆုံ မြို့နယ်","ဘိုးနက် ကျေးရွာအုပ်စု",1206239
မွန်ပြည်နယ်,"ချောင်းဆုံ မြို့နယ်","မုဒူး ကျေးရွာအုပ်စု",1206240
မွန်ပြည်နယ်,"ချောင်းဆုံ မြို့နယ်","နတ်မှော် ကျေးရွာအုပ်စု",1206241
မွန်ပြည်နယ်,"ချောင်းဆုံ မြို့နယ်","ဒေါင်းဥ ကျေးရွာအုပ်စု",1206242
မွန်ပြည်နယ်,"ကျိုက်မရော မြို့နယ်","အံကရဲ ကျေးရွာအုပ်စု",1207200
မွန်ပြည်နယ်,"ကျိုက်မရော မြို့နယ်","အထရံ ကျေးရွာအုပ်စု",1207201
မွန်ပြည်နယ်,"ကျိုက်မရော မြို့နယ်","ဘာဘူကုန်း ကျေးရွာအုပ်စု",1207202
မွန်ပြည်နယ်,"ကျိုက်မရော မြို့နယ်","ဘိန်းဗျော ကျေးရွာအုပ်စု",1207203
မွန်ပြည်နယ်,"ကျိုက်မရော မြို့နယ်","ဓမ္မဿ ကျေးရွာအုပ်စု",1207204
မွန်ပြည်နယ်,"ကျိုက်မရော မြို့နယ်","လှကဇိုင်း ကျေးရွာအုပ်စု",1207205
မွန်ပြည်နယ်,"ကျိုက်မရော မြို့နယ်","ကဒါ ကျေးရွာအုပ်စု",1207206
မွန်ပြည်နယ်,"ကျိုက်မရော မြို့နယ်","ကလိုင်းကနိုင် ကျေးရွာအုပ်စု",1207207
မွန်ပြည်နယ်,"ကျိုက်မရော မြို့နယ်","ခနောင် ကျေးရွာအုပ်စု",1207208
မွန်ပြည်နယ်,"ကျိုက်မရော မြို့နယ်","ကော့ဘွီး ကျေးရွာအုပ်စု",1207209
မွန်ပြည်နယ်,"ကျိုက်မရော မြို့နယ်","ကော့ခလိန် ကျေးရွာအုပ်စု",1207210
မွန်ပြည်နယ်,"ကျိုက်မရော မြို့နယ်","ကော့ပလိုင် ကျေးရွာအုပ်စု",1207211
မွန်ပြည်နယ်,"ကျိုက်မရော မြို့နယ်","ကော့ကလော့ ကျေးရွာအုပ်စု",1207212
မွန်ပြည်နယ်,"ကျိုက်မရော မြို့နယ်","ကော့ပနော ကျေးရွာအုပ်စု",1207213
မွန်ပြည်နယ်,"ကျိုက်မရော မြို့နယ်","ကော့သတ် ကျေးရွာအုပ်စု",1207214
မွန်ပြည်နယ်,"ကျိုက်မရော မြို့နယ်","ခရုံ ကျေးရွာအုပ်စု",1207215
မွန်ပြည်နယ်,"ကျိုက်မရော မြို့နယ်","ကွမ်ငန်း ကျေးရွာအုပ်စု",1207216
မွန်ပြည်နယ်,"ကျိုက်မရော မြို့နယ်","ကျိုက်ပရံ ကျေးရွာအုပ်စု",1207217
မွန်ပြည်နယ်,"ကျိုက်မရော မြို့နယ်","ကြီးအုပ် ကျေးရွာအုပ်စု",1207218
မွန်ပြည်နယ်,"ကျိုက်မရော မြို့နယ်","ကျုံကွယ် ကျေးရွာအုပ်စု",1207219
မွန်ပြည်နယ်,"ကျိုက်မရော မြို့နယ်","ကျုံစိန် ကျေးရွာအုပ်စု",1207220
မွန်ပြည်နယ်,"ကျိုက်မရော မြို့နယ်","ကျုံဝမ်း ကျေးရွာအုပ်စု",1207221
မွန်ပြည်နယ်,"ကျိုက်မရော မြို့နယ်","ကျွန်းရွာ ကျေးရွာအုပ်စု",1207222
မွန်ပြည်နယ်,"ကျိုက်မရော မြို့နယ်","လမုခို ကျေးရွာအုပ်စု",1207223
မွန်ပြည်နယ်,"ကျိုက်မရော မြို့နယ်","လက်ပန် ကျေးရွာအုပ်စု",1207224
မွန်ပြည်နယ်,"ကျိုက်မရော မြို့နယ်","မယ်ကရို ကျေးရွာအုပ်စု",1207225
မွန်ပြည်နယ်,"ကျိုက်မရော မြို့နယ်","မိကသစ် ကျေးရွာအုပ်စု",1207226
မွန်ပြည်နယ်,"ကျိုက်မရော မြို့နယ်","မုဆိုးကျွန်း ကျေးရွာအုပ်စု",1207227
မွန်ပြည်နယ်,"ကျိုက်မရော မြို့နယ်","ငပုအင်း ကျေးရွာအုပ်စု",1207228
မွန်ပြည်နယ်,"ကျိုက်မရော မြို့နယ်","ငပြေမ ကျေးရွာအုပ်စု",1207229
မွန်ပြည်နယ်,"ကျိုက်မရော မြို့နယ်","နိဒုံ ကျေးရွာအုပ်စု",1207230
မွန်ပြည်နယ်,"ကျိုက်မရော မြို့နယ်","ညောင်ပင်ဆိပ် ကျေးရွာအုပ်စု",1207231
မွန်ပြည်နယ်,"ကျိုက်မရော မြို့နယ်","ဖားပျောက် ကျေးရွာအုပ်စု",1207232
မွန်ပြည်နယ်,"ကျိုက်မရော မြို့နယ်","ပိန်းနဲကုန်း ကျေးရွာအုပ်စု",1207233
မွန်ပြည်နယ်,"ကျိုက်မရော မြို့နယ်","ဖနုံ ကျေးရွာအုပ်စု",1207234
မွန်ပြည်နယ်,"ကျိုက်မရော မြို့နယ်","ဖာသိမ် ကျေးရွာအုပ်စု",1207235
မွန်ပြည်နယ်,"ကျိုက်မရော မြို့နယ်","တရနာ ကျေးရွာအုပ်စု",1207236
မွန်ပြည်နယ်,"ကျိုက်မရော မြို့နယ်","သံကလောင် ကျေးရွာအုပ်စု",1207237
မွန်ပြည်နယ်,"ကျိုက်မရော မြို့နယ်","ဦးလေး ကျေးရွာအုပ်စု",1207238
မွန်ပြည်နယ်,"ကျိုက်မရော မြို့နယ်","ရေတွင်းကုန်း ကျေးရွာအုပ်စု",1207239
မွန်ပြည်နယ်,"ကျိုက်မရော မြို့နယ်","လွှစင်ကုန်း ကျေးရွာအုပ်စု",1207240
မွန်ပြည်နယ်,"ကျိုက်မရော မြို့နယ်","ချောင်းနှစ်ခွ ကျေးရွာအုပ်စု",1207241
မွန်ပြည်နယ်,"ကျိုက်မရော မြို့နယ်","ကတုံစိ ကျေးရွာအုပ်စု",1207242
မွန်ပြည်နယ်,"ကျိုက်မရော မြို့နယ်","ရေပူ ကျေးရွာအုပ်စု",1207243
မွန်ပြည်နယ်,"မုဒုံ မြို့နယ်","တာပသွန် ကျေးရွာအုပ်စု",1208200
မွန်ပြည်နယ်,"မုဒုံ မြို့နယ်","ကွေ့ဝမ်း ကျေးရွာအုပ်စု",1208201
မွန်ပြည်နယ်,"မုဒုံ မြို့နယ်","နိုင်းပြိုင် ကျေးရွာအုပ်စု",1208202
မွန်ပြည်နယ်,"မုဒုံ မြို့နယ်","ကျောက်တလုံး ကျေးရွာအုပ်စု",1208203
မွန်ပြည်နယ်,"မုဒုံ မြို့နယ်","မှိန်ဂနိမ်း ကျေးရွာအုပ်စု",1208204
မွန်ပြည်နယ်,"မုဒုံ မြို့နယ်","ကော့ခပုံ ကျေးရွာအုပ်စု",1208205
မွန်ပြည်နယ်,"မုဒုံ မြို့နယ်","ကွမ်တာ ကျေးရွာအုပ်စု",1208206
မွန်ပြည်နယ်,"မုဒုံ မြို့နယ်","ဘဲရမ်း ကျေးရွာအုပ်စု",1208207
မွန်ပြည်နယ်,"မုဒုံ မြို့နယ်","ကင်းချောင်း ကျေးရွာအုပ်စု",1208208
မွန်ပြည်နယ်,"မုဒုံ မြို့နယ်","ကျုံဖိုက် ကျေးရွာအုပ်စု",1208209
မွန်ပြည်နယ်,"မုဒုံ မြို့နယ်","ဝက်တဲ ကျေးရွာအုပ်စု",1208210
မွန်ပြည်နယ်,"မုဒုံ မြို့နယ်","ညောင်ကုန်း ကျေးရွာအုပ်စု",1208211
မွန်ပြည်နယ်,"မုဒုံ မြို့နယ်","ကော့ပရံ ကျေးရွာအုပ်စု",1208212
မွန်ပြည်နယ်,"မုဒုံ မြို့နယ်","ကတုံးပေါ် ကျေးရွာအုပ်စု",1208213
မွန်ပြည်နယ်,"မုဒုံ မြို့နယ်","ဘလောက်ညောင်ဝိုင်း ကျေးရွာအုပ်စု",1208214
မွန်ပြည်နယ်,"မုဒုံ မြို့နယ်","ဝဲကလိ ကျေးရွာအုပ်စု",1208215
မွန်ပြည်နယ်,"မုဒုံ မြို့နယ်","ကျိုက်ရွဲ ကျေးရွာအုပ်စု",1208216
မွန်ပြည်နယ်,"မုဒုံ မြို့နယ်","တံခွန်တိုင် ကျေးရွာအုပ်စု",1208217
မွန်ပြည်နယ်,"မုဒုံ မြို့နယ်","တော်ကူး ကျေးရွာအုပ်စု",1208218
မွန်ပြည်နယ်,"မုဒုံ မြို့နယ်","နိုင်လှုံလက်တက် ကျေးရွာအုပ်စု",1208219
မွန်ပြည်နယ်,"မုဒုံ မြို့နယ်","အခွန် ကျေးရွာအုပ်စု",1208220
မွန်ပြည်နယ်,"မုဒုံ မြို့နယ်","ဂုံညင်းတန်း ကျေးရွာအုပ်စု",1208221
မွန်ပြည်နယ်,"မုဒုံ မြို့နယ်","သိမ်ကုန်း ကျေးရွာအုပ်စု",1208222
မွန်ပြည်နယ်,"မုဒုံ မြို့နယ်","ကမာဝက် ကျေးရွာအုပ်စု",1208223
မွန်ပြည်နယ်,"မုဒုံ မြို့နယ်","ထောင်ကေး ကျေးရွာအုပ်စု",1208224
မွန်ပြည်နယ်,"မုဒုံ မြို့နယ်","စိန်တောင် ကျေးရွာအုပ်စု",1208225
မွန်ပြည်နယ်,"မုဒုံ မြို့နယ်","ဖဲဒို ကျေးရွာအုပ်စု",1208226
မွန်ပြည်နယ်,"မုဒုံ မြို့နယ်","ကလော့သော့ ကျေးရွာအုပ်စု",1208227
မွန်ပြည်နယ်,"မုဒုံ မြို့နယ်","ကော့ပီထော် ကျေးရွာအုပ်စု",1208228
မွန်ပြည်နယ်,"မုဒုံ မြို့နယ်","ဒိုမား ကျေးရွာအုပ်စု",1208229
မွန်ပြည်နယ်,"မုဒုံ မြို့နယ်","တောင်ပ ကျေးရွာအုပ်စု",1208230
မွန်ပြည်နယ်,"မုဒုံ မြို့နယ်","ထုံမံ ကျေးရွာအုပ်စု",1208231
မွန်ပြည်နယ်,"မုဒုံ မြို့နယ်","ကွမ်ကဗွီး ကျေးရွာအုပ်စု",1208232
မွန်ပြည်နယ်,"မုဒုံ မြို့နယ်","နှီးပဒေါ ကျေးရွာအုပ်စု",1208233
မွန်ပြည်နယ်,"မုဒုံ မြို့နယ်","ဆက်သွယ် ကျေးရွာအုပ်စု",1208234
မွန်ပြည်နယ်,"မုဒုံ မြို့နယ်","ကမာအုပ် ကျေးရွာအုပ်စု",1208235
မွန်ပြည်နယ်,"မုဒုံ မြို့နယ်","ရောင်းဒေါင်း ကျေးရွာအုပ်စု",1208236
မွန်ပြည်နယ်,"မုဒုံ မြို့နယ်","ကွမ်လှာ ကျေးရွာအုပ်စု",1208237
မွန်ပြည်နယ်,"သံဖြူဇရပ် မြို့နယ်","မြမာလာ ကျေးရွာအုပ်စု",1209200
မွန်ပြည်နယ်,"သံဖြူဇရပ် မြို့နယ်","နှစ်ကိုင်း ကျေးရွာအုပ်စု",1209201
မွန်ပြည်နယ်,"သံဖြူဇရပ် မြို့နယ်","ဆင်တောင် ကျေးရွာအုပ်စု",1209202
မွန်ပြည်နယ်,"သံဖြူဇရပ် မြို့နယ်","ကရင်သောင် ကျေးရွာအုပ်စု",1209203
မွန်ပြည်နယ်,"သံဖြူဇရပ် မြို့နယ်","ပဒါငံ ကျေးရွာအုပ်စု",1209204
မွန်ပြည်နယ်,"သံဖြူဇရပ် မြို့နယ်","ကွမ်သတ် ကျေးရွာအုပ်စု",1209205
မွန်ပြည်နယ်,"သံဖြူဇရပ် မြို့နယ်","ကျုံကဒါတ် ကျေးရွာအုပ်စု",1209206
မွန်ပြည်နယ်,"သံဖြူဇရပ် မြို့နယ်","စက်စဲ ကျေးရွာအုပ်စု",1209207
မွန်ပြည်နယ်,"သံဖြူဇရပ် မြို့နယ်","တောင်ဖလု ကျေးရွာအုပ်စု",1209208
မွန်ပြည်နယ်,"သံဖြူဇရပ် မြို့နယ်","ဝါခရု ကျေးရွာအုပ်စု",1209209
မွန်ပြည်နယ်,"သံဖြူဇရပ် မြို့နယ်","ဖေါင်စိန် ကျေးရွာအုပ်စု",1209210
မွန်ပြည်နယ်,"သံဖြူဇရပ် မြို့နယ်","ကျုံကရုတ် ကျေးရွာအုပ်စု",1209211
မွန်ပြည်နယ်,"သံဖြူဇရပ် မြို့နယ်","ပင ကျေးရွာအုပ်စု",1209212
မွန်ပြည်နယ်,"သံဖြူဇရပ် မြို့နယ်","ဝဲရက်ရွာသစ် ကျေးရွာအုပ်စု",1209213
မွန်ပြည်နယ်,"သံဖြူဇရပ် မြို့နယ်","ဝဲကလီ ကျေးရွာအုပ်စု",1209214
မွန်ပြည်နယ်,"သံဖြူဇရပ် မြို့နယ်","ဝဲကဝါ ကျေးရွာအုပ်စု",1209215
မွန်ပြည်နယ်,"သံဖြူဇရပ် မြို့နယ်","ဝဲဝင်ကရာ ကျေးရွာအုပ်စု",1209216
မွန်ပြည်နယ်,"သံဖြူဇရပ် မြို့နယ်","ကရုပ္ပိ ကျေးရွာအုပ်စု",1209217
မွန်ပြည်နယ်,"သံဖြူဇရပ် မြို့နယ်","စခမ်းကြီး ကျေးရွာအုပ်စု",1209218
မွန်ပြည်နယ်,"သံဖြူဇရပ် မြို့နယ်","ဝဲကလောင်း ကျေးရွာအုပ်စု",1209219
မွန်ပြည်နယ်,"သံဖြူဇရပ် မြို့နယ်","အံခဲ ကျေးရွာအုပ်စု",1209220
မွန်ပြည်နယ်,"သံဖြူဇရပ် မြို့နယ်","ကော့လေး ကျေးရွာအုပ်စု",1209221
မွန်ပြည်နယ်,"သံဖြူဇရပ် မြို့နယ်","ထင်းရူး ကျေးရွာအုပ်စု",1209222
မွန်ပြည်နယ်,"သံဖြူဇရပ် မြို့နယ်","ဝဲခမိ ကျေးရွာအုပ်စု",1209223
မွန်ပြည်နယ်,"သံဖြူဇရပ် မြို့နယ်","ကျောင်းရွာ ကျေးရွာအုပ်စု",1209224
မွန်ပြည်နယ်,"သံဖြူဇရပ် မြို့နယ်","အနင်း ကျေးရွာအုပ်စု",1209225
မွန်ပြည်နယ်,"ရေး မြို့နယ်","အစင် ကျေးရွာအုပ်စု",1210200
မွန်ပြည်နယ်,"ရေး မြို့နယ်","ဇီးဖြူသောင် ကျေးရွာအုပ်စု",1210201
မွန်ပြည်နယ်,"ရေး မြို့နယ်","အဘော် ကျေးရွာအုပ်စု",1210202
မွန်ပြည်နယ်,"ရေး မြို့နယ်","တူးမြောင်း ကျေးရွာအုပ်စု",1210203
မွန်ပြည်နယ်,"ရေး မြို့နယ်","ကျောင်းရွာ ကျေးရွာအုပ်စု",1210204
မွန်ပြည်နယ်,"ရေး မြို့နယ်","အံဒင် ကျေးရွာအုပ်စု",1210205
မွန်ပြည်နယ်,"ရေး မြို့နယ်","ကလော့ ကျေးရွာအုပ်စု",1210206
မွန်ပြည်နယ်,"ရေး မြို့နယ်","ကျောက်မိကျောင်း ကျေးရွာအုပ်စု",1210207
မွန်ပြည်နယ်,"ရေး မြို့နယ်","ချောင်းတောင် ကျေးရွာအုပ်စု",1210208
မွန်ပြည်နယ်,"ရေး မြို့နယ်","ဒူးယား ကျေးရွာအုပ်စု",1210209
မွန်ပြည်နယ်,"ရေး မြို့နယ်","သင်္ဃန်းကျွန်း ကျေးရွာအုပ်စု",1210210
မွန်ပြည်နယ်,"ရေး မြို့နယ်","အာယုတောင် ကျေးရွာအုပ်စု",1210211
မွန်ပြည်နယ်,"ရေး မြို့နယ်","ဟံဂံ ကျေးရွာအုပ်စု",1210212
မွန်ပြည်နယ်,"ရေး မြို့နယ်","မော့ကနင် ကျေးရွာအုပ်စု",1210213
မွန်ပြည်နယ်,"ရေး မြို့နယ်","ဒုံဖီ ကျေးရွာအုပ်စု",1210214
မွန်ပြည်နယ်,"ရေး မြို့နယ်","ကော့ဒွတ် ကျေးရွာအုပ်စု",1210215
မွန်ပြည်နယ်,"ရေး မြို့နယ်","ကုလားကုတ် ကျေးရွာအုပ်စု",1210216
မွန်ပြည်နယ်,"ရေး မြို့နယ်","ဘေးလမိုင်း ကျေးရွာအုပ်စု",1210217
မွန်ပြည်နယ်,"ရေး မြို့နယ်","သောင်ပြင် ကျေးရွာအုပ်စု",1210218
မွန်ပြည်နယ်,"ရေး မြို့နယ်","နှစ်ကရင် ကျေးရွာအုပ်စု",1210219
မွန်ပြည်နယ်,"ရေး မြို့နယ်","ဘဲလမု ကျေးရွာအုပ်စု",1210220
မွန်ပြည်နယ်,"ရေး မြို့နယ်","ကနင်ကမော့ ကျေးရွာအုပ်စု",1210221
မွန်ပြည်နယ်,"ရေး မြို့နယ်","နှင်းစုံ ကျေးရွာအုပ်စု",1210222
မွန်ပြည်နယ်,"ရေး မြို့နယ်","တောင်ဘုံ ကျေးရွာအုပ်စု",1210223
မွန်ပြည်နယ်,"ရေး မြို့နယ်","ကိုးမိုင် ကျေးရွာအုပ်စု",1210224
မွန်ပြည်နယ်,"ရေး မြို့နယ်","ကော့လှိုင် ကျေးရွာအုပ်စု",1210225
မွန်ပြည်နယ်,"ရေး မြို့နယ်","ကဗျာ ကျေးရွာအုပ်စု",1210226
မွန်ပြည်နယ်,"ရေး မြို့နယ်","မကျီး ကျေးရွာအုပ်စု",1210227
မွန်ပြည်နယ်,"ရေး မြို့နယ်","ရင်းရယ် ကျေးရွာအုပ်စု",1210228
မွန်ပြည်နယ်,"ရေး မြို့နယ်","ကျုံညဲ ကျေးရွာအုပ်စု",1210229
