﻿Region,"Town / Township","Ward / Village Tract","Postal Code"
"Rakhine State","Sittwe Township","Kyay Pin Gyi Quarter",0701001
"Rakhine State","Sittwe Township","Maw Leik Quarter",0701002
"Rakhine State","Sittwe Township","Oe Dan Quarter",0701003
"Rakhine State","Sittwe Township","Mi Zan Quarter",0701004
"Rakhine State","Sittwe Township","Ru Pa (South) Quarter",0701005
"Rakhine State","Sittwe Township","Ru Pa (North) Quarter",0701006
"Rakhine State","Sittwe Township","Myo Thu Gyi Quarter",0701007
"Rakhine State","Sittwe Township","Ta Yar Thee Su Quarter",0701008
"Rakhine State","Sittwe Township","Lan Ma Taw (South) Quarter",0701009
"Rakhine State","Sittwe Township","Lan Ma Taw (North) Quarter",0701010
"Rakhine State","Sittwe Township","Shwe Pyar Quarter",0701011
"Rakhine State","Sittwe Township","Sin Ku Lan Quarter",0701012
"Rakhine State","Sittwe Township","Ohn Ta Pin Quarter",0701013
"Rakhine State","Sittwe Township","Lan Thit Quarter",0701014
"Rakhine State","Sittwe Township","Ywar Gyi (North) Quarter",0701015
"Rakhine State","Sittwe Township","Ywar Gyi (South) Quarter",0701016
"Rakhine State","Sittwe Township","Baung Dut Quarter",0701017
"Rakhine State","Sittwe Township","Bauk Thee Su Quarter",0701018
"Rakhine State","Sittwe Township","Kyaung Tet Lan Quarter",0701019
"Rakhine State","Sittwe Township","Pyi Taw Thar Quarter",0701020
"Rakhine State","Sittwe Township","Da Nya Wa Di Quarter",0701021
"Rakhine State","Sittwe Township","Ah Nauk San Pya Quarter",0701022
"Rakhine State","Sittwe Township","Ye New Su Quarter",0701023
"Rakhine State","Sittwe Township","Ma Gyi Myaing Quarter",0701024
"Rakhine State","Sittwe Township","Ka Thea Ywar Quarter",0701025
"Rakhine State","Sittwe Township","Set Yon Su Quarter",0701026
"Rakhine State","Sittwe Township","Kon Tan Quarter",0701027
"Rakhine State","Sittwe Township","Baw Lone Kwin Quarter",0701028
"Rakhine State","Sittwe Township","Kyaung Gyi Lan Quarter",0701029
"Rakhine State","Sittwe Township","Aung Min Ga Lar Quarter",0701030
"Rakhine State","Sittwe Township","Sut Yoe Kya Quarter",0701031
"Rakhine State","Sittwe Township","Min Gan Quarter",0701032
"Rakhine State","Sittwe Township","Aung Mingalar Myauk Quarter",0701033
"Rakhine State","Maungdaw Township","Myo Ma (West) Quarter",0702001
"Rakhine State","Maungdaw Township","Myo Ma (South) Quarter",0702002
"Rakhine State","Maungdaw Township","Myo Ma (North) Quarter",0702003
"Rakhine State","Maungdaw Township","Myo Ma (East) Quarter",0702004
"Rakhine State","Maungdaw Township","Ywar Thit Kay Quarter",0702005
"Rakhine State","Maungdaw Township","Lay Maing Quarter",0702006
"Rakhine State","Maungdaw Township","Ka Nyin Tan Quarter",0702007
"Rakhine State","Maungdaw Township","Maung Ni Quarter",0702008
"Rakhine State","Maungdaw Township","Myo Thu Gyi Quarter",0702009
"Rakhine State","Maungdaw Township","Wai Thar Li Quarter",0702010
"Rakhine State","Maungdaw Township","Myo U Quarter",0702011
"Rakhine State","Maungdaw Township","Let Thar Quarter",0702012
"Rakhine State","Buthidaung Township","Ah Nauk Quarter",0703001
"Rakhine State","Buthidaung Township","Myo Ma Quarter",0703002
"Rakhine State","Buthidaung Township","Myo Thit Quarter",0703003
"Rakhine State","Buthidaung Township","Tha Pyay Kone Quarter",0703004
"Rakhine State","Buthidaung Township","Taung Quarter",0703005
"Rakhine State","Buthidaung Township","Myo Thit (South) Quarter",0703006
"Rakhine State","Buthidaung Township","Mee Ya Htar Seik Quarter",0703007
"Rakhine State","Rathedaung Township","Taung Yin Quarter",0704001
"Rakhine State","Rathedaung Township","Chaung Wa Quarter",0704002
"Rakhine State","Rathedaung Township","Ah Shey Myauk Quarter",0704003
"Rakhine State","Rathedaung Township","Ah Shey Taung Quarter",0704004
"Rakhine State","Ponnagyun Township","San Pya Quarter",0705001
"Rakhine State","Ponnagyun Township","Myo Thit Quarter",0705002
"Rakhine State","Ponnagyun Township","Ah Lel Su Quarter",0705003
"Rakhine State","Ponnagyun Township","Ywar Haung Quarter",0705004
"Rakhine State","Kyauktaw Township","Shan Ywar Quarter",0706001
"Rakhine State","Kyauktaw Township","Myo Thit Quarter",0706002
"Rakhine State","Kyauktaw Township","Kyauk Taw Quarter",0706003
"Rakhine State","Kyauktaw Township","Pyi Taw Thar Quarter",0706004
"Rakhine State","Kyauktaw Township","Paik Thei Quarter",0706005
"Rakhine State","Gwa Township","Kin Yone Quarter",0707001
"Rakhine State","Gwa Township","Ywar Ma Quarter",0707002
"Rakhine State","Gwa Township","Myo Ma Quarter",0707003
"Rakhine State","Pauktaw Township","Ah Nauk Paing Quarter",0708001
"Rakhine State","Pauktaw Township","Ah Lel Paing Quarter",0708002
"Rakhine State","Pauktaw Township","Ah Shey Paing Quarter",0708003
"Rakhine State","Pauktaw Township","Ba Wan Chaung Wa Su Quarter",0708004
"Rakhine State","Pauktaw Township","Ba Wan Chaung Hpyar Su Quarter",0708005
"Rakhine State","Minbya Township","Ah Lel Paing Quarter",0709001
"Rakhine State","Minbya Township","Zay Haung Paing Quarter",0709002
"Rakhine State","Minbya Township","Myo Thit Quarter",0709003
"Rakhine State","Minbya Township","Oke Kar Pyan Quarter",0709004
"Rakhine State","Minbya Township","U Soe Tint Quarter",0709005
"Rakhine State","Minbya Township","Pyi Taw Thar Quarter",0709006
"Rakhine State","Minbya Township","Pyi Taw Hla Quarter",0709007
"Rakhine State","Minbya Township","Min Bar Gyi Quarter",0709008
"Rakhine State","Mrauk-U Township","Nyaung Pin Zay Quarter",0710001
"Rakhine State","Mrauk-U Township","Let Kauk Zay Quarter",0710002
"Rakhine State","Mrauk-U Township","Ah Lel Zay Quarter",0710003
"Rakhine State","Mrauk-U Township","Taung Yat Quarter",0710004
"Rakhine State","Mrauk-U Township","Aung Tat Quarter",0710005
"Rakhine State","Mrauk-U Township","Law Ka Mu Quarter",0710006
"Rakhine State","Mrauk-U Township","Htan Ma Rit Quarter",0710007
"Rakhine State","Myebon Township","Ku Lar Taung Quarter",0711001
"Rakhine State","Myebon Township","Kan Thar Htwet Wa Quarter",0711002
"Rakhine State","Myebon Township","Myay Pon Myauk Paing Quarter",0711003
"Rakhine State","Myebon Township","Myay Pon Taung Paing Quarter",0711004
"Rakhine State","Myebon Township","Myay Pon Ah Lel Paing Quarter",0711005
"Rakhine State","Myebon Township","Zay Paing Quarter",0711006
"Rakhine State","Myebon Township","Ta Yoke Tan Quarter",0711007
"Rakhine State","Myebon Township","Thea Tan Quarter",0711008
"Rakhine State","Myebon Township","Ywar Thit Kay Quarter",0711009
"Rakhine State","Kyaukpyu Township","Ah Yar Shi Quarter",0712001
"Rakhine State","Kyaukpyu Township","Ah Soe Ya Quarter",0712002
"Rakhine State","Kyaukpyu Township","Than Pan Chaung Quarter",0712003
"Rakhine State","Kyaukpyu Township","Ah Nauk Paing Quarter",0712004
"Rakhine State","Kyaukpyu Township","Ah Lel Paing Quarter",0712005
"Rakhine State","Kyaukpyu Township","Ah Shey Paing Quarter",0712006
"Rakhine State","Kyaukpyu Township","Myit Nar Tan Quarter",0712007
"Rakhine State","Kyaukpyu Township","Rakhine Paik Seik Quarter",0712008
"Rakhine State","Kyaukpyu Township","Ku Lar Paik Seik Quarter",0712009
"Rakhine State","Kyaukpyu Township","Zay Di (South) Quarter",0712010
"Rakhine State","Kyaukpyu Township","Pyin Hpyu Maw Quarter",0712011
"Rakhine State","Kyaukpyu Township","Taung Yin Quarter",0712012
"Rakhine State","Kyaukpyu Township","Zay Di Quarter",0712013
"Rakhine State","Kyaukpyu Township","Nga La Pwayt Quarter",0712014
"Rakhine State","Kyaukpyu Township","Ku Lar Bar Taung Quarter",0712015
"Rakhine State","Kyaukpyu Township","Ka Nyin Taw Quarter",0712016
"Rakhine State","Kyaukpyu Township","Toe Cheit Quarter",0712017
"Rakhine State","Ramree Township","No (1) Quarter",0713001
"Rakhine State","Ramree Township","No (2) Quarter",0713002
"Rakhine State","Ramree Township","No (3) Quarter",0713003
"Rakhine State","Ramree Township","No (4) Quarter",0713004
"Rakhine State","Ramree Township","No (5) Quarter",0713005
"Rakhine State","Ramree Township","No (6) Quarter",0713006
"Rakhine State","Munaung Township","Ah Nauk Su Quarter",0714001
"Rakhine State","Munaung Township","Myo Ma Quarter",0714002
"Rakhine State","Munaung Township","Yan Aung Myin Quarter",0714003
"Rakhine State","Munaung Township","Myo Thit Quarter",0714004
"Rakhine State","Munaung Township","Kan Nar Tan Quarter",0714005
"Rakhine State","Ann Township","Myauk Paing Quarter",0715001
"Rakhine State","Ann Township","Ah Nauk Paing Quarter",0715002
"Rakhine State","Ann Township","Ah Shey Paing Quarter",0715003
"Rakhine State","Ann Township","Ah Soe Ya Ah Hmu Htan Quarter",0715004
"Rakhine State","Ann Township","No (5) Quarter",0715005
"Rakhine State","Ann Township","Myauk Bet Quarter",0715006
"Rakhine State","Ann Township","Lay Yin Kwin Quarter",0715007
"Rakhine State","Ann Township","Zay Quarter",0715008
"Rakhine State","Ann Township","Zay Taung Quarter",0715009
"Rakhine State","Toungup Township","Thein Taung Quarter",0716001
"Rakhine State","Toungup Township","Kan Paing Quarter",0716002
"Rakhine State","Toungup Township","Gu Tar Quarter",0716003
"Rakhine State","Toungup Township","Chaung Kauk Quarter",0716004
"Rakhine State","Thandwe Township","No (1) Quarter",0717001
"Rakhine State","Thandwe Township","No (2) Quarter",0717002
"Rakhine State","Thandwe Township","No (3) Quarter",0717003
"Rakhine State","Thandwe Township","No (4) Quarter",0717004
"Rakhine State","Thandwe Township","No (5) Quarter",0717005
"Rakhine State","Thandwe Township","No (6) Quarter",0717006
"Rakhine State","Thandwe Township","No (7) Quarter",0717007
"Rakhine State","Thandwe Township","No (8) (Dwar Yar Wa Ti Myo Thit ) Quarter",0717008
"Rakhine State","Taungpyoletwea Town","No (1) Quarter",0760001
"Rakhine State","Taungpyoletwea Town","No (2) Quarter",0760002
"Rakhine State","Taungpyoletwea Town","No (3) Quarter",0760003
"Rakhine State","Taungpyoletwea Town","No (4) Quarter",0760004
"Rakhine State","Taungpyoletwea Town","No (5) Quarter",0760005
"Rakhine State","Kha Maung Seik Town","Ah Shey Paing Quarter",0761001
"Rakhine State","Kha Maung Seik Town","Ah San Kyaw Quarter",0761002
"Rakhine State","Kha Maung Seik Town","Ye Bauk Kyar Quarter",0761003
"Rakhine State","Kha Maung Seik Town","Taing Bin Gar Quarter",0761004
"Rakhine State","Kha Maung Seik Town","Min Kha Maung Quarter",0761005
"Rakhine State","Myin Hlut Town","Ah Nauk Paing Quarter",0762001
"Rakhine State","Myin Hlut Town","Ah Lel Paing Quarter",0762002
"Rakhine State","Myin Hlut Town","Ah Shey Paing Quarter",0762003
"Rakhine State","Myin Hlut Town","Ywar Thit Quarter",0762004
"Rakhine State","Myin Hlut Town","Shee Dar Quarter",0762005
"Rakhine State","Myin Hlut Town","Hpway Yar Quarter",0762006
"Rakhine State","Myin Hlut Town","Myaw Chaung Quarter",0762007
"Rakhine State","Myin Hlut Town","Gyin Taw Quarter",0762008
"Rakhine State","Kanhtauntkyi Town","Ah Lel Paing Quarter",0763001
"Rakhine State","Kanhtauntkyi Town","Taung Paing Quarter",0763002
"Rakhine State","Kanhtauntkyi Town","Myauk Paing Quarter",0763003
"Rakhine State","Kanhtauntkyi Town","Ywar Thar Yar Quarter",0763004
"Rakhine State","Kanhtauntkyi Town","Ywar Thit Quarter",0763005
"Rakhine State","Sa Ne Town","Kan Pyin Quarter",0764001
"Rakhine State","Sa Ne Town","Ah Lel Paing Quarter",0764002
"Rakhine State","Sa Ne Town","Taung Ngu Su Quarter",0764003
"Rakhine State","Sa Ne Town","Shwe Hin Thar Quarter",0764004
"Rakhine State","Sa Ne Town","Htein Dway Quarter",0764005
"Rakhine State","Lay Taung Town","No (1) Quarter",0765001
"Rakhine State","Lay Taung Town","No (2) Quarter",0765002
"Rakhine State","Lay Taung Town","No (3) Quarter",0765003
"Rakhine State","Lay Taung Town","No (4) Quarter",0765004
"Rakhine State","Lay Taung Town","No (5) Quarter",0765005
"Rakhine State","Tat Taung Town","No (1) Quarter",0766001
"Rakhine State","Tat Taung Town","No (2) Quarter",0766002
"Rakhine State","Tat Taung Town","No (3) Quarter",0766003
"Rakhine State","Ma-Ei Town","No (1) Quarter",0767001
"Rakhine State","Ma-Ei Town","No (2) Quarter",0767002
"Rakhine State","Ma-Ei Town","No (3) Quarter",0767003
"Rakhine State","Ma-Ei Town","No (4) Quarter",0767004
"Rakhine State","Tan Hlwe Ywar Ma Town","No (1) (Ah Htet Paing) Quarter",0768001
"Rakhine State","Tan Hlwe Ywar Ma Town","No (2) (Ah Lel Paing) Quarter",0768002
"Rakhine State","Tan Hlwe Ywar Ma Town","No (3) (Auk Paing) Quarter",0768003
"Rakhine State","Tan Hlwe Ywar Ma Town","No (4) (Ywar Thit) Quarter",0768004
"Rakhine State","Tan Hlwe Ywar Ma Town","No (5) (Ku Toet Seik) Quarter",0768005
"Rakhine State","Tan Hlwe Ywar Ma Town","No (6) (Maw Hla Maw) Quarter",0768006
"Rakhine State","Ngapali Town","Gawt Quarter",0769001
"Rakhine State","Ngapali Town","Zee Hpyu Kone Quarter",0769002
"Rakhine State","Ngapali Town","Lin Thar Quarter",0769003
"Rakhine State","Ngapali Town","Mya Pyin Quarter",0769004
"Rakhine State","Ngapali Town","Gyeik Taw Quarter",0769005
"Rakhine State","Kyeintali Town","No (1) Quarter",0770001
"Rakhine State","Kyeintali Town","No (2) Quarter",0770002
"Rakhine State","Kyeintali Town","No (3) Quarter",0770003
