﻿Region,"Town / Township","Ward / Village Tract","Postal Code"
တနင်္သာရီတိုင်းဒေသကြီး,"ထားဝယ် မြို့နယ်","ဇဟာ ကျေးရွာအုပ်စု",1401200
တနင်္သာရီတိုင်းဒေသကြီး,"ထားဝယ် မြို့နယ်","သပြေချောင်း ကျေးရွာအုပ်စု",1401201
တနင်္သာရီတိုင်းဒေသကြီး,"ထားဝယ် မြို့နယ်","မောင်မယ်ရှောင် ကျေးရွာအုပ်စု",1401202
တနင်္သာရီတိုင်းဒေသကြီး,"ထားဝယ် မြို့နယ်","ဇလွန်း ကျေးရွာအုပ်စု",1401203
တနင်္သာရီတိုင်းဒေသကြီး,"ထားဝယ် မြို့နယ်","တလိုင်းတောင် ကျေးရွာအုပ်စု",1401204
တနင်္သာရီတိုင်းဒေသကြီး,"ထားဝယ် မြို့နယ်","သဗျာ ကျေးရွာအုပ်စု",1401205
တနင်္သာရီတိုင်းဒေသကြီး,"ထားဝယ် မြို့နယ်","ပကာရီ ကျေးရွာအုပ်စု",1401206
တနင်္သာရီတိုင်းဒေသကြီး,"ထားဝယ် မြို့နယ်","အညာဖျား ကျေးရွာအုပ်စု",1401207
တနင်္သာရီတိုင်းဒေသကြီး,"ထားဝယ် မြို့နယ်","ဟာမြင်းကြီး ကျေးရွာအုပ်စု",1401208
တနင်္သာရီတိုင်းဒေသကြီး,"ထားဝယ် မြို့နယ်","ဝကုန်း ကျေးရွာအုပ်စု",1401209
တနင်္သာရီတိုင်းဒေသကြီး,"ထားဝယ် မြို့နယ်","ပျားသားချောင်း ကျေးရွာအုပ်စု",1401210
တနင်္သာရီတိုင်းဒေသကြီး,"ထားဝယ် မြို့နယ်","ကျောက်ရပ် ကျေးရွာအုပ်စု",1401211
တနင်္သာရီတိုင်းဒေသကြီး,"ထားဝယ် မြို့နယ်","ရှမ္မတွင်း ကျေးရွာအုပ်စု",1401212
တနင်္သာရီတိုင်းဒေသကြီး,"ထားဝယ် မြို့နယ်","ကူးတို့ ကျေးရွာအုပ်စု",1401213
တနင်္သာရီတိုင်းဒေသကြီး,"ထားဝယ် မြို့နယ်","ကနိုင်းဒါ ကျေးရွာအုပ်စု",1401214
တနင်္သာရီတိုင်းဒေသကြီး,"ထားဝယ် မြို့နယ်","ရှင်မုတ္တီး ကျေးရွာအုပ်စု",1401215
တနင်္သာရီတိုင်းဒေသကြီး,"ထားဝယ် မြို့နယ်","ရောင်းမော် ကျေးရွာအုပ်စု",1401216
တနင်္သာရီတိုင်းဒေသကြီး,"ထားဝယ် မြို့နယ်","အမြား ကျေးရွာအုပ်စု",1401217
တနင်္သာရီတိုင်းဒေသကြီး,"ထားဝယ် မြို့နယ်","တောင်သုံးလုံး ကျေးရွာအုပ်စု",1401218
တနင်္သာရီတိုင်းဒေသကြီး,"ထားဝယ် မြို့နယ်","ကျောက်မဲတောင် ကျေးရွာအုပ်စု",1401219
တနင်္သာရီတိုင်းဒေသကြီး,"ထားဝယ် မြို့နယ်","မြေးခံဘော် ကျေးရွာအုပ်စု",1401220
တနင်္သာရီတိုင်းဒေသကြီး,"ထားဝယ် မြို့နယ်","ဟိန္ဒား ကျေးရွာအုပ်စု",1401221
တနင်္သာရီတိုင်းဒေသကြီး,"ထားဝယ် မြို့နယ်","ဖောင်းတောကြီး ကျေးရွာအုပ်စု",1401222
တနင်္သာရီတိုင်းဒေသကြီး,"ထားဝယ် မြို့နယ်","ကလစ်ကြီး ကျေးရွာအုပ်စု",1401223
တနင်္သာရီတိုင်းဒေသကြီး,"ထားဝယ် မြို့နယ်","ဆင်ဖြူတိုင် ကျေးရွာအုပ်စု",1401224
တနင်္သာရီတိုင်းဒေသကြီး,"ရေဖြူ မြို့နယ်","ပုလဲကူ ကျေးရွာအုပ်စု",1402200
တနင်္သာရီတိုင်းဒေသကြီး,"ရေဖြူ မြို့နယ်","ရလိုင် ကျေးရွာအုပ်စု",1402201
တနင်္သာရီတိုင်းဒေသကြီး,"ရေဖြူ မြို့နယ်","ပုဂေါဇွန်း ကျေးရွာအုပ်စု",1402202
တနင်္သာရီတိုင်းဒေသကြီး,"ရေဖြူ မြို့နယ်","နတ်တွင်း ကျေးရွာအုပ်စု",1402203
တနင်္သာရီတိုင်းဒေသကြီး,"ရေဖြူ မြို့နယ်","သစ်တိုထောင့် ကျေးရွာအုပ်စု",1402204
တနင်္သာရီတိုင်းဒေသကြီး,"ရေဖြူ မြို့နယ်","ကျောက်ကညာ ကျေးရွာအုပ်စု",1402205
တနင်္သာရီတိုင်းဒေသကြီး,"ရေဖြူ မြို့နယ်","တလိုင်းယာ ကျေးရွာအုပ်စု",1402206
တနင်္သာရီတိုင်းဒေသကြီး,"ရေဖြူ မြို့နယ်","ညင်းထွေး ကျေးရွာအုပ်စု",1402207
တနင်္သာရီတိုင်းဒေသကြီး,"ရေဖြူ မြို့နယ်","ပိန်းရှောင် ကျေးရွာအုပ်စု",1402208
တနင်္သာရီတိုင်းဒေသကြီး,"ရေဖြူ မြို့နယ်","ဥဿရံ ကျေးရွာအုပ်စု",1402209
တနင်္သာရီတိုင်းဒေသကြီး,"ရေဖြူ မြို့နယ်","ကျောက်ထောင့် ကျေးရွာအုပ်စု",1402210
တနင်္သာရီတိုင်းဒေသကြီး,"ရေဖြူ မြို့နယ်","ဝန်ဖို့ ကျေးရွာအုပ်စု",1402211
တနင်္သာရီတိုင်းဒေသကြီး,"ရေဖြူ မြို့နယ်","နဘုလယ် ကျေးရွာအုပ်စု",1402212
တနင်္သာရီတိုင်းဒေသကြီး,"ရေဖြူ မြို့နယ်","လဲရှောင် ကျေးရွာအုပ်စု",1402213
တနင်္သာရီတိုင်းဒေသကြီး,"ရေဖြူ မြို့နယ်","ဧကနိ ကျေးရွာအုပ်စု",1402214
တနင်္သာရီတိုင်းဒေသကြီး,"ရေဖြူ မြို့နယ်","ပရဒတ် ကျေးရွာအုပ်စု",1402215
တနင်္သာရီတိုင်းဒေသကြီး,"ရေဖြူ မြို့နယ်","မူးဒူး ကျေးရွာအုပ်စု",1402216
တနင်္သာရီတိုင်းဒေသကြီး,"ရေဖြူ မြို့နယ်","ဇာဒီ ကျေးရွာအုပ်စု",1402217
တနင်္သာရီတိုင်းဒေသကြီး,"ရေဖြူ မြို့နယ်","ဖောင်းတော ကျေးရွာအုပ်စု",1402218
တနင်္သာရီတိုင်းဒေသကြီး,"ရေဖြူ မြို့နယ်","သဲချောင်း ကျေးရွာအုပ်စု",1402219
တနင်္သာရီတိုင်းဒေသကြီး,"ရေဖြူ မြို့နယ်","အုန်းပင်ကွင်း ကျေးရွာအုပ်စု",1402220
တနင်္သာရီတိုင်းဒေသကြီး,"ရေဖြူ မြို့နယ်","ကျွဲသုံးညီမ ကျေးရွာအုပ်စု",1402221
တနင်္သာရီတိုင်းဒေသကြီး,"ရေဖြူ မြို့နယ်","အိန္ဒရာဇာ ကျေးရွာအုပ်စု",1402222
တနင်္သာရီတိုင်းဒေသကြီး,"ရေဖြူ မြို့နယ်","နတ်ကြီးစင် ကျေးရွာအုပ်စု",1402223
တနင်္သာရီတိုင်းဒေသကြီး,"ရေဖြူ မြို့နယ်","မင်းသား ကျေးရွာအုပ်စု",1402224
တနင်္သာရီတိုင်းဒေသကြီး,"ရေဖြူ မြို့နယ်","ကံပေါက် ကျေးရွာအုပ်စု",1402225
တနင်္သာရီတိုင်းဒေသကြီး,"ရေဖြူ မြို့နယ်","ဖားချောင်း ကျေးရွာအုပ်စု",1402226
တနင်္သာရီတိုင်းဒေသကြီး,"ရေဖြူ မြို့နယ်","နှမ်းကြဲ ကျေးရွာအုပ်စု",1402227
တနင်္သာရီတိုင်းဒေသကြီး,"ရေဖြူ မြို့နယ်","ကရင်ရှင်တဘီ ကျေးရွာအုပ်စု",1402228
တနင်္သာရီတိုင်းဒေသကြီး,"ရေဖြူ မြို့နယ်","ကျောက်ရှပ် ကျေးရွာအုပ်စု",1402229
တနင်္သာရီတိုင်းဒေသကြီး,"ရေဖြူ မြို့နယ်","ဇင်းဘာ ကျေးရွာအုပ်စု",1402230
တနင်္သာရီတိုင်းဒေသကြီး,"ရေဖြူ မြို့နယ်","ရာဖူး ကျေးရွာအုပ်စု",1402231
တနင်္သာရီတိုင်းဒေသကြီး,"ရေဖြူ မြို့နယ်","မိချောင်းလှောင်း ကျေးရွာအုပ်စု",1402232
တနင်္သာရီတိုင်းဒေသကြီး,"ရေဖြူ မြို့နယ်","လော့သိုင်း ကျေးရွာအုပ်စု",1402233
တနင်္သာရီတိုင်းဒေသကြီး,"ရေဖြူ မြို့နယ်","ထိန်ကြီး ကျေးရွာအုပ်စု",1402234
တနင်္သာရီတိုင်းဒေသကြီး,"သရက်ချောင်း မြို့နယ်","ကဇိတံတားဦး ကျေးရွာအုပ်စု",1403200
တနင်္သာရီတိုင်းဒေသကြီး,"သရက်ချောင်း မြို့နယ်","ပိန်းတော ကျေးရွာအုပ်စု",1403201
တနင်္သာရီတိုင်းဒေသကြီး,"သရက်ချောင်း မြို့နယ်","ပန်းချီရှောင် ကျေးရွာအုပ်စု",1403202
တနင်္သာရီတိုင်းဒေသကြီး,"သရက်ချောင်း မြို့နယ်","ဥတ္တူ ကျေးရွာအုပ်စု",1403203
တနင်္သာရီတိုင်းဒေသကြီး,"သရက်ချောင်း မြို့နယ်","သရက်နှစ်ခွ ကျေးရွာအုပ်စု",1403204
တနင်္သာရီတိုင်းဒေသကြီး,"သရက်ချောင်း မြို့နယ်","သင်းကျွန်း ကျေးရွာအုပ်စု",1403205
တနင်္သာရီတိုင်းဒေသကြီး,"သရက်ချောင်း မြို့နယ်","ရန်တောင် ကျေးရွာအုပ်စု",1403206
တနင်္သာရီတိုင်းဒေသကြီး,"သရက်ချောင်း မြို့နယ်","ညောင်ဇင် ကျေးရွာအုပ်စု",1403207
တနင်္သာရီတိုင်းဒေသကြီး,"သရက်ချောင်း မြို့နယ်","ကြာအင်း ကျေးရွာအုပ်စု",1403208
တနင်္သာရီတိုင်းဒေသကြီး,"သရက်ချောင်း မြို့နယ်","ကင်းရှေ့ ကျေးရွာအုပ်စု",1403209
တနင်္သာရီတိုင်းဒေသကြီး,"သရက်ချောင်း မြို့နယ်","စော်ဖျား ကျေးရွာအုပ်စု",1403210
တနင်္သာရီတိုင်းဒေသကြီး,"သရက်ချောင်း မြို့နယ်","ပဒတ်ချောင်း ကျေးရွာအုပ်စု",1403211
တနင်္သာရီတိုင်းဒေသကြီး,"သရက်ချောင်း မြို့နယ်","တီတွတ်ပြင် ကျေးရွာအုပ်စု",1403212
တနင်္သာရီတိုင်းဒေသကြီး,"သရက်ချောင်း မြို့နယ်","အိမ်ရှေ့ပြင် ကျေးရွာအုပ်စု",1403213
တနင်္သာရီတိုင်းဒေသကြီး,"သရက်ချောင်း မြို့နယ်","ဆင်ကူး ကျေးရွာအုပ်စု",1403214
တနင်္သာရီတိုင်းဒေသကြီး,"သရက်ချောင်း မြို့နယ်","လဘ ကျေးရွာအုပ်စု",1403215
တနင်္သာရီတိုင်းဒေသကြီး,"သရက်ချောင်း မြို့နယ်","ပြင်းဖြူကြီး ကျေးရွာအုပ်စု",1403216
တနင်္သာရီတိုင်းဒေသကြီး,"သရက်ချောင်း မြို့နယ်","စုံစင် ကျေးရွာအုပ်စု",1403217
တနင်္သာရီတိုင်းဒေသကြီး,"သရက်ချောင်း မြို့နယ်","ပြင်းဖြူသား ကျေးရွာအုပ်စု",1403218
တနင်္သာရီတိုင်းဒေသကြီး,"သရက်ချောင်း မြို့နယ်","ချောင်းဝပြင် ကျေးရွာအုပ်စု",1403219
တနင်္သာရီတိုင်းဒေသကြီး,"သရက်ချောင်း မြို့နယ်","ရေချိုချောင်း ကျေးရွာအုပ်စု",1403220
တနင်္သာရီတိုင်းဒေသကြီး,"သရက်ချောင်း မြို့နယ်","ဂုံညှင်းဆိပ် ကျေးရွာအုပ်စု",1403221
တနင်္သာရီတိုင်းဒေသကြီး,"သရက်ချောင်း မြို့နယ်","ရငဲ ကျေးရွာအုပ်စု",1403222
တနင်္သာရီတိုင်းဒေသကြီး,"သရက်ချောင်း မြို့နယ်","ကမြိုင် ကျေးရွာအုပ်စု",1403223
တနင်္သာရီတိုင်းဒေသကြီး,"သရက်ချောင်း မြို့နယ်","မင်းဒပ် ကျေးရွာအုပ်စု",1403224
တနင်္သာရီတိုင်းဒေသကြီး,"သရက်ချောင်း မြို့နယ်","ကျွဲမင်းကုန်း ကျေးရွာအုပ်စု",1403225
တနင်္သာရီတိုင်းဒေသကြီး,"သရက်ချောင်း မြို့နယ်","ကနက်သီရိ ကျေးရွာအုပ်စု",1403226
တနင်္သာရီတိုင်းဒေသကြီး,"သရက်ချောင်း မြို့နယ်","မယ်ကဲ ကျေးရွာအုပ်စု",1403227
တနင်္သာရီတိုင်းဒေသကြီး,"သရက်ချောင်း မြို့နယ်","သဲချောင်းကြီး ကျေးရွာအုပ်စု",1403228
တနင်္သာရီတိုင်းဒေသကြီး,"သရက်ချောင်း မြို့နယ်","ကရင်တောင်ပျောက် ကျေးရွာအုပ်စု",1403229
တနင်္သာရီတိုင်းဒေသကြီး,"သရက်ချောင်း မြို့နယ်","ရေပူ ကျေးရွာအုပ်စု",1403230
တနင်္သာရီတိုင်းဒေသကြီး,"သရက်ချောင်း မြို့နယ်","ကတွဲ ကျေးရွာအုပ်စု",1403231
တနင်္သာရီတိုင်းဒေသကြီး,"သရက်ချောင်း မြို့နယ်","ကညင်ချောင်း ကျေးရွာအုပ်စု",1403232
တနင်္သာရီတိုင်းဒေသကြီး,"သရက်ချောင်း မြို့နယ်","အောက်သရက်ချောင်း ကျေးရွာအုပ်စု",1403233
တနင်္သာရီတိုင်းဒေသကြီး,"သရက်ချောင်း မြို့နယ်","ပဒေါက် ကျေးရွာအုပ်စု",1403234
တနင်္သာရီတိုင်းဒေသကြီး,"သရက်ချောင်း မြို့နယ်","ကျောက်ဆည် ကျေးရွာအုပ်စု",1403235
တနင်္သာရီတိုင်းဒေသကြီး,"သရက်ချောင်း မြို့နယ်","မြန်မာပအော့ ကျေးရွာအုပ်စု",1403236
တနင်္သာရီတိုင်းဒေသကြီး,"သရက်ချောင်း မြို့နယ်","အစ်အစ် (ကရင်ပအော့) ကျေးရွာအုပ်စု",1403237
တနင်္သာရီတိုင်းဒေသကြီး,"သရက်ချောင်း မြို့နယ်","ပဲဒက် ကျေးရွာအုပ်စု",1403238
တနင်္သာရီတိုင်းဒေသကြီး,"လောင်းလုံး မြို့နယ်","ပြင်းထိန် ကျေးရွာအုပ်စု",1404200
တနင်္သာရီတိုင်းဒေသကြီး,"လောင်းလုံး မြို့နယ်","ဝေဒီ ကျေးရွာအုပ်စု",1404201
တနင်္သာရီတိုင်းဒေသကြီး,"လောင်းလုံး မြို့နယ်","ကညုံကျွန်း ကျေးရွာအုပ်စု",1404202
တနင်္သာရီတိုင်းဒေသကြီး,"လောင်းလုံး မြို့နယ်","သဗျာ ကျေးရွာအုပ်စု",1404203
တနင်္သာရီတိုင်းဒေသကြီး,"လောင်းလုံး မြို့နယ်","အင်းဇောက် ကျေးရွာအုပ်စု",1404204
တနင်္သာရီတိုင်းဒေသကြီး,"လောင်းလုံး မြို့နယ်","ပန်းဒလဲ ကျေးရွာအုပ်စု",1404205
တနင်္သာရီတိုင်းဒေသကြီး,"လောင်းလုံး မြို့နယ်","ရွာဟောင်းဝ ကျေးရွာအုပ်စု",1404206
တနင်္သာရီတိုင်းဒေသကြီး,"လောင်းလုံး မြို့နယ်","မင်းရပ် ကျေးရွာအုပ်စု",1404207
တနင်္သာရီတိုင်းဒေသကြီး,"လောင်းလုံး မြို့နယ်","လေးသွန်းခံ ကျေးရွာအုပ်စု",1404208
တနင်္သာရီတိုင်းဒေသကြီး,"လောင်းလုံး မြို့နယ်","စစ်ပြဲ ကျေးရွာအုပ်စု",1404209
တနင်္သာရီတိုင်းဒေသကြီး,"လောင်းလုံး မြို့နယ်","ညင်းမော် ကျေးရွာအုပ်စု",1404210
တနင်္သာရီတိုင်းဒေသကြီး,"လောင်းလုံး မြို့နယ်","တီဇစ် ကျေးရွာအုပ်စု",1404211
တနင်္သာရီတိုင်းဒေသကြီး,"လောင်းလုံး မြို့နယ်","စမ်းလှမ်း ကျေးရွာအုပ်စု",1404212
တနင်္သာရီတိုင်းဒေသကြီး,"လောင်းလုံး မြို့နယ်","ပညစ် ကျေးရွာအုပ်စု",1404213
တနင်္သာရီတိုင်းဒေသကြီး,"လောင်းလုံး မြို့နယ်","အောက်ရေဖြူ ကျေးရွာအုပ်စု",1404214
တနင်္သာရီတိုင်းဒေသကြီး,"လောင်းလုံး မြို့နယ်","ကထောင်းနီ ကျေးရွာအုပ်စု",1404215
တနင်္သာရီတိုင်းဒေသကြီး,"လောင်းလုံး မြို့နယ်","ကဒက်ကြီး (၇-သိန်) ကျေးရွာအုပ်စု",1404216
တနင်္သာရီတိုင်းဒေသကြီး,"လောင်းလုံး မြို့နယ်","ပြင်ကျောင်း ကျေးရွာအုပ်စု",1404217
တနင်္သာရီတိုင်းဒေသကြီး,"လောင်းလုံး မြို့နယ်","ကြက်ယက်တွင်း ကျေးရွာအုပ်စု",1404218
တနင်္သာရီတိုင်းဒေသကြီး,"လောင်းလုံး မြို့နယ်","မောင်းမကန် ကျေးရွာအုပ်စု",1404219
တနင်္သာရီတိုင်းဒေသကြီး,"လောင်းလုံး မြို့နယ်","ကဒက်ငယ်ဆိပ် ကျေးရွာအုပ်စု",1404220
တနင်္သာရီတိုင်းဒေသကြီး,"လောင်းလုံး မြို့နယ်","ကျောက်ဆင် ကျေးရွာအုပ်စု",1404221
တနင်္သာရီတိုင်းဒေသကြီး,"လောင်းလုံး မြို့နယ်","ပန်းဒက်အင်း ကျေးရွာအုပ်စု",1404222
တနင်္သာရီတိုင်းဒေသကြီး,"လောင်းလုံး မြို့နယ်","သာယာကုန်း ကျေးရွာအုပ်စု",1404223
တနင်္သာရီတိုင်းဒေသကြီး,"လောင်းလုံး မြို့နယ်","ကမြောကြီး ကျေးရွာအုပ်စု",1404224
တနင်္သာရီတိုင်းဒေသကြီး,"လောင်းလုံး မြို့နယ်","မြို့ဟောင်း ကျေးရွာအုပ်စု",1404225
တနင်္သာရီတိုင်းဒေသကြီး,"လောင်းလုံး မြို့နယ်","တောင်မင်းပြောင် ကျေးရွာအုပ်စု",1404226
တနင်္သာရီတိုင်းဒေသကြီး,"လောင်းလုံး မြို့နယ်","ခမောင်းတောင် ကျေးရွာအုပ်စု",1404227
တနင်္သာရီတိုင်းဒေသကြီး,"လောင်းလုံး မြို့နယ်","စခန်းကြီး ကျေးရွာအုပ်စု",1404228
တနင်္သာရီတိုင်းဒေသကြီး,"လောင်းလုံး မြို့နယ်","နခံတော ကျေးရွာအုပ်စု",1404229
တနင်္သာရီတိုင်းဒေသကြီး,"လောင်းလုံး မြို့နယ်","ကမြောကင်း ကျေးရွာအုပ်စု",1404230
တနင်္သာရီတိုင်းဒေသကြီး,"လောင်းလုံး မြို့နယ်","သကျက်တော ကျေးရွာအုပ်စု",1404231
တနင်္သာရီတိုင်းဒေသကြီး,"လောင်းလုံး မြို့နယ်","တောကျဲ ကျေးရွာအုပ်စု",1404232
တနင်္သာရီတိုင်းဒေသကြီး,"လောင်းလုံး မြို့နယ်","သပြေရှောင် ကျေးရွာအုပ်စု",1404233
တနင်္သာရီတိုင်းဒေသကြီး,"လောင်းလုံး မြို့နယ်","ပြင်ကြီးကျွန်း ကျေးရွာအုပ်စု",1404234
တနင်္သာရီတိုင်းဒေသကြီး,"လောင်းလုံး မြို့နယ်","ဇလွတ် ကျေးရွာအုပ်စု",1404235
တနင်္သာရီတိုင်းဒေသကြီး,"လောင်းလုံး မြို့နယ်","ကျောက်တွင်း ကျေးရွာအုပ်စု",1404236
တနင်္သာရီတိုင်းဒေသကြီး,"လောင်းလုံး မြို့နယ်","ကျောက်မတ်တတ် ကျေးရွာအုပ်စု",1404237
တနင်္သာရီတိုင်းဒေသကြီး,"လောင်းလုံး မြို့နယ်","ကျောက်ဝပ်ပြင် ကျေးရွာအုပ်စု",1404238
တနင်္သာရီတိုင်းဒေသကြီး,"လောင်းလုံး မြို့နယ်","ကျောက်နီမော် ကျေးရွာအုပ်စု",1404239
တနင်္သာရီတိုင်းဒေသကြီး,"လောင်းလုံး မြို့နယ်","အောက်ကျောက်ဝပ် ကျေးရွာအုပ်စု",1404240
တနင်္သာရီတိုင်းဒေသကြီး,"မြိတ် မြို့နယ်","မြိတ်တောင် ကျေးရွာအုပ်စု",1405200
တနင်္သာရီတိုင်းဒေသကြီး,"မြိတ် မြို့နယ်","ကလွင် ကျေးရွာအုပ်စု",1405201
တနင်္သာရီတိုင်းဒေသကြီး,"မြိတ် မြို့နယ်","အင်္ဂမော် ကျေးရွာအုပ်စု",1405202
တနင်္သာရီတိုင်းဒေသကြီး,"မြိတ် မြို့နယ်","စန္ဒဝတ် ကျေးရွာအုပ်စု",1405203
တနင်္သာရီတိုင်းဒေသကြီး,"မြိတ် မြို့နယ်","ပြင်းငယ် ကျေးရွာအုပ်စု",1405204
တနင်္သာရီတိုင်းဒေသကြီး,"မြိတ် မြို့နယ်","ကဟန်း ကျေးရွာအုပ်စု",1405205
တနင်္သာရီတိုင်းဒေသကြီး,"မြိတ် မြို့နယ်","စလွန်း ကျေးရွာအုပ်စု",1405206
တနင်္သာရီတိုင်းဒေသကြီး,"မြိတ် မြို့နယ်","မင်းသန်း ကျေးရွာအုပ်စု",1405207
တနင်္သာရီတိုင်းဒေသကြီး,"မြိတ် မြို့နယ်","ပသောင်း ကျေးရွာအုပ်စု",1405208
တနင်္သာရီတိုင်းဒေသကြီး,"မြိတ် မြို့နယ်","မဇော ကျေးရွာအုပ်စု",1405209
တနင်္သာရီတိုင်းဒေသကြီး,"မြိတ် မြို့နယ်","တုံးဗျော ကျေးရွာအုပ်စု",1405210
တနင်္သာရီတိုင်းဒေသကြီး,"မြိတ် မြို့နယ်","တောင်းရှည် ကျေးရွာအုပ်စု",1405211
တနင်္သာရီတိုင်းဒေသကြီး,"မြိတ် မြို့နယ်","တညက် (ကုလား) ကျေးရွာအုပ်စု",1405212
တနင်္သာရီတိုင်းဒေသကြီး,"မြိတ် မြို့နယ်","တညက် (ကရင်) ကျေးရွာအုပ်စု",1405213
တနင်္သာရီတိုင်းဒေသကြီး,"မြိတ် မြို့နယ်","အလယ်ချောင်း ကျေးရွာအုပ်စု",1405214
တနင်္သာရီတိုင်းဒေသကြီး,"မြိတ် မြို့နယ်","ပင်းအို ကျေးရွာအုပ်စု",1405215
တနင်္သာရီတိုင်းဒေသကြီး,"မြိတ် မြို့နယ်","သဘွတ် ကျေးရွာအုပ်စု",1405216
တနင်္သာရီတိုင်းဒေသကြီး,"မြိတ် မြို့နယ်","သမုတ် ကျေးရွာအုပ်စု",1405217
တနင်္သာရီတိုင်းဒေသကြီး,"မြိတ် မြို့နယ်","သစ်ယာဝ ကျေးရွာအုပ်စု",1405218
တနင်္သာရီတိုင်းဒေသကြီး,"မြိတ် မြို့နယ်","ပဆွပ် ကျေးရွာအုပ်စု",1405219
တနင်္သာရီတိုင်းဒေသကြီး,"မြိတ် မြို့နယ်","ပပြင် ကျေးရွာအုပ်စု",1405220
တနင်္သာရီတိုင်းဒေသကြီး,"မြိတ် မြို့နယ်","ကျောက်ဖျာ ကျေးရွာအုပ်စု",1405221
တနင်္သာရီတိုင်းဒေသကြီး,"ပုလော မြို့နယ်","မီးကျောင်းသိုက် ကျေးရွာအုပ်စု",1406200
တနင်္သာရီတိုင်းဒေသကြီး,"ပုလော မြို့နယ်","ပုလောကုန်း ကျေးရွာအုပ်စု",1406201
တနင်္သာရီတိုင်းဒေသကြီး,"ပုလော မြို့နယ်","ဇရပ်ဆိပ် ကျေးရွာအုပ်စု",1406202
တနင်္သာရီတိုင်းဒေသကြီး,"ပုလော မြို့နယ်","တောင်ယာကမ်း ကျေးရွာအုပ်စု",1406203
တနင်္သာရီတိုင်းဒေသကြီး,"ပုလော မြို့နယ်","လက္ကူး ကျေးရွာအုပ်စု",1406204
တနင်္သာရီတိုင်းဒေသကြီး,"ပုလော မြို့နယ်","နန်းတောင် ကျေးရွာအုပ်စု",1406205
တနင်္သာရီတိုင်းဒေသကြီး,"ပုလော မြို့နယ်","ကဒဲ ကျေးရွာအုပ်စု",1406206
တနင်္သာရီတိုင်းဒေသကြီး,"ပုလော မြို့နယ်","ထမင်းမစား ကျေးရွာအုပ်စု",1406207
တနင်္သာရီတိုင်းဒေသကြီး,"ပုလော မြို့နယ်","ကြဲ ကျေးရွာအုပ်စု",1406208
တနင်္သာရီတိုင်းဒေသကြီး,"ပုလော မြို့နယ်","တို ကျေးရွာအုပ်စု",1406209
တနင်္သာရီတိုင်းဒေသကြီး,"ပုလော မြို့နယ်","ပုလောဖျား ကျေးရွာအုပ်စု",1406210
တနင်္သာရီတိုင်းဒေသကြီး,"ပုလော မြို့နယ်","ပလ ကျေးရွာအုပ်စု",1406211
တနင်္သာရီတိုင်းဒေသကြီး,"ပုလော မြို့နယ်","မင်းထိန် ကျေးရွာအုပ်စု",1406212
တနင်္သာရီတိုင်းဒေသကြီး,"ပုလော မြို့နယ်","မလိ ကျေးရွာအုပ်စု",1406213
တနင်္သာရီတိုင်းဒေသကြီး,"ပုလော မြို့နယ်","ရှမ်းဒွတ် ကျေးရွာအုပ်စု",1406214
တနင်္သာရီတိုင်းဒေသကြီး,"ပုလော မြို့နယ်","ရှပ်ပုံ ကျေးရွာအုပ်စု",1406215
တနင်္သာရီတိုင်းဒေသကြီး,"ပုလော မြို့နယ်","ကျောက္ကာ ကျေးရွာအုပ်စု",1406216
တနင်္သာရီတိုင်းဒေသကြီး,"ပုလော မြို့နယ်","လိပ်သောင် ကျေးရွာအုပ်စု",1406217
တနင်္သာရီတိုင်းဒေသကြီး,"ပုလော မြို့နယ်","ဒူးရင်ပင်ရှောင် ကျေးရွာအုပ်စု",1406218
တနင်္သာရီတိုင်းဒေသကြီး,"ပုလော မြို့နယ်","မကျည်းကုန်း ကျေးရွာအုပ်စု",1406219
တနင်္သာရီတိုင်းဒေသကြီး,"ပုလော မြို့နယ်","ပြင်ဘုကြီး ကျေးရွာအုပ်စု",1406220
တနင်္သာရီတိုင်းဒေသကြီး,"ပုလော မြို့နယ်","ပြည်ခြား ကျေးရွာအုပ်စု",1406221
တနင်္သာရီတိုင်းဒေသကြီး,"ပုလော မြို့နယ်","ခန္တီ ကျေးရွာအုပ်စု",1406222
တနင်္သာရီတိုင်းဒေသကြီး,"ပုလော မြို့နယ်","ဆင်ထိုးကြီး ကျေးရွာအုပ်စု",1406223
တနင်္သာရီတိုင်းဒေသကြီး,"ပုလော မြို့နယ်","ကျောက်လုံးကြီး ကျေးရွာအုပ်စု",1406224
တနင်္သာရီတိုင်းဒေသကြီး,"ပုလော မြို့နယ်","နန်းသီလာ ကျေးရွာအုပ်စု",1406225
တနင်္သာရီတိုင်းဒေသကြီး,"ပုလော မြို့နယ်","ပြင်ဘုငယ် ကျေးရွာအုပ်စု",1406226
တနင်္သာရီတိုင်းဒေသကြီး,"တနင်္သာရီ မြို့နယ်","တနင်္သာရီဆင်ခြေဖုံး ကျေးရွာအုပ်စု",1407200
တနင်္သာရီတိုင်းဒေသကြီး,"တနင်္သာရီ မြို့နယ်","ပဝ ကျေးရွာအုပ်စု",1407201
တနင်္သာရီတိုင်းဒေသကြီး,"တနင်္သာရီ မြို့နယ်","အရှေ့မော်တုံး ကျေးရွာအုပ်စု",1407202
တနင်္သာရီတိုင်းဒေသကြီး,"တနင်္သာရီ မြို့နယ်","အနောက်မော်တုံး ကျေးရွာအုပ်စု",1407203
တနင်္သာရီတိုင်းဒေသကြီး,"တနင်္သာရီ မြို့နယ်","လယ်သစ် ကျေးရွာအုပ်စု",1407204
တနင်္သာရီတိုင်းဒေသကြီး,"တနင်္သာရီ မြို့နယ်","တမုတ်ချုံး ကျေးရွာအုပ်စု",1407205
တနင်္သာရီတိုင်းဒေသကြီး,"တနင်္သာရီ မြို့နယ်","ဘန်းလမွတ် ကျေးရွာအုပ်စု",1407206
တနင်္သာရီတိုင်းဒေသကြီး,"တနင်္သာရီ မြို့နယ်","သိန်ခွန်း ကျေးရွာအုပ်စု",1407207
တနင်္သာရီတိုင်းဒေသကြီး,"တနင်္သာရီ မြို့နယ်","ကျောက်တလုံး ကျေးရွာအုပ်စု",1407208
တနင်္သာရီတိုင်းဒေသကြီး,"တနင်္သာရီ မြို့နယ်","သာရဖုံ ကျေးရွာအုပ်စု",1407209
တနင်္သာရီတိုင်းဒေသကြီး,"တနင်္သာရီ မြို့နယ်","သိန်းဒေါ ကျေးရွာအုပ်စု",1407210
တနင်္သာရီတိုင်းဒေသကြီး,"တနင်္သာရီ မြို့နယ်","ဘန်လော ကျေးရွာအုပ်စု",1407211
တနင်္သာရီတိုင်းဒေသကြီး,"တနင်္သာရီ မြို့နယ်","တကူ ကျေးရွာအုပ်စု",1407212
တနင်္သာရီတိုင်းဒေသကြီး,"တနင်္သာရီ မြို့နယ်","ညောင်ပင်ကွင်း ကျေးရွာအုပ်စု",1407213
တနင်္သာရီတိုင်းဒေသကြီး,"တနင်္သာရီ မြို့နယ်","သကျက် ကျေးရွာအုပ်စု",1407214
တနင်္သာရီတိုင်းဒေသကြီး,"တနင်္သာရီ မြို့နယ်","ကော့မပြင်း ကျေးရွာအုပ်စု",1407215
တနင်္သာရီတိုင်းဒေသကြီး,"တနင်္သာရီ မြို့နယ်","သင်္ဘောဦး ကျေးရွာအုပ်စု",1407216
တနင်္သာရီတိုင်းဒေသကြီး,"တနင်္သာရီ မြို့နယ်","ဇဝဲ ကျေးရွာအုပ်စု",1407217
တနင်္သာရီတိုင်းဒေသကြီး,"တနင်္သာရီ မြို့နယ်","သာရဘွင် ကျေးရွာအုပ်စု",1407218
တနင်္သာရီတိုင်းဒေသကြီး,"တနင်္သာရီ မြို့နယ်","ချောင်းလမု ကျေးရွာအုပ်စု",1407219
တနင်္သာရီတိုင်းဒေသကြီး,"တနင်္သာရီ မြို့နယ်","အမှတ် (၉) ကျေးရွာအုပ်စု",1407220
တနင်္သာရီတိုင်းဒေသကြီး,"ဘုတ်ပြင်း မြို့နယ်","အုန်းတောကမ်း ကျေးရွာအုပ်စု",1408200
တနင်္သာရီတိုင်းဒေသကြီး,"ဘုတ်ပြင်း မြို့နယ်","ကမာချောင်း ကျေးရွာအုပ်စု",1408201
တနင်္သာရီတိုင်းဒေသကြီး,"ဘုတ်ပြင်း မြို့နယ်","အတွင်းဘုတ်ပြင်း ကျေးရွာအုပ်စု",1408202
တနင်္သာရီတိုင်းဒေသကြီး,"ဘုတ်ပြင်း မြို့နယ်","ချောင်းကရှက်(ခေါ်) ထောင်ခမက် ကျေးရွာအုပ်စု",1408203
တနင်္သာရီတိုင်းဒေသကြီး,"ဘုတ်ပြင်း မြို့နယ်","နို့ငွါး ကျေးရွာအုပ်စု",1408204
တနင်္သာရီတိုင်းဒေသကြီး,"ဘုတ်ပြင်း မြို့နယ်","အလယ်မန် ကျေးရွာအုပ်စု",1408205
တနင်္သာရီတိုင်းဒေသကြီး,"ဘုတ်ပြင်း မြို့နယ်","စတိန် ကျေးရွာအုပ်စု",1408206
တနင်္သာရီတိုင်းဒေသကြီး,"ဘုတ်ပြင်း မြို့နယ်","ရေငံကြီး ကျေးရွာအုပ်စု",1408207
တနင်္သာရီတိုင်းဒေသကြီး,"ဘုတ်ပြင်း မြို့နယ်","ဘုန်ခွန်း ကျေးရွာအုပ်စု",1408208
တနင်္သာရီတိုင်းဒေသကြီး,"ဘုတ်ပြင်း မြို့နယ်","တောင်စုန်မတက်(ခေါ်)ချောင်းကတုန်း ကျေးရွာအုပ်စု",1408209
တနင်္သာရီတိုင်းဒေသကြီး,"ဘုတ်ပြင်း မြို့နယ်","ရွှေဂဲညို ကျေးရွာအုပ်စု",1408210
တနင်္သာရီတိုင်းဒေသကြီး,"ဘုတ်ပြင်း မြို့နယ်","မနိုးရုံး ကျေးရွာအုပ်စု",1408211
တနင်္သာရီတိုင်းဒေသကြီး,"ဘုတ်ပြင်း မြို့နယ်","ကော့ဘွတ် ကျေးရွာအုပ်စု",1408212
တနင်္သာရီတိုင်းဒေသကြီး,"ဘုတ်ပြင်း မြို့နယ်","ထောင်ရိုက် ကျေးရွာအုပ်စု",1408213
တနင်္သာရီတိုင်းဒေသကြီး,"ဘုတ်ပြင်း မြို့နယ်","ချောင်းကဖက် ကျေးရွာအုပ်စု",1408214
တနင်္သာရီတိုင်းဒေသကြီး,"ဘုတ်ပြင်း မြို့နယ်","ထောင်ငါးသိုင်း(ခေါ်)ကျောက်တန်း ကျေးရွာအုပ်စု",1408215
တနင်္သာရီတိုင်းဒေသကြီး,"ဘုတ်ပြင်း မြို့နယ်","ဘန်ဂလား ကျေးရွာအုပ်စု",1408216
တနင်္သာရီတိုင်းဒေသကြီး,"ဘုတ်ပြင်း မြို့နယ်","မသေ ကျေးရွာအုပ်စု",1408217
တနင်္သာရီတိုင်းဒေသကြီး,"ဘုတ်ပြင်း မြို့နယ်","ဟန်ကပြု ကျေးရွာအုပ်စု",1408218
တနင်္သာရီတိုင်းဒေသကြီး,"ဘုတ်ပြင်း မြို့နယ်","ကော့ဗမာ ကျေးရွာအုပ်စု",1408219
တနင်္သာရီတိုင်းဒေသကြီး,"ကော့သောင်း မြို့နယ်","ပုလိုတုံတုံး ကျေးရွာအုပ်စု",1409200
တနင်္သာရီတိုင်းဒေသကြီး,"ကော့သောင်း မြို့နယ်","ဇာဒက်ကြီးကျွန်း ကျေးရွာအုပ်စု",1409201
တနင်္သာရီတိုင်းဒေသကြီး,"ကော့သောင်း မြို့နယ်","ဆယ်မိုင် ကျေးရွာအုပ်စု",1409202
တနင်္သာရီတိုင်းဒေသကြီး,"ကော့သောင်း မြို့နယ်","ခုနှစ်မိုင်/ရွှေပြည်စိုး ကျေးရွာအုပ်စု",1409203
တနင်္သာရီတိုင်းဒေသကြီး,"ကော့သောင်း မြို့နယ်","ဘန်းကချွန် ကျေးရွာအုပ်စု",1409204
တနင်္သာရီတိုင်းဒေသကြီး,"ကော့သောင်း မြို့နယ်","မလိဝမ်း ကျေးရွာအုပ်စု",1409205
တနင်္သာရီတိုင်းဒေသကြီး,"ကော့သောင်း မြို့နယ်","ချမ်းဖန်း ကျေးရွာအုပ်စု",1409206
တနင်္သာရီတိုင်းဒေသကြီး,"ကော့သောင်း မြို့နယ်","အော်ကြီး ကျေးရွာအုပ်စု",1409207
တနင်္သာရီတိုင်းဒေသကြီး,"ကော့သောင်း မြို့နယ်","စူငယ်ဘာလိုင်း ကျေးရွာအုပ်စု",1409208
တနင်္သာရီတိုင်းဒေသကြီး,"ကော့သောင်း မြို့နယ်","မာရမ်း ကျေးရွာအုပ်စု",1409209
တနင်္သာရီတိုင်းဒေသကြီး,"ကော့သောင်း မြို့နယ်","ထုံပရီ ကျေးရွာအုပ်စု",1409210
တနင်္သာရီတိုင်းဒေသကြီး,"ကော့သောင်း မြို့နယ်","ဖော့သုတ် ကျေးရွာအုပ်စု",1409211
တနင်္သာရီတိုင်းဒေသကြီး,"ကော့သောင်း မြို့နယ်","နာလိချမ်း ကျေးရွာအုပ်စု",1409212
တနင်္သာရီတိုင်းဒေသကြီး,"ကော့သောင်း မြို့နယ်","ပါစံ ကျေးရွာအုပ်စု",1409213
တနင်္သာရီတိုင်းဒေသကြီး,"ကော့သောင်း မြို့နယ်","လုံးဖော ကျေးရွာအုပ်စု",1409214
တနင်္သာရီတိုင်းဒေသကြီး,"ကော့သောင်း မြို့နယ်","ခိကဖွိုင်း ကျေးရွာအုပ်စု",1409215
တနင်္သာရီတိုင်းဒေသကြီး,"ကော့သောင်း မြို့နယ်","ပရက်ခွ ကျေးရွာအုပ်စု",1409216
တနင်္သာရီတိုင်းဒေသကြီး,"ကော့သောင်း မြို့နယ်","ပရက်ဆိုင် ကျေးရွာအုပ်စု",1409217
တနင်္သာရီတိုင်းဒေသကြီး,"ကျွန်းစု မြို့နယ်","ကျွဲခရံ ကျေးရွာအုပ်စု",1410200
တနင်္သာရီတိုင်းဒေသကြီး,"ကျွန်းစု မြို့နယ်","ကဘင် ကျေးရွာအုပ်စု",1410201
တနင်္သာရီတိုင်းဒေသကြီး,"ကျွန်းစု မြို့နယ်","ကော်ဇယာ ကျေးရွာအုပ်စု",1410202
တနင်္သာရီတိုင်းဒေသကြီး,"ကျွန်းစု မြို့နယ်","တောပြား ကျေးရွာအုပ်စု",1410203
တနင်္သာရီတိုင်းဒေသကြီး,"ကျွန်းစု မြို့နယ်","ဝါရစ် ကျေးရွာအုပ်စု",1410204
တနင်္သာရီတိုင်းဒေသကြီး,"ကျွန်းစု မြို့နယ်","စခန်းသစ် ကျေးရွာအုပ်စု",1410205
တနင်္သာရီတိုင်းဒေသကြီး,"ကျွန်းစု မြို့နယ်","မဲတော ကျေးရွာအုပ်စု",1410206
တနင်္သာရီတိုင်းဒေသကြီး,"ကျွန်းစု မြို့နယ်","ဘန္ဒနဲ ကျေးရွာအုပ်စု",1410207
တနင်္သာရီတိုင်းဒေသကြီး,"ကျွန်းစု မြို့နယ်","ကံမော် ကျေးရွာအုပ်စု",1410208
တနင်္သာရီတိုင်းဒေသကြီး,"ကျွန်းစု မြို့နယ်","ရေကန်တောင် ကျေးရွာအုပ်စု",1410209
တနင်္သာရီတိုင်းဒေသကြီး,"ကျွန်းစု မြို့နယ်","ညောင်ဘီး ကျေးရွာအုပ်စု",1410210
တနင်္သာရီတိုင်းဒေသကြီး,"ကျွန်းစု မြို့နယ်","မင်းဂုတ် ကျေးရွာအုပ်စု",1410211
တနင်္သာရီတိုင်းဒေသကြီး,"ကျွန်းစု မြို့နယ်","သန္တုတ် ကျေးရွာအုပ်စု",1410212
တနင်္သာရီတိုင်းဒေသကြီး,"ကျွန်းစု မြို့နယ်","ကတ္တလူ ကျေးရွာအုပ်စု",1410213
တနင်္သာရီတိုင်းဒေသကြီး,"ကျွန်းစု မြို့နယ်","မအိုင် ကျေးရွာအုပ်စု",1410214
တနင်္သာရီတိုင်းဒေသကြီး,"ကျွန်းစု မြို့နယ်","မောင်းလှော် ကျေးရွာအုပ်စု",1410215
တနင်္သာရီတိုင်းဒေသကြီး,"ကျွန်းစု မြို့နယ်","ဇေးကမိ ကျေးရွာအုပ်စု",1410216
တနင်္သာရီတိုင်းဒေသကြီး,"ကျွန်းစု မြို့နယ်","ရေမြစ်ကြီး ကျေးရွာအုပ်စု",1410217
တနင်္သာရီတိုင်းဒေသကြီး,"ကျွန်းစု မြို့နယ်","ကမ်းကြီး ကျေးရွာအုပ်စု",1410218
တနင်္သာရီတိုင်းဒေသကြီး,"ကျွန်းစု မြို့နယ်","ကပ ကျေးရွာအုပ်စု",1410219
