﻿Region,"Town / Township","Ward / Village Tract","Postal Code"
"Chin State","Hakha Township","Khuabe Village Tract",0301200
"Chin State","Hakha Township","Hniarlawn Village Tract",0301201
"Chin State","Hakha Township","Loklung Village Tract",0301202
"Chin State","Hakha Township","Tiphul Village Tract",0301203
"Chin State","Hakha Township","Chuncung Village Tract",0301204
"Chin State","Hakha Township","Hranhring Village Tract",0301205
"Chin State","Hakha Township","Zokhua Village Tract",0301206
"Chin State","Hakha Township","Bualtak Village Tract",0301207
"Chin State","Hakha Township","Malsawm Village Tract",0301208
"Chin State","Hakha Township","Tinam Village Tract",0301209
"Chin State","Hakha Township","Rinpi Village Tract",0301210
"Chin State","Hakha Township","Haiphai Village Tract",0301211
"Chin State","Hakha Township","Farrawn Village Tract",0301212
"Chin State","Hakha Township","Dauchim Village Tract",0301213
"Chin State","Hakha Township","Vanhar Village Tract",0301214
"Chin State","Hakha Township","Ruan Village Tract",0301215
"Chin State","Hakha Township","Surkhua Village Tract",0301216
"Chin State","Hakha Township","Lungtar Village Tract",0301217
"Chin State","Hakha Township","Cangva Village Tract",0301218
"Chin State","Hakha Township","Sumsen Village Tract",0301219
"Chin State","Hakha Township","Lungrang Village Tract",0301220
"Chin State","Hakha Township","Phaipha (A) Village Tract",0301221
"Chin State","Hakha Township","Dumva Village Tract",0301222
"Chin State","Hakha Township","Sakta Village Tract",0301223
"Chin State","Hakha Township","Bungtuah Village Tract",0301224
"Chin State","Hakha Township","Khuapi Village Tract",0301225
"Chin State","Hakha Township","Buanlung Village Tract",0301226
"Chin State","Hakha Township","Dongva Village Tract",0301227
"Chin State","Hakha Township","Lungkhin Village Tract",0301228
"Chin State","Hakha Township","Leipi Village Tract",0301229
"Chin State","Thantlang Township","Tlangkhua Village Tract",0302200
"Chin State","Thantlang Township","Tikhuangtum Village Tract",0302201
"Chin State","Thantlang Township","Lungzarh Village Tract",0302202
"Chin State","Thantlang Township","Tlangte Village Tract",0302203
"Chin State","Thantlang Township","Tlangpi Village Tract",0302204
"Chin State","Thantlang Township","Lungding Village Tract",0302205
"Chin State","Thantlang Township","Vanzang Village Tract",0302206
"Chin State","Thantlang Township","Dawn Village Tract",0302207
"Chin State","Thantlang Township","Zaangtlang Village Tract",0302208
"Chin State","Thantlang Township","Lungler Village Tract",0302209
"Chin State","Thantlang Township","Thangzang Village Tract",0302210
"Chin State","Thantlang Township","Saikah Village Tract",0302211
"Chin State","Thantlang Township","Bungtlang Village Tract",0302212
"Chin State","Thantlang Township","Thau Village Tract",0302213
"Chin State","Thantlang Township","Hriangkhan Village Tract",0302214
"Chin State","Thantlang Township","Thlualam Village Tract",0302215
"Chin State","Thantlang Township","Tlang Village Tract",0302216
"Chin State","Thantlang Township","Salen Village Tract",0302217
"Chin State","Thantlang Township","Tikir Village Tract",0302218
"Chin State","Thantlang Township","Sialam Village Tract",0302219
"Chin State","Thantlang Township","Lulpilung Village Tract",0302220
"Chin State","Thantlang Township","Hmawngtlang Village Tract",0302221
"Chin State","Thantlang Township","Congthia Village Tract",0302222
"Chin State","Thantlang Township","Surngen Village Tract",0302223
"Chin State","Thantlang Township","Aibur Village Tract",0302224
"Chin State","Thantlang Township","Fanthen Village Tract",0302225
"Chin State","Thantlang Township","Hnaring (A) Village Tract",0302226
"Chin State","Thantlang Township","Khuahrang Village Tract",0302227
"Chin State","Thantlang Township","Thangaw Village Tract",0302228
"Chin State","Thantlang Township","Ngaphaite Village Tract",0302229
"Chin State","Thantlang Township","Lailen Village Tract",0302230
"Chin State","Thantlang Township","Ngaphaipi Village Tract",0302231
"Chin State","Thantlang Township","Khuabung Village Tract",0302232
"Chin State","Thantlang Township","Lawngtlang Village Tract",0302233
"Chin State","Thantlang Township","Zephai (A) Village Tract",0302234
"Chin State","Thantlang Township","Belhar Village Tract",0302235
"Chin State","Thantlang Township","Hriphi Village Tract",0302236
"Chin State","Falam Township","K.Haimual Village Tract",0303200
"Chin State","Falam Township","Rallawn Village Tract",0303201
"Chin State","Falam Township","MangKheng Village Tract",0303202
"Chin State","Falam Township","Lenhai Village Tract",0303203
"Chin State","Falam Township","Lente Village Tract",0303204
"Chin State","Falam Township","Thungthul Village Tract",0303205
"Chin State","Falam Township","Laizo Village Tract",0303206
"Chin State","Falam Township","L. Hmunpi Village Tract",0303207
"Chin State","Falam Township","Congthe Village Tract",0303208
"Chin State","Falam Township","Taisum Village Tract",0303209
"Chin State","Falam Township","C. Zamual Village Tract",0303210
"Chin State","Falam Township","Taal Village Tract",0303211
"Chin State","Falam Township","Tili Village Tract",0303212
"Chin State","Falam Township","Ramthlo Village Tract",0303213
"Chin State","Falam Township","Rulbu Village Tract",0303214
"Chin State","Falam Township","L. Zamual Village Tract",0303215
"Chin State","Falam Township","Tiahdai Village Tract",0303216
"Chin State","Falam Township","Hrianghgnang Village Tract",0303217
"Chin State","Falam Township","Cerhmun Village Tract",0303218
"Chin State","Falam Township","Zathlir Village Tract",0303219
"Chin State","Falam Township","Tlauhmun Village Tract",0303220
"Chin State","Falam Township","Rallang Village Tract",0303221
"Chin State","Falam Township","Sunthla (Haung) Village Tract",0303222
"Chin State","Falam Township","Relsing Village Tract",0303223
"Chin State","Falam Township","Hlawnmual Village Tract",0303224
"Chin State","Falam Township","Khuangli Village Tract",0303225
"Chin State","Falam Township","Zawlnu Village Tract",0303226
"Chin State","Falam Township","Ngamual Village Tract",0303227
"Chin State","Falam Township","Bualkhua Village Tract",0303228
"Chin State","Falam Township","Phaizawl Village Tract",0303229
"Chin State","Falam Township","Farkhawm Village Tract",0303230
"Chin State","Falam Township","Tisen Village Tract",0303231
"Chin State","Falam Township","Duhmang Village Tract",0303232
"Chin State","Falam Township","Lumbang Village Tract",0303233
"Chin State","Falam Township","Lunghawh Village Tract",0303234
"Chin State","Falam Township","Khualei Village Tract",0303235
"Chin State","Falam Township","Lati Village Tract",0303236
"Chin State","Falam Township","Simzawl Village Tract",0303237
"Chin State","Falam Township","Hmunli Village Tract",0303238
"Chin State","Falam Township","Lochum Village Tract",0303239
"Chin State","Falam Township","Zultu Village Tract",0303240
"Chin State","Falam Township","Khumzing Village Tract",0303241
"Chin State","Falam Township","Zalang Village Tract",0303242
"Chin State","Falam Township","Webula Village Tract",0303243
"Chin State","Falam Township","Zatual Village Tract",0303244
"Chin State","Falam Township","Khitam Village Tract",0303245
"Chin State","Falam Township","Lumte Village Tract",0303246
"Chin State","Falam Township","Tlortang Village Tract",0303247
"Chin State","Falam Township","Congkua Village Tract",0303248
"Chin State","Falam Township","Lianrih Village Tract",0303249
"Chin State","Falam Township","Murang Village Tract",0303250
"Chin State","Falam Township","Khupleng Village Tract",0303251
"Chin State","Falam Township","Thorzan Village Tract",0303252
"Chin State","Falam Township","Kundon Village Tract",0303253
"Chin State","Falam Township","Seipi Village Tract",0303254
"Chin State","Falam Township","Tlangcing Village Tract",0303255
"Chin State","Falam Township","Losau Village Tract",0303256
"Chin State","Falam Township","Bualmin Village Tract",0303257
"Chin State","Falam Township","Lunkhua Village Tract",0303258
"Chin State","Falam Township","Khuasum Village Tract",0303259
"Chin State","Falam Township","Sim/Dihai Village Tract",0303260
"Chin State","Falam Township","Tilum Village Tract",0303261
"Chin State","Falam Township","Tlangzawl Village Tract",0303262
"Chin State","Falam Township","Khualung Village Tract",0303263
"Chin State","Falam Township","Zo/Dihai Village Tract",0303264
"Chin State","Falam Township","Darteti Village Tract",0303265
"Chin State","Falam Township","Ngalti Village Tract",0303266
"Chin State","Falam Township","Airebual Village Tract",0303267
"Chin State","Falam Township","Zongte Village Tract",0303268
"Chin State","Falam Township","Selawn Village Tract",0303269
"Chin State","Falam Township","Singai Village Tract",0303270
"Chin State","Falam Township","Hmawngkawn Village Tract",0303271
"Chin State","Falam Township","Tibual Village Tract",0303272
"Chin State","Falam Township","Satawm Village Tract",0303273
"Chin State","Falam Township","Vangva Village Tract",0303274
"Chin State","Falam Township","Laizawl Village Tract",0303275
"Chin State","Falam Township","Khuapual Village Tract",0303276
"Chin State","Falam Township","Bocung Village Tract",0303277
"Chin State","Falam Township","Khuadar Village Tract",0303278
"Chin State","Falam Township","Saihmun Village Tract",0303279
"Chin State","Falam Township","Conghoih Village Tract",0303280
"Chin State","Falam Township","Ticirh Village Tract",0303281
"Chin State","Falam Township","Tingcang Village Tract",0303282
"Chin State","Falam Township","Saek Village Tract",0303283
"Chin State","Falam Township","Khuathlir Village Tract",0303284
"Chin State","Falam Township","Cawhte Village Tract",0303285
"Chin State","Tedim Township","Saizang Village Tract",0304200
"Chin State","Tedim Township","Vongmual Village Tract",0304201
"Chin State","Tedim Township","Khiangzang Village Tract",0304202
"Chin State","Tedim Township","Suangpi Village Tract",0304203
"Chin State","Tedim Township","Dimpi Village Tract",0304204
"Chin State","Tedim Township","Bumzang Village Tract",0304205
"Chin State","Tedim Township","Kahngen Village Tract",0304206
"Chin State","Tedim Township","Thangzang Village Tract",0304207
"Chin State","Tedim Township","Tualmu Village Tract",0304208
"Chin State","Tedim Township","Gamngai Village Tract",0304209
"Chin State","Tedim Township","Lailui Village Tract",0304210
"Chin State","Tedim Township","Teeklui Village Tract",0304211
"Chin State","Tedim Township","Haupi Village Tract",0304212
"Chin State","Tedim Township","Sezang Village Tract",0304213
"Chin State","Tedim Township","Lamzang Village Tract",0304214
"Chin State","Tedim Township","Lailo Village Tract",0304215
"Chin State","Tedim Township","Valvum Village Tract",0304216
"Chin State","Tedim Township","Kaptel Village Tract",0304217
"Chin State","Tedim Township","Tuipi Village Tract",0304218
"Chin State","Tedim Township","Laitui Village Tract",0304219
"Chin State","Tedim Township","Tuitawh Village Tract",0304220
"Chin State","Tedim Township","Muizawl Village Tract",0304221
"Chin State","Tedim Township","Muallum Village Tract",0304222
"Chin State","Tedim Township","Cingpikot Village Tract",0304223
"Chin State","Tedim Township","Tuithang Village Tract",0304224
"Chin State","Tedim Township","Tungzang Village Tract",0304225
"Chin State","Tedim Township","Anlangh Village Tract",0304226
"Chin State","Tedim Township","Gamlai Village Tract",0304227
"Chin State","Tedim Township","Suangsang Village Tract",0304228
"Chin State","Tedim Township","Thalmual Village Tract",0304229
"Chin State","Tedim Township","Phaiza Village Tract",0304230
"Chin State","Tedim Township","Buanli Village Tract",0304231
"Chin State","Tedim Township","Bukphil Village Tract",0304232
"Chin State","Tedim Township","Dampi Village Tract",0304233
"Chin State","Tedim Township","Tuidil Village Tract",0304234
"Chin State","Tedim Township","Zimpi Village Tract",0304235
"Chin State","Tedim Township","Kawilam Village Tract",0304236
"Chin State","Tedim Township","Suangphei Village Tract",0304237
"Chin State","Tedim Township","Heilei Village Tract",0304238
"Chin State","Tedim Township","Suangzang Village Tract",0304239
"Chin State","Tedim Township","Pangsak Village Tract",0304240
"Chin State","Tedim Township","Pakzang Village Tract",0304241
"Chin State","Tedim Township","Thuklai Village Tract",0304242
"Chin State","Tedim Township","Khuasak Village Tract",0304243
"Chin State","Tedim Township","Buanman Village Tract",0304244
"Chin State","Tedim Township","Limkhai Village Tract",0304245
"Chin State","Tedim Township","Dolluang Village Tract",0304246
"Chin State","Tedim Township","Vangteh Village Tract",0304247
"Chin State","Tedim Township","Phunom Village Tract",0304248
"Chin State","Tedim Township","Mualbe Village Tract",0304249
"Chin State","Tedim Township","Buan Village Tract",0304250
"Chin State","Tedim Township","Pimpih Village Tract",0304251
"Chin State","Tedim Township","Laibung Village Tract",0304252
"Chin State","Tedim Township","Theizang Village Tract",0304253
"Chin State","Tedim Township","Ngalzang Village Tract",0304254
"Chin State","Tonzang Township","Salzang Village Tract",0305200
"Chin State","Tonzang Township","Tungtuang Village Tract",0305201
"Chin State","Tonzang Township","Phaitu Village Tract",0305202
"Chin State","Tonzang Township","Lungtak Village Tract",0305203
"Chin State","Tonzang Township","Gelmual Village Tract",0305204
"Chin State","Tonzang Township","Mualpi Village Tract",0305205
"Chin State","Tonzang Township","Anlun Village Tract",0305206
"Chin State","Tonzang Township","Senam Village Tract",0305207
"Chin State","Tonzang Township","Lennakot Village Tract",0305208
"Chin State","Tonzang Township","Sihpek Village Tract",0305209
"Chin State","Tonzang Township","Singpial Village Tract",0305210
"Chin State","Tonzang Township","Balbil Village Tract",0305211
"Chin State","Tonzang Township","Hangken Village Tract",0305212
"Chin State","Tonzang Township","Suangpek Village Tract",0305213
"Chin State","Tonzang Township","Siabok Village Tract",0305214
"Chin State","Tonzang Township","Lamthang Village Tract",0305215
"Chin State","Tonzang Township","Gampum Village Tract",0305216
"Chin State","Tonzang Township","Tuitum Village Tract",0305217
"Chin State","Tonzang Township","Zampi Village Tract",0305218
"Chin State","Tonzang Township","Darkhai (A) Village Tract",0305219
"Chin State","Tonzang Township","Bapi Village Tract",0305220
"Chin State","Tonzang Township","Saipimual Village Tract",0305221
"Chin State","Tonzang Township","Kansau Village Tract",0305222
"Chin State","Tonzang Township","Haipi Village Tract",0305223
"Chin State","Tonzang Township","Suangzang Village Tract",0305224
"Chin State","Tonzang Township","Khuabem Village Tract",0305225
"Chin State","Tonzang Township","Tuimui Village Tract",0305226
"Chin State","Tonzang Township","Tuimang Village Tract",0305227
"Chin State","Tonzang Township","Haicin Village Tract",0305228
"Chin State","Tonzang Township","Pangmual Village Tract",0305229
"Chin State","Tonzang Township","Tongciin Village Tract",0305230
"Chin State","Matupi Township","Luivang Village Tract",0306200
"Chin State","Matupi Township","Tangku Village Tract",0306201
"Chin State","Matupi Township","Radui Village Tract",0306202
"Chin State","Matupi Township","Ngaleng Village Tract",0306203
"Chin State","Matupi Township","Kace Village Tract",0306204
"Chin State","Matupi Township","Congthia Village Tract",0306205
"Chin State","Matupi Township","Angthaw Village Tract",0306206
"Chin State","Matupi Township","Lalui Village Tract",0306207
"Chin State","Matupi Township","Dai Hnan Village Tract",0306208
"Chin State","Matupi Township","Leising Village Tract",0306209
"Chin State","Matupi Township","Leiring Village Tract",0306210
"Chin State","Matupi Township","Awkla Village Tract",0306211
"Chin State","Matupi Township","Nhawte Village Tract",0306212
"Chin State","Matupi Township","Phaneng Village Tract",0306213
"Chin State","Matupi Township","Vuitu Village Tract",0306214
"Chin State","Matupi Township","Ramting Village Tract",0306215
"Chin State","Matupi Township","Haltu Village Tract",0306216
"Chin State","Matupi Township","Thlangpang Village Tract",0306217
"Chin State","Matupi Township","Amsoi Village Tract",0306218
"Chin State","Matupi Township","Valangpi Village Tract",0306219
"Chin State","Matupi Township","Valangte Village Tract",0306220
"Chin State","Matupi Township","Cangtak Village Tract",0306221
"Chin State","Matupi Township","Lungpang Village Tract",0306222
"Chin State","Matupi Township","Lingtui Village Tract",0306223
"Chin State","Matupi Township","Raukthang Village Tract",0306224
"Chin State","Matupi Township","Rung Village Tract",0306225
"Chin State","Matupi Township","Pangtui Village Tract",0306226
"Chin State","Matupi Township","Madu Village Tract",0306227
"Chin State","Matupi Township","Vuilu Village Tract",0306228
"Chin State","Matupi Township","Sabaungte Village Tract",0306229
"Chin State","Matupi Township","Darling Village Tract",0306230
"Chin State","Matupi Township","Sabongpi Village Tract",0306231
"Chin State","Matupi Township","Sapaw Village Tract",0306232
"Chin State","Matupi Township","Tisi Village Tract",0306233
"Chin State","Matupi Township","Lalengpi Village Tract",0306234
"Chin State","Matupi Township","Sungseng Village Tract",0306235
"Chin State","Matupi Township","Lailengte Village Tract",0306236
"Chin State","Matupi Township","Sakhai Village Tract",0306237
"Chin State","Matupi Township","Satu Village Tract",0306238
"Chin State","Matupi Township","Lotaw Village Tract",0306239
"Chin State","Matupi Township","Tingsi Village Tract",0306240
"Chin State","Matupi Township","Vawti Village Tract",0306241
"Chin State","Matupi Township","Balei Village Tract",0306242
"Chin State","Matupi Township","Lungngo Village Tract",0306243
"Chin State","Matupi Township","Resaw Village Tract",0306244
"Chin State","Matupi Township","Lungdua Village Tract",0306245
"Chin State","Matupi Township","Nabung Village Tract",0306246
"Chin State","Matupi Township","Cangceh Village Tract",0306247
"Chin State","Matupi Township","Daidin Village Tract",0306248
"Chin State","Matupi Township","Hriangpi Village Tract",0306249
"Chin State","Matupi Township","Sate Village Tract",0306250
"Chin State","Matupi Township","Leikan Village Tract",0306251
"Chin State","Matupi Township","Ruava Village Tract",0306252
"Chin State","Matupi Township","Calthawng Village Tract",0306253
"Chin State","Matupi Township","Shar Shi Village Tract",0306254
"Chin State","Matupi Township","Shar Ta Lai Village Tract",0306255
"Chin State","Matupi Township","Aiktar Village Tract",0306256
"Chin State","Matupi Township","Sawtui Village Tract",0306257
"Chin State","Matupi Township","Hinthang Village Tract",0306258
"Chin State","Matupi Township","E-tang Village Tract",0306259
"Chin State","Matupi Township","Tibing Village Tract",0306260
"Chin State","Matupi Township","Hunglei Village Tract",0306261
"Chin State","Matupi Township","Thawang Village Tract",0306262
"Chin State","Mindat Township","Baw Village Tract",0307200
"Chin State","Mindat Township","Htuipan Village Tract",0307201
"Chin State","Mindat Township","Sawntaung Village Tract",0307202
"Chin State","Mindat Township","M'maitai Village Tract",0307203
"Chin State","Mindat Township","Hleicham Village Tract",0307204
"Chin State","Mindat Township","Anigai Village Tract",0307205
"Chin State","Mindat Township","M'ghinghlaw Village Tract",0307206
"Chin State","Mindat Township","M'htu Village Tract",0307207
"Chin State","Mindat Township","Vawmm'tu Village Tract",0307208
"Chin State","Mindat Township","Ghunghta Village Tract",0307209
"Chin State","Mindat Township","Vakauk Village Tract",0307210
"Chin State","Mindat Township","Khawilung Village Tract",0307211
"Chin State","Mindat Township","Muitui Village Tract",0307212
"Chin State","Mindat Township","Lailawnghtui Village Tract",0307213
"Chin State","Mindat Township","Kihta Village Tract",0307214
"Chin State","Mindat Township","M'kui Village Tract",0307215
"Chin State","Mindat Township","Doim Village Tract",0307216
"Chin State","Mindat Township","Hlaykawng Village Tract",0307217
"Chin State","Mindat Township","Phwi Village Tract",0307218
"Chin State","Mindat Township","Hpwi Village Tract",0307219
"Chin State","Mindat Township","Hilaung Village Tract",0307220
"Chin State","Mindat Township","Kyangleihlen Village Tract",0307221
"Chin State","Mindat Township","M'dat Village Tract",0307222
"Chin State","Mindat Township","M'sizaw Village Tract",0307223
"Chin State","Mindat Township","M'kuiimnu Village Tract",0307224
"Chin State","Mindat Township","M'darimnu Village Tract",0307225
"Chin State","Mindat Township","Kinhli Village Tract",0307226
"Chin State","Mindat Township","Ung Village Tract",0307227
"Chin State","Mindat Township","Shiit Village Tract",0307228
"Chin State","Mindat Township","Duk Village Tract",0307229
"Chin State","Mindat Township","Banhtwei Village Tract",0307230
"Chin State","Mindat Township","HleiM'hlang Village Tract",0307231
"Chin State","Mindat Township","Pyung Village Tract",0307232
"Chin State","Mindat Township","Ro Village Tract",0307233
"Chin State","Mindat Township","M'chum Village Tract",0307234
"Chin State","Mindat Township","Tuidim Village Tract",0307235
"Chin State","Mindat Township","Kainn Village Tract",0307236
"Chin State","Mindat Township","Khinphawng Village Tract",0307237
"Chin State","Mindat Township","Yatduk Village Tract",0307238
"Chin State","Mindat Township","Auk Chaing Village Tract",0307239
"Chin State","Mindat Township","Yoe Hpaung Village Tract",0307240
"Chin State","Mindat Township","Kyuk Village Tract",0307241
"Chin State","Mindat Township","Kyun Nan Village Tract",0307242
"Chin State","Mindat Township","Bawisih Village Tract",0307243
"Chin State","Mindat Township","Vawilaung Village Tract",0307244
"Chin State","Mindat Township","Gawnglaung Village Tract",0307245
"Chin State","Kanpetlet Township","Ma Kyar Village Tract",0308200
"Chin State","Kanpetlet Township","Ton Nge Village Tract",0308201
"Chin State","Kanpetlet Township","Khi Taw Village Tract",0308202
"Chin State","Kanpetlet Township","Ngon Laung Village Tract",0308203
"Chin State","Kanpetlet Township","Kant Thar Yon Village Tract",0308204
"Chin State","Kanpetlet Township","Kyet Chan Village Tract",0308205
"Chin State","Kanpetlet Township","Lun Don Village Tract",0308206
"Chin State","Kanpetlet Township","Baung Bin Village Tract",0308207
"Chin State","Kanpetlet Township","Say Kay Village Tract",0308208
"Chin State","Kanpetlet Township","Hman Taung Village Tract",0308209
"Chin State","Kanpetlet Township","Le Pon Village Tract",0308210
"Chin State","Kanpetlet Township","Ngun Zaing Village Tract",0308211
"Chin State","Kanpetlet Township","Lauk Mawt Village Tract",0308212
"Chin State","Kanpetlet Township","Auk Kant Village Tract",0308213
"Chin State","Kanpetlet Township","Auk Hlei Village Tract",0308214
"Chin State","Kanpetlet Township","Pu Saw Village Tract",0308215
"Chin State","Kanpetlet Township","Hmu Chein Dein Village Tract",0308216
"Chin State","Kanpetlet Township","Mu Laung Village Tract",0308217
"Chin State","Kanpetlet Township","Kar Nan Village Tract",0308218
"Chin State","Kanpetlet Township","Ma Kyar Ein Nu Village Tract",0308219
"Chin State","Kanpetlet Township","Khar Nan Village Tract",0308220
"Chin State","Kanpetlet Township","Lon Ein Nu Village Tract",0308221
"Chin State","Kanpetlet Township","Khar Yaing Village Tract",0308222
"Chin State","Kanpetlet Township","Sat Chauk Village Tract",0308223
"Chin State","Kanpetlet Township","Pin Laung Village Tract",0308224
"Chin State","Kanpetlet Township","Mar Kyar Village Tract",0308225
"Chin State","Paletwa Township","Kin Wa Village Tract",0309200
"Chin State","Paletwa Township","Mun Daunt Village Tract",0309201
"Chin State","Paletwa Township","Seint Sin Wa Village Tract",0309202
"Chin State","Paletwa Township","Lel Hla Village Tract",0309203
"Chin State","Paletwa Township","Ta Man Thar Village Tract",0309204
"Chin State","Paletwa Township","Thea Ma Wa Village Tract",0309205
"Chin State","Paletwa Township","Hna Ma Dar Village Tract",0309206
"Chin State","Paletwa Township","Yoke Wa Village Tract",0309207
"Chin State","Paletwa Township","Ah Baung Thar Village Tract",0309208
"Chin State","Paletwa Township","Twee Kin Wa Village Tract",0309209
"Chin State","Paletwa Township","Kant Lar Wa Village Tract",0309210
"Chin State","Paletwa Township","Baung Pee Village Tract",0309211
"Chin State","Paletwa Township","Pein Hne Ta Pin Village Tract",0309212
"Chin State","Paletwa Township","Nga Shar Village Tract",0309213
"Chin State","Paletwa Township","Nga Det Village Tract",0309214
"Chin State","Paletwa Township","Kyee Lay Village Tract",0309215
"Chin State","Paletwa Township","Kyway Thaung Village Tract",0309216
"Chin State","Paletwa Township","Kun Chaung Wa Village Tract",0309217
"Chin State","Paletwa Township","Pyin Ngu Village Tract",0309218
"Chin State","Paletwa Township","Twi See Wa Village Tract",0309219
"Chin State","Paletwa Township","Kha Wea Village Tract",0309220
"Chin State","Paletwa Township","Yat Chaung Wa Village Tract",0309221
"Chin State","Paletwa Township","Myaung Chaung Village Tract",0309222
"Chin State","Paletwa Township","Be Don Village Tract",0309223
"Chin State","Paletwa Township","Hpat Chaung Wa Village Tract",0309224
"Chin State","Paletwa Township","Nga Tein Village Tract",0309225
"Chin State","Paletwa Township","Da Let May Village Tract",0309226
"Chin State","Paletwa Township","Auk Ba Lai Village Tract",0309227
"Chin State","Paletwa Township","Toke Kyay Wa Village Tract",0309228
"Chin State","Paletwa Township","Yee Lar Wa Village Tract",0309229
"Chin State","Paletwa Township","Kone Taw Village Tract",0309230
"Chin State","Paletwa Township","Ta Run Aing Village Tract",0309231
"Chin State","Paletwa Township","Zin Baung Pyin Village Tract",0309232
"Chin State","Paletwa Township","Shin Ma Dein Wa Village Tract",0309233
"Chin State","Paletwa Township","Thar Yar Kone Village Tract",0309234
"Chin State","Paletwa Township","Yin Khan Wa Village Tract",0309235
"Chin State","Paletwa Township","Mee Zar Village Tract",0309236
"Chin State","Paletwa Township","Set Pyit Pyin Village Tract",0309237
"Chin State","Paletwa Township","Thea Ma Wa Village Tract",0309238
"Chin State","Paletwa Township","Ah Htet Ba Laing Village Tract",0309239
"Chin State","Paletwa Township","Kun Taung Village Tract",0309240
"Chin State","Paletwa Township","Sat Chaing Village Tract",0309241
"Chin State","Paletwa Township","Shin Let Wa Village Tract",0309242
"Chin State","Paletwa Township","Shwe Laik Wa Village Tract",0309243
"Chin State","Paletwa Township","Sin Oe Wa Village Tract",0309244
"Chin State","Paletwa Township","Shar Oh Village Tract",0309245
"Chin State","Paletwa Township","Par Rar Village Tract",0309246
"Chin State","Paletwa Township","Pa Tein Ta Lan Village Tract",0309247
"Chin State","Paletwa Township","War Yon Village Tract",0309248
"Chin State","Paletwa Township","Ma Au Village Tract",0309249
"Chin State","Paletwa Township","Myeik Wa Village Tract",0309250
"Chin State","Paletwa Township","Pa Kar Wa Village Tract",0309251
"Chin State","Paletwa Township","Maw Ta Lar Village Tract",0309252
"Chin State","Paletwa Township","Shwe Lai Pwi Village Tract",0309253
"Chin State","Paletwa Township","Ohn Thee Wa Village Tract",0309254
"Chin State","Paletwa Township","Du Ri Taung Village Tract",0309255
"Chin State","Paletwa Township","Kon Pyin Village Tract",0309256
"Chin State","Paletwa Township","Sa Mee Village Tract",0309257
"Chin State","Paletwa Township","Par Maung Village Tract",0309258
"Chin State","Paletwa Township","Kyet Ma Aing Village Tract",0309259
"Chin State","Paletwa Township","Leik Chaung Wa Village Tract",0309260
"Chin State","Paletwa Township","Tin Bone Village Tract",0309261
"Chin State","Paletwa Township","War Tein Village Tract",0309262
"Chin State","Paletwa Township","Wet Ma Village Tract",0309263
"Chin State","Paletwa Township","Sar Wa Village Tract",0309264
"Chin State","Paletwa Township","Pyin Wa Village Tract",0309265
"Chin State","Paletwa Township","Ka Naung Village Tract",0309266
"Chin State","Paletwa Township","Baung Kone Village Tract",0309267
"Chin State","Paletwa Township","Sin Ki Taung Village Tract",0309268
"Chin State","Paletwa Township","Ka Yet Village Tract",0309269
"Chin State","Paletwa Township","Ahr Ki Kone Village Tract",0309270
"Chin State","Paletwa Township","Di Laung Kone Village Tract",0309271
"Chin State","Paletwa Township","Taing Wa Village Tract",0309272
"Chin State","Paletwa Township","Mee Chaung Bar Wa Village Tract",0309273
"Chin State","Paletwa Township","Twi Sawt Kone Village Tract",0309274
"Chin State","Paletwa Township","War Daing Kone Village Tract",0309275
"Chin State","Paletwa Township","Laung Yaw Kone Village Tract",0309276
"Chin State","Paletwa Township","Sin Li Village Tract",0309277
"Chin State","Paletwa Township","Than Htaung Village Tract",0309278
"Chin State","Paletwa Township","Ko Hpay Shey Village Tract",0309279
"Chin State","Paletwa Township","Ah Lel Dein Kin Village Tract",0309280
"Chin State","Paletwa Township","Khaik Khar Village Tract",0309281
"Chin State","Paletwa Township","Aht Sa Village Tract",0309282
"Chin State","Paletwa Township","Htein Khaung Village Tract",0309283
"Chin State","Paletwa Township","Chaing Sa Nu Village Tract",0309284
"Chin State","Paletwa Township","Hmon Ta Nu Village Tract",0309285
"Chin State","Paletwa Township","Htoe Nu Village Tract",0309286
"Chin State","Paletwa Township","Khan To Village Tract",0309287
"Chin State","Paletwa Township","Gar Rar Pyin Village Tract",0309288
"Chin State","Paletwa Township","Lan Dan Village Tract",0309289
"Chin State","Paletwa Township","Khway Gaung Village Tract",0309290
"Chin State","Paletwa Township","Khar Ein Village Tract",0309291
"Chin State","Paletwa Township","Tat Chaung Village Tract",0309292
"Chin State","Paletwa Township","Wun Chaung Wa Village Tract",0309293
"Chin State","Paletwa Township","Mauk Chaung Wa Village Tract",0309294
"Chin State","Paletwa Township","Kauk Sin Village Tract",0309295
"Chin State","Paletwa Township","Maw Sone Gyi Village Tract",0309296
