﻿Region,"Town / Township","Quarter / Village Tract","Postal Code"
ကရင်ပြည်နယ်,"ဘားအံ မြို့နယ်","ကော့တရုတ်ရ ကျေးရွာအုပ်စု",1301200
ကရင်ပြည်နယ်,"ဘားအံ မြို့နယ်","ကော့လှိုက် ကျေးရွာအုပ်စု",1301201
ကရင်ပြည်နယ်,"ဘားအံ မြို့နယ်","ကော့သံခါ ကျေးရွာအုပ်စု",1301202
ကရင်ပြည်နယ်,"ဘားအံ မြို့နယ်","ကော့ကူး ကျေးရွာအုပ်စု",1301203
ကရင်ပြည်နယ်,"ဘားအံ မြို့နယ်","ကော့ထမ္မလိန်း ကျေးရွာအုပ်စု",1301204
ကရင်ပြည်နယ်,"ဘားအံ မြို့နယ်","ကော့ကျိုက် (ဖအွံ) ကျေးရွာအုပ်စု",1301205
ကရင်ပြည်နယ်,"ဘားအံ မြို့နယ်","ကော့သင်း ကျေးရွာအုပ်စု",1301206
ကရင်ပြည်နယ်,"ဘားအံ မြို့နယ်","ကော့လမု ကျေးရွာအုပ်စု",1301207
ကရင်ပြည်နယ်,"ဘားအံ မြို့နယ်","ကျုံဖဲ ကျေးရွာအုပ်စု",1301208
ကရင်ပြည်နယ်,"ဘားအံ မြို့နယ်","ကော့ဂွန်း (ဖဲတကာ) ကျေးရွာအုပ်စု",1301209
ကရင်ပြည်နယ်,"ဘားအံ မြို့နယ်","ကုလားစု ကျေးရွာအုပ်စု",1301210
ကရင်ပြည်နယ်,"ဘားအံ မြို့နယ်","ကျုံစောင့် ကျေးရွာအုပ်စု",1301211
ကရင်ပြည်နယ်,"ဘားအံ မြို့နယ်","ကော့ဂွန်း (ဘားကပ်) ကျေးရွာအုပ်စု",1301212
ကရင်ပြည်နယ်,"ဘားအံ မြို့နယ်","ကော့ရင်း (ထက်) ကျေးရွာအုပ်စု",1301213
ကရင်ပြည်နယ်,"ဘားအံ မြို့နယ်","ကော့ရင်း (အောက်) ကျေးရွာအုပ်စု",1301214
ကရင်ပြည်နယ်,"ဘားအံ မြို့နယ်","ကော့သင်းရှူး (ထမ္မတိုင်) ကျေးရွာအုပ်စု",1301215
ကရင်ပြည်နယ်,"ဘားအံ မြို့နယ်","ကော့စိန်ဘန် (အထက်) ကျေးရွာအုပ်စု",1301216
ကရင်ပြည်နယ်,"ဘားအံ မြို့နယ်","ကော့စိန်ဘန် (အောက်) ကျေးရွာအုပ်စု",1301217
ကရင်ပြည်နယ်,"ဘားအံ မြို့နယ်","ကော့ကဒါ ကျေးရွာအုပ်စု",1301218
ကရင်ပြည်နယ်,"ဘားအံ မြို့နယ်","ကော့မူးတာ ကျေးရွာအုပ်စု",1301219
ကရင်ပြည်နယ်,"ဘားအံ မြို့နယ်","ကော့ထော် ကျေးရွာအုပ်စု",1301220
ကရင်ပြည်နယ်,"ဘားအံ မြို့နယ်","ကျုံမသွယ် ကျေးရွာအုပ်စု",1301221
ကရင်ပြည်နယ်,"ဘားအံ မြို့နယ်","ကျောက်တလုံး ကျေးရွာအုပ်စု",1301222
ကရင်ပြည်နယ်,"ဘားအံ မြို့နယ်","ကံခရဲ ကျေးရွာအုပ်စု",1301223
ကရင်ပြည်နယ်,"ဘားအံ မြို့နယ်","ကော်ဟဲ ကျေးရွာအုပ်စု",1301224
ကရင်ပြည်နယ်,"ဘားအံ မြို့နယ်","ကျုံထော် ကျေးရွာအုပ်စု",1301225
ကရင်ပြည်နယ်,"ဘားအံ မြို့နယ်","ခရဲ (ကမ်းနား) ကျေးရွာအုပ်စု",1301226
ကရင်ပြည်နယ်,"ဘားအံ မြို့နယ်","ခယား (အပြင်) ကျေးရွာအုပ်စု",1301227
ကရင်ပြည်နယ်,"ဘားအံ မြို့နယ်","ခယား (အတွင်း) ကျေးရွာအုပ်စု",1301228
ကရင်ပြည်နယ်,"ဘားအံ မြို့နယ်","ခဲတောက် ကျေးရွာအုပ်စု",1301229
ကရင်ပြည်နယ်,"ဘားအံ မြို့နယ်","ခလောက်ထောင် ကျေးရွာအုပ်စု",1301230
ကရင်ပြည်နယ်,"ဘားအံ မြို့နယ်","ဂျိုင်း ကျေးရွာအုပ်စု",1301231
ကရင်ပြည်နယ်,"ဘားအံ မြို့နယ်","စံဖရီး ကျေးရွာအုပ်စု",1301232
ကရင်ပြည်နယ်,"ဘားအံ မြို့နယ်","ဆင်ကျုံး ကျေးရွာအုပ်စု",1301233
ကရင်ပြည်နယ်,"ဘားအံ မြို့နယ်","ဇာသပြင် (အရှေ့) ကျေးရွာအုပ်စု",1301234
ကရင်ပြည်နယ်,"ဘားအံ မြို့နယ်","ဇာသပြင် (အနောက်) ကျေးရွာအုပ်စု",1301235
ကရင်ပြည်နယ်,"ဘားအံ မြို့နယ်","တရုတ်လှ ကျေးရွာအုပ်စု",1301236
ကရင်ပြည်နယ်,"ဘားအံ မြို့နယ်","တော်ပုံ ကျေးရွာအုပ်စု",1301237
ကရင်ပြည်နယ်,"ဘားအံ မြို့နယ်","တကောင်ဘိုး ကျေးရွာအုပ်စု",1301238
ကရင်ပြည်နယ်,"ဘားအံ မြို့နယ်","တံတားဦး ကျေးရွာအုပ်စု",1301239
ကရင်ပြည်နယ်,"ဘားအံ မြို့နယ်","တဂေးလောင်း ကျေးရွာအုပ်စု",1301240
ကရင်ပြည်နယ်,"ဘားအံ မြို့နယ်","မဲသန ကျေးရွာအုပ်စု",1301241
ကရင်ပြည်နယ်,"ဘားအံ မြို့နယ်","ထုံးအိုင် ကျေးရွာအုပ်စု",1301242
ကရင်ပြည်နယ်,"ဘားအံ မြို့နယ်","​ထောင်ဝိ ကျေးရွာအုပ်စု",1301243
ကရင်ပြည်နယ်,"ဘားအံ မြို့နယ်","ထောင်ကလပ် ကျေးရွာအုပ်စု",1301244
ကရင်ပြည်နယ်,"ဘားအံ မြို့နယ်","နောင်ထလုံး ကျေးရွာအုပ်စု",1301245
ကရင်ပြည်နယ်,"ဘားအံ မြို့နယ်","နောင်ကမြိုင် ကျေးရွာအုပ်စု",1301246
ကရင်ပြည်နယ်,"ဘားအံ မြို့နယ်","နှစ်ခြား ကျေးရွာအုပ်စု",1301247
ကရင်ပြည်နယ်,"ဘားအံ မြို့နယ်","နောင်ကျန် ကျေးရွာအုပ်စု",1301248
ကရင်ပြည်နယ်,"ဘားအံ မြို့နယ်","နောင်လုံ (အနောက်) ကျေးရွာအုပ်စု",1301249
ကရင်ပြည်နယ်,"ဘားအံ မြို့နယ်","နောင်လုံ (အရှေ့) ကျေးရွာအုပ်စု",1301250
ကရင်ပြည်နယ်,"ဘားအံ မြို့နယ်","နောင်ကုန်း ကျေးရွာအုပ်စု",1301251
ကရင်ပြည်နယ်,"ဘားအံ မြို့နယ်","နတ်ထိပ် ကျေးရွာအုပ်စု",1301252
ကရင်ပြည်နယ်,"ဘားအံ မြို့နယ်","နတ်ကျွန်း ကျေးရွာအုပ်စု",1301253
ကရင်ပြည်နယ်,"ဘားအံ မြို့နယ်","နောင်ပလိန် ကျေးရွာအုပ်စု",1301254
ကရင်ပြည်နယ်,"ဘားအံ မြို့နယ်","ပေါ့ထော် ကျေးရွာအုပ်စု",1301255
ကရင်ပြည်နယ်,"ဘားအံ မြို့နယ်","ပန်းကုန်း ကျေးရွာအုပ်စု",1301256
ကရင်ပြည်နယ်,"ဘားအံ မြို့နယ်","ပျဉ်းမပင်ဆိပ် ကျေးရွာအုပ်စု",1301257
ကရင်ပြည်နယ်,"ဘားအံ မြို့နယ်","ဖဲကတာ ကျေးရွာအုပ်စု",1301258
ကရင်ပြည်နယ်,"ဘားအံ မြို့နယ်","ဖအွံ ကျေးရွာအုပ်စု",1301259
ကရင်ပြည်နယ်,"ဘားအံ မြို့နယ်","ဗျက္ခ ကျေးရွာအုပ်စု",1301260
ကရင်ပြည်နယ်,"ဘားအံ မြို့နယ်","ဘားကပ် ကျေးရွာအုပ်စု",1301261
ကရင်ပြည်နယ်,"ဘားအံ မြို့နယ်","ဘင်ဂျီ ကျေးရွာအုပ်စု",1301262
ကရင်ပြည်နယ်,"ဘားအံ မြို့နယ်","မိဇံ ကျေးရွာအုပ်စု",1301263
ကရင်ပြည်နယ်,"ဘားအံ မြို့နယ်","မင်းဇီ ကျေးရွာအုပ်စု",1301264
ကရင်ပြည်နယ်,"ဘားအံ မြို့နယ်","မှိုင်းကံ ကျေးရွာအုပ်စု",1301265
ကရင်ပြည်နယ်,"ဘားအံ မြို့နယ်","မိကရင် ကျေးရွာအုပ်စု",1301266
ကရင်ပြည်နယ်,"ဘားအံ မြို့နယ်","မုက္ကဒိ ကျေးရွာအုပ်စု",1301267
ကရင်ပြည်နယ်,"ဘားအံ မြို့နယ်","မြိုင်ကလေး ကျေးရွာအုပ်စု",1301268
ကရင်ပြည်နယ်,"ဘားအံ မြို့နယ်","မိသရောင် ကျေးရွာအုပ်စု",1301269
ကရင်ပြည်နယ်,"ဘားအံ မြို့နယ်","မီးဇိုင်း ကျေးရွာအုပ်စု",1301270
ကရင်ပြည်နယ်,"ဘားအံ မြို့နယ်","ရွှေတော ကျေးရွာအုပ်စု",1301271
ကရင်ပြည်နယ်,"ဘားအံ မြို့နယ်","ရဲသာ ကျေးရွာအုပ်စု",1301272
ကရင်ပြည်နယ်,"ဘားအံ မြို့နယ်","ရသေ့ပျံ ကျေးရွာအုပ်စု",1301273
ကရင်ပြည်နယ်,"ဘားအံ မြို့နယ်","ရေကျော် ကျေးရွာအုပ်စု",1301274
ကရင်ပြည်နယ်,"ဘားအံ မြို့နယ်","လှိုင်ကဘာ ကျေးရွာအုပ်စု",1301275
ကရင်ပြည်နယ်,"ဘားအံ မြို့နယ်","လှာကာ ကျေးရွာအုပ်စု",1301276
ကရင်ပြည်နယ်,"ဘားအံ မြို့နယ်","လှာကဒေါင် ကျေးရွာအုပ်စု",1301277
ကရင်ပြည်နယ်,"ဘားအံ မြို့နယ်","လှာကမြင် ကျေးရွာအုပ်စု",1301278
ကရင်ပြည်နယ်,"ဘားအံ မြို့နယ်","လက္ခဏ ကျေးရွာအုပ်စု",1301279
ကရင်ပြည်နယ်,"ဘားအံ မြို့နယ်","လွန်းည ကျေးရွာအုပ်စု",1301280
ကရင်ပြည်နယ်,"ဘားအံ မြို့နယ်","ဝဲကြီး ကျေးရွာအုပ်စု",1301281
ကရင်ပြည်နယ်,"ဘားအံ မြို့နယ်","ဝင်းကျန် ကျေးရွာအုပ်စု",1301282
ကရင်ပြည်နယ်,"ဘားအံ မြို့နယ်","ဝတ်ကြီး ကျေးရွာအုပ်စု",1301283
ကရင်ပြည်နယ်,"ဘားအံ မြို့နယ်","သံလှယ် ကျေးရွာအုပ်စု",1301284
ကရင်ပြည်နယ်,"ဘားအံ မြို့နယ်","သာယာကုန်း ကျေးရွာအုပ်စု",1301285
ကရင်ပြည်နယ်,"ဘားအံ မြို့နယ်","ဟတ္တလိုက် ကျေးရွာအုပ်စု",1301286
ကရင်ပြည်နယ်,"ဘားအံ မြို့နယ်","အုန်းတပင် ကျေးရွာအုပ်စု",1301287
ကရင်ပြည်နယ်,"ဘားအံ မြို့နယ်","အိန္ဒဲ ကျေးရွာအုပ်စု",1301288
ကရင်ပြည်နယ်,"ဘားအံ မြို့နယ်","အိန္ဒု ကျေးရွာအုပ်စု",1301289
ကရင်ပြည်နယ်,"ဘားအံ မြို့နယ်","အီဟယ် ကျေးရွာအုပ်စု",1301290
ကရင်ပြည်နယ်,"ဘားအံ မြို့နယ်","သာမည ကျေးရွာအုပ်စု",1301291
ကရင်ပြည်နယ်,"သံတောင်ကြီး မြို့နယ်","ရွာကြီး ကျေးရွာအုပ်စု",1302200
ကရင်ပြည်နယ်,"သံတောင်ကြီး မြို့နယ်","စီပင်ကြီး ကျေးရွာအုပ်စု",1302201
ကရင်ပြည်နယ်,"သံတောင်ကြီး မြို့နယ်","စီပင်ကလေး ကျေးရွာအုပ်စု",1302202
ကရင်ပြည်နယ်,"သံတောင်ကြီး မြို့နယ်","ကျွဲဖြူတောင် ကျေးရွာအုပ်စု",1302203
ကရင်ပြည်နယ်,"သံတောင်ကြီး မြို့နယ်","တောပြာကြီး ကျေးရွာအုပ်စု",1302204
ကရင်ပြည်နယ်,"သံတောင်ကြီး မြို့နယ်","ခုံတိုင် ကျေးရွာအုပ်စု",1302205
ကရင်ပြည်နယ်,"သံတောင်ကြီး မြို့နယ်","မောင်နွဲ့ကြီး ကျေးရွာအုပ်စု",1302206
ကရင်ပြည်နယ်,"သံတောင်ကြီး မြို့နယ်","လိပ်ပြာကလေး ကျေးရွာအုပ်စု",1302207
ကရင်ပြည်နယ်,"သံတောင်ကြီး မြို့နယ်","လိပ်ပြာကြီး ကျေးရွာအုပ်စု",1302208
ကရင်ပြည်နယ်,"သံတောင်ကြီး မြို့နယ်","ဒါဝါလော်ချီ ကျေးရွာအုပ်စု",1302209
ကရင်ပြည်နယ်,"သံတောင်ကြီး မြို့နယ်","လယ်ခိုဒိုးခို ကျေးရွာအုပ်စု",1302210
ကရင်ပြည်နယ်,"သံတောင်ကြီး မြို့နယ်","လယ်ခိုဒိုးကား ကျေးရွာအုပ်စု",1302211
ကရင်ပြည်နယ်,"သံတောင်ကြီး မြို့နယ်","ရှိုးခို ကျေးရွာအုပ်စု",1302212
ကရင်ပြည်နယ်,"သံတောင်ကြီး မြို့နယ်","အလယ်ချောင်း ကျေးရွာအုပ်စု",1302213
ကရင်ပြည်နယ်,"သံတောင်ကြီး မြို့နယ်","မိုင်းလွန် ကျေးရွာအုပ်စု",1302214
ကရင်ပြည်နယ်,"သံတောင်ကြီး မြို့နယ်","ဇလဲ ကျေးရွာအုပ်စု",1302215
ကရင်ပြည်နယ်,"သံတောင်ကြီး မြို့နယ်","သာမိုးတောင် ကျေးရွာအုပ်စု",1302216
ကရင်ပြည်နယ်,"သံတောင်ကြီး မြို့နယ်","လိပ်သိုကြီး ကျေးရွာအုပ်စု",1302217
ကရင်ပြည်နယ်,"သံတောင်ကြီး မြို့နယ်","လဘက်အင်းကြီး ကျေးရွာအုပ်စု",1302218
ကရင်ပြည်နယ်,"သံတောင်ကြီး မြို့နယ်","ထမုံ ကျေးရွာအုပ်စု",1302219
ကရင်ပြည်နယ်,"သံတောင်ကြီး မြို့နယ်","ကျမိုင်း ကျေးရွာအုပ်စု",1302220
ကရင်ပြည်နယ်,"သံတောင်ကြီး မြို့နယ်","ကျောက်တံခါး ကျေးရွာအုပ်စု",1302221
ကရင်ပြည်နယ်,"သံတောင်ကြီး မြို့နယ်","မိတ်သလင်တောင် ကျေးရွာအုပ်စု",1302222
ကရင်ပြည်နယ်,"သံတောင်ကြီး မြို့နယ်","ကျေးမင်း ကျေးရွာအုပ်စု",1302223
ကရင်ပြည်နယ်,"သံတောင်ကြီး မြို့နယ်","ငှက်ပျောတော ကျေးရွာအုပ်စု",1302224
ကရင်ပြည်နယ်,"သံတောင်ကြီး မြို့နယ်","အဒိုးသဲပျော် ကျေးရွာအုပ်စု",1302225
ကရင်ပြည်နယ်,"သံတောင်ကြီး မြို့နယ်","ကစောပလို ကျေးရွာအုပ်စု",1302226
ကရင်ပြည်နယ်,"သံတောင်ကြီး မြို့နယ်","ချီးသူစော (အောက်) ကျေးရွာအုပ်စု",1302227
ကရင်ပြည်နယ်,"သံတောင်ကြီး မြို့နယ်","သာမိတိုက် ကျေးရွာအုပ်စု",1302228
ကရင်ပြည်နယ်,"သံတောင်ကြီး မြို့နယ်","ရှမ်းလယ်ပြင်ကြီး ကျေးရွာအုပ်စု",1302229
ကရင်ပြည်နယ်,"သံတောင်ကြီး မြို့နယ်","မင်းလမ်းတောင် ကျေးရွာအုပ်စု",1302230
ကရင်ပြည်နယ်,"သံတောင်ကြီး မြို့နယ်","ငွေတောင် (အောက်) ကျေးရွာအုပ်စု",1302231
ကရင်ပြည်နယ်,"သံတောင်ကြီး မြို့နယ်","ရှမ်းလယ်ပြင် (အောက်) ကျေးရွာအုပ်စု",1302232
ကရင်ပြည်နယ်,"သံတောင်ကြီး မြို့နယ်","ကျောက်ကြီးတောင် ကျေးရွာအုပ်စု",1302233
ကရင်ပြည်နယ်,"သံတောင်ကြီး မြို့နယ်","ကျေးကတော့ ကျေးရွာအုပ်စု",1302234
ကရင်ပြည်နယ်,"သံတောင်ကြီး မြို့နယ်","တောပုန်း ကျေးရွာအုပ်စု",1302235
ကရင်ပြည်နယ်,"သံတောင်ကြီး မြို့နယ်","ကလေခို ကျေးရွာအုပ်စု",1302236
ကရင်ပြည်နယ်,"သံတောင်ကြီး မြို့နယ်","မောင်ကျော် ကျေးရွာအုပ်စု",1302237
ကရင်ပြည်နယ်,"သံတောင်ကြီး မြို့နယ်","မောင်ဘလောက် ကျေးရွာအုပ်စု",1302238
ကရင်ပြည်နယ်,"သံတောင်ကြီး မြို့နယ်","ကလေတ ကျေးရွာအုပ်စု",1302239
ကရင်ပြည်နယ်,"သံတောင်ကြီး မြို့နယ်","ဒါရိုး ကျေးရွာအုပ်စု",1302240
ကရင်ပြည်နယ်,"သံတောင်ကြီး မြို့နယ်","ဟိုသောပလို ကျေးရွာအုပ်စု",1302241
ကရင်ပြည်နယ်,"သံတောင်ကြီး မြို့နယ်","ခမာဒီဖိုလီ ကျေးရွာအုပ်စု",1302242
ကရင်ပြည်နယ်,"သံတောင်ကြီး မြို့နယ်","ထီးသာစော ကျေးရွာအုပ်စု",1302243
ကရင်ပြည်နယ်,"သံတောင်ကြီး မြို့နယ်","ချောင်းမငယ် ကျေးရွာအုပ်စု",1302244
ကရင်ပြည်နယ်,"သံတောင်ကြီး မြို့နယ်","သပြေညွန့် ကျေးရွာအုပ်စု",1302245
ကရင်ပြည်နယ်,"သံတောင်ကြီး မြို့နယ်","မဲတင်းတိမ် ကျေးရွာအုပ်စု",1302246
ကရင်ပြည်နယ်,"သံတောင်ကြီး မြို့နယ်","ကျောက်ဖျာ ကျေးရွာအုပ်စု",1302247
ကရင်ပြည်နယ်,"သံတောင်ကြီး မြို့နယ်","ကျောက်ပုံ ကျေးရွာအုပ်စု",1302248
ကရင်ပြည်နယ်,"သံတောင်ကြီး မြို့နယ်","စပါးကျီ ကျေးရွာအုပ်စု",1302249
ကရင်ပြည်နယ်,"သံတောင်ကြီး မြို့နယ်","ပြောင်သို ကျေးရွာအုပ်စု",1302250
ကရင်ပြည်နယ်,"သံတောင်ကြီး မြို့နယ်","ရေသိုးကြီး ကျေးရွာအုပ်စု",1302251
ကရင်ပြည်နယ်,"သံတောင်ကြီး မြို့နယ်","ဟိုးချီး ကျေးရွာအုပ်စု",1302252
ကရင်ပြည်နယ်,"သံတောင်ကြီး မြို့နယ်","သလိုဘွာ ကျေးရွာအုပ်စု",1302253
ကရင်ပြည်နယ်,"သံတောင်ကြီး မြို့နယ်","ဘိုခါလေးခို ကျေးရွာအုပ်စု",1302254
ကရင်ပြည်နယ်,"သံတောင်ကြီး မြို့နယ်","ရေတံခွန် ကျေးရွာအုပ်စု",1302255
ကရင်ပြည်နယ်,"သံတောင်ကြီး မြို့နယ်","မောင်းတိုင်ကြီး ကျေးရွာအုပ်စု",1302256
ကရင်ပြည်နယ်,"သံတောင်ကြီး မြို့နယ်","စီကဲဒိုး ကျေးရွာအုပ်စု",1302257
ကရင်ပြည်နယ်,"သံတောင်ကြီး မြို့နယ်","ဇင်းတိုင်ကြီး ကျေးရွာအုပ်စု",1302258
ကရင်ပြည်နယ်,"ဖာပွန် မြို့နယ်","ဖာပွန် (အနောက်) ကျေးရွာအုပ်စု",1303200
ကရင်ပြည်နယ်,"ဖာပွန် မြို့နယ်","မဲသလွတ် ကျေးရွာအုပ်စု",1303201
ကရင်ပြည်နယ်,"ဖာပွန် မြို့နယ်","တံခွန်တိုင် ကျေးရွာအုပ်စု",1303202
ကရင်ပြည်နယ်,"ဖာပွန် မြို့နယ်","ဝှေဆန် ကျေးရွာအုပ်စု",1303203
ကရင်ပြည်နယ်,"ဖာပွန် မြို့နယ်","မထော ကျေးရွာအုပ်စု",1303204
ကရင်ပြည်နယ်,"ဖာပွန် မြို့နယ်","ခေါပုတ် ကျေးရွာအုပ်စု",1303205
ကရင်ပြည်နယ်,"ဖာပွန် မြို့နယ်","ပန်ဟိုက် ကျေးရွာအုပ်စု",1303206
ကရင်ပြည်နယ်,"ဖာပွန် မြို့နယ်","ဘွားဒိုး ကျေးရွာအုပ်စု",1303207
ကရင်ပြည်နယ်,"ဖာပွန် မြို့နယ်","ပျဉ်းမ ကျေးရွာအုပ်စု",1303208
ကရင်ပြည်နယ်,"ဖာပွန် မြို့နယ်","တေးမူဒိုး ကျေးရွာအုပ်စု",1303209
ကရင်ပြည်နယ်,"ဖာပွန် မြို့နယ်","ကော့လူဒိုး ကျေးရွာအုပ်စု",1303210
ကရင်ပြည်နယ်,"ဖာပွန် မြို့နယ်","ဘဲစောလော် ကျေးရွာအုပ်စု",1303211
ကရင်ပြည်နယ်,"ဖာပွန် မြို့နယ်","ထီးဘောခီး ကျေးရွာအုပ်စု",1303212
ကရင်ပြည်နယ်,"ဖာပွန် မြို့နယ်","မင်းနန်းနွယ် ကျေးရွာအုပ်စု",1303213
ကရင်ပြည်နယ်,"ဖာပွန် မြို့နယ်","နန်းခူခီး ကျေးရွာအုပ်စု",1303214
ကရင်ပြည်နယ်,"ဖာပွန် မြို့နယ်","မဲဝိုင် ကျေးရွာအုပ်စု",1303215
ကရင်ပြည်နယ်,"ဖာပွန် မြို့နယ်","မဲတူခီး ကျေးရွာအုပ်စု",1303216
ကရင်ပြည်နယ်,"ဖာပွန် မြို့နယ်","ကျောက်တောင် ကျေးရွာအုပ်စု",1303217
ကရင်ပြည်နယ်,"ဖာပွန် မြို့နယ်","လှဂွန်းပျို ကျေးရွာအုပ်စု",1303218
ကရင်ပြည်နယ်,"ဖာပွန် မြို့နယ်","မလေးကျောက် ကျေးရွာအုပ်စု",1303219
ကရင်ပြည်နယ်,"ဖာပွန် မြို့နယ်","ဝင်းမောင်း (သရက်ပင်ဆိပ်) ကျေးရွာအုပ်စု",1303220
ကရင်ပြည်နယ်,"ဖာပွန် မြို့နယ်","မဲချုံဝ ကျေးရွာအုပ်စု",1303221
ကရင်ပြည်နယ်,"ဖာပွန် မြို့နယ်","ကွမ်းပင်ဝ ကျေးရွာအုပ်စု",1303222
ကရင်ပြည်နယ်,"ဖာပွန် မြို့နယ်","ဆင်ဆွယ် ကျေးရွာအုပ်စု",1303223
ကရင်ပြည်နယ်,"ဖာပွန် မြို့နယ်","ကတိုင်တိ ကျေးရွာအုပ်စု",1303224
ကရင်ပြည်နယ်,"ဖာပွန် မြို့နယ်","ဒေးဝါး (နတ်ကျောက်) ကျေးရွာအုပ်စု",1303225
ကရင်ပြည်နယ်,"ဖာပွန် မြို့နယ်","ရွှေဖလားကျ ကျေးရွာအုပ်စု",1303226
ကရင်ပြည်နယ်,"ဖာပွန် မြို့နယ်","မဲပလိ ကျေးရွာအုပ်စု",1303227
ကရင်ပြည်နယ်,"ဖာပွန် မြို့နယ်","ကွင်းဒလ (ရေပူ) ကျေးရွာအုပ်စု",1303228
ကရင်ပြည်နယ်,"ဖာပွန် မြို့နယ်","ပုဇွန်မြောင်း ကျေးရွာအုပ်စု",1303229
ကရင်ပြည်နယ်,"ဖာပွန် မြို့နယ်","ဝါးကော်ကျေး ကျေးရွာအုပ်စု",1303230
ကရင်ပြည်နယ်,"ဖာပွန် မြို့နယ်","ဒေါမွဲ ကျေးရွာအုပ်စု",1303231
ကရင်ပြည်နယ်,"ဖာပွန် မြို့နယ်","မြင်းတပြေး ကျေးရွာအုပ်စု",1303232
ကရင်ပြည်နယ်,"လှိုင်းဘွဲ့ မြို့နယ်","ကမော့ကချူး ကျေးရွာအုပ်စု",1304200
ကရင်ပြည်နယ်,"လှိုင်းဘွဲ့ မြို့နယ်","ကော့လှိုင်း ကျေးရွာအုပ်စု",1304201
ကရင်ပြည်နယ်,"လှိုင်းဘွဲ့ မြို့နယ်","ဝင်းစိန် ကျေးရွာအုပ်စု",1304202
ကရင်ပြည်နယ်,"လှိုင်းဘွဲ့ မြို့နယ်","နောင်တိုင် ကျေးရွာအုပ်စု",1304203
ကရင်ပြည်နယ်,"လှိုင်းဘွဲ့ မြို့နယ်","ကွမ်ဘီ ကျေးရွာအုပ်စု",1304204
ကရင်ပြည်နယ်,"လှိုင်းဘွဲ့ မြို့နယ်","ပိန္နဲတော ကျေးရွာအုပ်စု",1304205
ကရင်ပြည်နယ်,"လှိုင်းဘွဲ့ မြို့နယ်","ကွမ်တာ ကျေးရွာအုပ်စု",1304206
ကရင်ပြည်နယ်,"လှိုင်းဘွဲ့ မြို့နယ်","ဒိုင်းပြ ကျေးရွာအုပ်စု",1304207
ကရင်ပြည်နယ်,"လှိုင်းဘွဲ့ မြို့နယ်","ဆင်ကူး ကျေးရွာအုပ်စု",1304208
ကရင်ပြည်နယ်,"လှိုင်းဘွဲ့ မြို့နယ်","အထက်ရေပူ ကျေးရွာအုပ်စု",1304209
ကရင်ပြည်နယ်,"လှိုင်းဘွဲ့ မြို့နယ်","အောက်ရေပူ ကျေးရွာအုပ်စု",1304210
ကရင်ပြည်နယ်,"လှိုင်းဘွဲ့ မြို့နယ်","ထီလုံ ကျေးရွာအုပ်စု",1304211
ကရင်ပြည်နယ်,"လှိုင်းဘွဲ့ မြို့နယ်","သမ္ဘာန် ကျေးရွာအုပ်စု",1304212
ကရင်ပြည်နယ်,"လှိုင်းဘွဲ့ မြို့နယ်","နောင်သငဲ့ ကျေးရွာအုပ်စု",1304213
ကရင်ပြည်နယ်,"လှိုင်းဘွဲ့ မြို့နယ်","သပုတို ကျေးရွာအုပ်စု",1304214
ကရင်ပြည်နယ်,"လှိုင်းဘွဲ့ မြို့နယ်","တာပေါင် ကျေးရွာအုပ်စု",1304215
ကရင်ပြည်နယ်,"လှိုင်းဘွဲ့ မြို့နယ်","ကဒီကံ ကျေးရွာအုပ်စု",1304216
ကရင်ပြည်နယ်,"လှိုင်းဘွဲ့ မြို့နယ်","ကော့မြတ်ကြီး ကျေးရွာအုပ်စု",1304217
ကရင်ပြည်နယ်,"လှိုင်းဘွဲ့ မြို့နယ်","ပါတ်ကျော ကျေးရွာအုပ်စု",1304218
ကရင်ပြည်နယ်,"လှိုင်းဘွဲ့ မြို့နယ်","နွဲ့ပညာ ကျေးရွာအုပ်စု",1304219
ကရင်ပြည်နယ်,"လှိုင်းဘွဲ့ မြို့နယ်","မဲလောခီး ကျေးရွာအုပ်စု",1304220
ကရင်ပြည်နယ်,"လှိုင်းဘွဲ့ မြို့နယ်","မဲသမူ ကျေးရွာအုပ်စု",1304221
ကရင်ပြည်နယ်,"လှိုင်းဘွဲ့ မြို့နယ်","ကွီးလေး ကျေးရွာအုပ်စု",1304222
ကရင်ပြည်နယ်,"လှိုင်းဘွဲ့ မြို့နယ်","ကြာအင်း ကျေးရွာအုပ်စု",1304223
ကရင်ပြည်နယ်,"လှိုင်းဘွဲ့ မြို့နယ်","စောလော ကျေးရွာအုပ်စု",1304224
ကရင်ပြည်နယ်,"လှိုင်းဘွဲ့ မြို့နယ်","ရင်းဘိုင်း ကျေးရွာအုပ်စု",1304225
ကရင်ပြည်နယ်,"လှိုင်းဘွဲ့ မြို့နယ်","ရေတံခွန် ကျေးရွာအုပ်စု",1304226
ကရင်ပြည်နယ်,"လှိုင်းဘွဲ့ မြို့နယ်","ကမော့လဲ (ကျောင်း) ကျေးရွာအုပ်စု",1304227
ကရင်ပြည်နယ်,"လှိုင်းဘွဲ့ မြို့နယ်","မဲလရော ကျေးရွာအုပ်စု",1304228
ကရင်ပြည်နယ်,"လှိုင်းဘွဲ့ မြို့နယ်","ကမော့လဲ (မအဲ) (အလယ်) ကျေးရွာအုပ်စု",1304229
ကရင်ပြည်နယ်,"လှိုင်းဘွဲ့ မြို့နယ်","ရွှေဂွန်း ကျေးရွာအုပ်စု",1304230
ကရင်ပြည်နယ်,"လှိုင်းဘွဲ့ မြို့နယ်","ကိုမောင် ကျေးရွာအုပ်စု",1304231
ကရင်ပြည်နယ်,"လှိုင်းဘွဲ့ မြို့နယ်","မြလေး ကျေးရွာအုပ်စု",1304232
ကရင်ပြည်နယ်,"လှိုင်းဘွဲ့ မြို့နယ်","အင်းနိုသိပ္ပံ ကျေးရွာအုပ်စု",1304233
ကရင်ပြည်နယ်,"လှိုင်းဘွဲ့ မြို့နယ်","တဝန်ဖန်ရ ကျေးရွာအုပ်စု",1304234
ကရင်ပြည်နယ်,"လှိုင်းဘွဲ့ မြို့နယ်","ကျုံပကို ကျေးရွာအုပ်စု",1304235
ကရင်ပြည်နယ်,"လှိုင်းဘွဲ့ မြို့နယ်","ဂျို့ချောင်း ကျေးရွာအုပ်စု",1304236
ကရင်ပြည်နယ်,"လှိုင်းဘွဲ့ မြို့နယ်","ဥဒေါင်း ကျေးရွာအုပ်စု",1304237
ကရင်ပြည်နယ်,"လှိုင်းဘွဲ့ မြို့နယ်","တခင်းလုံး ကျေးရွာအုပ်စု",1304238
ကရင်ပြည်နယ်,"လှိုင်းဘွဲ့ မြို့နယ်","သာယာကုန်း (ကပ္ပလီ) ကျေးရွာအုပ်စု",1304239
ကရင်ပြည်နယ်,"လှိုင်းဘွဲ့ မြို့နယ်","နောကော ကျေးရွာအုပ်စု",1304240
ကရင်ပြည်နယ်,"လှိုင်းဘွဲ့ မြို့နယ်","တခွက်ဖိုး ကျေးရွာအုပ်စု",1304241
ကရင်ပြည်နယ်,"လှိုင်းဘွဲ့ မြို့နယ်","ထသိန်ကြိုးဝိုင်း ကျေးရွာအုပ်စု",1304242
ကရင်ပြည်နယ်,"လှိုင်းဘွဲ့ မြို့နယ်","ကစို ကျေးရွာအုပ်စု",1304243
ကရင်ပြည်နယ်,"လှိုင်းဘွဲ့ မြို့နယ်","နောင်ခလုံး ကျေးရွာအုပ်စု",1304244
ကရင်ပြည်နယ်,"လှိုင်းဘွဲ့ မြို့နယ်","မိုးနိုင်း ကျေးရွာအုပ်စု",1304245
ကရင်ပြည်နယ်,"လှိုင်းဘွဲ့ မြို့နယ်","ဝင်းဖရ ကျေးရွာအုပ်စု",1304246
ကရင်ပြည်နယ်,"လှိုင်းဘွဲ့ မြို့နယ်","နောင်ဘိုးကြီး ကျေးရွာအုပ်စု",1304247
ကရင်ပြည်နယ်,"လှိုင်းဘွဲ့ မြို့နယ်","ရွာကိုင်းကောင်း ကျေးရွာအုပ်စု",1304248
ကရင်ပြည်နယ်,"လှိုင်းဘွဲ့ မြို့နယ်","ကော့နွဲ့ ကျေးရွာအုပ်စု",1304249
ကရင်ပြည်နယ်,"လှိုင်းဘွဲ့ မြို့နယ်","နောင်မြလွဲ ကျေးရွာအုပ်စု",1304250
ကရင်ပြည်နယ်,"လှိုင်းဘွဲ့ မြို့နယ်","ကော့ဖမွတ် ကျေးရွာအုပ်စု",1304251
ကရင်ပြည်နယ်,"လှိုင်းဘွဲ့ မြို့နယ်","ကော့မရိုင်း ကျေးရွာအုပ်စု",1304252
ကရင်ပြည်နယ်,"လှိုင်းဘွဲ့ မြို့နယ်","ဒေါ်လန်း ကျေးရွာအုပ်စု",1304253
ကရင်ပြည်နယ်,"လှိုင်းဘွဲ့ မြို့နယ်","ပတ ကျေးရွာအုပ်စု",1304254
ကရင်ပြည်နယ်,"လှိုင်းဘွဲ့ မြို့နယ်","နောင်ခွီး ကျေးရွာအုပ်စု",1304255
ကရင်ပြည်နယ်,"လှိုင်းဘွဲ့ မြို့နယ်","ဘီစကတ် ကျေးရွာအုပ်စု",1304256
ကရင်ပြည်နယ်,"လှိုင်းဘွဲ့ မြို့နယ်","တာကရား ကျေးရွာအုပ်စု",1304257
ကရင်ပြည်နယ်,"လှိုင်းဘွဲ့ မြို့နယ်","ထီဖိုးကိန် ကျေးရွာအုပ်စု",1304258
ကရင်ပြည်နယ်,"လှိုင်းဘွဲ့ မြို့နယ်","ရေပူကြီး ကျေးရွာအုပ်စု",1304259
ကရင်ပြည်နယ်,"လှိုင်းဘွဲ့ မြို့နယ်","ကြက်တူရွေး ကျေးရွာအုပ်စု",1304260
ကရင်ပြည်နယ်,"လှိုင်းဘွဲ့ မြို့နယ်","ပေါလောက် ကျေးရွာအုပ်စု",1304261
ကရင်ပြည်နယ်,"လှိုင်းဘွဲ့ မြို့နယ်","ထန်းတပင် ကျေးရွာအုပ်စု",1304262
ကရင်ပြည်နယ်,"လှိုင်းဘွဲ့ မြို့နယ်","မဲပရ ကျေးရွာအုပ်စု",1304263
ကရင်ပြည်နယ်,"လှိုင်းဘွဲ့ မြို့နယ်","တာလယ် ကျေးရွာအုပ်စု",1304264
ကရင်ပြည်နယ်,"လှိုင်းဘွဲ့ မြို့နယ်","ဝင်းစော ကျေးရွာအုပ်စု",1304265
ကရင်ပြည်နယ်,"လှိုင်းဘွဲ့ မြို့နယ်","လော်ကော် ကျေးရွာအုပ်စု",1304266
ကရင်ပြည်နယ်,"လှိုင်းဘွဲ့ မြို့နယ်","မိကြောင် ကျေးရွာအုပ်စု",1304267
ကရင်ပြည်နယ်,"လှိုင်းဘွဲ့ မြို့နယ်","သမို ကျေးရွာအုပ်စု",1304268
ကရင်ပြည်နယ်,"လှိုင်းဘွဲ့ မြို့နယ်","ပေါင် ကျေးရွာအုပ်စု",1304269
ကရင်ပြည်နယ်,"လှိုင်းဘွဲ့ မြို့နယ်","ပထလာပ ကျေးရွာအုပ်စု",1304270
ကရင်ပြည်နယ်,"လှိုင်းဘွဲ့ မြို့နယ်","ပိုးပလေ ကျေးရွာအုပ်စု",1304271
ကရင်ပြည်နယ်,"မြဝတီ မြို့နယ်","မဲထော်သလေး ကျေးရွာအုပ်စု",1305200
ကရင်ပြည်နယ်,"မြဝတီ မြို့နယ်","ထီးဝါပလော ကျေးရွာအုပ်စု",1305201
ကရင်ပြည်နယ်,"မြဝတီ မြို့နယ်","ပေါလော ကျေးရွာအုပ်စု",1305202
ကရင်ပြည်နယ်,"မြဝတီ မြို့နယ်","မဲကလား၊ ဆုံဆည်းမြိုင် ကျေးရွာအုပ်စု",1305203
ကရင်ပြည်နယ်,"မြဝတီ မြို့နယ်","တာအုပ် ကျေးရွာအုပ်စု",1305204
ကရင်ပြည်နယ်,"မြဝတီ မြို့နယ်","တီသဲလယ် (မောခီး) ကျေးရွာအုပ်စု",1305205
ကရင်ပြည်နယ်,"မြဝတီ မြို့နယ်","မိဖါး၊ သေ့ဘောဘိုး ကျေးရွာအုပ်စု",1305206
ကရင်ပြည်နယ်,"မြဝတီ မြို့နယ်","ဖလူး ကျေးရွာအုပ်စု",1305207
ကရင်ပြည်နယ်,"မြဝတီ မြို့နယ်","မဲကနယ် ကျေးရွာအုပ်စု",1305208
ကရင်ပြည်နယ်,"မြဝတီ မြို့နယ်","သင်္ဃန်းညီနောင် ကျေးရွာအုပ်စု",1305209
ကရင်ပြည်နယ်,"မြဝတီ မြို့နယ်","ကွင်းကလေး ကျေးရွာအုပ်စု",1305210
ကရင်ပြည်နယ်,"မြဝတီ မြို့နယ်","ဝှေ့ရှမ်း ကျေးရွာအုပ်စု",1305211
ကရင်ပြည်နယ်,"မြဝတီ မြို့နယ်","မဲပလဲ့ ကျေးရွာအုပ်စု",1305212
ကရင်ပြည်နယ်,"မြဝတီ မြို့နယ်","ဖားကလူ ကျေးရွာအုပ်စု",1305213
ကရင်ပြည်နယ်,"မြဝတီ မြို့နယ်","ပူလွဲပု ကျေးရွာအုပ်စု",1305214
ကရင်ပြည်နယ်,"မြဝတီ မြို့နယ်","မောခီး ကျေးရွာအုပ်စု",1305215
ကရင်ပြည်နယ်,"မြဝတီ မြို့နယ်","လော့ခေါ် ကျေးရွာအုပ်စု",1305216
ကရင်ပြည်နယ်,"ကော့ကရိတ် မြို့နယ်","သရက်တော ကျေးရွာအုပ်စု",1306200
ကရင်ပြည်နယ်,"ကော့ကရိတ် မြို့နယ်","ဝဲလစ် ကျေးရွာအုပ်စု",1306201
ကရင်ပြည်နယ်,"ကော့ကရိတ် မြို့နယ်","အင်းရှည် ကျေးရွာအုပ်စု",1306202
ကရင်ပြည်နယ်,"ကော့ကရိတ် မြို့နယ်","ခနိမ်းဖော် ကျေးရွာအုပ်စု",1306203
ကရင်ပြည်နယ်,"ကော့ကရိတ် မြို့နယ်","နဘူးနှစ်ချား ကျေးရွာအုပ်စု",1306204
ကရင်ပြည်နယ်,"ကော့ကရိတ် မြို့နယ်","နဘူးတံခွန်တိုင် ကျေးရွာအုပ်စု",1306205
ကရင်ပြည်နယ်,"ကော့ကရိတ် မြို့နယ်","နောင်တပွဲ ကျေးရွာအုပ်စု",1306206
ကရင်ပြည်နယ်,"ကော့ကရိတ် မြို့နယ်","ထီကလေး ကျေးရွာအုပ်စု",1306207
ကရင်ပြည်နယ်,"ကော့ကရိတ် မြို့နယ်","နောင်ကိုင်း ကျေးရွာအုပ်စု",1306208
ကရင်ပြည်နယ်,"ကော့ကရိတ် မြို့နယ်","ထိဖိုးဇံ ကျေးရွာအုပ်စု",1306209
ကရင်ပြည်နယ်,"ကော့ကရိတ် မြို့နယ်","နောင်ထပ္ပံ ကျေးရွာအုပ်စု",1306210
ကရင်ပြည်နယ်,"ကော့ကရိတ် မြို့နယ်","မြပတိုင် ကျေးရွာအုပ်စု",1306211
ကရင်ပြည်နယ်,"ကော့ကရိတ် မြို့နယ်","ကျုံဘိုင်း ကျေးရွာအုပ်စု",1306212
ကရင်ပြည်နယ်,"ကော့ကရိတ် မြို့နယ်","ဒေါဖျာ ကျေးရွာအုပ်စု",1306213
ကရင်ပြည်နယ်,"ကော့ကရိတ် မြို့နယ်","ရန်ကုတ် ကျေးရွာအုပ်စု",1306214
ကရင်ပြည်နယ်,"ကော့ကရိတ် မြို့နယ်","တတံကူး ကျေးရွာအုပ်စု",1306215
ကရင်ပြည်နယ်,"ကော့ကရိတ် မြို့နယ်","ကော့နွဲ ကျေးရွာအုပ်စု",1306216
ကရင်ပြည်နယ်,"ကော့ကရိတ် မြို့နယ်","မြောက်ကြာအင်း ကျေးရွာအုပ်စု",1306217
ကရင်ပြည်နယ်,"ကော့ကရိတ် မြို့နယ်","ရေကျော်ကြီး ကျေးရွာအုပ်စု",1306218
ကရင်ပြည်နယ်,"ကော့ကရိတ် မြို့နယ်","ဟောင်သရော ကျေးရွာအုပ်စု",1306219
ကရင်ပြည်နယ်,"ကော့ကရိတ် မြို့နယ်","အံဖကြီး ကျေးရွာအုပ်စု",1306220
ကရင်ပြည်နယ်,"ကော့ကရိတ် မြို့နယ်","စက္ကဝက် ကျေးရွာအုပ်စု",1306221
ကရင်ပြည်နယ်,"ကော့ကရိတ် မြို့နယ်","ဒေါက်ပလန် ကျေးရွာအုပ်စု",1306222
ကရင်ပြည်နယ်,"ကော့ကရိတ် မြို့နယ်","ကျုံဒိုးချောင်းဖျား ကျေးရွာအုပ်စု",1306223
ကရင်ပြည်နယ်,"ကော့ကရိတ် မြို့နယ်","အင်းကြီး ကျေးရွာအုပ်စု",1306224
ကရင်ပြည်နယ်,"ကော့ကရိတ် မြို့နယ်","ကော့ဝါလဲ ကျေးရွာအုပ်စု",1306225
ကရင်ပြည်နယ်,"ကော့ကရိတ် မြို့နယ်","ရေပူကြီး ကျေးရွာအုပ်စု",1306226
ကရင်ပြည်နယ်,"ကော့ကရိတ် မြို့နယ်","မြောက်ကမ္မရိုက် ကျေးရွာအုပ်စု",1306227
ကရင်ပြည်နယ်,"ကော့ကရိတ် မြို့နယ်","တောင်ကမ္မရိုက် ကျေးရွာအုပ်စု",1306228
ကရင်ပြည်နယ်,"ကော့ကရိတ် မြို့နယ်","သမိန်ဒွတ် ကျေးရွာအုပ်စု",1306229
ကရင်ပြည်နယ်,"ကော့ကရိတ် မြို့နယ်","ဝင်းက ကျေးရွာအုပ်စု",1306230
ကရင်ပြည်နယ်,"ကော့ကရိတ် မြို့နယ်","ထီဟူးသံ ကျေးရွာအုပ်စု",1306231
ကရင်ပြည်နယ်,"ကော့ကရိတ် မြို့နယ်","တောင်ကြာအင်း ကျေးရွာအုပ်စု",1306232
ကရင်ပြည်နယ်,"ကော့ကရိတ် မြို့နယ်","လောင်းကိုင် ကျေးရွာအုပ်စု",1306233
ကရင်ပြည်နယ်,"ကော့ကရိတ် မြို့နယ်","အံကောင် ကျေးရွာအုပ်စု",1306234
ကရင်ပြည်နယ်,"ကော့ကရိတ် မြို့နယ်","တရိတခေါင်း ကျေးရွာအုပ်စု",1306235
ကရင်ပြည်နယ်,"ကော့ကရိတ် မြို့နယ်","သပြု (ကမော့ပိ) ကျေးရွာအုပ်စု",1306236
ကရင်ပြည်နယ်,"ကော့ကရိတ် မြို့နယ်","အနောက်ဘက်ကမ်း ကျေးရွာအုပ်စု",1306237
ကရင်ပြည်နယ်,"ကော့ကရိတ် မြို့နယ်","ကမ်းနီ ကျေးရွာအုပ်စု",1306238
ကရင်ပြည်နယ်,"ကော့ကရိတ် မြို့နယ်","မိကလုံ ကျေးရွာအုပ်စု",1306239
ကရင်ပြည်နယ်,"ကော့ကရိတ် မြို့နယ်","ကုလားကျောက်ဖျာ ကျေးရွာအုပ်စု",1306240
ကရင်ပြည်နယ်,"ကော့ကရိတ် မြို့နယ်","ကရင်ကျောက်ဖျာ ကျေးရွာအုပ်စု",1306241
ကရင်ပြည်နယ်,"ကော့ကရိတ် မြို့နယ်","ကော့လျှမ်း ကျေးရွာအုပ်စု",1306242
ကရင်ပြည်နယ်,"ကော့ကရိတ် မြို့နယ်","ဖါးဘုတ် ကျေးရွာအုပ်စု",1306243
ကရင်ပြည်နယ်,"ကော့ကရိတ် မြို့နယ်","အီဘိုင်း ကျေးရွာအုပ်စု",1306244
ကရင်ပြည်နယ်,"ကော့ကရိတ် မြို့နယ်","ကညင်ကတိုက် ကျေးရွာအုပ်စု",1306245
ကရင်ပြည်နယ်,"ကော့ကရိတ် မြို့နယ်","ခရစ်ကျောက်တန်း ကျေးရွာအုပ်စု",1306246
ကရင်ပြည်နယ်,"ကော့ကရိတ် မြို့နယ်","မင်းရွာ ကျေးရွာအုပ်စု",1306247
ကရင်ပြည်နယ်,"ကော့ကရိတ် မြို့နယ်","ကော့ပေါက် ကျေးရွာအုပ်စု",1306248
ကရင်ပြည်နယ်,"ကော့ကရိတ် မြို့နယ်","ကော့ဘိန်း ကျေးရွာအုပ်စု",1306249
ကရင်ပြည်နယ်,"ကော့ကရိတ် မြို့နယ်","ကော့ဂိုး ကျေးရွာအုပ်စု",1306250
ကရင်ပြည်နယ်,"ကော့ကရိတ် မြို့နယ်","ပိုင်ရပ် ကျေးရွာအုပ်စု",1306251
ကရင်ပြည်နယ်,"ကော့ကရိတ် မြို့နယ်","ခရင်း ကျေးရွာအုပ်စု",1306252
ကရင်ပြည်နယ်,"ကြာအင်းဆိပ်ကြီး မြို့နယ်","အကလော ကျေးရွာအုပ်စု",1307200
ကရင်ပြည်နယ်,"ကြာအင်းဆိပ်ကြီး မြို့နယ်","အနန်းကွင်း ကျေးရွာအုပ်စု",1307201
ကရင်ပြည်နယ်,"ကြာအင်းဆိပ်ကြီး မြို့နယ်","အစွန်း ကျေးရွာအုပ်စု",1307202
ကရင်ပြည်နယ်,"ကြာအင်းဆိပ်ကြီး မြို့နယ်","အဇင်း ကျေးရွာအုပ်စု",1307203
ကရင်ပြည်နယ်,"ကြာအင်းဆိပ်ကြီး မြို့နယ်","ဓနိုး ကျေးရွာအုပ်စု",1307204
ကရင်ပြည်နယ်,"ကြာအင်းဆိပ်ကြီး မြို့နယ်","ဒါလီ ကျေးရွာအုပ်စု",1307205
ကရင်ပြည်နယ်,"ကြာအင်းဆိပ်ကြီး မြို့နယ်","လွှတ်ရှမ်း ကျေးရွာအုပ်စု",1307206
ကရင်ပြည်နယ်,"ကြာအင်းဆိပ်ကြီး မြို့နယ်","ဖါကွီး ကျေးရွာအုပ်စု",1307207
ကရင်ပြည်နယ်,"ကြာအင်းဆိပ်ကြီး မြို့နယ်","ဖါးပြ ကျေးရွာအုပ်စု",1307208
ကရင်ပြည်နယ်,"ကြာအင်းဆိပ်ကြီး မြို့နယ်","ထိဆုံ ကျေးရွာအုပ်စု",1307209
ကရင်ပြည်နယ်,"ကြာအင်းဆိပ်ကြီး မြို့နယ်","ထီဝါကလူး ကျေးရွာအုပ်စု",1307210
ကရင်ပြည်နယ်,"ကြာအင်းဆိပ်ကြီး မြို့နယ်","ကမော့ ကျေးရွာအုပ်စု",1307211
ကရင်ပြည်နယ်,"ကြာအင်းဆိပ်ကြီး မြို့နယ်","ကမော့သဲ (ဝင်းလုံ) ကျေးရွာအုပ်စု",1307212
ကရင်ပြည်နယ်,"ကြာအင်းဆိပ်ကြီး မြို့နယ်","ကစပ် ကျေးရွာအုပ်စု",1307213
ကရင်ပြည်နယ်,"ကြာအင်းဆိပ်ကြီး မြို့နယ်","ကော့ဆိုင် ကျေးရွာအုပ်စု",1307214
ကရင်ပြည်နယ်,"ကြာအင်းဆိပ်ကြီး မြို့နယ်","ခလယ် ကျေးရွာအုပ်စု",1307215
ကရင်ပြည်နယ်,"ကြာအင်းဆိပ်ကြီး မြို့နယ်","ခလယ်စော ကျေးရွာအုပ်စု",1307216
ကရင်ပြည်နယ်,"ကြာအင်းဆိပ်ကြီး မြို့နယ်","ခုဒုံ ကျေးရွာအုပ်စု",1307217
ကရင်ပြည်နယ်,"ကြာအင်းဆိပ်ကြီး မြို့နယ်","ခွါဟေး ကျေးရွာအုပ်စု",1307218
ကရင်ပြည်နယ်,"ကြာအင်းဆိပ်ကြီး မြို့နယ်","ခွေးသိုးဆိပ် ကျေးရွာအုပ်စု",1307219
ကရင်ပြည်နယ်,"ကြာအင်းဆိပ်ကြီး မြို့နယ်","ခွိကလုံ ကျေးရွာအုပ်စု",1307220
ကရင်ပြည်နယ်,"ကြာအင်းဆိပ်ကြီး မြို့နယ်","ကိုးမား ကျေးရွာအုပ်စု",1307221
ကရင်ပြည်နယ်,"ကြာအင်းဆိပ်ကြီး မြို့နယ်","ကွမ်ကသောင် ကျေးရွာအုပ်စု",1307222
ကရင်ပြည်နယ်,"ကြာအင်းဆိပ်ကြီး မြို့နယ်","ကွင်းကလေး ကျေးရွာအုပ်စု",1307223
ကရင်ပြည်နယ်,"ကြာအင်းဆိပ်ကြီး မြို့နယ်","ကျခတ်ချောင်း ကျေးရွာအုပ်စု",1307224
ကရင်ပြည်နယ်,"ကြာအင်းဆိပ်ကြီး မြို့နယ်","ကြာအင်းရွှေဒိုး ကျေးရွာအုပ်စု",1307225
ကရင်ပြည်နယ်,"ကြာအင်းဆိပ်ကြီး မြို့နယ်","ကျောက်ဘီလူး ကျေးရွာအုပ်စု",1307226
ကရင်ပြည်နယ်,"ကြာအင်းဆိပ်ကြီး မြို့နယ်","ကျုံခဝန် ကျေးရွာအုပ်စု",1307227
ကရင်ပြည်နယ်,"ကြာအင်းဆိပ်ကြီး မြို့နယ်","ကျွန်းချောင်း ကျေးရွာအုပ်စု",1307228
ကရင်ပြည်နယ်,"ကြာအင်းဆိပ်ကြီး မြို့နယ်","လန်းဖါး ကျေးရွာအုပ်စု",1307229
ကရင်ပြည်နယ်,"ကြာအင်းဆိပ်ကြီး မြို့နယ်","လယ်တောကြီး ကျေးရွာအုပ်စု",1307230
ကရင်ပြည်နယ်,"ကြာအင်းဆိပ်ကြီး မြို့နယ်","မော်ခဲခီး ကျေးရွာအုပ်စု",1307231
ကရင်ပြည်နယ်,"ကြာအင်းဆိပ်ကြီး မြို့နယ်","မိနအ ကျေးရွာအုပ်စု",1307232
ကရင်ပြည်နယ်,"ကြာအင်းဆိပ်ကြီး မြို့နယ်","မိတန် ကျေးရွာအုပ်စု",1307233
ကရင်ပြည်နယ်,"ကြာအင်းဆိပ်ကြီး မြို့နယ်","နတ်ချောင်းအလယ် ကျေးရွာအုပ်စု",1307234
ကရင်ပြည်နယ်,"ကြာအင်းဆိပ်ကြီး မြို့နယ်","နတ်ချောင်းကန်းနား ကျေးရွာအုပ်စု",1307235
ကရင်ပြည်နယ်,"ကြာအင်းဆိပ်ကြီး မြို့နယ်","နောင်တခို ကျေးရွာအုပ်စု",1307236
ကရင်ပြည်နယ်,"ကြာအင်းဆိပ်ကြီး မြို့နယ်","ပိုင်ကလာဒုံ ကျေးရွာအုပ်စု",1307237
ကရင်ပြည်နယ်,"ကြာအင်းဆိပ်ကြီး မြို့နယ်","ပြောင်မထိမ် ကျေးရွာအုပ်စု",1307238
ကရင်ပြည်နယ်,"ကြာအင်းဆိပ်ကြီး မြို့နယ်","ဆိပ်ကလေး ကျေးရွာအုပ်စု",1307239
ကရင်ပြည်နယ်,"ကြာအင်းဆိပ်ကြီး မြို့နယ်","ရွှေတောင်ဘို ကျေးရွာအုပ်စု",1307240
ကရင်ပြည်နယ်,"ကြာအင်းဆိပ်ကြီး မြို့နယ်","တံခွန်တိုင် ကျေးရွာအုပ်စု",1307241
ကရင်ပြည်နယ်,"ကြာအင်းဆိပ်ကြီး မြို့နယ်","တောင်ဒီး ကျေးရွာအုပ်စု",1307242
ကရင်ပြည်နယ်,"ကြာအင်းဆိပ်ကြီး မြို့နယ်","တောင်ကလေး ကျေးရွာအုပ်စု",1307243
ကရင်ပြည်နယ်,"ကြာအင်းဆိပ်ကြီး မြို့နယ်","တောင်ဝိုင်း ကျေးရွာအုပ်စု",1307244
ကရင်ပြည်နယ်,"ကြာအင်းဆိပ်ကြီး မြို့နယ်","သံပုရာ ကျေးရွာအုပ်စု",1307245
ကရင်ပြည်နယ်,"ကြာအင်းဆိပ်ကြီး မြို့နယ်","သာကထ ကျေးရွာအုပ်စု",1307246
ကရင်ပြည်နယ်,"ကြာအင်းဆိပ်ကြီး မြို့နယ်","သင်္ဃန်းပင်ဆိပ် ကျေးရွာအုပ်စု",1307247
ကရင်ပြည်နယ်,"ကြာအင်းဆိပ်ကြီး မြို့နယ်","ဝင်းခန ကျေးရွာအုပ်စု",1307248
ကရင်ပြည်နယ်,"ကြာအင်းဆိပ်ကြီး မြို့နယ်","ဝင်းရော်ဆိပ်ကြီး ကျေးရွာအုပ်စု",1307249
ကရင်ပြည်နယ်,"ကြာအင်းဆိပ်ကြီး မြို့နယ်","ရသေ့ ကျေးရွာအုပ်စု",1307250
