﻿Region,"Town / Township","Ward / Village Tract","Postal Code"
ကရင်ပြည်နယ်,"ဘားအံ မြို့နယ်","သရက်တော၊ မြိုင်သဇင်၊ ကြာအင်း ရပ်ကွက်",1301001
ကရင်ပြည်နယ်,"ဘားအံ မြို့နယ်","ဈေးတန်း ရပ်ကွက်",1301002
ကရင်ပြည်နယ်,"ဘားအံ မြို့နယ်","ကူးဆိပ် ရပ်ကွက်",1301003
ကရင်ပြည်နယ်,"ဘားအံ မြို့နယ်","ဇီးတော ရပ်ကွက်",1301004
ကရင်ပြည်နယ်,"ဘားအံ မြို့နယ်","အောင်နန်းမင်္ဂလာ ရပ်ကွက်",1301005
ကရင်ပြည်နယ်,"ဘားအံ မြို့နယ်","ပြည်ထောင်စု ရပ်ကွက်",1301006
ကရင်ပြည်နယ်,"ဘားအံ မြို့နယ်","ထောင်ဝိ ရပ်ကွက်",1301007
ကရင်ပြည်နယ်,"ဘားအံ မြို့နယ်","ရတနာဒီပ ရပ်ကွက်",1301008
ကရင်ပြည်နယ်,"ဘားအံ မြို့နယ်","ဇွဲမာန်လွင် ရပ်ကွက်",1301009
ကရင်ပြည်နယ်,"သံတောင်ကြီး မြို့နယ်","အမှတ် (၁) ရပ်ကွက်",1302001
ကရင်ပြည်နယ်,"သံတောင်ကြီး မြို့နယ်","အမှတ် (၂) ရပ်ကွက်",1302002
ကရင်ပြည်နယ်,"သံတောင်ကြီး မြို့နယ်","အမှတ် (၃) ရပ်ကွက်",1302003
ကရင်ပြည်နယ်,"သံတောင်ကြီး မြို့နယ်","အမှတ် (၄) ရပ်ကွက်",1302004
ကရင်ပြည်နယ်,"သံတောင်ကြီး မြို့နယ်","အမှတ် (၅) ရပ်ကွက်",1302005
ကရင်ပြည်နယ်,"ဖာပွန် မြို့နယ်","အမှတ် (၁) ရပ်ကွက်",1303001
ကရင်ပြည်နယ်,"ဖာပွန် မြို့နယ်","အမှတ် (၂) ရပ်ကွက်",1303002
ကရင်ပြည်နယ်,"ဖာပွန် မြို့နယ်","အမှတ် (၃) ရပ်ကွက်",1303003
ကရင်ပြည်နယ်,"ဖာပွန် မြို့နယ်","အမှတ် (၄) ရပ်ကွက်",1303004
ကရင်ပြည်နယ်,"လှိုင်းဘွဲ့ မြို့နယ်","(က) ရပ်ကွက်",1304001
ကရင်ပြည်နယ်,"လှိုင်းဘွဲ့ မြို့နယ်","(ခ) ရပ်ကွက်",1304002
ကရင်ပြည်နယ်,"လှိုင်းဘွဲ့ မြို့နယ်","(ဂ) ရပ်ကွက်",1304003
ကရင်ပြည်နယ်,"လှိုင်းဘွဲ့ မြို့နယ်","(ဃ) ရပ်ကွက်",1304004
ကရင်ပြည်နယ်,"မြဝတီ မြို့နယ်","အမှတ် (၁) ရပ်ကွက်",1305001
ကရင်ပြည်နယ်,"မြဝတီ မြို့နယ်","အမှတ် (၂) ရပ်ကွက်",1305002
ကရင်ပြည်နယ်,"မြဝတီ မြို့နယ်","အမှတ် (၃) ရပ်ကွက်",1305003
ကရင်ပြည်နယ်,"မြဝတီ မြို့နယ်","အမှတ် (၄) ရပ်ကွက်",1305004
ကရင်ပြည်နယ်,"မြဝတီ မြို့နယ်","အမှတ် (၅) ရပ်ကွက်",1305005
ကရင်ပြည်နယ်,"မြဝတီ မြို့နယ်","အမှတ် (၆) ရပ်ကွက်",1305006
ကရင်ပြည်နယ်,"မြဝတီ မြို့နယ်","အမှတ် (၇) ရပ်ကွက်",1305007
ကရင်ပြည်နယ်,"ကော့ကရိတ် မြို့နယ်","ချောင်းတောင် ရပ်ကွက်",1306001
ကရင်ပြည်နယ်,"ကော့ကရိတ် မြို့နယ်","ဝင်းကြီး ရပ်ကွက်",1306002
ကရင်ပြည်နယ်,"ကော့ကရိတ် မြို့နယ်","အလယ်တန်း ရပ်ကွက်",1306003
ကရင်ပြည်နယ်,"ကော့ကရိတ် မြို့နယ်","အထက်တောင်သူစု ရပ်ကွက်",1306004
ကရင်ပြည်နယ်,"ကော့ကရိတ် မြို့နယ်","အောက်တောင်သူစု ရပ်ကွက်",1306005
ကရင်ပြည်နယ်,"ကော့ကရိတ် မြို့နယ်","အနောက်ပိုင်း ရပ်ကွက်",1306006
ကရင်ပြည်နယ်,"ကော့ကရိတ် မြို့နယ်","တံတားဦး ရပ်ကွက်",1306007
ကရင်ပြည်နယ်,"ကြာအင်းဆိပ်ကြီး မြို့နယ်","အမှတ် (၁) ရပ်ကွက်",1307001
ကရင်ပြည်နယ်,"ကြာအင်းဆိပ်ကြီး မြို့နယ်","အမှတ် (၂) ရပ်ကွက်",1307002
ကရင်ပြည်နယ်,"ကြာအင်းဆိပ်ကြီး မြို့နယ်","အမှတ် (၃) ရပ်ကွက်",1307003
ကရင်ပြည်နယ်,"ကြာအင်းဆိပ်ကြီး မြို့နယ်","အမှတ် (၄) ရပ်ကွက်",1307004
ကရင်ပြည်နယ်,"ကြာအင်းဆိပ်ကြီး မြို့နယ်","အမှတ် (၅) ရပ်ကွက်",1307005
ကရင်ပြည်နယ်,"ကြာအင်းဆိပ်ကြီး မြို့နယ်","အမှတ် (၆) ရပ်ကွက်",1307006
ကရင်ပြည်နယ်,"သံတောင် မြို့","အမှတ် (၁) ရပ်ကွက်",1360001
ကရင်ပြည်နယ်,"သံတောင် မြို့","အမှတ် (၂) ရပ်ကွက်",1360002
ကရင်ပြည်နယ်,"သံတောင် မြို့","အမှတ် (၃) ရပ်ကွက်",1360003
ကရင်ပြည်နယ်,"သံတောင် မြို့","အမှတ် (၄) ရပ်ကွက်",1360004
ကရင်ပြည်နယ်,"လိပ်သို မြို့","အမှတ် (၁) ရပ်ကွက်",1361001
ကရင်ပြည်နယ်,"လိပ်သို မြို့","အမှတ် (၂) ရပ်ကွက်",1361002
ကရင်ပြည်နယ်,"လိပ်သို မြို့","အမှတ် (၃) ရပ်ကွက်",1361003
ကရင်ပြည်နယ်,"လိပ်သို မြို့","အမှတ် (၄) ရပ်ကွက်",1361004
ကရင်ပြည်နယ်,"လိပ်သို မြို့","အမှတ် (၅) ရပ်ကွက်",1361005
ကရင်ပြည်နယ်,"လိပ်သို မြို့","အမှတ် (၆) ရပ်ကွက်",1361006
ကရင်ပြည်နယ်,"ဘောဂလိ မြို့","အမှတ် (၁) ရပ်ကွက်",1362001
ကရင်ပြည်နယ်,"ဘောဂလိ မြို့","အမှတ် (၂) ရပ်ကွက်",1362002
ကရင်ပြည်နယ်,"ဘောဂလိ မြို့","အမှတ် (၃) ရပ်ကွက်",1362003
ကရင်ပြည်နယ်,"ဘောဂလိ မြို့","အမှတ် (၄) ရပ်ကွက်",1362004
ကရင်ပြည်နယ်,"ကမမောင်း မြို့","အမှတ် (၁) ရပ်ကွက်",1363001
ကရင်ပြည်နယ်,"ကမမောင်း မြို့","အမှတ် (၂) ရပ်ကွက်",1363002
ကရင်ပြည်နယ်,"ကမမောင်း မြို့","အမှတ် (၃) ရပ်ကွက်",1363003
ကရင်ပြည်နယ်,"ကမမောင်း မြို့","အမှတ် (၄) ရပ်ကွက်",1363004
ကရင်ပြည်နယ်,"ပိုင်ကျုံ မြို့","အမှတ် (၁) ရပ်ကွက်",1364001
ကရင်ပြည်နယ်,"ပိုင်ကျုံ မြို့","အမှတ် (၂) ရပ်ကွက်",1364002
ကရင်ပြည်နယ်,"ပိုင်ကျုံ မြို့","အမှတ် (၃) ရပ်ကွက်",1364003
ကရင်ပြည်နယ်,"ပိုင်ကျုံ မြို့","အမှတ် (၄) ရပ်ကွက်",1364004
ကရင်ပြည်နယ်,"ပိုင်ကျုံ မြို့","အမှတ် (၅) ရပ်ကွက်",1364005
ကရင်ပြည်နယ်,"ရှမ်းရွာသစ် မြို့","အမှတ် (၁) ရပ်ကွက်",1365001
ကရင်ပြည်နယ်,"ရှမ်းရွာသစ် မြို့","အမှတ် (၂) ရပ်ကွက်",1365002
ကရင်ပြည်နယ်,"ရှမ်းရွာသစ် မြို့","အမှတ် (၃) ရပ်ကွက်",1365003
ကရင်ပြည်နယ်,"ရှမ်းရွာသစ် မြို့","အမှတ် (၄) ရပ်ကွက်",1365004
ကရင်ပြည်နယ်,"စုကလိ မြို့","အမှတ် (၁) ရပ်ကွက်",1366001
ကရင်ပြည်နယ်,"​ဝေါလေမြိုင် (ဝေါလေ) မြို့","အမှတ် (၁) ရပ်ကွက်",1367001
ကရင်ပြည်နယ်,"​ဝေါလေမြိုင် (ဝေါလေ) မြို့","အမှတ် (၂) ရပ်ကွက်",1367002
ကရင်ပြည်နယ်,"ကျုံဒိုး မြို့","အမှတ် (၁) ရပ်ကွက်",1368001
ကရင်ပြည်နယ်,"ကျုံဒိုး မြို့","အမှတ် (၂) ရပ်ကွက်",1368002
ကရင်ပြည်နယ်,"ကျုံဒိုး မြို့","အမှတ် (၃) ရပ်ကွက်",1368003
ကရင်ပြည်နယ်,"ကျုံဒိုး မြို့","အမှတ် (၄) ရပ်ကွက်",1368004
ကရင်ပြည်နယ်,"ဘုရားသုံးဆူ မြို့","အမှတ် (၁) ရပ်ကွက်",1369001
ကရင်ပြည်နယ်,"ဘုရားသုံးဆူ မြို့","အမှတ် (၂) ရပ်ကွက်",1369002
ကရင်ပြည်နယ်,"ဘုရားသုံးဆူ မြို့","အမှတ် (၃) ရပ်ကွက်",1369003
ကရင်ပြည်နယ်,"ဘုရားသုံးဆူ မြို့","အမှတ် (၄) ရပ်ကွက်",1369004
ကရင်ပြည်နယ်,"ကျိုက်ဒုံ မြို့","အမှတ် (၁) ရပ်ကွက်",1370001
ကရင်ပြည်နယ်,"ကျိုက်ဒုံ မြို့","အမှတ် (၂) ရပ်ကွက်",1370002
ကရင်ပြည်နယ်,"ကျိုက်ဒုံ မြို့","အမှတ် (၃) ရပ်ကွက်",1370003
ကရင်ပြည်နယ်,"ကျိုက်ဒုံ မြို့","အမှတ် (၄) ရပ်ကွက်",1370004
ကရင်ပြည်နယ်,"ကျိုက်ဒုံ မြို့","အမှတ် (၅) ရပ်ကွက်",1370005
ကရင်ပြည်နယ်,"ကျိုက်ဒုံ မြို့","အမှတ် (၆) ရပ်ကွက်",1370006
