﻿Region,"Town / Township","Ward / Village Tract","Postal Code"
Magway,"Magway Township","Aing Gyi Kone Village Tract",0401200
Magway,"Magway Township","Ah Lel Bo Village Tract",0401201
Magway,"Magway Township","Thit Yar Kauk Village Tract",0401202
Magway,"Magway Township","Da Hat Kan Village Tract",0401203
Magway,"Magway Township","Gyoke Kone Village Tract",0401204
Magway,"Magway Township","In Taing Gyi Village Tract",0401205
Magway,"Magway Township","Kan Pyar Village Tract",0401206
Magway,"Magway Township","Kan Taw Village Tract",0401207
Magway,"Magway Township","Kan Thar Gyi Village Tract",0401208
Magway,"Magway Township","Kayin Village Tract",0401209
Magway,"Magway Township","Kun Ohn Village Tract",0401210
Magway,"Magway Township","Kyit Son Pway Village Tract",0401211
Magway,"Magway Township","Kyun Pyat Village Tract",0401212
Magway,"Magway Township","Let Pu To Village Tract",0401213
Magway,"Magway Township","Lat Pa Taw Village Tract",0401214
Magway,"Magway Township","Lint Myint Village Tract",0401215
Magway,"Magway Township","Ma Gyi Chay Htauk Village Tract",0401216
Magway,"Magway Township","Lel Yar Village Tract",0401217
Magway,"Magway Township","Mi Kyaung Ye Village Tract",0401218
Magway,"Magway Township","Mei Hla Taung Village Tract",0401219
Magway,"Magway Township","Ma Gyi Kan Village Tract",0401220
Magway,"Magway Township","Tha Pyay San Village Tract",0401221
Magway,"Magway Township","Myay Nu Village Tract",0401222
Magway,"Magway Township","Myin Kun Village Tract",0401223
Magway,"Magway Township","Myin Saing Village Tract",0401224
Magway,"Magway Township","Nan Kat Kyun Village Tract",0401225
Magway,"Magway Township","Nat Kan Village Tract",0401226
Magway,"Magway Township","Ngar Saung Village Tract",0401227
Magway,"Magway Township","Nyaung Pin Village Tract",0401228
Magway,"Magway Township","Nyaung Kan Village Tract",0401229
Magway,"Magway Township","Nyaung Kyat San Village Tract",0401230
Magway,"Magway Township","Ohn Twe Village Tract",0401231
Magway,"Magway Township","Pat Hta Na Go Village Tract",0401232
Magway,"Magway Township","Pu Htoe Village Tract",0401233
Magway,"Magway Township","Hpa Yar Pyo Village Tract",0401234
Magway,"Magway Township","Hpa Yar Kone Village Tract",0401235
Magway,"Magway Township","Pay Pin San Village Tract",0401236
Magway,"Magway Township","Hpoke Kone Village Tract",0401237
Magway,"Magway Township","Hpoe Lay Lone Village Tract",0401238
Magway,"Magway Township","Sar Taing Kan Village Tract",0401239
Magway,"Magway Township","San Ma Gyi Village Tract",0401240
Magway,"Magway Township","Shar Pin Hla Village Tract",0401241
Magway,"Magway Township","Shar Saung Kan Village Tract",0401242
Magway,"Magway Township","Su Pyit San Village Tract",0401243
Magway,"Magway Township","Su Kauk San Village Tract",0401244
Magway,"Magway Township","Ta Pauk Taw Village Tract",0401245
Magway,"Magway Township","Tat Kone Village Tract",0401246
Magway,"Magway Township","Taung Khwin Village Tract",0401247
Magway,"Magway Township","Min Village Tract",0401248
Magway,"Magway Township","Tei Pin Kan Pauk Village Tract",0401249
Magway,"Magway Township","Tha Man Taw Village Tract",0401250
Magway,"Magway Township","Tha Yet Lay Pin Village Tract",0401251
Magway,"Magway Township","Myit Nar Thar Si Village Tract",0401252
Magway,"Magway Township","Yin Nar Gway Chaung Village Tract",0401253
Magway,"Magway Township","Yin Nar Thar Si (East) Village Tract",0401254
Magway,"Magway Township","Ywar Haung Kan Village Tract",0401255
Magway,"Magway Township","Ywar Thar Village Tract",0401256
Magway,"Magway Township","Zee Kyun Village Tract",0401257
Magway,"Magway Township","Thet Yin Taw Village Tract",0401258
Magway,"Magway Township","Kyar Kan Village Tract",0401259
Magway,"Magway Township","Gyoe Gyar Kan Village Tract",0401260
Magway,"Minbu Township","Let Khoke Pin Village Tract",0402200
Magway,"Minbu Township","Pin Lel Thet Village Tract",0402201
Magway,"Minbu Township","Kan Thar Village Tract",0402202
Magway,"Minbu Township","U Yin Zin Village Tract",0402203
Magway,"Minbu Township","Yae Poke Village Tract",0402204
Magway,"Minbu Township","Ku Lar Bar Village Tract",0402205
Magway,"Minbu Township","Kan Thit Village Tract",0402206
Magway,"Minbu Township","Kan Ku Lar Village Tract",0402207
Magway,"Minbu Township","Ka Dee Village Tract",0402208
Magway,"Minbu Township","Pauk Ngu Village Tract",0402209
Magway,"Minbu Township","Tha Nat Pin Su Village Tract",0402210
Magway,"Minbu Township","Man Kyoe Village Tract",0402211
Magway,"Minbu Township","Kyauk San Village Tract",0402212
Magway,"Minbu Township","Hta Naung Taw Village Tract",0402213
Magway,"Minbu Township","Kyauk Sit Pon Village Tract",0402214
Magway,"Minbu Township","Kyauk Tan Village Tract",0402215
Magway,"Minbu Township","Kan Yae Village Tract",0402216
Magway,"Minbu Township","Ywar Thar Village Tract",0402217
Magway,"Minbu Township","Kyar Kan Village Tract",0402218
Magway,"Minbu Township","Mei Bayt Kone Village Tract",0402219
Magway,"Minbu Township","Ah Lan Pei Village Tract",0402220
Magway,"Minbu Township","Let Pan Taw Village Tract",0402221
Magway,"Minbu Township","Neik Ban Kyun Village Tract",0402222
Magway,"Minbu Township","Htauk Shar Pin Village Tract",0402223
Magway,"Minbu Township","Aing Ma Village Tract",0402224
Magway,"Minbu Township","Khun Thar Village Tract",0402225
Magway,"Minbu Township","Myaung U Village Tract",0402226
Magway,"Minbu Township","Kaing Ma Gyi Village Tract",0402227
Magway,"Minbu Township","U Yin Village Tract",0402228
Magway,"Minbu Township","Hpa Yar Village Tract",0402229
Magway,"Minbu Township","Pu Daung Village Tract",0402230
Magway,"Minbu Township","Paung Village Tract",0402231
Magway,"Minbu Township","Ka Thet Village Tract",0402232
Magway,"Minbu Township","Kyee Kan Village Tract",0402233
Magway,"Minbu Township","Hpyu Kone Village Tract",0402234
Magway,"Minbu Township","Min Village Tract",0402235
Magway,"Minbu Township","Shwe Kyaung Village Tract",0402236
Magway,"Minbu Township","In Pin Hla (Sa Kaw) Village Tract",0402237
Magway,"Minbu Township","Pay Kone Village Tract",0402238
Magway,"Minbu Township","Kaing Taw Gyi Village Tract",0402239
Magway,"Minbu Township","Pan Hlwar Village Tract",0402240
Magway,"Minbu Township","Ka Beit Ma Gyi Chaung Village Tract",0402241
Magway,"Minbu Township","Khan Kone Village Tract",0402242
Magway,"Minbu Township","Hpa Lan Taw Village Tract",0402243
Magway,"Minbu Township","Mon Htaung Village Tract",0402244
Magway,"Minbu Township","Chaung Hpyu Village Tract",0402245
Magway,"Minbu Township","Thee Kone Village Tract",0402246
Magway,"Minbu Township","Kyun Pyar Village Tract",0402247
Magway,"Minbu Township","Min Hla Kyun Village Tract",0402248
Magway,"Minbu Township","Yae Twin Kone Village Tract",0402249
Magway,"Minbu Township","Pauk Pin Htwin Village Tract",0402250
Magway,"Minbu Township","Ma Gyi Thone Pin Village Tract",0402251
Magway,"Minbu Township","Yae Paw Gyi Village Tract",0402252
Magway,"Minbu Township","Sin Gaung Village Tract",0402253
Magway,"Minbu Township","Maung Ma Kan Village Tract",0402254
Magway,"Minbu Township","Zee Aing Village Tract",0402255
Magway,"Minbu Township","Kone Thar Village Tract",0402256
Magway,"Minbu Township","Taung Man San Pya Ywar Thit Village Tract",0402257
Magway,"Minbu Township","Htein Taw Village Tract",0402258
Magway,"Minbu Township","Paik Pin Village Tract",0402259
Magway,"Minbu Township","Yae Ngan Village Tract",0402260
Magway,"Minbu Township","Ywar Pale Kone Tan Village Tract",0402261
Magway,"Minbu Township","Kyee Pin Kan Village Tract",0402262
Magway,"Minbu Township","Hpa Lan Yon Village Tract",0402263
Magway,"Minbu Township","Nan Taw Kone Village Tract",0402264
Magway,"Minbu Township","Ywar Thar Yar Village Tract",0402265
Magway,"Minbu Township","Thin Baw Kyun Village Tract",0402266
Magway,"Pwintbyu Township","Tha Yet Oke Village Tract",0403200
Magway,"Pwintbyu Township","Me Za Li Village Tract",0403201
Magway,"Pwintbyu Township","Sin Lu Myauk Village Tract",0403202
Magway,"Pwintbyu Township","Ma De Village Tract",0403203
Magway,"Pwintbyu Township","Ka Ni Village Tract",0403204
Magway,"Pwintbyu Township","Kyaung Kone Village Tract",0403205
Magway,"Pwintbyu Township","Chaung Son Village Tract",0403206
Magway,"Pwintbyu Township","Yae Poke Gyi Village Tract",0403207
Magway,"Pwintbyu Township","Yae Poke Ka Lay Village Tract",0403208
Magway,"Pwintbyu Township","U Yin Kyit Village Tract",0403209
Magway,"Pwintbyu Township","Tha Man Yin Village Tract",0403210
Magway,"Pwintbyu Township","Taung Inn Ywar Thit Village Tract",0403211
Magway,"Pwintbyu Township","Let Khoke Village Tract",0403212
Magway,"Pwintbyu Township","Nyaung Pin Village Tract",0403213
Magway,"Pwintbyu Township","Inn Daung Village Tract",0403214
Magway,"Pwintbyu Township","Mone Myint Village Tract",0403215
Magway,"Pwintbyu Township","Lel Kaing Village Tract",0403216
Magway,"Pwintbyu Township","Kan Swei Village Tract",0403217
Magway,"Pwintbyu Township","Lel Hla Kone Village Tract",0403218
Magway,"Pwintbyu Township","Kan Thar Gyi Village Tract",0403219
Magway,"Pwintbyu Township","Ku Lar Haung Village Tract",0403220
Magway,"Pwintbyu Township","Ywar Thit Kone Village Tract",0403221
Magway,"Pwintbyu Township","Na Be Kone Village Tract",0403222
Magway,"Pwintbyu Township","Kyit Kaing Village Tract",0403223
Magway,"Pwintbyu Township","Pyi Lone Kyaw Village Tract",0403224
Magway,"Pwintbyu Township","Ah Nauk Lay Ein Village Tract",0403225
Magway,"Pwintbyu Township","Se Taw Village Tract",0403226
Magway,"Pwintbyu Township","Kyu Wun Village Tract",0403227
Magway,"Pwintbyu Township","Hpa Lan Kyin Village Tract",0403228
Magway,"Pwintbyu Township","Kywe Ta Kar Village Tract",0403229
Magway,"Pwintbyu Township","Ywar Khaing Village Tract",0403230
Magway,"Pwintbyu Township","Zee Taw Village Tract",0403231
Magway,"Pwintbyu Township","Mone Za Le Village Tract",0403232
Magway,"Pwintbyu Township","Let Pa Nwe Village Tract",0403233
Magway,"Pwintbyu Township","Ka Pyayt Village Tract",0403234
Magway,"Pwintbyu Township","Kywe Ti Village Tract",0403235
Magway,"Pwintbyu Township","Than Kaing Village Tract",0403236
Magway,"Pwintbyu Township","Kone Zaung Village Tract",0403237
Magway,"Pwintbyu Township","Ah Nauk Kaing Village Tract",0403238
Magway,"Pwintbyu Township","Pay Taw Village Tract",0403239
Magway,"Pwintbyu Township","Tha Yet Taw Village Tract",0403240
Magway,"Pwintbyu Township","Nyaung Chon Village Tract",0403241
Magway,"Pwintbyu Township","Ah Shey Lay Ein Village Tract",0403242
Magway,"Pwintbyu Township","Nan Taw Kyun Village Tract",0403243
Magway,"Pwintbyu Township","Pauk Kone Village Tract",0403244
Magway,"Pwintbyu Township","Se Mone Village Tract",0403245
Magway,"Pwintbyu Township","Hta Naung Kone Village Tract",0403246
Magway,"Pwintbyu Township","Shwe Hlay Village Tract",0403247
Magway,"Pwintbyu Township","Kyaung Taw Yar (1) Village Tract",0403248
Magway,"Pwintbyu Township","Min Myay Village Tract",0403249
Magway,"Pwintbyu Township","Hpa Lan Taw Village Tract",0403250
Magway,"Pwintbyu Township","Zee Kaing Village Tract",0403251
Magway,"Salin Township","Nga Than Khaung Village Tract",0404200
Magway,"Salin Township","Auk Hlaing Village Tract",0404201
Magway,"Salin Township","Gway Pin Zin Village Tract",0404202
Magway,"Salin Township","Ku Hpyu Village Tract",0404203
Magway,"Salin Township","Ah Nauk Kan Baung Village Tract",0404204
Magway,"Salin Township","Kyo Wun Village Tract",0404205
Magway,"Salin Township","Let Me Village Tract",0404206
Magway,"Salin Township","Sin Kyone Village Tract",0404207
Magway,"Salin Township","Za Yat Hla Village Tract",0404208
Magway,"Salin Township","Shan Su Village Tract",0404209
Magway,"Salin Township","Ta Mar Chaung Village Tract",0404210
Magway,"Salin Township","Taw Seint Village Tract",0404211
Magway,"Salin Township","Yone Pin Kan Village Tract",0404212
Magway,"Salin Township","Ma Gyi Pin Pu Village Tract",0404213
Magway,"Salin Township","Taung Ywar Htan Taw Village Tract",0404214
Magway,"Salin Township","Ywar Ma Kaw (Kyi Kone) Village Tract",0404215
Magway,"Salin Township","Ywar Hmat Village Tract",0404216
Magway,"Salin Township","Htu Pauk Village Tract",0404217
Magway,"Salin Township","Kyet Tha Kaing Village Tract",0404218
Magway,"Salin Township","Shwe Bon Thar Village Tract",0404219
Magway,"Salin Township","Moe Wun Village Tract",0404220
Magway,"Salin Township","Tha Myin Kin Village Tract",0404221
Magway,"Salin Township","Myay Mi Kone Village Tract",0404222
Magway,"Salin Township","Taung Pyit Kone (Ma Gyi Pyar) Village Tract",0404223
Magway,"Salin Township","Hpaung Lin Village Tract",0404224
Magway,"Salin Township","Bee Zat Village Tract",0404225
Magway,"Salin Township","Ta Taung Kan Village Tract",0404226
Magway,"Salin Township","Pauk Yin Kone Village Tract",0404227
Magway,"Salin Township","Myaung Kauk Village Tract",0404228
Magway,"Salin Township","Hma Yoe Kone Village Tract",0404229
Magway,"Salin Township","Pauk Lay Pin Village Tract",0404230
Magway,"Salin Township","Paung Tu Village Tract",0404231
Magway,"Salin Township","Dar Swei Kan Village Tract",0404232
Magway,"Salin Township","Tha Nat Kone Village Tract",0404233
Magway,"Salin Township","Son Kone Village Tract",0404234
Magway,"Salin Township","Sun Kyun Nyo Village Tract",0404235
Magway,"Salin Township","Seik Gyi Village Tract",0404236
Magway,"Salin Township","Tha Pyay Pin Village Tract",0404237
Magway,"Salin Township","Nwe Ta Mei Village Tract",0404238
Magway,"Salin Township","Kyaung Kone Village Tract",0404239
Magway,"Salin Township","Zee Kyun Village Tract",0404240
Magway,"Salin Township","Chaung Hpyu Myauk Village Tract",0404241
Magway,"Salin Township","Pan Taw Village Tract",0404242
Magway,"Salin Township","Tha Yet Chin Village Tract",0404243
Magway,"Salin Township","Sin Ma Kyun Village Tract",0404244
Magway,"Salin Township","Zee Kone Village Tract",0404245
Magway,"Salin Township","Shar Taw (North) Village Tract",0404246
Magway,"Salin Township","Nyaung Inn Village Tract",0404247
Magway,"Salin Township","Kyauk Ye Kyun Village Tract",0404248
Magway,"Salin Township","Me Ywar Kyun Village Tract",0404249
Magway,"Salin Township","Shar Taw Ah Shey Village Tract",0404250
Magway,"Salin Township","Kyet Hin Khar Kyun Village Tract",0404251
Magway,"Salin Township","Chaung Hpyu (East) Village Tract",0404252
Magway,"Salin Township","Nyaung Pin Lel Kyin Village Tract",0404253
Magway,"Salin Township","Daunt Boe Village Tract",0404254
Magway,"Salin Township","Ta Lin Gyi Kone Village Tract",0404255
Magway,"Salin Township","Tha Yet Kone Village Tract",0404256
Magway,"Salin Township","Ah Shey Kan Baung Village Tract",0404257
Magway,"Salin Township","Pyoe Khin Kone Village Tract",0404258
Magway,"Salin Township","Taw Gyi Village Tract",0404259
Magway,"Salin Township","Kya Pin Village Tract",0404260
Magway,"Salin Township","Nyaung (Lin Zin) Village Tract",0404261
Magway,"Salin Township","In Kyin Pin Hla Village Tract",0404262
Magway,"Salin Township","Kan Pyar Village Tract",0404263
Magway,"Salin Township","Pu Khat Taing Village Tract",0404264
Magway,"Salin Township","Kyat Pei Village Tract",0404265
Magway,"Salin Township","Swei Tei Village Tract",0404266
Magway,"Salin Township","Kan Chauk (Kyun Te) Village Tract",0404267
Magway,"Salin Township","Kyauk Oe Village Tract",0404268
Magway,"Salin Township","Ta Hnyaunt Tin (Khaw Ta Hnyaunt Tin) Village Tract",0404269
Magway,"Salin Township","Sha Shar (North) Village Tract",0404270
Magway,"Salin Township","Se Kan Village Tract",0404271
Magway,"Salin Township","Kyun Yin Village Tract",0404272
Magway,"Salin Township","Lel Ma Village Tract",0404273
Magway,"Salin Township","Oe Thei Village Tract",0404274
Magway,"Salin Township","Kan (Shwe Ku) Village Tract",0404275
Magway,"Salin Township","Taw Na Lin Village Tract",0404276
Magway,"Salin Township","Min Hlyin Village Tract",0404277
Magway,"Salin Township","Kyone Village Tract",0404278
Magway,"Salin Township","Tha Yet Taw Village Tract",0404279
Magway,"Salin Township","Thit Khauk Taung Village Tract",0404280
Magway,"Salin Township","Wun Ya Village Tract",0404281
Magway,"Salin Township","Ku Yin Chauk (Sa Bai Gyi) Village Tract",0404282
Magway,"Salin Township","Pya Tauk Village Tract",0404283
Magway,"Salin Township","Kin Mun Chon Village Tract",0404284
Magway,"Salin Township","Kywe U Village Tract",0404285
Magway,"Salin Township","Nga Hlaing Twin Village Tract",0404286
Magway,"Salin Township","Ta Nyaung Village Tract",0404287
Magway,"Salin Township","Shwe Zan Thee Village Tract",0404288
Magway,"Salin Township","Myay Nu Village Tract",0404289
Magway,"Salin Township","Yae Paw Kyun Village Tract",0404290
Magway,"Salin Township","Si Zwe Village Tract",0404291
Magway,"Salin Township","Thin Pan Taw (a) Tha Man Kyin Village Tract",0404292
Magway,"Salin Township","Zee Hpyu Pin Village Tract",0404293
Magway,"Salin Township","Nat Tat Village Tract",0404294
Magway,"Salin Township","Oke Shit Kone Village Tract",0404295
Magway,"Salin Township","Nyaung Pin Village Tract",0404296
Magway,"Salin Township","Kan Taw Village Tract",0404297
Magway,"Salin Township","Ra Day Village Tract",0404298
Magway,"Salin Township","Taung Bo Village Tract",0404299
Magway,"Salin Township","Sin Hpyu Kyun (1) Village Tract",0404300
Magway,"Salin Township","Sin Hpyu Kyun (2) Village Tract",0404301
Magway,"Sidoktaya Township","Hpyin Gyi Village Tract",0405200
Magway,"Sidoktaya Township","Sin Chaung Village Tract",0405201
Magway,"Sidoktaya Township","Ah Paw Village Tract",0405202
Magway,"Sidoktaya Township","Lone Gyi Village Tract",0405203
Magway,"Sidoktaya Township","Let Pan Kyin Village Tract",0405204
Magway,"Sidoktaya Township","Ah Kyi Village Tract",0405205
Magway,"Sidoktaya Township","Ta Pwin Village Tract",0405206
Magway,"Sidoktaya Township","Dway Kyin Village Tract",0405207
Magway,"Sidoktaya Township","Nat Gyi Village Tract",0405208
Magway,"Sidoktaya Township","Pan Ei Hnyar Village Tract",0405209
Magway,"Sidoktaya Township","Pan Ei Village Tract",0405210
Magway,"Sidoktaya Township","Bu Village Tract",0405211
Magway,"Sidoktaya Township","Ma Gyi Village Tract",0405212
Magway,"Sidoktaya Township","Chi Village Tract",0405213
Magway,"Sidoktaya Township","Aung Village Tract",0405214
Magway,"Sidoktaya Township","Ah Lel Pon Village Tract",0405215
Magway,"Sidoktaya Township","Ma Htein Village Tract",0405216
Magway,"Sidoktaya Township","Ka Zin Village Tract",0405217
Magway,"Sidoktaya Township","Nan Kyu Village Tract",0405218
Magway,"Sidoktaya Township","Ohn War Village Tract",0405219
Magway,"Sidoktaya Township","Kan Taing Village Tract",0405220
Magway,"Sidoktaya Township","Kyan Seint Village Tract",0405221
Magway,"Sidoktaya Township","Tei Soke Village Tract",0405222
Magway,"Sidoktaya Township","Yae Thaung Village Tract",0405223
Magway,"Sidoktaya Township","Pu Paing Village Tract",0405224
Magway,"Sidoktaya Township","Han Dauk Village Tract",0405225
Magway,"Sidoktaya Township","Khway Ma Laung Village Tract",0405226
Magway,"Sidoktaya Township","Nga Le Village Tract",0405227
Magway,"Sidoktaya Township","Kyaung Thaik Village Tract",0405228
Magway,"Sidoktaya Township","Tha Yan Kaing Village Tract",0405229
Magway,"Sidoktaya Township","Chin Pyit Kaing Village Tract",0405230
Magway,"Sidoktaya Township","Myaung U Village Tract",0405231
Magway,"Sidoktaya Township","Myay Ni Village Tract",0405232
Magway,"Sidoktaya Township","Than Se Village Tract",0405233
Magway,"Sidoktaya Township","Thet Lel Village Tract",0405234
Magway,"Sidoktaya Township","Mun Zaw Village Tract",0405235
Magway,"Sidoktaya Township","Kyee Wa Village Tract",0405236
Magway,"Sidoktaya Township","Tei Zar Village Tract",0405237
Magway,"Sidoktaya Township","Mon Hnyin Village Tract",0405238
Magway,"Sidoktaya Township","Nyaung Kone Village Tract",0405239
Magway,"Sidoktaya Township","Man Dat Kaing Village Tract",0405240
Magway,"Sidoktaya Township","Ku Taw Village Tract",0405241
Magway,"Sidoktaya Township","Kaung Gyi Village Tract",0405242
Magway,"Sidoktaya Township","Hpar Aing Village Tract",0405243
Magway,"Sidoktaya Township","Sit Ngan Village Tract",0405244
Magway,"Sidoktaya Township","Don Chaung Village Tract",0405245
Magway,"Ngape Township","Nei Zaw Village Tract",0406200
Magway,"Ngape Township","Pin U Village Tract",0406201
Magway,"Ngape Township","Oe Myay Htwin Village Tract",0406202
Magway,"Ngape Township","Si Thar Village Tract",0406203
Magway,"Ngape Township","Thar Yar Kone Village Tract",0406204
Magway,"Ngape Township","Chaung Hpyu Village Tract",0406205
Magway,"Ngape Township","Min Lwin Village Tract",0406206
Magway,"Ngape Township","Kyaung Kone Village Tract",0406207
Magway,"Ngape Township","Shauk Taung Village Tract",0406208
Magway,"Ngape Township","Pay Kone Village Tract",0406209
Magway,"Ngape Township","Paung Ka Lay Village Tract",0406210
Magway,"Ngape Township","Pan Tein Village Tract",0406211
Magway,"Ngape Township","Sin Chi Taing Village Tract",0406212
Magway,"Ngape Township","Pa Dan Village Tract",0406213
Magway,"Ngape Township","Yint Shey Village Tract",0406214
Magway,"Ngape Township","Man Aung Village Tract",0406215
Magway,"Ngape Township","Zee Taw Gyi Village Tract",0406216
Magway,"Ngape Township","Su Pa Daung Village Tract",0406217
Magway,"Ngape Township","Sat Si Taung Village Tract",0406218
Magway,"Ngape Township","Goke Gyi Village Tract",0406219
Magway,"Ngape Township","Zin Pyun Village Tract",0406220
Magway,"Ngape Township","Myit Hpyar Village Tract",0406221
Magway,"Ngape Township","Pa Zi Village Tract",0406222
Magway,"Ngape Township","Laing Village Tract",0406223
Magway,"Ngape Township","Bone Baw Village Tract",0406224
Magway,"Ngape Township","Naung Village Tract",0406225
Magway,"Ngape Township","Pa Bway Village Tract",0406226
Magway,"Ngape Township","Lin De Village Tract",0406227
Magway,"Ngape Township","Sun Tet Village Tract",0406228
Magway,"Ngape Township","Tin Pyin Village Tract",0406229
Magway,"Ngape Township","Pa Be Village Tract",0406230
Magway,"Minhla Township","Ywar Taw Village Tract",0407200
Magway,"Minhla Township","Nyaung Pin Thar Village Tract",0407201
Magway,"Minhla Township","Kone Gyi Village Tract",0407202
Magway,"Minhla Township","Ma Lun Village Tract",0407203
Magway,"Minhla Township","Le Pin Kyin Village Tract",0407204
Magway,"Minhla Township","Tha Pyay Taw Village Tract",0407205
Magway,"Minhla Township","Pay Taw (Kan Nar) Village Tract",0407206
Magway,"Minhla Township","Yae Khar Village Tract",0407207
Magway,"Minhla Township","Htan Kaing Village Tract",0407208
Magway,"Minhla Township","Taung U Village Tract",0407209
Magway,"Minhla Township","Pan Taw Pyin Village Tract",0407210
Magway,"Minhla Township","Sit Sa Noet Village Tract",0407211
Magway,"Minhla Township","Lel Hla Village Tract",0407212
Magway,"Minhla Township","Dee Doke Kan Village Tract",0407213
Magway,"Minhla Township","Yae Nan Ma Village Tract",0407214
Magway,"Minhla Township","Kha Laing Village Tract",0407215
Magway,"Minhla Township","Daung Boke Village Tract",0407216
Magway,"Minhla Township","Sin Ma Taung Village Tract",0407217
Magway,"Minhla Township","Ka Nyin Gyi Village Tract",0407218
Magway,"Minhla Township","Nyaung Waing Village Tract",0407219
Magway,"Minhla Township","Min Te Gyi Village Tract",0407220
Magway,"Minhla Township","See Village Tract",0407221
Magway,"Minhla Township","Ma Lun San Village Tract",0407222
Magway,"Minhla Township","Bweit Village Tract",0407223
Magway,"Minhla Township","San Aing Village Tract",0407224
Magway,"Minhla Township","Lin Kei Village Tract",0407225
Magway,"Minhla Township","Kyauk Pa Daung Village Tract",0407226
Magway,"Minhla Township","San Village Tract",0407227
Magway,"Minhla Township","Let Khoke Pin Village Tract",0407228
Magway,"Minhla Township","Pin Ga Village Tract",0407229
Magway,"Minhla Township","Kyauk Let Khat Village Tract",0407230
Magway,"Minhla Township","Pay Yin Village Tract",0407231
Magway,"Minhla Township","Yae Twin Myaung Village Tract",0407232
Magway,"Minhla Township","Wet Choke Village Tract",0407233
Magway,"Minhla Township","Yae Twin Gyi Village Tract",0407234
Magway,"Minhla Township","Ta Loke Yin Village Tract",0407235
Magway,"Minhla Township","Kyauk Pon Village Tract",0407236
Magway,"Minhla Township","Oe Bo Kone Village Tract",0407237
Magway,"Minhla Township","Nwar Le Village Tract",0407238
Magway,"Minhla Township","Na Gar Aing Village Tract",0407239
Magway,"Minhla Township","Kan Toke Village Tract",0407240
Magway,"Minhla Township","Myay Char Village Tract",0407241
Magway,"Minhla Township","Sin Ma Kya Village Tract",0407242
Magway,"Minhla Township","Sat Pyar Village Tract",0407243
Magway,"Minhla Township","Shan Tat Kone Village Tract",0407244
Magway,"Minhla Township","Yae Kyaw Village Tract",0407245
Magway,"Minhla Township","Pay Taw Kone Village Tract",0407246
Magway,"Minhla Township","Bant Pyin Village Tract",0407247
Magway,"Minhla Township","San Lel Village Tract",0407248
Magway,"Minhla Township","Ka Du Pauk (Mee Laung Kone) Village Tract",0407249
Magway,"Minhla Township","Shwe Chaung Village Tract",0407250
Magway,"Minhla Township","Kaing Nge Village Tract",0407251
Magway,"Minhla Township","San Gyi Village Tract",0407252
Magway,"Minhla Township","Yae Ngan Village Tract",0407253
Magway,"Minhla Township","Myo Thit Village Tract",0407254
Magway,"Minhla Township","Let Pan Ta Gar Village Tract",0407255
Magway,"Minhla Township","Pa Ni Son Village Tract",0407256
Magway,"Minhla Township","Thway Kyauk Village Tract",0407257
Magway,"Minhla Township","Kan Ni Village Tract",0407258
Magway,"Minhla Township","Tha Khut Yin Village Tract",0407259
Magway,"Minhla Township","Auk Kaing Village Tract",0407260
Magway,"Minhla Township","Hlayt Sin Village Tract",0407261
Magway,"Minhla Township","Ka Daung Kyin Village Tract",0407262
Magway,"Sinbaungwe Township","Kyun Village Tract",0408200
Magway,"Sinbaungwe Township","Lel Kyoe Village Tract",0408201
Magway,"Sinbaungwe Township","Nyan Taw Inn Village Tract",0408202
Magway,"Sinbaungwe Township","Ma Gyi Kone Village Tract",0408203
Magway,"Sinbaungwe Township","War Shi Village Tract",0408204
Magway,"Sinbaungwe Township","Sar Ra Pay Village Tract",0408205
Magway,"Sinbaungwe Township","Baw Myint Village Tract",0408206
Magway,"Sinbaungwe Township","Kyauk Saung San Village Tract",0408207
Magway,"Sinbaungwe Township","Htauk Ma Village Tract",0408208
Magway,"Sinbaungwe Township","Kyar Inn Village Tract",0408209
Magway,"Sinbaungwe Township","Kyauk Chet Village Tract",0408210
Magway,"Sinbaungwe Township","Hmun Nyaung Pin Thar Village Tract",0408211
Magway,"Sinbaungwe Township","Ma Gyi Kan Village Tract",0408212
Magway,"Sinbaungwe Township","Zaung Tan Gyi Village Tract",0408213
Magway,"Sinbaungwe Township","Da Gon Hmaw Village Tract",0408214
Magway,"Sinbaungwe Township","Zaung Chan Taung Village Tract",0408215
Magway,"Sinbaungwe Township","Inn Ma Village Tract",0408216
Magway,"Sinbaungwe Township","Shwe Maung Sun Village Tract",0408217
Magway,"Sinbaungwe Township","Ywar Pale Village Tract",0408218
Magway,"Sinbaungwe Township","Ngan Pyar Village Tract",0408219
Magway,"Sinbaungwe Township","Let Pan Village Tract",0408220
Magway,"Sinbaungwe Township","Si Taing Village Tract",0408221
Magway,"Sinbaungwe Township","Htein Inn Village Tract",0408222
Magway,"Sinbaungwe Township","Taw Nyaung Pin Thar Village Tract",0408223
Magway,"Sinbaungwe Township","Hlay Wun Village Tract",0408224
Magway,"Sinbaungwe Township","Sit Say Chaung Village Tract",0408225
Magway,"Sinbaungwe Township","Chaung Kauk Village Tract",0408226
Magway,"Sinbaungwe Township","Aye Ka RitA Village Tract",0408227
Magway,"Sinbaungwe Township","Kyar Htu San Village Tract",0408228
Magway,"Sinbaungwe Township","Kyaung Kone Village Tract",0408229
Magway,"Sinbaungwe Township","Tha Hngar Village Tract",0408230
Magway,"Sinbaungwe Township","Lel Ma Village Tract",0408231
Magway,"Sinbaungwe Township","Lay Du Kwe Village Tract",0408232
Magway,"Sinbaungwe Township","Sin Ma Taung Village Tract",0408233
Magway,"Sinbaungwe Township","Da None Myaung Village Tract",0408234
Magway,"Sinbaungwe Township","Kone Bo Village Tract",0408235
Magway,"Sinbaungwe Township","Hmun Sa Village Tract",0408236
Magway,"Sinbaungwe Township","Kan Chaung Village Tract",0408237
Magway,"Sinbaungwe Township","Zee Hpyu Kone Village Tract",0408238
Magway,"Sinbaungwe Township","Le Zin Village Tract",0408239
Magway,"Sinbaungwe Township","Gway Tauk San Village Tract",0408240
Magway,"Sinbaungwe Township","Shwe Pan Taw Village Tract",0408241
Magway,"Sinbaungwe Township","In Yone Village Tract",0408242
Magway,"Sinbaungwe Township","Thar Si Village Tract",0408243
Magway,"Sinbaungwe Township","Kyin Village Tract",0408244
Magway,"Sinbaungwe Township","Let Pan Ngu Village Tract",0408245
Magway,"Thayet Township","Yae Myet Village Tract",0409200
Magway,"Thayet Township","Shwe Pan Kaing Village Tract",0409201
Magway,"Thayet Township","Ah Lat Lel Village Tract",0409202
Magway,"Thayet Township","Gon Ma Ni Village Tract",0409203
Magway,"Thayet Township","Tat Village Tract",0409204
Magway,"Thayet Township","Nyaung Ywar Nge Village Tract",0409205
Magway,"Thayet Township","Ohn Mun Taw Village Tract",0409206
Magway,"Thayet Township","Pun Gyi Village Tract",0409207
Magway,"Thayet Township","Htee Yoe Village Tract",0409208
Magway,"Thayet Township","Moe Nat Kone Village Tract",0409209
Magway,"Thayet Township","Baw Village Tract",0409210
Magway,"Thayet Township","San Lel Village Tract",0409211
Magway,"Thayet Township","Inn Lel Village Tract",0409212
Magway,"Thayet Township","Mya Sa Kaing Village Tract",0409213
Magway,"Thayet Township","Kyar Kan Village Tract",0409214
Magway,"Thayet Township","Sin Thay Village Tract",0409215
Magway,"Thayet Township","Let Pan Seik Village Tract",0409216
Magway,"Thayet Township","Oke Shit Kone Village Tract",0409217
Magway,"Thayet Township","Kya U Village Tract",0409218
Magway,"Thayet Township","Koe Pin Village Tract",0409219
Magway,"Thayet Township","Hman Din Gyi Village Tract",0409220
Magway,"Thayet Township","Yae Hpyu Village Tract",0409221
Magway,"Thayet Township","Tha Yet Myint Village Tract",0409222
Magway,"Thayet Township","Myauk Kyut Village Tract",0409223
Magway,"Thayet Township","Yae Bwet Village Tract",0409224
Magway,"Thayet Township","Pauk Taw Village Tract",0409225
Magway,"Thayet Township","Pyin Aing Village Tract",0409226
Magway,"Thayet Township","Ta La Par Village Tract",0409227
Magway,"Thayet Township","Ban Kone Village Tract",0409228
Magway,"Thayet Township","Pon Nar Village Tract",0409229
Magway,"Thayet Township","Gyoe Gyar Village Tract",0409230
Magway,"Thayet Township","Sin Kaw Village Tract",0409231
Magway,"Thayet Township","Twin Lel Village Tract",0409232
Magway,"Thayet Township","San Aint Village Tract",0409233
Magway,"Thayet Township","Par Put Village Tract",0409234
Magway,"Thayet Township","Ton Village Tract",0409235
Magway,"Thayet Township","Ywar Ma Village Tract",0409236
Magway,"Thayet Township","Pauk U Kar Village Tract",0409237
Magway,"Thayet Township","Pyin Htaung Village Tract",0409238
Magway,"Thayet Township","Min Te Village Tract",0409239
Magway,"Thayet Township","Inn Ma Nge Village Tract",0409240
Magway,"Thayet Township","Pi Tauk Pin Village Tract",0409241
Magway,"Thayet Township","Peik Tha Lein Village Tract",0409242
Magway,"Thayet Township","Pya Yae Village Tract",0409243
Magway,"Thayet Township","Htone Htaung Village Tract",0409244
Magway,"Thayet Township","Pay Ka Tin Village Tract",0409245
Magway,"Thayet Township","Ban Pyin Village Tract",0409246
Magway,"Thayet Township","Kun Ohn Village Tract",0409247
Magway,"Thayet Township","Nga Hlaing Chon Village Tract",0409248
Magway,"Thayet Township","Kyauk Oe Village Tract",0409249
Magway,"Thayet Township","Nyaung Zit Village Tract",0409250
Magway,"Thayet Township","Yae Paw Kyun Village Tract",0409251
Magway,"Thayet Township","Taw Myin Thar Village Tract",0409252
Magway,"Mindon Township","Min Ga Lar U Village Tract",0410200
Magway,"Mindon Township","Ta Dar Village Tract",0410201
Magway,"Mindon Township","Min Ywar Kaing Village Tract",0410202
Magway,"Mindon Township","Bu Taung Village Tract",0410203
Magway,"Mindon Township","Kaing Nge Village Tract",0410204
Magway,"Mindon Township","Tha Nyan Village Tract",0410205
Magway,"Mindon Township","Pan Tone Village Tract",0410206
Magway,"Mindon Township","Htauk Yit Village Tract",0410207
Magway,"Mindon Township","Pauk Kaing Village Tract",0410208
Magway,"Mindon Township","Ku Hpyu Village Tract",0410209
Magway,"Mindon Township","Pyaung Pyar Village Tract",0410210
Magway,"Mindon Township","Nyaung Kyet Village Tract",0410211
Magway,"Mindon Township","Htan Pin Kone Village Tract",0410212
Magway,"Mindon Township","Ta Mar Village Tract",0410213
Magway,"Mindon Township","Kin Mun Taunt Village Tract",0410214
Magway,"Mindon Township","Htein Kaing Village Tract",0410215
Magway,"Mindon Township","Pyaung Village Tract",0410216
Magway,"Mindon Township","Wet Kaw Village Tract",0410217
Magway,"Mindon Township","Hpyu Kan Village Tract",0410218
Magway,"Mindon Township","Sa Par Tan Village Tract",0410219
Magway,"Mindon Township","Mee Pauk (Ta Loke Pin) Village Tract",0410220
Magway,"Mindon Township","Lin Pan Village Tract",0410221
Magway,"Mindon Township","Kan Paing Village Tract",0410222
Magway,"Mindon Township","Wun Twin Village Tract",0410223
Magway,"Mindon Township","Kyat Wa Village Tract",0410224
Magway,"Mindon Township","Gway Tauk Cho Village Tract",0410225
Magway,"Mindon Township","Kyoet Wa Village Tract",0410226
Magway,"Mindon Township","Myauk Pyin Village Tract",0410227
Magway,"Mindon Township","Daunt Taik Village Tract",0410228
Magway,"Mindon Township","Nga Khu Oe Village Tract",0410229
Magway,"Mindon Township","Me Za Li Village Tract",0410230
Magway,"Mindon Township","Hman Village Tract",0410231
Magway,"Mindon Township","Pe Myauk Village Tract",0410232
Magway,"Mindon Township","Tat Village Tract",0410233
Magway,"Mindon Township","Nat Mauk Village Tract",0410234
Magway,"Mindon Township","Hlwar Wa Village Tract",0410235
Magway,"Mindon Township","Chin Hnit Village Tract",0410236
Magway,"Mindon Township","Min Tat Village Tract",0410237
Magway,"Mindon Township","Taung Yan Village Tract",0410238
Magway,"Mindon Township","Khway Tauk Village Tract",0410239
Magway,"Mindon Township","Mee Pauk (Ma Gyi Kyaw) Village Tract",0410240
Magway,"Mindon Township","Kyauk Gyi Village Tract",0410241
Magway,"Mindon Township","Taung Pat Village Tract",0410242
Magway,"Mindon Township","Ah Lel Chaung Village Tract",0410243
Magway,"Mindon Township","Myo Haung Village Tract",0410244
Magway,"Mindon Township","Inn Pyet Village Tract",0410245
Magway,"Mindon Township","Yaw Village Tract",0410246
Magway,"Mindon Township","Than Bu La Village Tract",0410247
Magway,"Mindon Township","Saing Doe Village Tract",0410248
Magway,"Mindon Township","Kyoet Kone Village Tract",0410249
Magway,"Mindon Township","Sa Ka Te Village Tract",0410250
Magway,"Mindon Township","Htan Lay Pin Village Tract",0410251
Magway,"Mindon Township","Kan Lel Village Tract",0410252
Magway,"Mindon Township","Taing Tar Village Tract",0410253
Magway,"Mindon Township","Nga Pon Kone Village Tract",0410254
Magway,"Mindon Township","Tha Min Ka Toke Village Tract",0410255
Magway,"Mindon Township","Taung Taw Village Tract",0410256
Magway,"Mindon Township","Kyauk Taing Village Tract",0410257
Magway,"Mindon Township","Lel Ma Village Tract",0410258
Magway,"Mindon Township","Pway Du Village Tract",0410259
Magway,"Mindon Township","San Gyi Village Tract",0410260
Magway,"Mindon Township","Khon Taing Kyin Village Tract",0410261
Magway,"Mindon Township","Lel Gyi Daunt Village Tract",0410262
Magway,"Mindon Township","Ta Kaung Net Village Tract",0410263
Magway,"Mindon Township","Zin Kyan Village Tract",0410264
Magway,"Mindon Township","Myone Wa Village Tract",0410265
Magway,"Mindon Township","Lel Pu Pyar Village Tract",0410266
Magway,"Mindon Township","U Yin Pu Village Tract",0410267
Magway,"Mindon Township","Pein Hne Pin Village Tract",0410268
Magway,"Mindon Township","Pan Taw Village Tract",0410269
Magway,"Mindon Township","Myaung Village Tract",0410270
Magway,"Mindon Township","Tan (Tha Yet Chin) Village Tract",0410271
Magway,"Kamma Township","Zee Taw Village Tract",0411200
Magway,"Kamma Township","Sa Bai Chon Village Tract",0411201
Magway,"Kamma Township","Ka Du Pyin Village Tract",0411202
Magway,"Kamma Township","Ah Lel Village Tract",0411203
Magway,"Kamma Township","Pya Aung Village Tract",0411204
Magway,"Kamma Township","Pyin Htaung Village Tract",0411205
Magway,"Kamma Township","Kyoet Pin Village Tract",0411206
Magway,"Kamma Township","Mone Dar Village Tract",0411207
Magway,"Kamma Township","Thar Zi Village Tract",0411208
Magway,"Kamma Township","Tha Yet Chaung Village Tract",0411209
Magway,"Kamma Township","Si Village Tract",0411210
Magway,"Kamma Township","Hpa Yon Hla Village Tract",0411211
Magway,"Kamma Township","Kyauk Me Village Tract",0411212
Magway,"Kamma Township","Ah Lel Chaung Village Tract",0411213
Magway,"Kamma Township","Htan Kauk Village Tract",0411214
Magway,"Kamma Township","Put Su Village Tract",0411215
Magway,"Kamma Township","Nga Me Village Tract",0411216
Magway,"Kamma Township","Ka Nyin Taing Village Tract",0411217
Magway,"Kamma Township","Gyun Taung Village Tract",0411218
Magway,"Kamma Township","Mya Wa Di Village Tract",0411219
Magway,"Kamma Township","Wea Gyi Village Tract",0411220
Magway,"Kamma Township","Sit Sa Ran Village Tract",0411221
Magway,"Kamma Township","Kywe Ta Lin Village Tract",0411222
Magway,"Kamma Township","Thet Kei Myaung Village Tract",0411223
Magway,"Kamma Township","Lein Tone Village Tract",0411224
Magway,"Kamma Township","Pei Kya Village Tract",0411225
Magway,"Kamma Township","Thit Mei Zi Village Tract",0411226
Magway,"Kamma Township","Bant Bway Kyin Village Tract",0411227
Magway,"Kamma Township","Pa Zin Naint Village Tract",0411228
Magway,"Kamma Township","Min Te Village Tract",0411229
Magway,"Kamma Township","Yae Nant Thar Village Tract",0411230
Magway,"Kamma Township","Pu Nyo Village Tract",0411231
Magway,"Kamma Township","Than Ba Yar Village Tract",0411232
Magway,"Kamma Township","Taw Ma Village Tract",0411233
Magway,"Kamma Township","Kyauk Saung Village Tract",0411234
Magway,"Kamma Township","Ywar Thar Yar Village Tract",0411235
Magway,"Kamma Township","Kyee Mee Village Tract",0411236
Magway,"Kamma Township","Kyauk Pa Daung Village Tract",0411237
Magway,"Kamma Township","Inn Gyi Kone Village Tract",0411238
Magway,"Kamma Township","Nat Mee Village Tract",0411239
Magway,"Kamma Township","Htan Kaw Village Tract",0411240
Magway,"Kamma Township","Chauk Pin Village Tract",0411241
Magway,"Kamma Township","Ah Lat Lel Village Tract",0411242
Magway,"Kamma Township","In Bet Taw Village Tract",0411243
Magway,"Kamma Township","Oke Shit Cho Village Tract",0411244
Magway,"Kamma Township","Htan Lay Pin Village Tract",0411245
Magway,"Kamma Township","Min Pyin Village Tract",0411246
Magway,"Kamma Township","Dhamma Thaw Village Tract",0411247
Magway,"Kamma Township","Gone Thaung Village Tract",0411248
Magway,"Kamma Township","Inn Be Village Tract",0411249
Magway,"Kamma Township","Kin Village Tract",0411250
Magway,"Kamma Township","Kyun Ka Lay Village Tract",0411251
Magway,"Natmauk Township","Inn Kone (North) Village Tract",0412200
Magway,"Natmauk Township","Ta Khun Taing Village Tract",0412201
Magway,"Natmauk Township","Pi Tauk Ngoke Village Tract",0412202
Magway,"Natmauk Township","Ta Ma Lan Pin Village Tract",0412203
Magway,"Natmauk Township","Tet Wun Village Tract",0412204
Magway,"Natmauk Township","Htone Pauk Chaing Village Tract",0412205
Magway,"Natmauk Township","Wet Choke Village Tract",0412206
Magway,"Natmauk Township","Tha Hmone Pin Village Tract",0412207
Magway,"Natmauk Township","Mei Za Li Pin Village Tract",0412208
Magway,"Natmauk Township","Twin Gyi Village Tract",0412209
Magway,"Natmauk Township","Aing Zauk Village Tract",0412210
Magway,"Natmauk Township","Zay Thar Village Tract",0412211
Magway,"Natmauk Township","Si Thar Village Tract",0412212
Magway,"Natmauk Township","Lay Ein Village Tract",0412213
Magway,"Natmauk Township","Sa Khan Ma Village Tract",0412214
Magway,"Natmauk Township","War Yon Kone Village Tract",0412215
Magway,"Natmauk Township","Chaung Net Village Tract",0412216
Magway,"Natmauk Township","Yae Htwet Village Tract",0412217
Magway,"Natmauk Township","Te Gyi Village Tract",0412218
Magway,"Natmauk Township","Lin Ka Toe Village Tract",0412219
Magway,"Natmauk Township","Nyaung Kyat Pin Village Tract",0412220
Magway,"Natmauk Township","Thar Hmyar Village Tract",0412221
Magway,"Natmauk Township","Ywar Mun Village Tract",0412222
Magway,"Natmauk Township","Yae Ngan Village Tract",0412223
Magway,"Natmauk Township","Pay Pin Kone Village Tract",0412224
Magway,"Natmauk Township","Na-Gway Cho Village Tract",0412225
Magway,"Natmauk Township","Na-Kyar Htu Village Tract",0412226
Magway,"Natmauk Township","Bone Taw Pyayt Village Tract",0412227
Magway,"Natmauk Township","Gway Pin Village Tract",0412228
Magway,"Natmauk Township","Na-Let Khoke Pin Village Tract",0412229
Magway,"Natmauk Township","Kyauk Pon Village Tract",0412230
Magway,"Natmauk Township","Hpan Khar San Village Tract",0412231
Magway,"Natmauk Township","Son Ma Gyi Pin Village Tract",0412232
Magway,"Natmauk Township","Taung Bet Gyi Village Tract",0412233
Magway,"Natmauk Township","Aing Pauk Kone Village Tract",0412234
Magway,"Natmauk Township","Ma Gyi Cho Village Tract",0412235
Magway,"Natmauk Township","Moe Nan Taw Village Tract",0412236
Magway,"Natmauk Township","Inn Kan Village Tract",0412237
Magway,"Natmauk Township","Sin Thay Kan Village Tract",0412238
Magway,"Natmauk Township","Shan Kone Village Tract",0412239
Magway,"Natmauk Township","Gway Kone Village Tract",0412240
Magway,"Natmauk Township","Shwe Pan Taw Village Tract",0412241
Magway,"Natmauk Township","Kyaung Kone Village Tract",0412242
Magway,"Natmauk Township","Dant Da Lun Pin Village Tract",0412243
Magway,"Natmauk Township","Hpet Than Taung Village Tract",0412244
Magway,"Natmauk Township","Ah Lel Ywar Village Tract",0412245
Magway,"Natmauk Township","Ban Kone Village Tract",0412246
Magway,"Natmauk Township","Kyauk Ta Gar Village Tract",0412247
Magway,"Natmauk Township","Se Gyi Village Tract",0412248
Magway,"Natmauk Township","Htan Pin Kone Gyi Village Tract",0412249
Magway,"Natmauk Township","Pa/Let Khoke Pin Village Tract",0412250
Magway,"Natmauk Township","Pa-Gway Cho Village Tract",0412251
Magway,"Natmauk Township","Taung Htauk Village Tract",0412252
Magway,"Natmauk Township","War Pan Village Tract",0412253
Magway,"Natmauk Township","Tha Yet Chin Village Tract",0412254
Magway,"Natmauk Township","Kyun Chaung Village Tract",0412255
Magway,"Natmauk Township","Son Kone Gyi Village Tract",0412256
Magway,"Natmauk Township","Hlyaw Chaung Gyi Village Tract",0412257
Magway,"Natmauk Township","Na-Bu Kwe Village Tract",0412258
Magway,"Natmauk Township","Thit Hla Kyin Village Tract",0412259
Magway,"Natmauk Township","Kwin Gyi Village Tract",0412260
Magway,"Natmauk Township","U Yin Village Tract",0412261
Magway,"Natmauk Township","Se Lel Village Tract",0412262
Magway,"Natmauk Township","Pan Nyo Village Tract",0412263
Magway,"Natmauk Township","Kan Thar Village Tract",0412264
Magway,"Natmauk Township","Le Bu Village Tract",0412265
Magway,"Natmauk Township","Ka Paung Kone Gyi Village Tract",0412266
Magway,"Natmauk Township","Ku Lar Shin Village Tract",0412267
Magway,"Natmauk Township","Myin Te Gyi Village Tract",0412268
Magway,"Natmauk Township","Tha Hmone Kone Gyi Village Tract",0412269
Magway,"Natmauk Township","Gway Tauk Kone Village Tract",0412270
Magway,"Natmauk Township","Ywar Taw Village Tract",0412271
Magway,"Natmauk Township","Kyauk Tan Village Tract",0412272
Magway,"Myothit Township","Kan Swei Village Tract",0413200
Magway,"Myothit Township","Gway Kone Village Tract",0413201
Magway,"Myothit Township","Dant Da Lun Pin Village Tract",0413202
Magway,"Myothit Township","Shwe Pan Village Tract",0413203
Magway,"Myothit Township","Bawt Village Tract",0413204
Magway,"Myothit Township","Zee Lone Village Tract",0413205
Magway,"Myothit Township","Pa Lin Gyi Village Tract",0413206
Magway,"Myothit Township","Hpa La Taing Village Tract",0413207
Magway,"Myothit Township","Su Tat Gyi Village Tract",0413208
Magway,"Myothit Township","Myay Pyin Thar Village Tract",0413209
Magway,"Myothit Township","Aing Ma Village Tract",0413210
Magway,"Myothit Township","Kwin Gyi Village Tract",0413211
Magway,"Myothit Township","Aing Me Village Tract",0413212
Magway,"Myothit Township","Pa Lin Pyar Gyi Village Tract",0413213
Magway,"Myothit Township","Ma Gyi Kone Gyi Village Tract",0413214
Magway,"Myothit Township","Kaing Village Tract",0413215
Magway,"Myothit Township","Tei Pin San Village Tract",0413216
Magway,"Myothit Township","Ma Gyi Htu Village Tract",0413217
Magway,"Myothit Township","Ta Loke Pin Village Tract",0413218
Magway,"Myothit Township","Ma Gyi Cho Village Tract",0413219
Magway,"Myothit Township","Inn Ywar Gyi Village Tract",0413220
Magway,"Myothit Township","Si Thar Village Tract",0413221
Magway,"Myothit Township","Lay Taing Sin Village Tract",0413222
Magway,"Myothit Township","Htauk Shar Tan Village Tract",0413223
Magway,"Myothit Township","Nwar Hla Village Tract",0413224
Magway,"Myothit Township","Yone Taw Village Tract",0413225
Magway,"Myothit Township","Tat Kone Village Tract",0413226
Magway,"Myothit Township","Sin Hpyu Chi Village Tract",0413227
Magway,"Myothit Township","Le Lu Village Tract",0413228
Magway,"Myothit Township","Yae Pyayt Village Tract",0413229
Magway,"Myothit Township","Ma Nawt Kone Village Tract",0413230
Magway,"Myothit Township","Nyaung Zin Village Tract",0413231
Magway,"Myothit Township","Tha Hpan Kone Village Tract",0413232
Magway,"Myothit Township","Se Lel Village Tract",0413233
Magway,"Myothit Township","Sit Ta Lin Village Tract",0413234
Magway,"Myothit Township","Gway Cho Village Tract",0413235
Magway,"Myothit Township","Lin Lel Village Tract",0413236
Magway,"Myothit Township","War Gyi Aing Village Tract",0413237
Magway,"Myothit Township","Nin Kyan Village Tract",0413238
Magway,"Myothit Township","Myo Lu Lin Village Tract",0413239
Magway,"Myothit Township","Chauk Kyar Village Tract",0413240
Magway,"Myothit Township","Pay Kone Village Tract",0413241
Magway,"Myothit Township","Na Be Kone Village Tract",0413242
Magway,"Myothit Township","Pu Tee Kone Village Tract",0413243
Magway,"Myothit Township","Htan Ta Pin Village Tract",0413244
Magway,"Myothit Township","Nyaung Kaing Village Tract",0413245
Magway,"Myothit Township","Myat Lay Kone Village Tract",0413246
Magway,"Taungdwingyi Township","Yae U Village Tract",0414200
Magway,"Taungdwingyi Township","Ta Yoke Kaw Village Tract",0414201
Magway,"Taungdwingyi Township","Hin Ga Yaw Village Tract",0414202
Magway,"Taungdwingyi Township","War Chan Kan Village Tract",0414203
Magway,"Taungdwingyi Township","Koke Ko Gwa Village Tract",0414204
Magway,"Taungdwingyi Township","Pyar Tu Village Tract",0414205
Magway,"Taungdwingyi Township","Nyaung Kone Village Tract",0414206
Magway,"Taungdwingyi Township","Inn Ywar Gyi Village Tract",0414207
Magway,"Taungdwingyi Township","Ohn Hne Tan Village Tract",0414208
Magway,"Taungdwingyi Township","Let Pan Shey Village Tract",0414209
Magway,"Taungdwingyi Township","Shan Kaing Village Tract",0414210
Magway,"Taungdwingyi Township","Khin Te Village Tract",0414211
Magway,"Taungdwingyi Township","Pan Thwin Lay Village Tract",0414212
Magway,"Taungdwingyi Township","Pan Thwin Gyi Village Tract",0414213
Magway,"Taungdwingyi Township","Let Pan Pu Village Tract",0414214
Magway,"Taungdwingyi Township","Aung Su Village Tract",0414215
Magway,"Taungdwingyi Township","Nga Min Village Tract",0414216
Magway,"Taungdwingyi Township","Thit Yar Village Tract",0414217
Magway,"Taungdwingyi Township","Pwint Hla Gyi Village Tract",0414218
Magway,"Taungdwingyi Township","Thi La Village Tract",0414219
Magway,"Taungdwingyi Township","Nyaung Pin Hla Village Tract",0414220
Magway,"Taungdwingyi Township","Bo Kone Village Tract",0414221
Magway,"Taungdwingyi Township","In Kone Village Tract",0414222
Magway,"Taungdwingyi Township","Zee Taw Village Tract",0414223
Magway,"Taungdwingyi Township","Pauk Village Tract",0414224
Magway,"Taungdwingyi Township","Sat Thwar Village Tract",0414225
Magway,"Taungdwingyi Township","Kyan Su Village Tract",0414226
Magway,"Taungdwingyi Township","Pyint Nyin Village Tract",0414227
Magway,"Taungdwingyi Township","Kan Bay Gyi Village Tract",0414228
Magway,"Taungdwingyi Township","Kin Pun Taung Village Tract",0414229
Magway,"Taungdwingyi Township","Si Mee Htun Village Tract",0414230
Magway,"Taungdwingyi Township","Pin Taing Village Tract",0414231
Magway,"Taungdwingyi Township","Chaung Net Village Tract",0414232
Magway,"Taungdwingyi Township","Kalar Kan Village Tract",0414233
Magway,"Taungdwingyi Township","Pan Taw Nge Village Tract",0414234
Magway,"Taungdwingyi Township","Kya Khat Kan Village Tract",0414235
Magway,"Taungdwingyi Township","Kywe Kan Village Tract",0414236
Magway,"Taungdwingyi Township","In Gyin Kone Village Tract",0414237
Magway,"Taungdwingyi Township","Yae Wai Village Tract",0414238
Magway,"Taungdwingyi Township","Koe Pin Village Tract",0414239
Magway,"Taungdwingyi Township","Yar Gyi Taw Village Tract",0414240
Magway,"Taungdwingyi Township","Hlyan Kan Gyi Kone Village Tract",0414241
Magway,"Taungdwingyi Township","Su Kauk Gyi Village Tract",0414242
Magway,"Taungdwingyi Township","Nyar Ga Moe Village Tract",0414243
Magway,"Taungdwingyi Township","Mi Au Aung Village Tract",0414244
Magway,"Taungdwingyi Township","Thit Poke Kone Village Tract",0414245
Magway,"Taungdwingyi Township","Tei Taw (1) Village Tract",0414246
Magway,"Taungdwingyi Township","Tei Taw (2) Village Tract",0414247
Magway,"Taungdwingyi Township","Wet Ka Thay Village Tract",0414248
Magway,"Taungdwingyi Township","Thi Ri Min Ga Lar Village Tract",0414249
Magway,"Taungdwingyi Township","Koke Ko Kone Village Tract",0414250
Magway,"Taungdwingyi Township","Taik Pwe Village Tract",0414251
Magway,"Taungdwingyi Township","Gon Hnyin Tan Village Tract",0414252
Magway,"Taungdwingyi Township","Lel Thar (1) Village Tract",0414253
Magway,"Taungdwingyi Township","Lel Thar (2) Village Tract",0414254
Magway,"Taungdwingyi Township","Sit Tar Village Tract",0414255
Magway,"Taungdwingyi Township","Pay Pin Yar Village Tract",0414256
Magway,"Taungdwingyi Township","Yae Twin Kaung Village Tract",0414257
Magway,"Taungdwingyi Township","Let Tet Village Tract",0414258
Magway,"Taungdwingyi Township","Nyar Taw Village Tract",0414259
Magway,"Taungdwingyi Township","Kan Thar Village Tract",0414260
Magway,"Taungdwingyi Township","Kyet Shar Village Tract",0414261
Magway,"Taungdwingyi Township","Hmoke Shey Village Tract",0414262
Magway,"Taungdwingyi Township","Leik Taik Village Tract",0414263
Magway,"Taungdwingyi Township","War Thone Pyu Village Tract",0414264
Magway,"Taungdwingyi Township","Kyoet Chaung Village Tract",0414265
Magway,"Taungdwingyi Township","Taung Hlyaung Village Tract",0414266
Magway,"Taungdwingyi Township","Pat Lel Gyi Village Tract",0414267
Magway,"Taungdwingyi Township","Oe Pauk Village Tract",0414268
Magway,"Taungdwingyi Township","Ku Lar Ma Village Tract",0414269
Magway,"Taungdwingyi Township","Ta Loke Kone Village Tract",0414270
Magway,"Taungdwingyi Township","Kan Gyi Kone Village Tract",0414271
Magway,"Aunglan Township","Ywar Htaung Village Tract",0415200
Magway,"Aunglan Township","Inn Kone Village Tract",0415201
Magway,"Aunglan Township","Than Village Tract",0415202
Magway,"Aunglan Township","Pi Tauk Kone Village Tract",0415203
Magway,"Aunglan Township","Moe Hpone Village Tract",0415204
Magway,"Aunglan Township","Ywar Pyin Village Tract",0415205
Magway,"Aunglan Township","Shwe Nyaung Pin Village Tract",0415206
Magway,"Aunglan Township","Moe Kaung Village Tract",0415207
Magway,"Aunglan Township","Sit Aung Village Tract",0415208
Magway,"Aunglan Township","Yae Nan Gyi Village Tract",0415209
Magway,"Aunglan Township","Mauk Tin Village Tract",0415210
Magway,"Aunglan Township","Ta Loke Chaung Village Tract",0415211
Magway,"Aunglan Township","Myo Thit Village Tract",0415212
Magway,"Aunglan Township","Kyet Yone Ka Lay Village Tract",0415213
Magway,"Aunglan Township","Pya Loet Village Tract",0415214
Magway,"Aunglan Township","Ma Au Khon Village Tract",0415215
Magway,"Aunglan Township","Taung Nan Thar Village Tract",0415216
Magway,"Aunglan Township","Kyauk Se Village Tract",0415217
Magway,"Aunglan Township","Htauk Kyant Taing Village Tract",0415218
Magway,"Aunglan Township","Ma Har Zin Village Tract",0415219
Magway,"Aunglan Township","Let Myaung Village Tract",0415220
Magway,"Aunglan Township","Ta Zan Village Tract",0415221
Magway,"Aunglan Township","Si Village Tract",0415222
Magway,"Aunglan Township","Than Bo Gyi Village Tract",0415223
Magway,"Aunglan Township","Pya Gyi Village Tract",0415224
Magway,"Aunglan Township","Taung Tee Village Tract",0415225
Magway,"Aunglan Township","Sin Toke Village Tract",0415226
Magway,"Aunglan Township","Inn Ywar Gyi Village Tract",0415227
Magway,"Aunglan Township","Du Yin Ga Bo Village Tract",0415228
Magway,"Aunglan Township","Kyi Yat Kone Village Tract",0415229
Magway,"Aunglan Township","Nga Pyin Village Tract",0415230
Magway,"Aunglan Township","Kun Laung Village Tract",0415231
Magway,"Aunglan Township","Myin Ka Paing Village Tract",0415232
Magway,"Aunglan Township","Kywe Thay Village Tract",0415233
Magway,"Aunglan Township","Nga Me Kan Village Tract",0415234
Magway,"Aunglan Township","Sa Gyi Village Tract",0415235
Magway,"Aunglan Township","Ka Lon Hmaw Village Tract",0415236
Magway,"Aunglan Township","Let Pa Kan Village Tract",0415237
Magway,"Aunglan Township","Kyauk Oe Taung Village Tract",0415238
Magway,"Aunglan Township","Tha Yet Taw Village Tract",0415239
Magway,"Aunglan Township","Kar Ma Lay Village Tract",0415240
Magway,"Aunglan Township","Zay Yar Village Tract",0415241
Magway,"Aunglan Township","Nyaung Pin Seik Village Tract",0415242
Magway,"Aunglan Township","Than Bu La Village Tract",0415243
Magway,"Aunglan Township","Nyaung Kaing Village Tract",0415244
Magway,"Aunglan Township","Dan Daunt Village Tract",0415245
Magway,"Aunglan Township","Maung Ma Hloke Village Tract",0415246
Magway,"Aunglan Township","Aung Myay Kone Village Tract",0415247
Magway,"Aunglan Township","Pyin Pon Village Tract",0415248
Magway,"Aunglan Township","Bo Lu Kone Village Tract",0415249
Magway,"Aunglan Township","Sat Su Wa Village Tract",0415250
Magway,"Aunglan Township","Hlan Tin Village Tract",0415251
Magway,"Aunglan Township","Pein Inn Village Tract",0415252
Magway,"Aunglan Township","Ta Loke Pin Village Tract",0415253
Magway,"Aunglan Township","Hnauk San Village Tract",0415254
Magway,"Aunglan Township","Ma Lel Thar Village Tract",0415255
Magway,"Aunglan Township","Kayin Ma San Village Tract",0415256
Magway,"Aunglan Township","Oke Shit Kone Village Tract",0415257
Magway,"Aunglan Township","Thit Khaung Tee Village Tract",0415258
Magway,"Aunglan Township","Kyauk Pa Taung Village Tract",0415259
Magway,"Aunglan Township","Kyar Thay Village Tract",0415260
Magway,"Aunglan Township","Ywar Ma Htone Village Tract",0415261
Magway,"Aunglan Township","Hta Ma Kan Village Tract",0415262
Magway,"Aunglan Township","Nyaung Aing Village Tract",0415263
Magway,"Aunglan Township","Hle Kar Yar Village Tract",0415264
Magway,"Aunglan Township","Myo Hla Village Tract",0415265
Magway,"Aunglan Township","Nyaung Pin Waing Village Tract",0415266
Magway,"Aunglan Township","Tha Pyay Pin Village Tract",0415267
Magway,"Aunglan Township","Sa Mya Village Tract",0415268
Magway,"Aunglan Township","Tei Pin Village Tract",0415269
Magway,"Aunglan Township","Shwe Pan Taw Lay Village Tract",0415270
Magway,"Aunglan Township","Shwe Pan Taw Gyi Village Tract",0415271
Magway,"Aunglan Township","Zeint Village Tract",0415272
Magway,"Aunglan Township","Nga Yoke Kone Village Tract",0415273
Magway,"Aunglan Township","Let Pa Khon Village Tract",0415274
Magway,"Aunglan Township","Tin Koke Village Tract",0415275
Magway,"Aunglan Township","Haing Gyi Doe Village Tract",0415276
Magway,"Aunglan Township","Ma Gyi Zin Village Tract",0415277
Magway,"Aunglan Township","Myo Mi Village Tract",0415278
Magway,"Aunglan Township","Nat Mauk Village Tract",0415279
Magway,"Aunglan Township","Byan Di Village Tract",0415280
Magway,"Aunglan Township","Tha Hpan San Village Tract",0415281
Magway,"Aunglan Township","Swei Tone Village Tract",0415282
Magway,"Aunglan Township","Thone Ywar Saing Village Tract",0415283
Magway,"Aunglan Township","Ye Din Village Tract",0415284
Magway,"Aunglan Township","Inn Lel Village Tract",0415285
Magway,"Aunglan Township","Chin Sa Khan Gyi Village Tract",0415286
Magway,"Aunglan Township","Koe Taung Village Tract",0415287
Magway,"Aunglan Township","Tin Taw Village Tract",0415288
Magway,"Aunglan Township","Kyauk Oe Village Tract",0415289
Magway,"Aunglan Township","Htu Pauk Village Tract",0415290
Magway,"Aunglan Township","Khoke Chaung Village Tract",0415291
Magway,"Yenangyaung Township","Thone Se Chauk Village Tract",0416200
Magway,"Yenangyaung Township","Hpaung Ka Taw Village Tract",0416201
Magway,"Yenangyaung Township","Bu Kyun Village Tract",0416202
Magway,"Yenangyaung Township","Kyan Kaing Kyun Village Tract",0416203
Magway,"Yenangyaung Township","Man Myay Village Tract",0416204
Magway,"Yenangyaung Township","Pin Wa Village Tract",0416205
Magway,"Yenangyaung Township","Ah Shey Kone Village Tract",0416206
Magway,"Yenangyaung Township","Kan Ma Village Tract",0416207
Magway,"Yenangyaung Township","Hpoe Koe Village Tract",0416208
Magway,"Yenangyaung Township","Sein Pan Pin Village Tract",0416209
Magway,"Yenangyaung Township","Shwe Toke Kan Village Tract",0416210
Magway,"Yenangyaung Township","Ma Gyi Kan Village Tract",0416211
Magway,"Yenangyaung Township","Koke Ko Gwa Village Tract",0416212
Magway,"Yenangyaung Township","Oke Shit Kone Village Tract",0416213
Magway,"Yenangyaung Township","Sa Khan Kan Village Tract",0416214
Magway,"Yenangyaung Township","Lay Taing Sin Village Tract",0416215
Magway,"Yenangyaung Township","Hpaung Kwe Village Tract",0416216
Magway,"Yenangyaung Township","Chaing Village Tract",0416217
Magway,"Yenangyaung Township","In Taw Village Tract",0416218
Magway,"Yenangyaung Township","Yone Kone Village Tract",0416219
Magway,"Yenangyaung Township","Nyaung Pin Aint Village Tract",0416220
Magway,"Yenangyaung Township","Na Gar Village Tract",0416221
Magway,"Yenangyaung Township","Chaung Son Village Tract",0416222
Magway,"Yenangyaung Township","Wet Lut Village Tract",0416223
Magway,"Yenangyaung Township","Yone Seik Kyun Village Tract",0416224
Magway,"Yenangyaung Township","Be Seik Village Tract",0416225
Magway,"Yenangyaung Township","Wet Ma Sut Village Tract",0416226
Magway,"Yenangyaung Township","Kan Gyi Village Tract",0416227
Magway,"Yenangyaung Township","Sar Taing Village Tract",0416228
Magway,"Chauk Township","Pa Day Thar Village Tract",0417200
Magway,"Chauk Township","Dat Myay Aw Zar Village Tract",0417201
Magway,"Chauk Township","Ma Gyi Kan Village Tract",0417202
Magway,"Chauk Township","Let Pan Kyun Village Tract",0417203
Magway,"Chauk Township","U Yin Village Tract",0417204
Magway,"Chauk Township","Nyee Su Village Tract",0417205
Magway,"Chauk Township","Ya Thit Village Tract",0417206
Magway,"Chauk Township","Yae Twin Village Tract",0417207
Magway,"Chauk Township","Chaung Tet Village Tract",0417208
Magway,"Chauk Township","Ma Gyi Kone Village Tract",0417209
Magway,"Chauk Township","Taung Thar Village Tract",0417210
Magway,"Chauk Township","Zaung Taw Kan Village Tract",0417211
Magway,"Chauk Township","Pa Khan Nge Village Tract",0417212
Magway,"Chauk Township","Sa Lin Taung Village Tract",0417213
Magway,"Chauk Township","Su Yit Kan Village Tract",0417214
Magway,"Chauk Township","Myay Pa Don Village Tract",0417215
Magway,"Chauk Township","Lay Pin Kone Village Tract",0417216
Magway,"Chauk Township","Nyaung Chaung Village Tract",0417217
Magway,"Chauk Township","Taung Ba Lu Village Tract",0417218
Magway,"Chauk Township","Kyauk Ye Village Tract",0417219
Magway,"Chauk Township","Sar Lel Village Tract",0417220
Magway,"Chauk Township","Myay Sun Village Tract",0417221
Magway,"Chauk Township","Kyaung Yar Taw Village Tract",0417222
Magway,"Chauk Township","Than Bo Village Tract",0417223
Magway,"Chauk Township","Gway Pin Village Tract",0417224
Magway,"Chauk Township","Swei Pauk Kan Village Tract",0417225
Magway,"Chauk Township","Wa Thea San Village Tract",0417226
Magway,"Chauk Township","Poke Pa Kan Village Tract",0417227
Magway,"Chauk Township","Ywar Ma Village Tract",0417228
Magway,"Chauk Township","Nyaung Zin Village Tract",0417229
Magway,"Chauk Township","Na Ywe Taw Village Tract",0417230
Magway,"Chauk Township","Se Kan Village Tract",0417231
Magway,"Chauk Township","Lin Ta Kaing Village Tract",0417232
Magway,"Chauk Township","Gway Pin Gyi Village Tract",0417233
Magway,"Chauk Township","Htein San Village Tract",0417234
Magway,"Chauk Township","Tha Lone Thway Village Tract",0417235
Magway,"Chauk Township","Twin Lat Village Tract",0417236
Magway,"Chauk Township","Kyoet Pin Village Tract",0417237
Magway,"Chauk Township","Htein Kan Village Tract",0417238
Magway,"Chauk Township","Byi Pin Village Tract",0417239
Magway,"Chauk Township","Thway Net Village Tract",0417240
Magway,"Chauk Township","Ohn Hmyar Gyi Village Tract",0417241
Magway,"Chauk Township","Kyauk Tan Village Tract",0417242
Magway,"Chauk Township","Pan Be Village Tract",0417243
Magway,"Chauk Township","Gway Cho Village Tract",0417244
Magway,"Chauk Township","Zee Pwar Village Tract",0417245
Magway,"Chauk Township","Thit To Kan Village Tract",0417246
Magway,"Chauk Township","Kywe Tat Village Tract",0417247
Magway,"Chauk Township","Aw Zar Taw Village Tract",0417248
Magway,"Chauk Township","Sar Taung Village Tract",0417249
Magway,"Chauk Township","Ma Gyi Kan Village Tract",0417250
Magway,"Yesagyo Township","Kaing Village Tract",0418200
Magway,"Yesagyo Township","Kan Hpyu Village Tract",0418201
Magway,"Yesagyo Township","Kan Beit Village Tract",0418202
Magway,"Yesagyo Township","Kan Thit Village Tract",0418203
Magway,"Yesagyo Township","Koke Ko Su Village Tract",0418204
Magway,"Yesagyo Township","Kyet Su Kyin Village Tract",0418205
Magway,"Yesagyo Township","Kan U Village Tract",0418206
Magway,"Yesagyo Township","Khway Hmyoke Village Tract",0418207
Magway,"Yesagyo Township","Gway Gon Village Tract",0418208
Magway,"Yesagyo Township","Nga Ta Yaw Village Tract",0418209
Magway,"Yesagyo Township","Sint Kaing Village Tract",0418210
Magway,"Yesagyo Township","Sin Chay Yar Village Tract",0418211
Magway,"Yesagyo Township","Sar Lin Kone Village Tract",0418212
Magway,"Yesagyo Township","Zee Kyun Village Tract",0418213
Magway,"Yesagyo Township","Zee Taw Village Tract",0418214
Magway,"Yesagyo Township","Nyaung Zauk Village Tract",0418215
Magway,"Yesagyo Township","Nyaung Taw Village Tract",0418216
Magway,"Yesagyo Township","Taung U Village Tract",0418217
Magway,"Yesagyo Township","Htan Se Pin Village Tract",0418218
Magway,"Yesagyo Township","Ni Pa Say Taw Village Tract",0418219
Magway,"Yesagyo Township","Pa Rein Thar Village Tract",0418220
Magway,"Yesagyo Township","Pay Kone Village Tract",0418221
Magway,"Yesagyo Township","Byi Ba Village Tract",0418222
Magway,"Yesagyo Township","Bone Taw Pyayt Village Tract",0418223
Magway,"Yesagyo Township","Baung Beit Tan Village Tract",0418224
Magway,"Yesagyo Township","Myay Sun Taw Village Tract",0418225
Magway,"Yesagyo Township","Mi Hpa Yar Village Tract",0418226
Magway,"Yesagyo Township","Mee Laung Kyun Village Tract",0418227
Magway,"Yesagyo Township","Moe Kwe Village Tract",0418228
Magway,"Yesagyo Township","Myay Taw Village Tract",0418229
Magway,"Yesagyo Township","Ma Au (Middle) Village Tract",0418230
Magway,"Yesagyo Township","Ma Au (Auk Seik) Village Tract",0418231
Magway,"Yesagyo Township","Myay Hpyu Village Tract",0418232
Magway,"Yesagyo Township","Myay Hpyu Kyin Village Tract",0418233
Magway,"Yesagyo Township","Ywar Thit Village Tract",0418234
Magway,"Yesagyo Township","Aung Nan Village Tract",0418235
Magway,"Yesagyo Township","Ywar Htaung Village Tract",0418236
Magway,"Yesagyo Township","Wet Ka Taw Village Tract",0418237
Magway,"Yesagyo Township","War Yar Village Tract",0418238
Magway,"Yesagyo Township","Tha Man Ta Poet Village Tract",0418239
Magway,"Yesagyo Township","Thar Gaung Village Tract",0418240
Magway,"Yesagyo Township","Thar Si Village Tract",0418241
Magway,"Yesagyo Township","Thit Gyi Taw Village Tract",0418242
Magway,"Yesagyo Township","Than Pyar Chaung Village Tract",0418243
Magway,"Yesagyo Township","Tha Pyay Pin Village Tract",0418244
Magway,"Yesagyo Township","Pa Khan Nge Village Tract",0418245
Magway,"Yesagyo Township","Pa Khan Gyi Village Tract",0418246
Magway,"Yesagyo Township","Kan Daunt Village Tract",0418247
Magway,"Yesagyo Township","Zee Kone Village Tract",0418248
Magway,"Yesagyo Township","Yat Thar Village Tract",0418249
Magway,"Yesagyo Township","Ko Yint Village Tract",0418250
Magway,"Yesagyo Township","Ba La Ba Village Tract",0418251
Magway,"Yesagyo Township","Za Ya Ma Village Tract",0418252
Magway,"Yesagyo Township","Kwayt Daunt Village Tract",0418253
Magway,"Yesagyo Township","Nga Lan Village Tract",0418254
Magway,"Yesagyo Township","Nga Myar Gyi Village Tract",0418255
Magway,"Yesagyo Township","Lay Yar Pyayt Village Tract",0418256
Magway,"Yesagyo Township","Sin Ma Ye Village Tract",0418257
Magway,"Yesagyo Township","Hnaung Ba Village Tract",0418258
Magway,"Yesagyo Township","Ah Lel Kyaw Village Tract",0418259
Magway,"Yesagyo Township","Ah Lel Thaung Village Tract",0418260
Magway,"Yesagyo Township","War Boe Village Tract",0418261
Magway,"Yesagyo Township","Nan U Village Tract",0418262
Magway,"Yesagyo Township","Nwe Ni Village Tract",0418263
Magway,"Yesagyo Township","Aung Pan Chaung Village Tract",0418264
Magway,"Yesagyo Township","Nat Hnyun Village Tract",0418265
Magway,"Yesagyo Township","Sin Te Village Tract",0418266
Magway,"Yesagyo Township","Nay Yin Village Tract",0418267
Magway,"Yesagyo Township","Min Village Tract",0418268
Magway,"Yesagyo Township","Yae Shar Village Tract",0418269
Magway,"Yesagyo Township","Sin Chaung Village Tract",0418270
Magway,"Yesagyo Township","Mauk Ka Lan Village Tract",0418271
Magway,"Yesagyo Township","Kyu Village Tract",0418272
Magway,"Yesagyo Township","Myay Hpyu Village Tract",0418273
Magway,"Yesagyo Township","Htan Nge Taw Village Tract",0418274
Magway,"Yesagyo Township","Tha Yet Pin Kan Village Tract",0418275
Magway,"Yesagyo Township","Min Kan Village Tract",0418276
Magway,"Yesagyo Township","Kaing Ma Gyi Village Tract",0418277
Magway,"Yesagyo Township","Kyauk Kar Village Tract",0418278
Magway,"Yesagyo Township","Htan To Village Tract",0418279
Magway,"Yesagyo Township","Kyee Kan Village Tract",0418280
Magway,"Myaing Township","Thet Kei Kan Village Tract",0419200
Magway,"Myaing Township","Inn Yaung Village Tract",0419201
Magway,"Myaing Township","Htan Bu Taw Village Tract",0419202
Magway,"Myaing Township","Kan Tein Village Tract",0419203
Magway,"Myaing Township","Kyan Seint Village Tract",0419204
Magway,"Myaing Township","Kyauk Sauk Village Tract",0419205
Magway,"Myaing Township","Myo Thar Village Tract",0419206
Magway,"Myaing Township","Sa Bay Village Tract",0419207
Magway,"Myaing Township","Seik Sin Village Tract",0419208
Magway,"Myaing Township","Da Hat Chauk Village Tract",0419209
Magway,"Myaing Township","Hnaw Pin Village Tract",0419210
Magway,"Myaing Township","Mon Hnyin Myauk Village Tract",0419211
Magway,"Myaing Township","Wet Kya Village Tract",0419212
Magway,"Myaing Township","Paik Thin Village Tract",0419213
Magway,"Myaing Township","Hpaung Kwe Village Tract",0419214
Magway,"Myaing Township","Nyaung Twin Village Tract",0419215
Magway,"Myaing Township","Myo Tin Village Tract",0419216
Magway,"Myaing Township","Ma Gyi Su Village Tract",0419217
Magway,"Myaing Township","Thit Gyi Taw Village Tract",0419218
Magway,"Myaing Township","Kun Taw Village Tract",0419219
Magway,"Myaing Township","Hpya Thee Village Tract",0419220
Magway,"Myaing Township","Kyi Kan Village Tract",0419221
Magway,"Myaing Township","Lin Ka Taw Village Tract",0419222
Magway,"Myaing Township","Pan Swar Village Tract",0419223
Magway,"Myaing Township","Te Gyi Village Tract",0419224
Magway,"Myaing Township","Tha Nat Pin Kone Village Tract",0419225
Magway,"Myaing Township","Shwe Lin Swe Village Tract",0419226
Magway,"Myaing Township","Ah Lel Kan Village Tract",0419227
Magway,"Myaing Township","Ywar Thit Hpya Village Tract",0419228
Magway,"Myaing Township","Hle Khoke Village Tract",0419229
Magway,"Myaing Township","Taung Boet Village Tract",0419230
Magway,"Myaing Township","Let Se Kan Village Tract",0419231
Magway,"Myaing Township","Taung Kaing Village Tract",0419232
Magway,"Myaing Township","Kan Ni Village Tract",0419233
Magway,"Myaing Township","Paung Tei Village Tract",0419234
Magway,"Myaing Township","Ba Hin Village Tract",0419235
Magway,"Myaing Township","Tha Dut Village Tract",0419236
Magway,"Myaing Township","Gyoke Village Tract",0419237
Magway,"Myaing Township","Thin Ma Village Tract",0419238
Magway,"Myaing Township","Taung Sone Village Tract",0419239
Magway,"Myaing Township","Su Win Village Tract",0419240
Magway,"Myaing Township","Chaung Son Village Tract",0419241
Magway,"Myaing Township","Htay Aung Village Tract",0419242
Magway,"Myaing Township","Sin Sein Village Tract",0419243
Magway,"Myaing Township","Sin Swei Village Tract",0419244
Magway,"Myaing Township","Thee Tone Village Tract",0419245
Magway,"Myaing Township","Wei Taung Village Tract",0419246
Magway,"Myaing Township","Than Bo Gyi Village Tract",0419247
Magway,"Myaing Township","Seik Chay Village Tract",0419248
Magway,"Myaing Township","Ma Gyi Kan Village Tract",0419249
Magway,"Myaing Township","Oe Bo Village Tract",0419250
Magway,"Myaing Township","Myo Soe (South) Village Tract",0419251
Magway,"Myaing Township","Min Thar Kya Village Tract",0419252
Magway,"Myaing Township","Pauk Pyin Village Tract",0419253
Magway,"Myaing Township","Gway Pin Lel Village Tract",0419254
Magway,"Myaing Township","Htan Bone Taw Village Tract",0419255
Magway,"Myaing Township","Hta Naung Win Village Tract",0419256
Magway,"Myaing Township","Let Yet Ma Village Tract",0419257
Magway,"Myaing Township","Ywar Shey Village Tract",0419258
Magway,"Myaing Township","Bone Gyi Kan Village Tract",0419259
Magway,"Myaing Township","Kyauk Kan Village Tract",0419260
Magway,"Myaing Township","Kyauk Taung Village Tract",0419261
Magway,"Myaing Township","Bant Boe Village Tract",0419262
Magway,"Myaing Township","Tha Min Chauk Village Tract",0419263
Magway,"Myaing Township","Kyet Mauk Village Tract",0419264
Magway,"Myaing Township","Pay Pin Taik Village Tract",0419265
Magway,"Myaing Township","Kaing Taw Ma Village Tract",0419266
Magway,"Myaing Township","Wet Poke Village Tract",0419267
Magway,"Myaing Township","Myay Yint Village Tract",0419268
Magway,"Myaing Township","Chaing Zauk Village Tract",0419269
Magway,"Myaing Township","Ywar Tan Shey Village Tract",0419270
Magway,"Myaing Township","Kan Yar Kaung Village Tract",0419271
Magway,"Myaing Township","Hnan Si Kan Village Tract",0419272
Magway,"Myaing Township","Kon Lat (North) Village Tract",0419273
Magway,"Myaing Township","Tha Yet Kwa Village Tract",0419274
Magway,"Myaing Township","Nyaung Village Tract",0419275
Magway,"Myaing Township","Aing Ma Village Tract",0419276
Magway,"Myaing Township","Oh Yin Village Tract",0419277
Magway,"Myaing Township","Daung Oh Village Tract",0419278
Magway,"Myaing Township","Twin Ma Village Tract",0419279
Magway,"Myaing Township","Thin Paung Kan Village Tract",0419280
Magway,"Pakokku Township","Kan Taw Village Tract",0420200
Magway,"Pakokku Township","Kan Hla Village Tract",0420201
Magway,"Pakokku Township","Kamma Village Tract",0420202
Magway,"Pakokku Township","Ma Gyi Thone Pin Village Tract",0420203
Magway,"Pakokku Township","Kaing Village Tract",0420204
Magway,"Pakokku Township","Kan Yat Gyi Village Tract",0420205
Magway,"Pakokku Township","Koke Ko Hla Village Tract",0420206
Magway,"Pakokku Township","Ku Village Tract",0420207
Magway,"Pakokku Township","Kun Village Tract",0420208
Magway,"Pakokku Township","Kyee Village Tract",0420209
Magway,"Pakokku Township","Kyar Kyun (Kyun Ka Lay) Village Tract",0420210
Magway,"Pakokku Township","Kyun Nyo Gyi Village Tract",0420211
Magway,"Pakokku Township","Kywe Te Village Tract",0420212
Magway,"Pakokku Township","Ah Shey Kan Hpyu Village Tract",0420213
Magway,"Pakokku Township","Chaing Village Tract",0420214
Magway,"Pakokku Township","Kya Htoe Village Tract",0420215
Magway,"Pakokku Township","Chaik Village Tract",0420216
Magway,"Pakokku Township","Chauk Kan Village Tract",0420217
Magway,"Pakokku Township","Ga Wun Lay Taing Village Tract",0420218
Magway,"Pakokku Township","Sa Bay Village Tract",0420219
Magway,"Pakokku Township","Sa Nyaung Village Tract",0420220
Magway,"Pakokku Township","Seik Kha Wa Village Tract",0420221
Magway,"Pakokku Township","Yae Le Zee Taw Village Tract",0420222
Magway,"Pakokku Township","Nyaung Pin Village Tract",0420223
Magway,"Pakokku Township","Nyaung Pin Hla Village Tract",0420224
Magway,"Pakokku Township","Nyaung Hla Village Tract",0420225
Magway,"Pakokku Township","Tin Gat Village Tract",0420226
Magway,"Pakokku Township","Deit Pyar Village Tract",0420227
Magway,"Pakokku Township","Nat Kyun Village Tract",0420228
Magway,"Pakokku Township","Pan Taing Chon Village Tract",0420229
Magway,"Pakokku Township","Pakokku Kyun Village Tract",0420230
Magway,"Pakokku Township","Pauk Taw Village Tract",0420231
Magway,"Pakokku Township","Hpa Lan Oh Village Tract",0420232
Magway,"Pakokku Township","Shin Ma Kan Village Tract",0420233
Magway,"Pakokku Township","Hpaung Kwe Village Tract",0420234
Magway,"Pakokku Township","Be Village Tract",0420235
Magway,"Pakokku Township","Ma Gyi Pin Pu Village Tract",0420236
Magway,"Pakokku Township","Ah Nauk Ma Gyi Kan Village Tract",0420237
Magway,"Pakokku Township","Myin Kyun Village Tract",0420238
Magway,"Pakokku Township","Mei Za Li Pin Kone Village Tract",0420239
Magway,"Pakokku Township","Myin Win Village Tract",0420240
Magway,"Pakokku Township","Yae Cho Village Tract",0420241
Magway,"Pakokku Township","Myo Khin Thar Village Tract",0420242
Magway,"Pakokku Township","Myit Hpyar Village Tract",0420243
Magway,"Pakokku Township","Myo Soe Village Tract",0420244
Magway,"Pakokku Township","Shar Pin Kaing Village Tract",0420245
Magway,"Pakokku Township","Shar Pin Village Tract",0420246
Magway,"Pakokku Township","Shar Du Village Tract",0420247
Magway,"Pakokku Township","Shwe Dar Village Tract",0420248
Magway,"Pakokku Township","Yae Lar Village Tract",0420249
Magway,"Pakokku Township","Yae Myet Village Tract",0420250
Magway,"Pakokku Township","Lan Ywar Village Tract",0420251
Magway,"Pakokku Township","Lel Yar Village Tract",0420252
Magway,"Pakokku Township","Let Pan Kyun (Ku Kyun) Village Tract",0420253
Magway,"Pakokku Township","Tha Yet Taw Village Tract",0420254
Magway,"Gangaw Township","Ma Gyi Khin Village Tract",0421200
Magway,"Gangaw Township","Taung Pyin Village Tract",0421201
Magway,"Gangaw Township","Zee Pyar Village Tract",0421202
Magway,"Gangaw Township","Zar Haw Village Tract",0421203
Magway,"Gangaw Township","Lon Haw Village Tract",0421204
Magway,"Gangaw Township","Pyit Ma Village Tract",0421205
Magway,"Gangaw Township","Lel Ma Village Tract",0421206
Magway,"Gangaw Township","Aung Myin Village Tract",0421207
Magway,"Gangaw Township","Kyaw Ywar Village Tract",0421208
Magway,"Gangaw Township","Myin Zar Village Tract",0421209
Magway,"Gangaw Township","Kyun Dat Village Tract",0421210
Magway,"Gangaw Township","Pyar Village Tract",0421211
Magway,"Gangaw Township","Po U Village Tract",0421212
Magway,"Gangaw Township","Kun Ze Village Tract",0421213
Magway,"Gangaw Township","Saing Du Village Tract",0421214
Magway,"Gangaw Township","Lar Poet Village Tract",0421215
Magway,"Gangaw Township","Ywar Si Village Tract",0421216
Magway,"Gangaw Township","Min Ywar Village Tract",0421217
Magway,"Gangaw Township","Chaung Net Village Tract",0421218
Magway,"Gangaw Township","Hpet Wun Village Tract",0421219
Magway,"Gangaw Township","Maw Lel Village Tract",0421220
Magway,"Gangaw Township","Pa Nan Village Tract",0421221
Magway,"Gangaw Township","Sin Pon Village Tract",0421222
Magway,"Gangaw Township","Sa Bai Village Tract",0421223
Magway,"Gangaw Township","Yin Mar Village Tract",0421224
Magway,"Gangaw Township","Sa Meik Village Tract",0421225
Magway,"Gangaw Township","Wet Chi Par Village Tract",0421226
Magway,"Gangaw Township","Pan Hteik Village Tract",0421227
Magway,"Gangaw Township","Khauk Khu Village Tract",0421228
Magway,"Gangaw Township","Pyin Thar Village Tract",0421229
Magway,"Gangaw Township","Taw Hpoet Village Tract",0421230
Magway,"Gangaw Township","Ein Thit Village Tract",0421231
Magway,"Gangaw Township","Han Thar Wa Di Village Tract",0421232
Magway,"Gangaw Township","Lel Gyi Village Tract",0421233
Magway,"Gangaw Township","Myauk Khin Yan Village Tract",0421234
Magway,"Gangaw Township","Shwe Bo Village Tract",0421235
Magway,"Gangaw Township","Taung Khin Yan Village Tract",0421236
Magway,"Gangaw Township","Thar Lin Village Tract",0421237
Magway,"Gangaw Township","Myin Thar Village Tract",0421238
Magway,"Gangaw Township","Ywar Ma Village Tract",0421239
Magway,"Gangaw Township","Chaung Kauk Village Tract",0421240
Magway,"Gangaw Township","Hnan Khar Village Tract",0421241
Magway,"Gangaw Township","Yae Shin Village Tract",0421242
Magway,"Gangaw Township","Ye Hla Village Tract",0421243
Magway,"Gangaw Township","Hmwayt Lel Village Tract",0421244
Magway,"Gangaw Township","Thar Si Village Tract",0421245
Magway,"Gangaw Township","Moe So Village Tract",0421246
Magway,"Gangaw Township","Yae Shin Ma Village Tract",0421247
Magway,"Gangaw Township","Kan Thar Village Tract",0421248
Magway,"Gangaw Township","Kyun Khon Thar Village Tract",0421249
Magway,"Gangaw Township","Kan Village Tract",0421250
Magway,"Gangaw Township","Baw Pyin Village Tract",0421251
Magway,"Gangaw Township","Taung Yar Pyin Village Tract",0421252
Magway,"Gangaw Township","Htei Hlaw Village Tract",0421253
Magway,"Gangaw Township","Let Pan Village Tract",0421254
Magway,"Gangaw Township","Thar Kaung Village Tract",0421255
Magway,"Gangaw Township","Mauk Village Tract",0421256
Magway,"Gangaw Township","Mauk Lin Village Tract",0421257
Magway,"Gangaw Township","Kyaw Village Tract",0421258
Magway,"Gangaw Township","Sa Kar Village Tract",0421259
Magway,"Gangaw Township","Kye Village Tract",0421260
Magway,"Gangaw Township","Kant Thet Village Tract",0421261
Magway,"Gangaw Township","Zan Hmway Village Tract",0421262
Magway,"Gangaw Township","War Pin Village Tract",0421263
Magway,"Gangaw Township","Khaung Tin Village Tract",0421264
Magway,"Gangaw Township","Gaung Ton Village Tract",0421265
Magway,"Gangaw Township","Ta Zan Village Tract",0421266
Magway,"Gangaw Township","Nyaung Lel Village Tract",0421267
Magway,"Gangaw Township","Ah Nauk Gant Gaw Village Tract",0421268
Magway,"Gangaw Township","Shone Shi Village Tract",0421269
Magway,"Gangaw Township","Kyet Yoe Village Tract",0421270
Magway,"Tilin Township","Ah Nyar Ban Village Tract",0422200
Magway,"Tilin Township","Kyar Khe Village Tract",0422201
Magway,"Tilin Township","Hta Lin Village Tract",0422202
Magway,"Tilin Township","Lone Paung Village Tract",0422203
Magway,"Tilin Township","Soet Pyar Village Tract",0422204
Magway,"Tilin Township","Ah Lel Ban Village Tract",0422205
Magway,"Tilin Township","Pyin Ba Village Tract",0422206
Magway,"Tilin Township","Ah Kyi War Bin Village Tract",0422207
Magway,"Tilin Township","Kyauk Oke Village Tract",0422208
Magway,"Tilin Township","Kun Ze Village Tract",0422209
Magway,"Tilin Township","Ngar Sin Village Tract",0422210
Magway,"Tilin Township","Tin Chaung Village Tract",0422211
Magway,"Tilin Township","Kan Thar Village Tract",0422212
Magway,"Tilin Township","War Yin Chaing Village Tract",0422213
Magway,"Tilin Township","Aung Village Tract",0422214
Magway,"Tilin Township","Bu Taung Village Tract",0422215
Magway,"Tilin Township","Par Myin Village Tract",0422216
Magway,"Tilin Township","Sin Swei Village Tract",0422217
Magway,"Tilin Township","Yon Sin Village Tract",0422218
Magway,"Tilin Township","Pon Nar Village Tract",0422219
Magway,"Tilin Township","Tha Ra Khar Village Tract",0422220
Magway,"Tilin Township","Say Min Taw Village Tract",0422221
Magway,"Tilin Township","Htein Taing Village Tract",0422222
Magway,"Tilin Township","Dant Dee Village Tract",0422223
Magway,"Tilin Township","Aing Ma Village Tract",0422224
Magway,"Tilin Township","Hin Khwet Kone Village Tract",0422225
Magway,"Tilin Township","Ohn Hnauk Village Tract",0422226
Magway,"Tilin Township","Kyin Village Tract",0422227
Magway,"Tilin Township","Yin Yaung Village Tract",0422228
Magway,"Tilin Township","Than Pu Yar Village Tract",0422229
Magway,"Tilin Township","Daw Thar Village Tract",0422230
Magway,"Tilin Township","Nyaung Kan Village Tract",0422231
Magway,"Tilin Township","Ka Zun Htaunt Village Tract",0422232
Magway,"Tilin Township","Yae Myet Ni Village Tract",0422233
Magway,"Tilin Township","Kyauk Sar Yay Village Tract",0422234
Magway,"Tilin Township","War Bo Chaung Village Tract",0422235
Magway,"Tilin Township","Ah Htet Kyaw Village Tract",0422236
Magway,"Tilin Township","Taw Yaung Village Tract",0422237
Magway,"Tilin Township","Ah Kyi Ban Village Tract",0422238
Magway,"Tilin Township","Kyauk Htu Village Tract",0422239
Magway,"Tilin Township","Pa Lein Kaing Village Tract",0422240
Magway,"Tilin Township","Ah Hnyar War Bin Village Tract",0422241
Magway,"Tilin Township","Nat Inn Village Tract",0422242
Magway,"Tilin Township","Sin Htoe Village Tract",0422243
Magway,"Tilin Township","Auk Kyaw Village Tract",0422244
Magway,"Tilin Township","Ohn Htwea Village Tract",0422245
Magway,"Tilin Township","Min Lel Village Tract",0422246
Magway,"Tilin Township","Kin Pan Village Tract",0422247
Magway,"Tilin Township","Let Pan Village Tract",0422248
Magway,"Tilin Township","Ah Nyar Taw Village Tract",0422249
Magway,"Tilin Township","Inn Nar Village Tract",0422250
Magway,"Tilin Township","Lel Kan Village Tract",0422251
Magway,"Tilin Township","Taw Ma Village Tract",0422252
Magway,"Tilin Township","Shea Village Tract",0422253
Magway,"Tilin Township","Wet Thet Ywar Ma Village Tract",0422254
Magway,"Tilin Township","Nwe Pyin Village Tract",0422255
Magway,"Tilin Township","Yae Shin Village Tract",0422256
Magway,"Tilin Township","Pa Zin Chaung Village Tract",0422257
Magway,"Tilin Township","Swea Lwe Village Tract",0422258
Magway,"Tilin Township","Kha Paung Taw Village Tract",0422259
Magway,"Tilin Township","Kyar U Yin Village Tract",0422260
Magway,"Tilin Township","Ohn Taw Village Tract",0422261
Magway,"Tilin Township","Shaw Hpyu Pin Village Tract",0422262
Magway,"Tilin Township","Wet Thet Myauk Village Tract",0422263
Magway,"Tilin Township","Myet Hmaung Village Tract",0422264
Magway,"Tilin Township","Myit Kaing Village Tract",0422265
Magway,"Tilin Township","Nyaung Village Tract",0422266
Magway,"Tilin Township","Yae Poke Village Tract",0422267
Magway,"Tilin Township","Sin Sei Village Tract",0422268
Magway,"Tilin Township","Hnyit Shauk Village Tract",0422269
Magway,"Tilin Township","Ti Village Tract",0422270
Magway,"Pauk Township","Htan Ta Pin Village Tract",0423200
Magway,"Pauk Township","Aint Kaing Village Tract",0423201
Magway,"Pauk Township","Than Pu Yar Aint Village Tract",0423202
Magway,"Pauk Township","Hpa Yar Taung Village Tract",0423203
Magway,"Pauk Township","Dee Doke Kwin Village Tract",0423204
Magway,"Pauk Township","Boe Hpyu Lone Kan Village Tract",0423205
Magway,"Pauk Township","Khin Shey Village Tract",0423206
Magway,"Pauk Township","Tei Pin Kan Village Tract",0423207
Magway,"Pauk Township","Taung Myint Village Tract",0423208
Magway,"Pauk Township","Zee Hpyu Kone Village Tract",0423209
Magway,"Pauk Township","Te Taw Yar Village Tract",0423210
Magway,"Pauk Township","Chaung Nar Village Tract",0423211
Magway,"Pauk Township","Kaing Lel Village Tract",0423212
Magway,"Pauk Township","Tat Kone Village Tract",0423213
Magway,"Pauk Township","Taung Bet Village Tract",0423214
Magway,"Pauk Township","Kin Soke Village Tract",0423215
Magway,"Pauk Township","Kin Ma Village Tract",0423216
Magway,"Pauk Township","Taung Cho Village Tract",0423217
Magway,"Pauk Township","Ta Su Village Tract",0423218
Magway,"Pauk Township","Thet Kei Kyin Village Tract",0423219
Magway,"Pauk Township","Inn Taw Village Tract",0423220
Magway,"Pauk Township","Tha Put Su Village Tract",0423221
Magway,"Pauk Township","Lel Lan Village Tract",0423222
Magway,"Pauk Township","Kyauk Kar Village Tract",0423223
Magway,"Pauk Township","Wun Chone Village Tract",0423224
Magway,"Pauk Township","Gway Gon Village Tract",0423225
Magway,"Pauk Township","Wet Poke (Than Taw Aint) Village Tract",0423226
Magway,"Pauk Township","Sa Thein Village Tract",0423227
Magway,"Pauk Township","Dat Taw Village Tract",0423228
Magway,"Pauk Township","Wun Tin Village Tract",0423229
Magway,"Pauk Township","Aint Ma Village Tract",0423230
Magway,"Pauk Township","Myauk Bet Village Tract",0423231
Magway,"Pauk Township","Lin Taung Village Tract",0423232
Magway,"Pauk Township","Hmyar Paing Village Tract",0423233
Magway,"Pauk Township","Pa Laung Village Tract",0423234
Magway,"Pauk Township","Chaung Ku Village Tract",0423235
Magway,"Pauk Township","Yae Hpyu Village Tract",0423236
Magway,"Pauk Township","Sa Pan Village Tract",0423237
Magway,"Pauk Township","Ku Kar Village Tract",0423238
Magway,"Pauk Township","Zee	 Pyar Village Tract",0423239
Magway,"Pauk Township","Zaung Yar Pin Village Tract",0423240
Magway,"Pauk Township","Lel Oh Village Tract",0423241
Magway,"Pauk Township","Tha Yet Kan Village Tract",0423242
Magway,"Pauk Township","Kyauk Taing Khin Village Tract",0423243
Magway,"Pauk Township","Kyauk Ma Sin Village Tract",0423244
Magway,"Pauk Township","Gaung Paung Village Tract",0423245
Magway,"Pauk Township","Htan Taw Village Tract",0423246
Magway,"Pauk Township","Kyaw Thar Village Tract",0423247
Magway,"Pauk Township","Ka Paing (South) Village Tract",0423248
Magway,"Pauk Township","Tha Mar Taw Village Tract",0423249
Magway,"Pauk Township","Pyin Chaung Village Tract",0423250
Magway,"Pauk Township","Nat U Yin Village Tract",0423251
Magway,"Pauk Township","Su Lay Kone Village Tract",0423252
Magway,"Pauk Township","Nyaung Win Village Tract",0423253
Magway,"Pauk Township","Kyun Yin Village Tract",0423254
Magway,"Pauk Township","Kyaung Kone Village Tract",0423255
Magway,"Pauk Township","Toke Su Village Tract",0423256
Magway,"Pauk Township","Nant Thar Village Tract",0423257
Magway,"Pauk Township","Nyaung Win Pauk Village Tract",0423258
Magway,"Pauk Township","Myo Khin Thar Village Tract",0423259
Magway,"Pauk Township","Chaing Zauk Village Tract",0423260
Magway,"Pauk Township","Sa Hpe Village Tract",0423261
Magway,"Pauk Township","Ka Pyo Village Tract",0423262
Magway,"Pauk Township","Tin Ngoke Pyin Village Tract",0423263
Magway,"Pauk Township","Inn Tein Village Tract",0423264
Magway,"Pauk Township","Tha Nat Pin Zin Village Tract",0423265
Magway,"Pauk Township","Ka Bar Hpyu Village Tract",0423266
Magway,"Pauk Township","Yae Pyar Village Tract",0423267
Magway,"Pauk Township","Se Pin Village Tract",0423268
Magway,"Pauk Township","Nga Moet Gyi Village Tract",0423269
Magway,"Pauk Township","Koke Ko Su Village Tract",0423270
Magway,"Saw Township","Khwin Chaung Village Tract",0424200
Magway,"Saw Township","Thee Kone Village Tract",0424201
Magway,"Saw Township","Lel Yin Village Tract",0424202
Magway,"Saw Township","Ah Nyar Ka Tin Village Tract",0424203
Magway,"Saw Township","Kan Chaung Village Tract",0424204
Magway,"Saw Township","Let Mun Village Tract",0424205
Magway,"Saw Township","Hnget Chaung Village Tract",0424206
Magway,"Saw Township","Nyaung Kan Village Tract",0424207
Magway,"Saw Township","Tha Lel Village Tract",0424208
Magway,"Saw Township","Kyin Lein Village Tract",0424209
Magway,"Saw Township","Yaw Let Pan Village Tract",0424210
Magway,"Saw Township","Kya Khat Village Tract",0424211
Magway,"Saw Township","Kyauk Swea Village Tract",0424212
Magway,"Saw Township","Lel Hpyu Village Tract",0424213
Magway,"Saw Township","Poke Pa Kaing Village Tract",0424214
Magway,"Saw Township","Laung Shey Village Tract",0424215
Magway,"Saw Township","In Bu Village Tract",0424216
Magway,"Saw Township","Yin Ke Village Tract",0424217
Magway,"Saw Township","Swea Lwe Kyin Village Tract",0424218
Magway,"Saw Township","Yint Ye Chaung Village Tract",0424219
Magway,"Saw Township","Hlaw Kar Village Tract",0424220
Magway,"Saw Township","Taung Boet Gyi Village Tract",0424221
Magway,"Saw Township","Pein Chaung Village Tract",0424222
Magway,"Saw Township","Yan Village Tract",0424223
Magway,"Saw Township","Kyein Gyi Village Tract",0424224
Magway,"Saw Township","Taung Nga Kut Village Tract",0424225
Magway,"Saw Township","Si Mee Village Tract",0424226
Magway,"Saw Township","Pauk Pant Saing Village Tract",0424227
Magway,"Saw Township","Nga Lel Khon Village Tract",0424228
Magway,"Saw Township","Hnget Pyar Kyin Village Tract",0424229
Magway,"Saw Township","Pale Village Tract",0424230
Magway,"Saw Township","Tint Tu Village Tract",0424231
Magway,"Saw Township","Nyaung Pin Village Tract",0424232
Magway,"Saw Township","Kyun Taw Village Tract",0424233
Magway,"Saw Township","San Village Tract",0424234
Magway,"Saw Township","Tay Village Tract",0424235
Magway,"Saw Township","Pan San Village Tract",0424236
Magway,"Saw Township","Na Thoe Village Tract",0424237
Magway,"Saw Township","Ywar Thar Village Tract",0424238
Magway,"Saw Township","Mi Ae Village Tract",0424239
Magway,"Saw Township","Hnaw Village Tract",0424240
Magway,"Saw Township","Kyee Village Tract",0424241
Magway,"Saw Township","Pein Hne Village Tract",0424242
Magway,"Saw Township","Ah Nyar Pan Pa Lun Village Tract",0424243
Magway,"Saw Township","Ta Pyin Village Tract",0424244
Magway,"Saw Township","Pin Taung Village Tract",0424245
Magway,"Saw Township","Ah Neint Village Tract",0424246
Magway,"Saw Township","Kyauk Leik Village Tract",0424247
Magway,"Saw Township","Man Village Tract",0424248
Magway,"Saw Township","Let Pan Village Tract",0424249
Magway,"Saw Township","Kun Khin Village Tract",0424250
Magway,"Saw Township","Pa Soke Village Tract",0424251
Magway,"Saw Township","Myauk Ma Kyin Village Tract",0424252
Magway,"Saw Township","Nga Lun Village Tract",0424253
Magway,"Saw Township","Taw Kha Lun Village Tract",0424254
Magway,"Saw Township","Lay Village Tract",0424255
Magway,"Saw Township","Min Kyi Village Tract",0424256
Magway,"Saw Township","Yaw Village Tract",0424257
Magway,"Saw Township","Yint Ye Village Tract",0424258
Magway,"Saw Township","Kan Gyi Village Tract",0424259
Magway,"Saw Township","Kyan Taw Village Tract",0424260
Magway,"Saw Township","Taunt Tet Village Tract",0424261
Magway,"Saw Township","Yae Shin Village Tract",0424262
Magway,"Seikphyu Township","Koe Taunt Village Tract",0425200
Magway,"Seikphyu Township","Ywar Thit Village Tract",0425201
Magway,"Seikphyu Township","Kan Bar Gyi Village Tract",0425202
Magway,"Seikphyu Township","Chin Taung Village Tract",0425203
Magway,"Seikphyu Township","Myin Ka Wa Village Tract",0425204
Magway,"Seikphyu Township","Te Gyi Village Tract",0425205
Magway,"Seikphyu Township","Htein Kan Village Tract",0425206
Magway,"Seikphyu Township","Myay Kyan Taw Village Tract",0425207
Magway,"Seikphyu Township","Chaung Ma Gyi Village Tract",0425208
Magway,"Seikphyu Township","Gway Pin Village Tract",0425209
Magway,"Seikphyu Township","Pin Ta Le Village Tract",0425210
Magway,"Seikphyu Township","Daw Thar Village Tract",0425211
Magway,"Seikphyu Township","Pay Taw Village Tract",0425212
Magway,"Seikphyu Township","Ywar Thit Gyi Village Tract",0425213
Magway,"Seikphyu Township","Ma Gyi Kone Village Tract",0425214
Magway,"Seikphyu Township","Ah Shey Kan Twin Village Tract",0425215
Magway,"Seikphyu Township","Let Se Village Tract",0425216
Magway,"Seikphyu Township","Tet Ma Village Tract",0425217
Magway,"Seikphyu Township","Ah Nauk Kan Twin Village Tract",0425218
Magway,"Seikphyu Township","Yae Poke Village Tract",0425219
Magway,"Seikphyu Township","Saik Khan Village Tract",0425220
Magway,"Seikphyu Township","Ywar Ma Village Tract",0425221
Magway,"Seikphyu Township","Shar Pin Aint Village Tract",0425222
Magway,"Seikphyu Township","Kya Bay Village Tract",0425223
Magway,"Seikphyu Township","Htan Ma Kauk Village Tract",0425224
Magway,"Seikphyu Township","Inn Kan Village Tract",0425225
Magway,"Seikphyu Township","Kyauk Gyi Village Tract",0425226
Magway,"Seikphyu Township","Kin Mun Taunt Village Tract",0425227
Magway,"Seikphyu Township","Ywar Thar Aye Village Tract",0425228
Magway,"Seikphyu Township","Ah Nauk Ka Hpyu Village Tract",0425229
Magway,"Seikphyu Township","Ku Shey Village Tract",0425230
Magway,"Seikphyu Township","Ka Zun Ma Village Tract",0425231
Magway,"Seikphyu Township","Kyun Taw Village Tract",0425232
Magway,"Seikphyu Township","Kone Village Tract",0425233
Magway,"Seikphyu Township","Kyaung Village Tract",0425234
Magway,"Seikphyu Township","Thet Kei Kyin Village Tract",0425235
Magway,"Seikphyu Township","Hnget Khway Village Tract",0425236
Magway,"Seikphyu Township","Shauk Pin Inn Village Tract",0425237
Magway,"Seikphyu Township","Hnget Pyar Gyi Village Tract",0425238
Magway,"Seikphyu Township","Kaw Ton Village Tract",0425239
Magway,"Seikphyu Township","Kyun Chaung Village Tract",0425240
Magway,"Seikphyu Township","Shar Hla Village Tract",0425241
Magway,"Seikphyu Township","Nyaung Ni Chaung Village Tract",0425242
