﻿Region,"Town / Township","Quarter / Village Tract","Postal Code"
"Rakhine State","Sittwe Township","Maung Ni Pyin Village Tract",0701200
"Rakhine State","Sittwe Township","Thin Pone Tan Village Tract",0701201
"Rakhine State","Sittwe Township","Chaung Nwe Village Tract",0701202
"Rakhine State","Sittwe Township","Kyet Taw Pyin Village Tract",0701203
"Rakhine State","Sittwe Township","Aung Daing Village Tract",0701204
"Rakhine State","Sittwe Township","Gant Gaw Kyun Village Tract",0701205
"Rakhine State","Sittwe Township","Kyay Taw Village Tract",0701206
"Rakhine State","Sittwe Township","Ywar Thit Kay Village Tract",0701207
"Rakhine State","Sittwe Township","Nar Yi Kan Village Tract",0701208
"Rakhine State","Sittwe Township","Say Tha Mar Village Tract",0701209
"Rakhine State","Sittwe Township","Zaw Pu Gyar Village Tract",0701210
"Rakhine State","Sittwe Township","Kha Tin Paik Village Tract",0701211
"Rakhine State","Sittwe Township","Kywi Te Village Tract",0701212
"Rakhine State","Sittwe Township","Thein Tan Village Tract",0701213
"Rakhine State","Sittwe Township","Kyar Ma Thauk Village Tract",0701214
"Rakhine State","Sittwe Township","Nyo Yaung Chaung Village Tract",0701215
"Rakhine State","Sittwe Township","Chi Laing Hpin Village Tract",0701216
"Rakhine State","Sittwe Township","Ah Myint Kyun Village Tract",0701217
"Rakhine State","Sittwe Township","Par Da Leik Village Tract",0701218
"Rakhine State","Sittwe Township","Myit Nar Village Tract",0701219
"Rakhine State","Sittwe Township","Nga/Tauk Tet Village Tract",0701220
"Rakhine State","Sittwe Township","Taw Kan Village Tract",0701221
"Rakhine State","Sittwe Township","War Bo Village Tract",0701222
"Rakhine State","Sittwe Township","U Yin Thar Village Tract",0701223
"Rakhine State","Sittwe Township","Khaung Doke Kar Village Tract",0701224
"Rakhine State","Sittwe Township","Thin Ga Net Village Tract",0701225
"Rakhine State","Sittwe Township","Bu May Village Tract",0701226
"Rakhine State","Maungdaw Township","In Tu Lar Village Tract",0702200
"Rakhine State","Maungdaw Township","Tat Chaung Village Tract",0702201
"Rakhine State","Maungdaw Township","Kar Lar Day Hpet Village Tract",0702202
"Rakhine State","Maungdaw Township","Ye Aung San Ya Hpway Village Tract",0702203
"Rakhine State","Maungdaw Township","Kyaung Na Hpay Village Tract",0702204
"Rakhine State","Maungdaw Township","Aung Zan Village Tract",0702205
"Rakhine State","Maungdaw Township","Hlaing Thi Village Tract",0702206
"Rakhine State","Maungdaw Township","Kyun Pauk Pyu Su Village Tract",0702207
"Rakhine State","Maungdaw Township","Nga Yant Chaung Village Tract",0702208
"Rakhine State","Maungdaw Township","Thit Tone Nar Gwa Son Village Tract",0702209
"Rakhine State","Maungdaw Township","Nan Yar Kaing Village Tract",0702210
"Rakhine State","Maungdaw Township","Ta Man Thar Village Tract",0702211
"Rakhine State","Maungdaw Township","Thet Kaing Nyar Village Tract",0702212
"Rakhine State","Maungdaw Township","Yae Nauk Ngar Thar Village Tract",0702213
"Rakhine State","Maungdaw Township","Myaw Chaung Village Tract",0702214
"Rakhine State","Maungdaw Township","Myo Mi Chaung Village Tract",0702215
"Rakhine State","Maungdaw Township","San Kar Pin Yin Village Tract",0702216
"Rakhine State","Maungdaw Township","Min Gyi (Tu Lar Tu Li) Village Tract",0702217
"Rakhine State","Maungdaw Township","N‌at Chaung Village Tract",0702218
"Rakhine State","Maungdaw Township","Kyein Chaung Village Tract",0702219
"Rakhine State","Maungdaw Township","Pa Da Kar Ywar Thit Village Tract",0702220
"Rakhine State","Maungdaw Township","Wet Kyein Village Tract",0702221
"Rakhine State","Maungdaw Township","Done Paik (Aung Seik Pyin) Village Tract",0702222
"Rakhine State","Maungdaw Township","Sa Bai Kone Village Tract",0702223
"Rakhine State","Maungdaw Township","Laung Don Village Tract",0702224
"Rakhine State","Maungdaw Township","Ngar Sar Kyu Village Tract",0702225
"Rakhine State","Maungdaw Township","Kyet Yoe Pyin Village Tract",0702226
"Rakhine State","Maungdaw Township","Doe Tan Village Tract",0702227
"Rakhine State","Maungdaw Township","Ah Htet Pyu Ma Village Tract",0702228
"Rakhine State","Maungdaw Township","Pyu Ma Ka Nyin Tan Village Tract",0702229
"Rakhine State","Maungdaw Township","Kat Pa Kaung Village Tract",0702230
"Rakhine State","Maungdaw Township","Myo Thit Village Tract",0702231
"Rakhine State","Maungdaw Township","Yae Myet Taung Village Tract",0702232
"Rakhine State","Maungdaw Township","Nga Khu Ya Village Tract",0702233
"Rakhine State","Maungdaw Township","Chan Pyin Village Tract",0702234
"Rakhine State","Maungdaw Township","Yae Twin Kyun Village Tract",0702235
"Rakhine State","Maungdaw Township","Ywet Nyo Taung Village Tract",0702236
"Rakhine State","Maungdaw Township","U Shey Kya Village Tract",0702237
"Rakhine State","Maungdaw Township","Pwint Hpyu Chaung Village Tract",0702238
"Rakhine State","Maungdaw Township","Kyar Gaung Taung Village Tract",0702239
"Rakhine State","Maungdaw Township","Yae Khat Chaung Gwa Son Village Tract",0702240
"Rakhine State","Maungdaw Township","Dar Gyi Zar Village Tract",0702241
"Rakhine State","Maungdaw Township","Ngan Chaung Village Tract",0702242
"Rakhine State","Maungdaw Township","Myaw Taung Village Tract",0702243
"Rakhine State","Maungdaw Township","Hpar Wut Chaung (Ywar Thit) Village Tract",0702244
"Rakhine State","Maungdaw Township","Tha Yet Oke Village Tract",0702245
"Rakhine State","Maungdaw Township","Maung Hna Ma Village Tract",0702246
"Rakhine State","Maungdaw Township","Kyauk Pyin Seik Village Tract",0702247
"Rakhine State","Maungdaw Township","Thu U Lar Village Tract",0702248
"Rakhine State","Maungdaw Township","Shwe Zar Kat Pa Kaung Village Tract",0702249
"Rakhine State","Maungdaw Township","Kyee Kan Pyin Village Tract",0702250
"Rakhine State","Maungdaw Township","Hla Poe Khaung Village Tract",0702251
"Rakhine State","Maungdaw Township","Kyauk Hlay Kar Village Tract",0702252
"Rakhine State","Maungdaw Township","Thet Kay Pyin Village Tract",0702253
"Rakhine State","Maungdaw Township","Zin Paing Nyar Village Tract",0702254
"Rakhine State","Maungdaw Township","Min Ga Lar Gyi (Pyin Hpyu) Village Tract",0702255
"Rakhine State","Maungdaw Township","Nwar Yon Taung Village Tract",0702256
"Rakhine State","Maungdaw Township","Ka Nyin Taw Village Tract",0702257
"Rakhine State","Maungdaw Township","Paung Zar Village Tract",0702258
"Rakhine State","Maungdaw Township","Thi Ho Kyun Village Tract",0702259
"Rakhine State","Maungdaw Township","Myo U Village Tract",0702260
"Rakhine State","Maungdaw Township","Ka Nyin Tan (a) Myo Ma Ka Nyin Tan Village Tract",0702261
"Rakhine State","Maungdaw Township","Myo Thu Gyi Village Tract",0702262
"Rakhine State","Maungdaw Township","Nyaung Chaung Village Tract",0702263
"Rakhine State","Maungdaw Township","Pan Taw Pyin Village Tract",0702264
"Rakhine State","Maungdaw Township","Tat U Chaung Village Tract",0702265
"Rakhine State","Maungdaw Township","Pa Din Village Tract",0702266
"Rakhine State","Maungdaw Township","(Du) Nyaung Pin Gyi Village Tract",0702267
"Rakhine State","Maungdaw Township","(Du) Chee Yar Tan Village Tract",0702268
"Rakhine State","Maungdaw Township","Ywar Thit Kay (Gaw Du Thar Ra) Village Tract",0702269
"Rakhine State","Maungdaw Township","(Pa) Nyaung Pin Gyi Village Tract",0702270
"Rakhine State","Maungdaw Township","U Daung Village Tract",0702271
"Rakhine State","Maungdaw Township","Kan Hpu Village Tract",0702272
"Rakhine State","Maungdaw Township","Ah Lel Than Kyaw Village Tract",0702273
"Rakhine State","Maungdaw Township","Than Dar Village Tract",0702274
"Rakhine State","Maungdaw Township","War Cha Village Tract",0702275
"Rakhine State","Maungdaw Township","Chein Khar Li Village Tract",0702276
"Rakhine State","Maungdaw Township","Zaw Ma Tet Village Tract",0702277
"Rakhine State","Maungdaw Township","Ka Nyin Tan (a) Alel Than Kyaw Ka Nyin Tan Village Tract",0702278
"Rakhine State","Maungdaw Township","Tha Yae Kone Tan Village Tract",0702279
"Rakhine State","Maungdaw Township","Kyaung Taung Village Tract",0702280
"Rakhine State","Maungdaw Township","Tha Pyay Taw Village Tract",0702281
"Rakhine State","Maungdaw Township","Kyauk Chaung Village Tract",0702282
"Rakhine State","Maungdaw Township","Kyauk Pan Du Village Tract",0702283
"Rakhine State","Maungdaw Township","Thin Baw Kwe Village Tract",0702284
"Rakhine State","Maungdaw Township","Inn Din Village Tract",0702285
"Rakhine State","Maungdaw Township","Tha Win Chaung Village Tract",0702286
"Rakhine State","Maungdaw Township","Aung Zay Ya (Nyein Chan Yay) Village Tract",0702287
"Rakhine State","Maungdaw Township","Mee Taik Village Tract",0702288
"Rakhine State","Maungdaw Township","Taung Pyo Let Yar Village Tract",0702289
"Rakhine State","Maungdaw Township","Kun Thee Pin Village Tract",0702290
"Rakhine State","Maungdaw Township","Thea Chaung Village Tract",0702291
"Rakhine State","Maungdaw Township","Leik Ya Village Tract",0702292
"Rakhine State","Maungdaw Township","Kyun Pauk Sin Oe Village Tract",0702293
"Rakhine State","Maungdaw Township","Zee Pin Chaung Village Tract",0702294
"Rakhine State","Maungdaw Township","Yae Twin Pyin Village Tract",0702295
"Rakhine State","Buthidaung Township","Ba Da Kar Village Tract",0703200
"Rakhine State","Buthidaung Township","Kyaung Taung Village Tract",0703201
"Rakhine State","Buthidaung Township","Tin May Village Tract",0703202
"Rakhine State","Buthidaung Township","Goke Pi Village Tract",0703203
"Rakhine State","Buthidaung Township","Kyun Pauk Village Tract",0703204
"Rakhine State","Buthidaung Township","Myauk Ye (a) Pan Be Chaung Village Tract",0703205
"Rakhine State","Buthidaung Township","Zee Hton Village Tract",0703206
"Rakhine State","Buthidaung Township","Ba Da Nar Village Tract",0703207
"Rakhine State","Buthidaung Township","Laung Chaung Village Tract",0703208
"Rakhine State","Buthidaung Township","Tat Min Chaung Village Tract",0703209
"Rakhine State","Buthidaung Township","Nga/ Kyin Tauk Village Tract",0703210
"Rakhine State","Buthidaung Township","Mee Kyaung Khaung Swea Village Tract",0703211
"Rakhine State","Buthidaung Township","Inn Chaung Village Tract",0703212
"Rakhine State","Buthidaung Township","Nga Yant Chaung Village Tract",0703213
"Rakhine State","Buthidaung Township","Yin Ma Kyaung Taung Village Tract",0703214
"Rakhine State","Buthidaung Township","Ta Ya Gu Village Tract",0703215
"Rakhine State","Buthidaung Township","Thin Ga Net Village Tract",0703216
"Rakhine State","Buthidaung Township","Mee Chaung Zay Village Tract",0703217
"Rakhine State","Buthidaung Township","Dar Paing Sa Yar Village Tract",0703218
"Rakhine State","Buthidaung Township","Maung Gyi Taung Village Tract",0703219
"Rakhine State","Buthidaung Township","Chin Tha Mar Village Tract",0703220
"Rakhine State","Buthidaung Township","Kyauk Taung (a) Pyin Shey Village Tract",0703221
"Rakhine State","Buthidaung Township","San Hnyin Wai Village Tract",0703222
"Rakhine State","Buthidaung Township","Oke Taung Village Tract",0703223
"Rakhine State","Buthidaung Township","Kha Maung Chaung Village Tract",0703224
"Rakhine State","Buthidaung Township","Laung Yon Village Tract",0703225
"Rakhine State","Buthidaung Township","Aw Ra Ma (a) Yee Chaung Pyin Hla Village Tract",0703226
"Rakhine State","Buthidaung Township","Aye Yar Cha Village Tract",0703227
"Rakhine State","Buthidaung Township","Ka Nyin Chaung Village Tract",0703228
"Rakhine State","Buthidaung Township","Da Pyu Chaung Village Tract",0703229
"Rakhine State","Buthidaung Township","Tha Yet Kin Ma Nu Village Tract",0703230
"Rakhine State","Buthidaung Township","Kun Taing (a) Zee Pin Taung Village Tract",0703231
"Rakhine State","Buthidaung Township","Nan Yar Kone Village Tract",0703232
"Rakhine State","Buthidaung Township","Ywar Ma Village Tract",0703233
"Rakhine State","Buthidaung Township","Let Wea Det Pyin Shey Village Tract",0703234
"Rakhine State","Buthidaung Township","Kyauk Hpyu Taung Village Tract",0703235
"Rakhine State","Buthidaung Township","Let Wea Det Pu Zun Chaung Village Tract",0703236
"Rakhine State","Buthidaung Township","Ba Gone Nar Village Tract",0703237
"Rakhine State","Buthidaung Township","Ka Kyet Bet Kan Pyin Village Tract",0703238
"Rakhine State","Buthidaung Township","Ka Kyet Bet Village Tract",0703239
"Rakhine State","Buthidaung Township","Myaung Nar Village Tract",0703240
"Rakhine State","Buthidaung Township","Ah Lel Chaung Village Tract",0703241
"Rakhine State","Buthidaung Township","Kin Chaung Village Tract",0703242
"Rakhine State","Buthidaung Township","U Hla Hpay Village Tract",0703243
"Rakhine State","Buthidaung Township","Ywet Nyo Taung Village Tract",0703244
"Rakhine State","Buthidaung Township","Ah Twin Hnget Thay Village Tract",0703245
"Rakhine State","Buthidaung Township","Kin Taung (a) Kyar Nyo Pyin Village Tract",0703246
"Rakhine State","Buthidaung Township","Pyin Chaung Village Tract",0703247
"Rakhine State","Buthidaung Township","Tha Yet Pyin Village Tract",0703248
"Rakhine State","Buthidaung Township","Lay Myo Village Tract",0703249
"Rakhine State","Buthidaung Township","Hpon Nyo Leik Village Tract",0703250
"Rakhine State","Buthidaung Township","Wa Ya Kyun Village Tract",0703251
"Rakhine State","Buthidaung Township","Tha Peik Taung Village Tract",0703252
"Rakhine State","Buthidaung Township","Sein Hnyin Pyar Village Tract",0703253
"Rakhine State","Buthidaung Township","Gu Dar Pyin Village Tract",0703254
"Rakhine State","Buthidaung Township","Hpoe Khaung Chaung (a) Kan Pyin Village Tract",0703255
"Rakhine State","Buthidaung Township","U Kyaw (a) Thar Zin Village Tract",0703256
"Rakhine State","Buthidaung Township","Hpa Yar Pyin Thein Tan Village Tract",0703257
"Rakhine State","Buthidaung Township","Say Oe Kya Village Tract",0703258
"Rakhine State","Buthidaung Township","Kyauk Yan Village Tract",0703259
"Rakhine State","Buthidaung Township","San Goe Taung Village Tract",0703260
"Rakhine State","Buthidaung Township","Sa Par Htar Village Tract",0703261
"Rakhine State","Buthidaung Township","Say Taung Village Tract",0703262
"Rakhine State","Buthidaung Township","Thaing Ta Poke Village Tract",0703263
"Rakhine State","Buthidaung Township","Wet Ma Kya (a) Zay Di Taung Village Tract",0703264
"Rakhine State","Buthidaung Township","Thay Kan Gwa Son Village Tract",0703265
"Rakhine State","Buthidaung Township","Kyauk Hpyu Thar Thay Kan Village Tract",0703266
"Rakhine State","Buthidaung Township","Hpa Yon Chaung Village Tract",0703267
"Rakhine State","Buthidaung Township","Hpa Yar Pyin Aung Pa Village Tract",0703268
"Rakhine State","Buthidaung Township","Ah Htet Kywe Cho Maw Village Tract",0703269
"Rakhine State","Buthidaung Township","Thein Taung Pyin Village Tract",0703270
"Rakhine State","Buthidaung Township","Pyaing Taung Village Tract",0703271
"Rakhine State","Buthidaung Township","Du Pyin Shey Village Tract",0703272
"Rakhine State","Buthidaung Township","Kywe Yine Khat Village Tract",0703273
"Rakhine State","Buthidaung Township","Maung Hna Ma (a) Pa Oe Thei Ma Village Tract",0703274
"Rakhine State","Buthidaung Township","Du Oe Thei Ma Village Tract",0703275
"Rakhine State","Buthidaung Township","Pauk Taw Village Tract",0703276
"Rakhine State","Buthidaung Township","Nga Hlan Pyin Village Tract",0703277
"Rakhine State","Rathedaung Township","Thein Taung Village Tract",0704200
"Rakhine State","Rathedaung Township","Hpet Leik Village Tract",0704201
"Rakhine State","Rathedaung Township","Kyein Tan Village Tract",0704202
"Rakhine State","Rathedaung Township","Pyin Shey Village Tract",0704203
"Rakhine State","Rathedaung Township","Zay Di Pyin Village Tract",0704204
"Rakhine State","Rathedaung Township","Chut Pyin Village Tract",0704205
"Rakhine State","Rathedaung Township","Ah Htet Nan Yar Village Tract",0704206
"Rakhine State","Rathedaung Township","Pauk Pin Yin (Pauk Taw) Village Tract",0704207
"Rakhine State","Rathedaung Township","Auk Nan Yar Village Tract",0704208
"Rakhine State","Rathedaung Township","Kyaung Taung Village Tract",0704209
"Rakhine State","Rathedaung Township","Gwa Son Village Tract",0704210
"Rakhine State","Rathedaung Township","Ka Nyin Chaung Village Tract",0704211
"Rakhine State","Rathedaung Township","Kyun Paw Village Tract",0704212
"Rakhine State","Rathedaung Township","Pan Hpaw Pyin Village Tract",0704213
"Rakhine State","Rathedaung Township","Mi Nyo Htaunt Village Tract",0704214
"Rakhine State","Rathedaung Township","Thit Ka Toe Village Tract",0704215
"Rakhine State","Rathedaung Township","Yan Aung Pyin Village Tract",0704216
"Rakhine State","Rathedaung Township","Kon Tan Village Tract",0704217
"Rakhine State","Rathedaung Township","Pyar Pin Yin Village Tract",0704218
"Rakhine State","Rathedaung Township","Nyaung Pin Hla Village Tract",0704219
"Rakhine State","Rathedaung Township","Nat Chaung Village Tract",0704220
"Rakhine State","Rathedaung Township","Myin Hpu Village Tract",0704221
"Rakhine State","Rathedaung Township","Kyauk Sar Taing Village Tract",0704222
"Rakhine State","Rathedaung Township","Aung Seik Village Tract",0704223
"Rakhine State","Rathedaung Township","Kaung Ri Chaung Village Tract",0704224
"Rakhine State","Rathedaung Township","Than Chaung Village Tract",0704225
"Rakhine State","Rathedaung Township","Paung Zar Village Tract",0704226
"Rakhine State","Rathedaung Township","Tha Yet Chaung Village Tract",0704227
"Rakhine State","Rathedaung Township","Laung Chaung Village Tract",0704228
"Rakhine State","Rathedaung Township","Ka Paing Village Tract",0704229
"Rakhine State","Rathedaung Township","Koe Tan Kauk Village Tract",0704230
"Rakhine State","Rathedaung Township","Done Paik Village Tract",0704231
"Rakhine State","Rathedaung Township","Aung Ba La Village Tract",0704232
"Rakhine State","Rathedaung Township","Ku Lar Chaung Village Tract",0704233
"Rakhine State","Rathedaung Township","Ah Ngu Maw Kone Tan Village Tract",0704234
"Rakhine State","Rathedaung Township","Ah Ngu Maw Village Tract",0704235
"Rakhine State","Rathedaung Township","Sin Khone Taing Village Tract",0704236
"Rakhine State","Rathedaung Township","Oke Hpo (Oe Hpauk) Village Tract",0704237
"Rakhine State","Rathedaung Township","Ohn Chaung Village Tract",0704238
"Rakhine State","Rathedaung Township","Yet Khone Taing Village Tract",0704239
"Rakhine State","Rathedaung Township","Zee Khaung Village Tract",0704240
"Rakhine State","Rathedaung Township","Yae Gaung Chaung Village Tract",0704241
"Rakhine State","Rathedaung Township","Pe Tha Du Village Tract",0704242
"Rakhine State","Rathedaung Township","Nga San Baw Village Tract",0704243
"Rakhine State","Rathedaung Township","Pyein Taw Village Tract",0704244
"Rakhine State","Rathedaung Township","Yae Myet Village Tract",0704245
"Rakhine State","Rathedaung Township","Tha Mee Hla Village Tract",0704246
"Rakhine State","Rathedaung Township","Yae Soe Chaung Village Tract",0704247
"Rakhine State","Rathedaung Township","Kyauk Yan Thar Si Village Tract",0704248
"Rakhine State","Rathedaung Township","Kyauk Tan Village Tract",0704249
"Rakhine State","Rathedaung Township","Nwar Hla Kyaw Village Tract",0704250
"Rakhine State","Rathedaung Township","Htee Swea Village Tract",0704251
"Rakhine State","Rathedaung Township","Thaung Da Rar Village Tract",0704252
"Rakhine State","Rathedaung Township","La Mone Taing Village Tract",0704253
"Rakhine State","Rathedaung Township","Sa Par Htar Village Tract",0704254
"Rakhine State","Rathedaung Township","Kha Naung Gyi Village Tract",0704255
"Rakhine State","Rathedaung Township","Nga Tauk Tu Chay Village Tract",0704256
"Rakhine State","Rathedaung Township","Lay Gwa Son Village Tract",0704257
"Rakhine State","Rathedaung Township","Nga Tauk Tu Gyi Village Tract",0704258
"Rakhine State","Rathedaung Township","Pauk Taw Village Tract",0704259
"Rakhine State","Rathedaung Township","Pyar Chaung Gyi Village Tract",0704260
"Rakhine State","Rathedaung Township","Bar Ta Lay Village Tract",0704261
"Rakhine State","Rathedaung Township","Htun Ya Wai Village Tract",0704262
"Rakhine State","Rathedaung Township","Kyein Thar Village Tract",0704263
"Rakhine State","Rathedaung Township","Soe May Village Tract",0704264
"Rakhine State","Rathedaung Township","Lay Kan (Pauk Taw Gyi) Village Tract",0704265
"Rakhine State","Rathedaung Township","Say Oe Kya Village Tract",0704266
"Rakhine State","Rathedaung Township","Na Gar Mauk Village Tract",0704267
"Rakhine State","Rathedaung Township","Tin Koke Village Tract",0704268
"Rakhine State","Rathedaung Township","Min Kan Village Tract",0704269
"Rakhine State","Rathedaung Township","Ku Taung Village Tract",0704270
"Rakhine State","Rathedaung Township","Ah Nauk Pyin Village Tract",0704271
"Rakhine State","Rathedaung Township","Shwe Laung Tin (Paik Seik) Village Tract",0704272
"Rakhine State","Rathedaung Township","Myin Gan Chaung Village Tract",0704273
"Rakhine State","Rathedaung Township","U Gar Village Tract",0704274
"Rakhine State","Rathedaung Township","Thar Si Htaunt Village Tract",0704275
"Rakhine State","Rathedaung Township","Hpyu Chaung Village Tract",0704276
"Rakhine State","Rathedaung Township","Yae Paik Son Village Tract",0704277
"Rakhine State","Rathedaung Township","Kyet Yoe Seik Village Tract",0704278
"Rakhine State","Rathedaung Township","Kan Pyin Village Tract",0704279
"Rakhine State","Rathedaung Township","Kat Chaung Village Tract",0704280
"Rakhine State","Rathedaung Township","Nyaung Pin Gyi Village Tract",0704281
"Rakhine State","Rathedaung Township","Sar Pyin Chay Village Tract",0704282
"Rakhine State","Rathedaung Township","Kyun Gyi Village Tract",0704283
"Rakhine State","Rathedaung Township","Nyaung Pin Lel Village Tract",0704284
"Rakhine State","Rathedaung Township","Sar Pyin Gyi Village Tract",0704285
"Rakhine State","Rathedaung Township","Let Pan Pin Yin Village Tract",0704286
"Rakhine State","Rathedaung Township","Zee Kaing Village Tract",0704287
"Rakhine State","Ponnagyun Township","Ah Htet Thin Pone Tan Village Tract",0705200
"Rakhine State","Ponnagyun Township","Hpar Pway Village Tract",0705201
"Rakhine State","Ponnagyun Township","Aw Ra Ma Village Tract",0705202
"Rakhine State","Ponnagyun Township","Sin Thi Pein Hne Taw Village Tract",0705203
"Rakhine State","Ponnagyun Township","Thet Kyaing Taung Village Tract",0705204
"Rakhine State","Ponnagyun Township","U Yin Thar Village Tract",0705205
"Rakhine State","Ponnagyun Township","Dat Pa Village Tract",0705206
"Rakhine State","Ponnagyun Township","Pyaing Taung Village Tract",0705207
"Rakhine State","Ponnagyun Township","Poe Shi Pyin Village Tract",0705208
"Rakhine State","Ponnagyun Township","Ya Hat Taung Village Tract",0705209
"Rakhine State","Ponnagyun Township","Gant Gar Village Tract",0705210
"Rakhine State","Ponnagyun Township","Kyet Sin Ta Lin Village Tract",0705211
"Rakhine State","Ponnagyun Township","Zay Di Pyin Village Tract",0705212
"Rakhine State","Ponnagyun Township","Taw Hpyar Kan Chaung Village Tract",0705213
"Rakhine State","Ponnagyun Township","Kyauk Pyin Seik Village Tract",0705214
"Rakhine State","Ponnagyun Township","Kan Bu Village Tract",0705215
"Rakhine State","Ponnagyun Township","Doe Tan Village Tract",0705216
"Rakhine State","Ponnagyun Township","Pauk Taw Pyin Village Tract",0705217
"Rakhine State","Ponnagyun Township","Pein Hne Taw Village Tract",0705218
"Rakhine State","Ponnagyun Township","Nat Taung Village Tract",0705219
"Rakhine State","Ponnagyun Township","Kan U Village Tract",0705220
"Rakhine State","Ponnagyun Township","Kha Mway Kyein Chaung Village Tract",0705221
"Rakhine State","Ponnagyun Township","Gant Gar Gyi Village Tract",0705222
"Rakhine State","Ponnagyun Township","Htaung Laung Pun Village Tract",0705223
"Rakhine State","Ponnagyun Township","Hpaung Seik Village Tract",0705224
"Rakhine State","Ponnagyun Township","Myo Village Tract",0705225
"Rakhine State","Ponnagyun Township","Hmo Hin Taw Village Tract",0705226
"Rakhine State","Ponnagyun Township","Yoe Ta Yoke Village Tract",0705227
"Rakhine State","Ponnagyun Township","Shin Taw (Daing Net) Village Tract",0705228
"Rakhine State","Ponnagyun Township","Thea Taw Village Tract",0705229
"Rakhine State","Ponnagyun Township","Ga Nan Taung Village Tract",0705230
"Rakhine State","Ponnagyun Township","Ah Htet Myat Hle Village Tract",0705231
"Rakhine State","Ponnagyun Township","Pet Khwet Seik Village Tract",0705232
"Rakhine State","Ponnagyun Township","Nga/Pyauk Se Village Tract",0705233
"Rakhine State","Ponnagyun Township","Kywe Lan Chaung Village Tract",0705234
"Rakhine State","Ponnagyun Township","Let Wea Myan Village Tract",0705235
"Rakhine State","Ponnagyun Township","Kar Di Village Tract",0705236
"Rakhine State","Ponnagyun Township","Thea Tet Village Tract",0705237
"Rakhine State","Ponnagyun Township","Pyin Hlyar Shey Village Tract",0705238
"Rakhine State","Ponnagyun Township","Aung Seik Village Tract",0705239
"Rakhine State","Ponnagyun Township","Myin Kat Taw Village Tract",0705240
"Rakhine State","Ponnagyun Township","Gwa Son Village Tract",0705241
"Rakhine State","Ponnagyun Township","Kyein Chaung Village Tract",0705242
"Rakhine State","Ponnagyun Township","Min Zi Chaung Village Tract",0705243
"Rakhine State","Ponnagyun Township","Yin Chaung Village Tract",0705244
"Rakhine State","Ponnagyun Township","Nyaung Chon Village Tract",0705245
"Rakhine State","Ponnagyun Township","Thu Pon Village Tract",0705246
"Rakhine State","Ponnagyun Township","Sin Htein Gyi Village Tract",0705247
"Rakhine State","Ponnagyun Township","Sar Ngan Kan Village Tract",0705248
"Rakhine State","Ponnagyun Township","Tauk Son Village Tract",0705249
"Rakhine State","Ponnagyun Township","Kyan Khin Village Tract",0705250
"Rakhine State","Ponnagyun Township","Pan Ni Lar Village Tract",0705251
"Rakhine State","Ponnagyun Township","Hpa Yar Gyi Village Tract",0705252
"Rakhine State","Ponnagyun Township","Chin Thayt Village Tract",0705253
"Rakhine State","Ponnagyun Township","Myet Thauk Village Tract",0705254
"Rakhine State","Ponnagyun Township","Aung Hpyu Pyin Village Tract",0705255
"Rakhine State","Ponnagyun Township","Pe Si Nan Village Tract",0705256
"Rakhine State","Ponnagyun Township","Yoe Ngu Village Tract",0705257
"Rakhine State","Ponnagyun Township","Kyauk Seik Village Tract",0705258
"Rakhine State","Ponnagyun Township","Thea Hpyu Chaung Village Tract",0705259
"Rakhine State","Ponnagyun Township","Thar Si Village Tract",0705260
"Rakhine State","Ponnagyun Township","Let Wea Sar Taik Village Tract",0705261
"Rakhine State","Ponnagyun Township","Moe Tein Pyin Village Tract",0705262
"Rakhine State","Ponnagyun Township","Ah Me Khin Village Tract",0705263
"Rakhine State","Ponnagyun Township","Di Par Yon Village Tract",0705264
"Rakhine State","Ponnagyun Township","Wet Hnoke Thee Village Tract",0705265
"Rakhine State","Ponnagyun Township","Yar Chaung Village Tract",0705266
"Rakhine State","Ponnagyun Township","Yae Pauk Chaung Village Tract",0705267
"Rakhine State","Ponnagyun Township","Nat Seik Village Tract",0705268
"Rakhine State","Ponnagyun Township","Tan Swei Village Tract",0705269
"Rakhine State","Ponnagyun Township","Paik Seik (Kyaw Zan) Village Tract",0705270
"Rakhine State","Ponnagyun Township","Ah Lel Kyun Village Tract",0705271
"Rakhine State","Ponnagyun Township","Pa Day Thar Village Tract",0705272
"Rakhine State","Ponnagyun Township","Ah Htoke Thei Village Tract",0705273
"Rakhine State","Ponnagyun Township","Tan Bet Hlan Village Tract",0705274
"Rakhine State","Ponnagyun Township","Kyein Kyun Village Tract",0705275
"Rakhine State","Ponnagyun Township","Ma Gyi Chaung Village Tract",0705276
"Rakhine State","Ponnagyun Township","Ah Lel Chaung Village Tract",0705277
"Rakhine State","Ponnagyun Township","Thin Pone Tan Village Tract",0705278
"Rakhine State","Ponnagyun Township","Kan Pyin Village Tract",0705279
"Rakhine State","Ponnagyun Township","Ku Lar Chaung Village Tract",0705280
"Rakhine State","Ponnagyun Township","Met Ka Lar Kya Village Tract",0705281
"Rakhine State","Ponnagyun Township","Kon Tan Kyein Chaung Village Tract",0705282
"Rakhine State","Ponnagyun Township","Kun Taung Village Tract",0705283
"Rakhine State","Ponnagyun Township","Aing Din Ywar Thit Village Tract",0705284
"Rakhine State","Ponnagyun Township","Hgnet Gyi Kyun Village Tract",0705285
"Rakhine State","Ponnagyun Township","Tan Khoe Village Tract",0705286
"Rakhine State","Ponnagyun Township","Kywe Htoe Village Tract",0705287
"Rakhine State","Ponnagyun Township","Kan Chaung Village Tract",0705288
"Rakhine State","Ponnagyun Township","Sa Par Htar Village Tract",0705289
"Rakhine State","Ponnagyun Township","Aung Zay Ya Village Tract",0705290
"Rakhine State","Ponnagyun Township","Kha Maung Taw Village Tract",0705291
"Rakhine State","Kyauktaw Township","Tha Lu Chaung Village Tract",0706200
"Rakhine State","Kyauktaw Township","Sa Par Seik Village Tract",0706201
"Rakhine State","Kyauktaw Township","Than Hmyar Village Tract",0706202
"Rakhine State","Kyauktaw Township","Mee Wa Village Tract",0706203
"Rakhine State","Kyauktaw Township","Mun Htaunt Village Tract",0706204
"Rakhine State","Kyauktaw Township","Laung Shey Village Tract",0706205
"Rakhine State","Kyauktaw Township","Kyin Gyi Village Tract",0706206
"Rakhine State","Kyauktaw Township","Taung Mu Zi Village Tract",0706207
"Rakhine State","Kyauktaw Township","Tha Pauk Kan Village Tract",0706208
"Rakhine State","Kyauktaw Township","Wea Gyi Daunt Village Tract",0706209
"Rakhine State","Kyauktaw Township","Aung Ya Village Tract",0706210
"Rakhine State","Kyauktaw Township","Ma Tin Hmaing Chaung Village Tract",0706211
"Rakhine State","Kyauktaw Township","Tin Ma Village Tract",0706212
"Rakhine State","Kyauktaw Township","Mar Lar Village Tract",0706213
"Rakhine State","Kyauktaw Township","Min Thar Taung Village Tract",0706214
"Rakhine State","Kyauktaw Township","Me Taung Thar Si Village Tract",0706215
"Rakhine State","Kyauktaw Township","Myauk Taung Village Tract",0706216
"Rakhine State","Kyauktaw Township","Taung Bway Village Tract",0706217
"Rakhine State","Kyauktaw Township","Ya Da Nar Pon Village Tract",0706218
"Rakhine State","Kyauktaw Township","Na Ga Yar Village Tract",0706219
"Rakhine State","Kyauktaw Township","Than Htaung Village Tract",0706220
"Rakhine State","Kyauktaw Township","Shin Kyan Village Tract",0706221
"Rakhine State","Kyauktaw Township","Htauk Lay Min Tan Village Tract",0706222
"Rakhine State","Kyauktaw Township","Ngar Saung Bet Village Tract",0706223
"Rakhine State","Kyauktaw Township","Taung Htaung Ha Yar Village Tract",0706224
"Rakhine State","Kyauktaw Township","Pi Htu Village Tract",0706225
"Rakhine State","Kyauktaw Township","Taung Htaung Village Tract",0706226
"Rakhine State","Kyauktaw Township","Wa Kin Village Tract",0706227
"Rakhine State","Kyauktaw Township","Lan Ma Taw Village Tract",0706228
"Rakhine State","Kyauktaw Township","Khaung Toke Village Tract",0706229
"Rakhine State","Kyauktaw Township","Ah Lel Kyun Village Tract",0706230
"Rakhine State","Kyauktaw Township","Pauk Taw Village Tract",0706231
"Rakhine State","Kyauktaw Township","Sa Par Seik Village Tract",0706232
"Rakhine State","Kyauktaw Township","Kyauk Ta Lone Village Tract",0706233
"Rakhine State","Kyauktaw Township","Tha Yet Ta Pin Village Tract",0706234
"Rakhine State","Kyauktaw Township","Thit Ta Pon Village Tract",0706235
"Rakhine State","Kyauktaw Township","Nyaung Chaung Village Tract",0706236
"Rakhine State","Kyauktaw Township","Ywar Ma Pyin Village Tract",0706237
"Rakhine State","Kyauktaw Township","Kyar Nin Kan Village Tract",0706238
"Rakhine State","Kyauktaw Township","Tha Win Kaing Village Tract",0706239
"Rakhine State","Kyauktaw Township","Let Saung Kauk Village Tract",0706240
"Rakhine State","Kyauktaw Township","Paik Thei Village Tract",0706241
"Rakhine State","Kyauktaw Township","Kyaung Swei Hpyu Village Tract",0706242
"Rakhine State","Kyauktaw Township","Shauk Chaung Village Tract",0706243
"Rakhine State","Kyauktaw Township","Nga/Ta Paung Village Tract",0706244
"Rakhine State","Kyauktaw Township","Hpa Yar Paung Village Tract",0706245
"Rakhine State","Kyauktaw Township","Kun Ohn Chaung Village Tract",0706246
"Rakhine State","Kyauktaw Township","Thin Ga Net Village Tract",0706247
"Rakhine State","Kyauktaw Township","Kar Di Village Tract",0706248
"Rakhine State","Kyauktaw Township","Auk Lar Village Tract",0706249
"Rakhine State","Kyauktaw Township","Kan Sauk Village Tract",0706250
"Rakhine State","Kyauktaw Township","Taung Min Ku Lar Village Tract",0706251
"Rakhine State","Kyauktaw Township","Saung Du Village Tract",0706252
"Rakhine State","Kyauktaw Township","Kha Maung Taw Village Tract",0706253
"Rakhine State","Kyauktaw Township","Pan Hpe Chaung Village Tract",0706254
"Rakhine State","Kyauktaw Township","Pyein Chaung Village Tract",0706255
"Rakhine State","Kyauktaw Township","Pyaung Seik Village Tract",0706256
"Rakhine State","Kyauktaw Township","Gwa Son Village Tract",0706257
"Rakhine State","Kyauktaw Township","Ohn Pa Tee Village Tract",0706258
"Rakhine State","Kyauktaw Township","Aung Zay Ya Village Tract",0706259
"Rakhine State","Kyauktaw Township","Ba Ra War Village Tract",0706260
"Rakhine State","Kyauktaw Township","Bo Min Village Tract",0706261
"Rakhine State","Kyauktaw Township","Doke Kan Chaung Village Tract",0706262
"Rakhine State","Kyauktaw Township","Ah Pauk Wa Village Tract",0706263
"Rakhine State","Kyauktaw Township","Ywar Thit Kay Village Tract",0706264
"Rakhine State","Kyauktaw Township","Kyauk Hpyu Village Tract",0706265
"Rakhine State","Kyauktaw Township","Ka Thit Taw Village Tract",0706266
"Rakhine State","Kyauktaw Township","Pa Laung Village Tract",0706267
"Rakhine State","Kyauktaw Township","Sin Oe Chaing Village Tract",0706268
"Rakhine State","Kyauktaw Township","Sein Chon Village Tract",0706269
"Rakhine State","Kyauktaw Township","Sa Hpo Thar Village Tract",0706270
"Rakhine State","Kyauktaw Township","Yun Chaung Village Tract",0706271
"Rakhine State","Kyauktaw Township","La Mu Ta Pin Village Tract",0706272
"Rakhine State","Kyauktaw Township","Goke Pi Htaunt Village Tract",0706273
"Rakhine State","Kyauktaw Township","Ah Kha Sar Village Tract",0706274
"Rakhine State","Kyauktaw Township","Na Gu May Village Tract",0706275
"Rakhine State","Kyauktaw Township","Zin Khar Chay Village Tract",0706276
"Rakhine State","Kyauktaw Township","Let Khoke Pin Yin Village Tract",0706277
"Rakhine State","Kyauktaw Township","Gaw Yaw Ma Ni Village Tract",0706278
"Rakhine State","Gwa Township","Taing Kyoe Village Tract",0707200
"Rakhine State","Gwa Township","Sat Thwar Village Tract",0707201
"Rakhine State","Gwa Township","Sar Chet Village Tract",0707202
"Rakhine State","Gwa Township","Sin Ku Village Tract",0707203
"Rakhine State","Gwa Township","Shwe U Kwin Village Tract",0707204
"Rakhine State","Gwa Township","Ma Dawt Kyaw Village Tract",0707205
"Rakhine State","Gwa Township","Zee Kone Village Tract",0707206
"Rakhine State","Gwa Township","Kin Pon Village Tract",0707207
"Rakhine State","Gwa Township","Laung Kyoe Village Tract",0707208
"Rakhine State","Gwa Township","Nyaung Chaung Village Tract",0707209
"Rakhine State","Gwa Township","Shwe Twin Tu Village Tract",0707210
"Rakhine State","Gwa Township","Tin Taw Village Tract",0707211
"Rakhine State","Gwa Township","Ah Lel Chaung Village Tract",0707212
"Rakhine State","Gwa Township","Ya Haing Hpyar Village Tract",0707213
"Rakhine State","Gwa Township","Ya Haing Ku Toet Village Tract",0707214
"Rakhine State","Gwa Township","Daung Chaung Village Tract",0707215
"Rakhine State","Gwa Township","Ma Kyay Ngu (Shwe Ya Chaing) Village Tract",0707216
"Rakhine State","Gwa Township","Taung Pauk Village Tract",0707217
"Rakhine State","Gwa Township","Chaung Thar Gyi Village Tract",0707218
"Rakhine State","Gwa Township","Pauk Tu Village Tract",0707219
"Rakhine State","Gwa Township","Da Ni Village Tract",0707220
"Rakhine State","Gwa Township","Shauk Kone Village Tract",0707221
"Rakhine State","Gwa Township","Zay Di Kwin Village Tract",0707222
"Rakhine State","Gwa Township","Thea Kone (Kwin Thone Sint) Village Tract",0707223
"Rakhine State","Gwa Township","Taung Pat Lel Village Tract",0707224
"Rakhine State","Gwa Township","Pone Hnyet Village Tract",0707225
"Rakhine State","Gwa Township","Kyin Gyi Village Tract",0707226
"Rakhine State","Gwa Township","Yae Kyaw Village Tract",0707227
"Rakhine State","Gwa Township","Gant Gaw Taung Village Tract",0707228
"Rakhine State","Gwa Township","Kaing Khon (Ta Khun Taing) Village Tract",0707229
"Rakhine State","Gwa Township","Ya Da Nar Myaing Village Tract",0707230
"Rakhine State","Gwa Township","Ba Win (Let Pan Khon) Village Tract",0707231
"Rakhine State","Gwa Township","Kyway Chaing (Ku Toet Lay) Village Tract",0707232
"Rakhine State","Pauktaw Township","Nat Taung Pyin Village Tract",0708200
"Rakhine State","Pauktaw Township","Ywar Chaung Gyi Village Tract",0708201
"Rakhine State","Pauktaw Township","Nga Khu Shey Village Tract",0708202
"Rakhine State","Pauktaw Township","Tha Yet Cho Village Tract",0708203
"Rakhine State","Pauktaw Township","Nga Khu Chaung Village Tract",0708204
"Rakhine State","Pauktaw Township","Saing Toke Village Tract",0708205
"Rakhine State","Pauktaw Township","Thar Si Village Tract",0708206
"Rakhine State","Pauktaw Township","Gyin Dway Village Tract",0708207
"Rakhine State","Pauktaw Township","Pyun Khaung Village Tract",0708208
"Rakhine State","Pauktaw Township","Chaung Zauk Village Tract",0708209
"Rakhine State","Pauktaw Township","Thit Poke Village Tract",0708210
"Rakhine State","Pauktaw Township","Pon Nar Gyi Village Tract",0708211
"Rakhine State","Pauktaw Township","Ah Lel Kyun Village Tract",0708212
"Rakhine State","Pauktaw Township","Chaung Thar Gyi Village Tract",0708213
"Rakhine State","Pauktaw Township","Sin Paik Village Tract",0708214
"Rakhine State","Pauktaw Township","Myint Gar Village Tract",0708215
"Rakhine State","Pauktaw Township","Kan Seik Village Tract",0708216
"Rakhine State","Pauktaw Township","Taung Poke Kay Village Tract",0708217
"Rakhine State","Pauktaw Township","Zee Cho Maw Village Tract",0708218
"Rakhine State","Pauktaw Township","Nan Tet Kyun Village Tract",0708219
"Rakhine State","Pauktaw Township","Ku Lar Chaung Village Tract",0708220
"Rakhine State","Pauktaw Township","Thin Pone Chaung Village Tract",0708221
"Rakhine State","Pauktaw Township","Yin Ye Kan Village Tract",0708222
"Rakhine State","Pauktaw Township","Let Ma Yar Village Tract",0708223
"Rakhine State","Pauktaw Township","Chaung Nwe Village Tract",0708224
"Rakhine State","Pauktaw Township","Kan Myint Village Tract",0708225
"Rakhine State","Pauktaw Township","Ngwe Dwin Dway Village Tract",0708226
"Rakhine State","Pauktaw Township","Nga Wet Swei Village Tract",0708227
"Rakhine State","Pauktaw Township","Se Thone Tan Village Tract",0708228
"Rakhine State","Pauktaw Township","Hin Kha Yaw Village Tract",0708229
"Rakhine State","Pauktaw Township","Gan Kya Village Tract",0708230
"Rakhine State","Pauktaw Township","Kan Pyin Ywar Haung Village Tract",0708231
"Rakhine State","Pauktaw Township","Nga Pyi Tet Village Tract",0708232
"Rakhine State","Pauktaw Township","Kyauk Taung Village Tract",0708233
"Rakhine State","Pauktaw Township","Myauk Pyin Village Tract",0708234
"Rakhine State","Pauktaw Township","Hpa Tu Gyi Village Tract",0708235
"Rakhine State","Pauktaw Township","Tha Yet Chaung Village Tract",0708236
"Rakhine State","Pauktaw Township","Kyauk Su Village Tract",0708237
"Rakhine State","Pauktaw Township","Byaing Thit Village Tract",0708238
"Rakhine State","Pauktaw Township","Taung Nyo Village Tract",0708239
"Rakhine State","Pauktaw Township","Tha Win Chaung Village Tract",0708240
"Rakhine State","Pauktaw Township","Taung Hpu Village Tract",0708241
"Rakhine State","Pauktaw Township","Nga Pyi Kyun Village Tract",0708242
"Rakhine State","Pauktaw Township","Ah Wa Kan Village Tract",0708243
"Rakhine State","Pauktaw Township","Kyein Khway Maw Village Tract",0708244
"Rakhine State","Pauktaw Township","Ma Naw Thi Ri Village Tract",0708245
"Rakhine State","Pauktaw Township","Let Pan Pyar Village Tract",0708246
"Rakhine State","Pauktaw Township","Thea Chaung Village Tract",0708247
"Rakhine State","Pauktaw Township","Pein Hne Chaung Village Tract",0708248
"Rakhine State","Pauktaw Township","Pyaing Taung Village Tract",0708249
"Rakhine State","Pauktaw Township","Sin Tet Maw Village Tract",0708250
"Rakhine State","Pauktaw Township","Gyin Chaung Village Tract",0708251
"Rakhine State","Pauktaw Township","Chaung Wa Village Tract",0708252
"Rakhine State","Minbya Township","Kin Seik Village Tract",0709200
"Rakhine State","Minbya Township","Ywar Pyin Village Tract",0709201
"Rakhine State","Minbya Township","Chaik Taung Village Tract",0709202
"Rakhine State","Minbya Township","Taung Poet Gyi Village Tract",0709203
"Rakhine State","Minbya Township","Pan Zin Maw Village Tract",0709204
"Rakhine State","Minbya Township","Thein Taung Village Tract",0709205
"Rakhine State","Minbya Township","Nga/Way Village Tract",0709206
"Rakhine State","Minbya Township","Bar Bu Taung Village Tract",0709207
"Rakhine State","Minbya Township","San Ba Lay Village Tract",0709208
"Rakhine State","Minbya Township","Na Yan Village Tract",0709209
"Rakhine State","Minbya Township","Pwint Htee Village Tract",0709210
"Rakhine State","Minbya Township","Than Shin Village Tract",0709211
"Rakhine State","Minbya Township","Sat Kyar Village Tract",0709212
"Rakhine State","Minbya Township","Ku Toe Seik Village Tract",0709213
"Rakhine State","Minbya Township","Win Zar Village Tract",0709214
"Rakhine State","Minbya Township","Pan Myaung Village Tract",0709215
"Rakhine State","Minbya Township","Na Ga Yar Village Tract",0709216
"Rakhine State","Minbya Township","Shwe Ta Mar Village Tract",0709217
"Rakhine State","Minbya Township","Min Hpu Village Tract",0709218
"Rakhine State","Minbya Township","Oe Pyin Taung Village Tract",0709219
"Rakhine State","Minbya Township","Pyin Yaung Village Tract",0709220
"Rakhine State","Minbya Township","Htein Pin Village Tract",0709221
"Rakhine State","Minbya Township","Thaung Khaung Maw Village Tract",0709222
"Rakhine State","Minbya Township","Tha Toe Village Tract",0709223
"Rakhine State","Minbya Township","Ku Lar Ma Taung Village Tract",0709224
"Rakhine State","Minbya Township","Don Gyi Village Tract",0709225
"Rakhine State","Minbya Township","Min Zi Village Tract",0709226
"Rakhine State","Minbya Township","Tat Yar Village Tract",0709227
"Rakhine State","Minbya Township","Hpon Thar Wa Village Tract",0709228
"Rakhine State","Minbya Township","Ngan Tet Village Tract",0709229
"Rakhine State","Minbya Township","Min Ku Lan Village Tract",0709230
"Rakhine State","Minbya Township","Sa Par Htar Village Tract",0709231
"Rakhine State","Minbya Township","Ah Wa Village Tract",0709232
"Rakhine State","Minbya Township","Thin Paung Chaung Village Tract",0709233
"Rakhine State","Minbya Township","Ah Htet Hnget Pyaw Chaung Village Tract",0709234
"Rakhine State","Minbya Township","May Lun Village Tract",0709235
"Rakhine State","Minbya Township","Kyaung Taung Village Tract",0709236
"Rakhine State","Minbya Township","Kay Tha Lar Pyun Wa Village Tract",0709237
"Rakhine State","Minbya Township","Kay Tha Lar Chaung Wa Village Tract",0709238
"Rakhine State","Minbya Township","Kywe Kyo Village Tract",0709239
"Rakhine State","Minbya Township","Taung Shey Pyin Village Tract",0709240
"Rakhine State","Minbya Township","Yin Bway Village Tract",0709241
"Rakhine State","Minbya Township","Yin Chaung Village Tract",0709242
"Rakhine State","Minbya Township","Auk Hnget Pyaw Chaung Village Tract",0709243
"Rakhine State","Minbya Township","Zin Yaw Maw Village Tract",0709244
"Rakhine State","Minbya Township","Kyein Chaung Village Tract",0709245
"Rakhine State","Minbya Township","Hpa Laung Pyin Village Tract",0709246
"Rakhine State","Minbya Township","Thin Ga Net Village Tract",0709247
"Rakhine State","Minbya Township","Chaw Chaung Village Tract",0709248
"Rakhine State","Minbya Township","Thar Yar Kone Village Tract",0709249
"Rakhine State","Minbya Township","Yan Taing Village Tract",0709250
"Rakhine State","Minbya Township","Khway Tauk Chaung Village Tract",0709251
"Rakhine State","Minbya Township","Aing Wun Village Tract",0709252
"Rakhine State","Minbya Township","Oke Ta Rar Village Tract",0709253
"Rakhine State","Minbya Township","La Har Kyay Village Tract",0709254
"Rakhine State","Minbya Township","Kywe Tet Village Tract",0709255
"Rakhine State","Minbya Township","Khaung Laung Chaung Village Tract",0709256
"Rakhine State","Minbya Township","Sun Ye Village Tract",0709257
"Rakhine State","Minbya Township","Kyaung Shey Chaung Village Tract",0709258
"Rakhine State","Minbya Township","That Pone Village Tract",0709259
"Rakhine State","Minbya Township","Chaung Shey Village Tract",0709260
"Rakhine State","Minbya Township","Pale Pauk Village Tract",0709261
"Rakhine State","Mrauk-U Township","Ywar Haung Taw Village Tract",0710200
"Rakhine State","Mrauk-U Township","Ka La Ka Village Tract",0710201
"Rakhine State","Mrauk-U Township","Pu Zun Hpe Village Tract",0710202
"Rakhine State","Mrauk-U Township","Pu Rein Village Tract",0710203
"Rakhine State","Mrauk-U Township","Myet Yeik Kyun Village Tract",0710204
"Rakhine State","Mrauk-U Township","Sin Oe Village Tract",0710205
"Rakhine State","Mrauk-U Township","Gon Kyun Village Tract",0710206
"Rakhine State","Mrauk-U Township","Byoke Chaung Village Tract",0710207
"Rakhine State","Mrauk-U Township","Maw Ywar Village Tract",0710208
"Rakhine State","Mrauk-U Township","Lay Hnyin Taung Village Tract",0710209
"Rakhine State","Mrauk-U Township","Cheik Chaung Village Tract",0710210
"Rakhine State","Mrauk-U Township","Sin Ke Village Tract",0710211
"Rakhine State","Mrauk-U Township","Pyi Lone Gyi Village Tract",0710212
"Rakhine State","Mrauk-U Township","Maung Shwi Kan Village Tract",0710213
"Rakhine State","Mrauk-U Township","Kin Seik Village Tract",0710214
"Rakhine State","Mrauk-U Township","Pi Pin Yin Village Tract",0710215
"Rakhine State","Mrauk-U Township","Nan Kyar Village Tract",0710216
"Rakhine State","Mrauk-U Township","Kone Baung Village Tract",0710217
"Rakhine State","Mrauk-U Township","Myaung Bway Village Tract",0710218
"Rakhine State","Mrauk-U Township","Bu Ta Lone Village Tract",0710219
"Rakhine State","Mrauk-U Township","Let Than Chi Village Tract",0710220
"Rakhine State","Mrauk-U Township","Nga Me Pyin Village Tract",0710221
"Rakhine State","Mrauk-U Township","Kywe Te Village Tract",0710222
"Rakhine State","Mrauk-U Township","Oke Kar Kyaw Village Tract",0710223
"Rakhine State","Mrauk-U Township","Let Pan Taw Village Tract",0710224
"Rakhine State","Mrauk-U Township","Yin Thei Village Tract",0710225
"Rakhine State","Mrauk-U Township","Than Shin Pyin Village Tract",0710226
"Rakhine State","Mrauk-U Township","Kyay Pin Lel Village Tract",0710227
"Rakhine State","Mrauk-U Township","Zee Zar Village Tract",0710228
"Rakhine State","Mrauk-U Township","Koke Ka Rit Htaunt Village Tract",0710229
"Rakhine State","Mrauk-U Township","Nyaung Pin Lel Village Tract",0710230
"Rakhine State","Mrauk-U Township","Pyaung Paw Village Tract",0710231
"Rakhine State","Mrauk-U Township","Kyein Chaung Village Tract",0710232
"Rakhine State","Mrauk-U Township","Ah Kyee Taw Ma Village Tract",0710233
"Rakhine State","Mrauk-U Township","Kant Tha Ri Village Tract",0710234
"Rakhine State","Mrauk-U Township","Nan Tet Village Tract",0710235
"Rakhine State","Mrauk-U Township","Tha Baw Village Tract",0710236
"Rakhine State","Mrauk-U Township","Thu Nge Taw Village Tract",0710237
"Rakhine State","Mrauk-U Township","Shin Shey Village Tract",0710238
"Rakhine State","Mrauk-U Township","Kyar Kan Village Tract",0710239
"Rakhine State","Mrauk-U Township","Hpa Yar Myar Village Tract",0710240
"Rakhine State","Mrauk-U Township","Thar Yar Kone Village Tract",0710241
"Rakhine State","Mrauk-U Township","Lay Hnyin Thar Village Tract",0710242
"Rakhine State","Mrauk-U Township","Set Thar Village Tract",0710243
"Rakhine State","Mrauk-U Township","Ah Lel Chaung Village Tract",0710244
"Rakhine State","Mrauk-U Township","Pyar Te Village Tract",0710245
"Rakhine State","Mrauk-U Township","Ye Hpyar Village Tract",0710246
"Rakhine State","Mrauk-U Township","Nyaung Pin Lel (Ku Lar Pone) Village Tract",0710247
"Rakhine State","Mrauk-U Township","Zee Pin Gyi Village Tract",0710248
"Rakhine State","Mrauk-U Township","Nat Chaung Village Tract",0710249
"Rakhine State","Mrauk-U Township","Shauk Pon Kyun Village Tract",0710250
"Rakhine State","Mrauk-U Township","Paung Toke Village Tract",0710251
"Rakhine State","Mrauk-U Township","Ku Toe Village Tract",0710252
"Rakhine State","Mrauk-U Township","Ma Har Htee Village Tract",0710253
"Rakhine State","Mrauk-U Township","Baung Dut Village Tract",0710254
"Rakhine State","Mrauk-U Township","Su Yit Chaung Village Tract",0710255
"Rakhine State","Mrauk-U Township","Maung Hna Ma Village Tract",0710256
"Rakhine State","Mrauk-U Township","Than Tha Yar Village Tract",0710257
"Rakhine State","Mrauk-U Township","Naung Min Village Tract",0710258
"Rakhine State","Mrauk-U Township","Ka Da Wa Village Tract",0710259
"Rakhine State","Mrauk-U Township","Tan Tin Village Tract",0710260
"Rakhine State","Mrauk-U Township","Cha Yar Village Tract",0710261
"Rakhine State","Mrauk-U Township","Taw Bway Village Tract",0710262
"Rakhine State","Mrauk-U Township","Than Chaung Village Tract",0710263
"Rakhine State","Mrauk-U Township","Way Thar Li Village Tract",0710264
"Rakhine State","Mrauk-U Township","Hpa Yar Gyi Village Tract",0710265
"Rakhine State","Mrauk-U Township","Bu Ywet Ma Nyoe Village Tract",0710266
"Rakhine State","Mrauk-U Township","Ma Kyar Se Village Tract",0710267
"Rakhine State","Mrauk-U Township","Pyaing Cha Village Tract",0710268
"Rakhine State","Mrauk-U Township","Pya Hla Village Tract",0710269
"Rakhine State","Mrauk-U Township","Tin Htein Kan Village Tract",0710270
"Rakhine State","Mrauk-U Township","Kin Chaung Village Tract",0710271
"Rakhine State","Mrauk-U Township","Thin Pan Kaing Village Tract",0710272
"Rakhine State","Mrauk-U Township","Ah Yet Thay Ma Village Tract",0710273
"Rakhine State","Mrauk-U Township","Bar Nyo Village Tract",0710274
"Rakhine State","Mrauk-U Township","Na Kan Village Tract",0710275
"Rakhine State","Mrauk-U Township","Kon Baung Village Tract",0710276
"Rakhine State","Mrauk-U Township","Wet Hla Village Tract",0710277
"Rakhine State","Mrauk-U Township","Gwa Son Village Tract",0710278
"Rakhine State","Mrauk-U Township","Tha Pyay Kan Village Tract",0710279
"Rakhine State","Mrauk-U Township","Shar Shey Pyin Village Tract",0710280
"Rakhine State","Mrauk-U Township","Oke Kan Village Tract",0710281
"Rakhine State","Mrauk-U Township","Taung Taik Village Tract",0710282
"Rakhine State","Mrauk-U Township","Taung Myint Village Tract",0710283
"Rakhine State","Mrauk-U Township","Kan Sauk Village Tract",0710284
"Rakhine State","Mrauk-U Township","Hteik Wa Pyin Village Tract",0710285
"Rakhine State","Mrauk-U Township","Taung U Village Tract",0710286
"Rakhine State","Mrauk-U Township","Yan Aung Pyin Village Tract",0710287
"Rakhine State","Mrauk-U Township","Kyauk Kyat Village Tract",0710288
"Rakhine State","Mrauk-U Township","Kyi Yar Pyin Village Tract",0710289
"Rakhine State","Mrauk-U Township","Pauk Pin Kwin Village Tract",0710290
"Rakhine State","Mrauk-U Township","Oe Htein Village Tract",0710291
"Rakhine State","Mrauk-U Township","Tein Nyo Village Tract",0710292
"Rakhine State","Mrauk-U Township","Shwe Kyin Pyin Village Tract",0710293
"Rakhine State","Mrauk-U Township","Kyauk Se Pyin Village Tract",0710294
"Rakhine State","Mrauk-U Township","Kyaung Taung Village Tract",0710295
"Rakhine State","Myebon Township","Ah Ngu Village Tract",0711200
"Rakhine State","Myebon Township","Ah Lel Kyun Village Tract",0711201
"Rakhine State","Myebon Township","Ah Twin Nga Khu Chaung Village Tract",0711202
"Rakhine State","Myebon Township","Pyayt Chaung Village Tract",0711203
"Rakhine State","Myebon Township","Chaung Kya Village Tract",0711204
"Rakhine State","Myebon Township","Chon Chaung Village Tract",0711205
"Rakhine State","Myebon Township","Daing Bon Village Tract",0711206
"Rakhine State","Myebon Township","Gaung Hpyu Village Tract",0711207
"Rakhine State","Myebon Township","Kyet Yae Gyi Village Tract",0711208
"Rakhine State","Myebon Township","Kyauk Hpya Lar Village Tract",0711209
"Rakhine State","Myebon Township","Kha Yan Pyin Village Tract",0711210
"Rakhine State","Myebon Township","Kyauk Nga Nwar Village Tract",0711211
"Rakhine State","Myebon Township","Kaw Village Tract",0711212
"Rakhine State","Myebon Township","Kyun Kya Village Tract",0711213
"Rakhine State","Myebon Township","Ngwe Twin Tu Village Tract",0711214
"Rakhine State","Myebon Township","Koke Ko Village Tract",0711215
"Rakhine State","Myebon Township","Kyun Thar Yar Village Tract",0711216
"Rakhine State","Myebon Township","Kyauk Hpyar Village Tract",0711217
"Rakhine State","Myebon Township","Kyay Taw Village Tract",0711218
"Rakhine State","Myebon Township","Laung Da Reik Village Tract",0711219
"Rakhine State","Myebon Township","Myauk Kyein Village Tract",0711220
"Rakhine State","Myebon Township","Nga Man Ye Gyi Village Tract",0711221
"Rakhine State","Myebon Township","Nga Shwe Pyin Village Tract",0711222
"Rakhine State","Myebon Township","Moe Thee Nat Taung Village Tract",0711223
"Rakhine State","Myebon Township","Nyaung Khet Kan Village Tract",0711224
"Rakhine State","Myebon Township","Ngan Taung Village Tract",0711225
"Rakhine State","Myebon Township","Ohn Chaung Village Tract",0711226
"Rakhine State","Myebon Township","Pyin Chaung Village Tract",0711227
"Rakhine State","Myebon Township","Pyin Nga Khu Chaung Village Tract",0711228
"Rakhine State","Myebon Township","Pe Kauk Village Tract",0711229
"Rakhine State","Myebon Township","Hpa Lar Kya Village Tract",0711230
"Rakhine State","Myebon Township","Pin Kat Taung Maw Village Tract",0711231
"Rakhine State","Myebon Township","Pin Kat Chaung Village Tract",0711232
"Rakhine State","Myebon Township","Pauk Tu Taung Village Tract",0711233
"Rakhine State","Myebon Township","Say Myit Swe Village Tract",0711234
"Rakhine State","Myebon Township","Shauk Chon Village Tract",0711235
"Rakhine State","Myebon Township","Sa Hnyin Village Tract",0711236
"Rakhine State","Myebon Township","Sin Kyat Village Tract",0711237
"Rakhine State","Myebon Township","Sat Tet Village Tract",0711238
"Rakhine State","Myebon Township","Seik Ta Ra Village Tract",0711239
"Rakhine State","Myebon Township","Thin Ga Net Village Tract",0711240
"Rakhine State","Myebon Township","Taung Shey Village Tract",0711241
"Rakhine State","Myebon Township","Tha Yet Taung Village Tract",0711242
"Rakhine State","Myebon Township","Tat Yar Village Tract",0711243
"Rakhine State","Myebon Township","Wa Baw Gyi Village Tract",0711244
"Rakhine State","Myebon Township","Yae Shin Village Tract",0711245
"Rakhine State","Myebon Township","Yet Chaung Village Tract",0711246
"Rakhine State","Myebon Township","Yoe Sa Nwin Village Tract",0711247
"Rakhine State","Myebon Township","Yae Gaung Chaung Village Tract",0711248
"Rakhine State","Myebon Township","Yae Ni Gyi Village Tract",0711249
"Rakhine State","Myebon Township","Yae Kaung Chein Village Tract",0711250
"Rakhine State","Myebon Township","Nga Pa Thon Village Tract",0711251
"Rakhine State","Myebon Township","Ko Yan Pyin Village Tract",0711252
"Rakhine State","Myebon Township","Htu Che Village Tract",0711253
"Rakhine State","Myebon Township","Wet Gaung Village Tract",0711254
"Rakhine State","Myebon Township","Nga Sin Pone Village Tract",0711255
"Rakhine State","Myebon Township","Oke Kan Village Tract",0711256
"Rakhine State","Myebon Township","Maung Shin Village Tract",0711257
"Rakhine State","Myebon Township","Thin Paung Chaung Village Tract",0711258
"Rakhine State","Kyaukpyu Township","Pyin Hpyu Maw Village Tract",0712200
"Rakhine State","Kyaukpyu Township","Taung Yin Village Tract",0712201
"Rakhine State","Kyaukpyu Township","Thea Tan Village Tract",0712202
"Rakhine State","Kyaukpyu Township","Thea Chaung Village Tract",0712203
"Rakhine State","Kyaukpyu Township","Ma Day Kyun Village Tract",0712204
"Rakhine State","Kyaukpyu Township","Gone Chein Village Tract",0712205
"Rakhine State","Kyaukpyu Township","Ohn Taw Village Tract",0712206
"Rakhine State","Kyaukpyu Township","Kan Dee Village Tract",0712207
"Rakhine State","Kyaukpyu Township","Chaung Wa Village Tract",0712208
"Rakhine State","Kyaukpyu Township","Min Pyin Village Tract",0712209
"Rakhine State","Kyaukpyu Township","Leik Kha Maw Village Tract",0712210
"Rakhine State","Kyaukpyu Township","Kyauk Pyauk Village Tract",0712211
"Rakhine State","Kyaukpyu Township","Kat Tha Pyay Village Tract",0712212
"Rakhine State","Kyaukpyu Township","Kyat Tein Village Tract",0712213
"Rakhine State","Kyaukpyu Township","Sit Taw Village Tract",0712214
"Rakhine State","Kyaukpyu Township","Thaing Chaung Village Tract",0712215
"Rakhine State","Kyaukpyu Township","Doe Ma Taung Village Tract",0712216
"Rakhine State","Kyaukpyu Township","Saing Chon Village Tract",0712217
"Rakhine State","Kyaukpyu Township","U Gin Village Tract",0712218
"Rakhine State","Kyaukpyu Township","Nga Seint Pyin Village Tract",0712219
"Rakhine State","Kyaukpyu Township","Sin Boke Village Tract",0712220
"Rakhine State","Kyaukpyu Township","Nga Lone Su Village Tract",0712221
"Rakhine State","Kyaukpyu Township","Zin Chaung Village Tract",0712222
"Rakhine State","Kyaukpyu Township","Than Chaung Village Tract",0712223
"Rakhine State","Kyaukpyu Township","Ka Lant Te Village Tract",0712224
"Rakhine State","Kyaukpyu Township","Ta Bet Village Tract",0712225
"Rakhine State","Kyaukpyu Township","Min Yat Village Tract",0712226
"Rakhine State","Kyaukpyu Township","Kin Myauk Village Tract",0712227
"Rakhine State","Kyaukpyu Township","Kaing Chaung Village Tract",0712228
"Rakhine State","Kyaukpyu Township","Lay Pon Kyauk Village Tract",0712229
"Rakhine State","Kyaukpyu Township","Ah Lel Dwein Village Tract",0712230
"Rakhine State","Kyaukpyu Township","Sa Ne Min Pyin Village Tract",0712231
"Rakhine State","Kyaukpyu Township","Kyauk Taung Pyein Village Tract",0712232
"Rakhine State","Kyaukpyu Township","Ku Lar Kyan Village Tract",0712233
"Rakhine State","Kyaukpyu Township","Hmyaw Chaung Village Tract",0712234
"Rakhine State","Kyaukpyu Township","Yae Myet Village Tract",0712235
"Rakhine State","Kyaukpyu Township","Ba Yar Village Tract",0712236
"Rakhine State","Kyaukpyu Township","Ah Wa Taung Village Tract",0712237
"Rakhine State","Kyaukpyu Township","Wa Pyay Village Tract",0712238
"Rakhine State","Kyaukpyu Township","Min Chaung Village Tract",0712239
"Rakhine State","Kyaukpyu Township","Ah Lan Chein Village Tract",0712240
"Rakhine State","Kyaukpyu Township","Ya Ta Na Village Tract",0712241
"Rakhine State","Kyaukpyu Township","Gant Gar Village Tract",0712242
"Rakhine State","Kyaukpyu Township","Pan Taw Pyin Village Tract",0712243
"Rakhine State","Kyaukpyu Township","Chon Swei Village Tract",0712244
"Rakhine State","Kyaukpyu Township","Kyauk Ngu Village Tract",0712245
"Rakhine State","Kyaukpyu Township","Gyin Gyi Village Tract",0712246
"Rakhine State","Kyaukpyu Township","Min Gan Village Tract",0712247
"Rakhine State","Kyaukpyu Township","La Har Gyi Village Tract",0712248
"Rakhine State","Kyaukpyu Township","Shwe Nyo Ma Village Tract",0712249
"Rakhine State","Kyaukpyu Township","War Taung Village Tract",0712250
"Rakhine State","Kyaukpyu Township","Te Chaung Village Tract",0712251
"Rakhine State","Kyaukpyu Township","Kyauk Gyi Pyin Village Tract",0712252
"Rakhine State","Kyaukpyu Township","Zin Kyun Village Tract",0712253
"Rakhine State","Ramree Township","Pone Soe Pyin Village Tract",0713200
"Rakhine State","Ramree Township","Se Khon Village Tract",0713201
"Rakhine State","Ramree Township","Kant Kaw Village Tract",0713202
"Rakhine State","Ramree Township","Ah Chwain Pyin Village Tract",0713203
"Rakhine State","Ramree Township","Say Yin Village Tract",0713204
"Rakhine State","Ramree Township","Ywar Pale Village Tract",0713205
"Rakhine State","Ramree Township","Ah Twin Pyin Village Tract",0713206
"Rakhine State","Ramree Township","Mee Kyaung Tet Village Tract",0713207
"Rakhine State","Ramree Township","Chaung Hpyar (Yan Pauk) Village Tract",0713208
"Rakhine State","Ramree Township","Gwa Son Village Tract",0713209
"Rakhine State","Ramree Township","Nga/Sa Mi Village Tract",0713210
"Rakhine State","Ramree Township","Ywar Gyi Village Tract",0713211
"Rakhine State","Ramree Township","Kon Baung Village Tract",0713212
"Rakhine State","Ramree Township","Kyauk Sauk Village Tract",0713213
"Rakhine State","Ramree Township","Ah Lel Chaung Village Tract",0713214
"Rakhine State","Ramree Township","Ku Lar Bone Village Tract",0713215
"Rakhine State","Ramree Township","Yan Thit Gyi Village Tract",0713216
"Rakhine State","Ramree Township","Yan Thit Chay Village Tract",0713217
"Rakhine State","Ramree Township","Let Pan Village Tract",0713218
"Rakhine State","Ramree Township","Kha Maung Chay Taing Village Tract",0713219
"Rakhine State","Ramree Township","Ma Yut Chein Village Tract",0713220
"Rakhine State","Ramree Township","Thin Baw Seik Village Tract",0713221
"Rakhine State","Ramree Township","Wet Kaik Chaung Village Tract",0713222
"Rakhine State","Ramree Township","Gaung Kwe Taung Village Tract",0713223
"Rakhine State","Ramree Township","Thar Si Pyin Village Tract",0713224
"Rakhine State","Ramree Township","Kyaung Pyein Village Tract",0713225
"Rakhine State","Ramree Township","Lay Taung Chaung Village Tract",0713226
"Rakhine State","Ramree Township","Za Yat Pyin Village Tract",0713227
"Rakhine State","Ramree Township","Tha Yet Cho Village Tract",0713228
"Rakhine State","Ramree Township","Sa Par Ton Village Tract",0713229
"Rakhine State","Ramree Township","Kyauk Na Gar Village Tract",0713230
"Rakhine State","Ramree Township","Aung Hla Pyin Village Tract",0713231
"Rakhine State","Ramree Township","Ah Nauk Village Tract",0713232
"Rakhine State","Ramree Township","Let Pan Pyin Village Tract",0713233
"Rakhine State","Ramree Township","Sin Thay Pyin (Sin Si) Village Tract",0713234
"Rakhine State","Ramree Township","Taw Kyar Village Tract",0713235
"Rakhine State","Ramree Township","Than Chaung Village Tract",0713236
"Rakhine State","Ramree Township","Pyin Chaung Gyi Village Tract",0713237
"Rakhine State","Ramree Township","Myay Pon Village Tract",0713238
"Rakhine State","Ramree Township","Nga Yant Chaung Village Tract",0713239
"Rakhine State","Ramree Township","La Mu Chay Village Tract",0713240
"Rakhine State","Ramree Township","Hone Wa Village Tract",0713241
"Rakhine State","Ramree Township","Thit Poke Chein Village Tract",0713242
"Rakhine State","Ramree Township","U Ga Village Tract",0713243
"Rakhine State","Ramree Township","Thin Baung Chaung Village Tract",0713244
"Rakhine State","Ramree Township","Yan Bye Nge Chaung Hpyar Village Tract",0713245
"Rakhine State","Ramree Township","Chaung Wa Village Tract",0713246
"Rakhine State","Ramree Township","Kyauk Ni Maw Village Tract",0713247
"Rakhine State","Ramree Township","Nga/Tha Moke Village Tract",0713248
"Rakhine State","Ramree Township","Yae Kaung Chaung Village Tract",0713249
"Rakhine State","Ramree Township","Ma Kyay Village Tract",0713250
"Rakhine State","Munaung Township","Zee Taw Village Tract",0714200
"Rakhine State","Munaung Township","Nga/Yone Taung Village Tract",0714201
"Rakhine State","Munaung Township","Oe Wa Village Tract",0714202
"Rakhine State","Munaung Township","Sun Pan Chaung Village Tract",0714203
"Rakhine State","Munaung Township","Thit Pon Village Tract",0714204
"Rakhine State","Munaung Township","Hmyaw Taw U Village Tract",0714205
"Rakhine State","Munaung Township","Thit Wa Village Tract",0714206
"Rakhine State","Munaung Township","Bu Yae Myet Village Tract",0714207
"Rakhine State","Munaung Township","Be Inn Village Tract",0714208
"Rakhine State","Munaung Township","Nga/Inn Village Tract",0714209
"Rakhine State","Munaung Township","Kone Khin Village Tract",0714210
"Rakhine State","Munaung Township","Kha Ohn Maw Village Tract",0714211
"Rakhine State","Munaung Township","Thein Ba La Village Tract",0714212
"Rakhine State","Munaung Township","Thein Kone Village Tract",0714213
"Rakhine State","Munaung Township","Taw Htu Village Tract",0714214
"Rakhine State","Munaung Township","Kin Te Village Tract",0714215
"Rakhine State","Munaung Township","Kyee Nyo Village Tract",0714216
"Rakhine State","Munaung Township","Let Me Pyin Village Tract",0714217
"Rakhine State","Munaung Township","Min Seik Pyin Village Tract",0714218
"Rakhine State","Munaung Township","Sa Mon Te Village Tract",0714219
"Rakhine State","Munaung Township","Nyaung Pin Hla Village Tract",0714220
"Rakhine State","Munaung Township","Nga/Pon Kone Village Tract",0714221
"Rakhine State","Munaung Township","Kant Kaw Taw Village Tract",0714222
"Rakhine State","Munaung Township","Ka Mar Village Tract",0714223
"Rakhine State","Munaung Township","Pyin Kauk Village Tract",0714224
"Rakhine State","Munaung Township","Mein Ma Kywei Village Tract",0714225
"Rakhine State","Munaung Township","Ka Ei Village Tract",0714226
"Rakhine State","Munaung Township","Pa Lin Village Tract",0714227
"Rakhine State","Munaung Township","Kan Taing Oke Village Tract",0714228
"Rakhine State","Munaung Township","Kan Zun Village Tract",0714229
"Rakhine State","Munaung Township","Maung Ma Kan Village Tract",0714230
"Rakhine State","Munaung Township","Mee Laung Htaunt Village Tract",0714231
"Rakhine State","Munaung Township","Pan Hpe Village Tract",0714232
"Rakhine State","Munaung Township","Thar Yar Kone Village Tract",0714233
"Rakhine State","Munaung Township","Taik Kyun Village Tract",0714234
"Rakhine State","Munaung Township","Ye Kyun Village Tract",0714235
"Rakhine State","Ann Township","Ann (North) Village Tract",0715200
"Rakhine State","Ann Township","Auk Village Tract",0715201
"Rakhine State","Ann Township","Ann (South) Village Tract",0715202
"Rakhine State","Ann Township","Ge Laung Village Tract",0715203
"Rakhine State","Ann Township","Zu Kaing Village Tract",0715204
"Rakhine State","Ann Township","Kin Chay Village Tract",0715205
"Rakhine State","Ann Township","Ga Nan Pyin Village Tract",0715206
"Rakhine State","Ann Township","Lone Kauk Village Tract",0715207
"Rakhine State","Ann Township","Laung Done Kwin Village Tract",0715208
"Rakhine State","Ann Township","Let Khwar Tway Village Tract",0715209
"Rakhine State","Ann Township","Myanmar Boke Chaung Village Tract",0715210
"Rakhine State","Ann Township","Me Let Maung Village Tract",0715211
"Rakhine State","Ann Township","Hmwar Village Tract",0715212
"Rakhine State","Ann Township","Nyaung Chaung Village Tract",0715213
"Rakhine State","Ann Township","Nwar Yon Taung Village Tract",0715214
"Rakhine State","Ann Township","Pon Na Wa Village Tract",0715215
"Rakhine State","Ann Township","Hpet Chaung Village Tract",0715216
"Rakhine State","Ann Township","Yu Village Tract",0715217
"Rakhine State","Ann Township","Sat Si Village Tract",0715218
"Rakhine State","Ann Township","Sa Khan Maw Village Tract",0715219
"Rakhine State","Ann Township","Sa Ne Village Tract",0715220
"Rakhine State","Ann Township","Dar Let Village Tract",0715221
"Rakhine State","Ann Township","Thar Si Village Tract",0715222
"Rakhine State","Ann Township","Taik Maw Village Tract",0715223
"Rakhine State","Ann Township","Tan Tin Village Tract",0715224
"Rakhine State","Ann Township","Taung Hpi Lar Village Tract",0715225
"Rakhine State","Ann Township","Yae Boke Village Tract",0715226
"Rakhine State","Ann Township","Kyauk Myaung Village Tract",0715227
"Rakhine State","Ann Township","Zin Taw Village Tract",0715228
"Rakhine State","Toungup Township","Pauk Pyin Village Tract",0716200
"Rakhine State","Toungup Township","Ta Ya Ba Village Tract",0716201
"Rakhine State","Toungup Township","Kin Taung Village Tract",0716202
"Rakhine State","Toungup Township","Pa La War Village Tract",0716203
"Rakhine State","Toungup Township","Ya Hpa Lay Village Tract",0716204
"Rakhine State","Toungup Township","Tha Hpan Cho Village Tract",0716205
"Rakhine State","Toungup Township","Pyin Chaung Village Tract",0716206
"Rakhine State","Toungup Township","Kyet Kaing Village Tract",0716207
"Rakhine State","Toungup Township","Kyauk Maung Hna Ma Village Tract",0716208
"Rakhine State","Toungup Township","Nga Lone Maw Village Tract",0716209
"Rakhine State","Toungup Township","Mee Chaung Lu Village Tract",0716210
"Rakhine State","Toungup Township","Kha Maung Chaing Village Tract",0716211
"Rakhine State","Toungup Township","Ku Toet Seik Village Tract",0716212
"Rakhine State","Toungup Township","Let Pan Kyun Village Tract",0716213
"Rakhine State","Toungup Township","Hlay Kar Htway Village Tract",0716214
"Rakhine State","Toungup Township","Kyauk Seik Taung Village Tract",0716215
"Rakhine State","Toungup Township","Myo Taung Gyi Village Tract",0716216
"Rakhine State","Toungup Township","Moe Village Tract",0716217
"Rakhine State","Toungup Township","Maung Village Tract",0716218
"Rakhine State","Toungup Township","Yan Myo Village Tract",0716219
"Rakhine State","Toungup Township","Mee Chaung Htoe Village Tract",0716220
"Rakhine State","Toungup Township","Auk Kaing Shey Village Tract",0716221
"Rakhine State","Toungup Township","Don Village Tract",0716222
"Rakhine State","Toungup Township","Thin Chi Kaing Village Tract",0716223
"Rakhine State","Toungup Township","Kyoe Kyar Kwin Village Tract",0716224
"Rakhine State","Toungup Township","Yan Khaw Village Tract",0716225
"Rakhine State","Toungup Township","Ta Ra Gu Village Tract",0716226
"Rakhine State","Toungup Township","Kan Day Village Tract",0716227
"Rakhine State","Toungup Township","Khu Village Tract",0716228
"Rakhine State","Toungup Township","Gyi Wa Village Tract",0716229
"Rakhine State","Toungup Township","Nyaung Pin Seik Village Tract",0716230
"Rakhine State","Toungup Township","Kha Yaing Village Tract",0716231
"Rakhine State","Toungup Township","Gyi Pyin Village Tract",0716232
"Rakhine State","Toungup Township","Ku Lar Yaung Village Tract",0716233
"Rakhine State","Toungup Township","Ah Shey Bet Village Tract",0716234
"Rakhine State","Toungup Township","Nga Mauk Chaung Village Tract",0716235
"Rakhine State","Toungup Township","Hpaung Khar Village Tract",0716236
"Rakhine State","Toungup Township","Ka Lein Taung Village Tract",0716237
"Rakhine State","Toungup Township","Tha Lein Pyin Village Tract",0716238
"Rakhine State","Toungup Township","Taung Village Tract",0716239
"Rakhine State","Toungup Township","Wet Kyeik Village Tract",0716240
"Rakhine State","Toungup Township","Nat Maw Village Tract",0716241
"Rakhine State","Toungup Township","Tha Dun Village Tract",0716242
"Rakhine State","Toungup Township","Chet Hpauk Village Tract",0716243
"Rakhine State","Toungup Township","Kyauk Wai Village Tract",0716244
"Rakhine State","Toungup Township","Kyaw Kaing Village Tract",0716245
"Rakhine State","Toungup Township","La Mu Maw Village Tract",0716246
"Rakhine State","Toungup Township","Pa Dar Village Tract",0716247
"Rakhine State","Toungup Township","Sar Pyin Village Tract",0716248
"Rakhine State","Toungup Township","Za Ni Village Tract",0716249
"Rakhine State","Toungup Township","Let Pan Village Tract",0716250
"Rakhine State","Toungup Township","Sin Tin Gyi Hpyu Village Tract",0716251
"Rakhine State","Toungup Township","Bu Shwe Maw Village Tract",0716252
"Rakhine State","Thandwe Township","Auk Nat Maw Village Tract",0717200
"Rakhine State","Thandwe Township","Kha Maung Tone Village Tract",0717201
"Rakhine State","Thandwe Township","Nat Maw Village Tract",0717202
"Rakhine State","Thandwe Township","Shwe Hlay Village Tract",0717203
"Rakhine State","Thandwe Township","Hpa Yar Maw Village Tract",0717204
"Rakhine State","Thandwe Township","Yae Kauk Village Tract",0717205
"Rakhine State","Thandwe Township","Gwayt Chaung Village Tract",0717206
"Rakhine State","Thandwe Township","Pwint Hpyay Village Tract",0717207
"Rakhine State","Thandwe Township","Hmyawt Wan Village Tract",0717208
"Rakhine State","Thandwe Township","Kyet Sar Chaung Village Tract",0717209
"Rakhine State","Thandwe Township","Ah Lel Village Tract",0717210
"Rakhine State","Thandwe Township","Kyun Pauk Village Tract",0717211
"Rakhine State","Thandwe Township","Lin Mu Taung Village Tract",0717212
"Rakhine State","Thandwe Township","Zee Kone Village Tract",0717213
"Rakhine State","Thandwe Township","Shwe Hlaw Village Tract",0717214
"Rakhine State","Thandwe Township","Ta Yaw Taw Village Tract",0717215
"Rakhine State","Thandwe Township","An Taw Village Tract",0717216
"Rakhine State","Thandwe Township","Shin Aung Village Tract",0717217
"Rakhine State","Thandwe Township","Ah Htu Village Tract",0717218
"Rakhine State","Thandwe Township","Taung Nyo Village Tract",0717219
"Rakhine State","Thandwe Township","Kyaung Htaik Village Tract",0717220
"Rakhine State","Thandwe Township","Sin Gaung Village Tract",0717221
"Rakhine State","Thandwe Township","Kin Maw Village Tract",0717222
"Rakhine State","Thandwe Township","U Yin Pyin Village Tract",0717223
"Rakhine State","Thandwe Township","Kha Yan Maw Village Tract",0717224
"Rakhine State","Thandwe Township","Pyayt Wa Village Tract",0717225
"Rakhine State","Thandwe Township","Me Kyun Village Tract",0717226
"Rakhine State","Thandwe Township","Shwe Kyaung Pyin Village Tract",0717227
"Rakhine State","Thandwe Township","Chan Pyin Village Tract",0717228
"Rakhine State","Thandwe Township","Hmo Hin Pyin Village Tract",0717229
"Rakhine State","Thandwe Township","Ta Lin Seik Village Tract",0717230
"Rakhine State","Thandwe Township","U Yin Kwin Village Tract",0717231
"Rakhine State","Thandwe Township","Pa De Kaw Village Tract",0717232
"Rakhine State","Thandwe Township","Ka Nyin Kone Village Tract",0717233
"Rakhine State","Thandwe Township","Nan Chaung Village Tract",0717234
"Rakhine State","Thandwe Township","Kyauk Tan Village Tract",0717235
"Rakhine State","Thandwe Township","Tone Taw Village Tract",0717236
"Rakhine State","Thandwe Township","Pyin Ma Khon Village Tract",0717237
"Rakhine State","Thandwe Township","Wet Htee Taung Village Tract",0717238
"Rakhine State","Thandwe Township","Let Pan Su Village Tract",0717239
"Rakhine State","Thandwe Township","Than Pu Yar Village Tract",0717240
"Rakhine State","Thandwe Township","Tha Yet Pin Kwin Village Tract",0717241
"Rakhine State","Thandwe Township","Me Nei Kwin Village Tract",0717242
"Rakhine State","Thandwe Township","Thar Yar Kwin Village Tract",0717243
"Rakhine State","Thandwe Township","Boe Wa Kone Village Tract",0717244
"Rakhine State","Thandwe Township","Gon Min Chaung Village Tract",0717245
"Rakhine State","Thandwe Township","Sat Lel Hmyaw Village Tract",0717246
"Rakhine State","Thandwe Township","Kyee Kan Village Tract",0717247
"Rakhine State","Thandwe Township","Maw Yon Village Tract",0717248
"Rakhine State","Thandwe Township","Kyauk Ka Lat Village Tract",0717249
"Rakhine State","Thandwe Township","Kywe Thauk Village Tract",0717250
"Rakhine State","Thandwe Township","Pein Taw Gyi Village Tract",0717251
"Rakhine State","Thandwe Township","Ka Nyin Kwin Village Tract",0717252
"Rakhine State","Thandwe Township","Ka Na Kho Village Tract",0717253
"Rakhine State","Thandwe Township","Pauk Tu Village Tract",0717254
"Rakhine State","Thandwe Township","Kyauk Gyi Village Tract",0717255
"Rakhine State","Thandwe Township","Kyar Nyo Village Tract",0717256
"Rakhine State","Thandwe Township","Thit Ngoke To Village Tract",0717257
"Rakhine State","Thandwe Township","Pu Zun Hpay Village Tract",0717258
