﻿Region,"Town / Township","Quarter / Village Tract","Postal Code"
"ရှမ်းပြည်နယ် (တောင်ပိုင်း)","တောင်ကြီး မြို့နယ်","နန်းဟောင်း ကျေးရွာအုပ်စု",0601200
"ရှမ်းပြည်နယ် (တောင်ပိုင်း)","တောင်ကြီး မြို့နယ်","လွယ်ကော် ကျေးရွာအုပ်စု",0601201
"ရှမ်းပြည်နယ် (တောင်ပိုင်း)","တောင်ကြီး မြို့နယ်","မင်္ဂလာ ကျေးရွာအုပ်စု",0601202
"ရှမ်းပြည်နယ် (တောင်ပိုင်း)","တောင်ကြီး မြို့နယ်","နန်းဟူး ကျေးရွာအုပ်စု",0601203
"ရှမ်းပြည်နယ် (တောင်ပိုင်း)","တောင်ကြီး မြို့နယ်","ဖက်ကွန် ကျေးရွာအုပ်စု",0601204
"ရှမ်းပြည်နယ် (တောင်ပိုင်း)","တောင်ကြီး မြို့နယ်","နောင်လေ ကျေးရွာအုပ်စု",0601205
"ရှမ်းပြည်နယ် (တောင်ပိုင်း)","တောင်ကြီး မြို့နယ်","ဖာမွန်း ကျေးရွာအုပ်စု",0601206
"ရှမ်းပြည်နယ် (တောင်ပိုင်း)","တောင်ကြီး မြို့နယ်","ထီဖောင်း ကျေးရွာအုပ်စု",0601207
"ရှမ်းပြည်နယ် (တောင်ပိုင်း)","တောင်ကြီး မြို့နယ်","နမ်းဆီး ကျေးရွာအုပ်စု",0601208
"ရှမ်းပြည်နယ် (တောင်ပိုင်း)","တောင်ကြီး မြို့နယ်","ပန်းတင် ကျေးရွာအုပ်စု",0601209
"ရှမ်းပြည်နယ် (တောင်ပိုင်း)","တောင်ကြီး မြို့နယ်","မိုင်းသော် (အရှေ့) ကျေးရွာအုပ်စု",0601210
"ရှမ်းပြည်နယ် (တောင်ပိုင်း)","တောင်ကြီး မြို့နယ်","မိုင်းသော် (အနောက်) ကျေးရွာအုပ်စု",0601211
"ရှမ်းပြည်နယ် (တောင်ပိုင်း)","တောင်ကြီး မြို့နယ်","ဘန့်ကွေး ကျေးရွာအုပ်စု",0601212
"ရှမ်းပြည်နယ် (တောင်ပိုင်း)","တောင်ကြီး မြို့နယ်","တောင်လေးလုံး ကျေးရွာအုပ်စု",0601213
"ရှမ်းပြည်နယ် (တောင်ပိုင်း)","တောင်ကြီး မြို့နယ်","သံတဲ ကျေးရွာအုပ်စု",0601214
"ရှမ်းပြည်နယ် (တောင်ပိုင်း)","တောင်ကြီး မြို့နယ်","ကွန်လုံ ကျေးရွာအုပ်စု",0601215
"ရှမ်းပြည်နယ် (တောင်ပိုင်း)","တောင်ကြီး မြို့နယ်","ကျောက်နီ ကျေးရွာအုပ်စု",0601216
"ရှမ်းပြည်နယ် (တောင်ပိုင်း)","တောင်ကြီး မြို့နယ်","နောင်ကား ကျေးရွာအုပ်စု",0601217
"ရှမ်းပြည်နယ် (တောင်ပိုင်း)","တောင်ကြီး မြို့နယ်","အသုံးတော် ကျေးရွာအုပ်စု",0601218
"ရှမ်းပြည်နယ် (တောင်ပိုင်း)","တောင်ကြီး မြို့နယ်","နားဟီး ကျေးရွာအုပ်စု",0601219
"ရှမ်းပြည်နယ် (တောင်ပိုင်း)","တောင်ကြီး မြို့နယ်","နောင်ခဲ ကျေးရွာအုပ်စု",0601220
"ရှမ်းပြည်နယ် (တောင်ပိုင်း)","တောင်ကြီး မြို့နယ်","ကက္ကူ ကျေးရွာအုပ်စု",0601221
"ရှမ်းပြည်နယ် (တောင်ပိုင်း)","တောင်ကြီး မြို့နယ်","ပင်တွန် ကျေးရွာအုပ်စု",0601222
"ရှမ်းပြည်နယ် (တောင်ပိုင်း)","တောင်ကြီး မြို့နယ်","နောင်ပစ် ကျေးရွာအုပ်စု",0601223
"ရှမ်းပြည်နယ် (တောင်ပိုင်း)","ကလော မြို့နယ်","လမိုင်း ကျေးရွာအုပ်စု",0602200
"ရှမ်းပြည်နယ် (တောင်ပိုင်း)","ကလော မြို့နယ်","နန်းနိုင် ကျေးရွာအုပ်စု",0602201
"ရှမ်းပြည်နယ် (တောင်ပိုင်း)","ကလော မြို့နယ်","လွယ်အံ ကျေးရွာအုပ်စု",0602202
"ရှမ်းပြည်နယ် (တောင်ပိုင်း)","ကလော မြို့နယ်","မြင်းမထိ ကျေးရွာအုပ်စု",0602203
"ရှမ်းပြည်နယ် (တောင်ပိုင်း)","ကလော မြို့နယ်","တောင်လား ကျေးရွာအုပ်စု",0602204
"ရှမ်းပြည်နယ် (တောင်ပိုင်း)","ကလော မြို့နယ်","တောင်ကွဲ ကျေးရွာအုပ်စု",0602205
"ရှမ်းပြည်နယ် (တောင်ပိုင်း)","ကလော မြို့နယ်","ဝက်ဖြူရေ ကျေးရွာအုပ်စု",0602206
"ရှမ်းပြည်နယ် (တောင်ပိုင်း)","ကလော မြို့နယ်","ရွှေမင်းဖုန်း ကျေးရွာအုပ်စု",0602207
"ရှမ်းပြည်နယ် (တောင်ပိုင်း)","ကလော မြို့နယ်","နန်းတိုင်း ကျေးရွာအုပ်စု",0602208
"ရှမ်းပြည်နယ် (တောင်ပိုင်း)","ကလော မြို့နယ်","ကမ္ဘားနီ ကျေးရွာအုပ်စု",0602209
"ရှမ်းပြည်နယ် (တောင်ပိုင်း)","ကလော မြို့နယ်","ရေချို ကျေးရွာအုပ်စု",0602210
"ရှမ်းပြည်နယ် (တောင်ပိုင်း)","ကလော မြို့နယ်","နောင်ရဲ ကျေးရွာအုပ်စု",0602211
"ရှမ်းပြည်နယ် (တောင်ပိုင်း)","ကလော မြို့နယ်","သူရဲ ကျေးရွာအုပ်စု",0602212
"ရှမ်းပြည်နယ် (တောင်ပိုင်း)","ကလော မြို့နယ်","ပင်မှီ ကျေးရွာအုပ်စု",0602213
"ရှမ်းပြည်နယ် (တောင်ပိုင်း)","ကလော မြို့နယ်","လယ်ကြား ကျေးရွာအုပ်စု",0602214
"ရှမ်းပြည်နယ် (တောင်ပိုင်း)","ကလော မြို့နယ်","သာမိုင်းခမ်း ကျေးရွာအုပ်စု",0602215
"ရှမ်းပြည်နယ် (တောင်ပိုင်း)","ကလော မြို့နယ်","လွယ်မော ကျေးရွာအုပ်စု",0602216
"ရှမ်းပြည်နယ် (တောင်ပိုင်း)","ကလော မြို့နယ်","ငုတ် ကျေးရွာအုပ်စု",0602217
"ရှမ်းပြည်နယ် (တောင်ပိုင်း)","ကလော မြို့နယ်","ငုံးသုံ ကျေးရွာအုပ်စု",0602218
"ရှမ်းပြည်နယ် (တောင်ပိုင်း)","ကလော မြို့နယ်","ဝါးရုံပင် ကျေးရွာအုပ်စု",0602219
"ရှမ်းပြည်နယ် (တောင်ပိုင်း)","ကလော မြို့နယ်","သီခေါင် ကျေးရွာအုပ်စု",0602220
"ရှမ်းပြည်နယ် (တောင်ပိုင်း)","ကလော မြို့နယ်","ကျောက်ထပ် ကျေးရွာအုပ်စု",0602221
"ရှမ်းပြည်နယ် (တောင်ပိုင်း)","ကလော မြို့နယ်","ဘော်ဆိုင်း ကျေးရွာအုပ်စု",0602222
"ရှမ်းပြည်နယ် (တောင်ပိုင်း)","ကလော မြို့နယ်","ဘော်နင်း ကျေးရွာအုပ်စု",0602223
"ရှမ်းပြည်နယ် (တောင်ပိုင်း)","ကလော မြို့နယ်","ပဲရင်းတောင် ကျေးရွာအုပ်စု",0602224
"ရှမ်းပြည်နယ် (တောင်ပိုင်း)","ကလော မြို့နယ်","စကားအင်း ကျေးရွာအုပ်စု",0602225
"ရှမ်းပြည်နယ် (တောင်ပိုင်း)","ပင်းတယ မြို့နယ်","ထွက်နီ ကျေးရွာအုပ်စု",0603200
"ရှမ်းပြည်နယ် (တောင်ပိုင်း)","ပင်းတယ မြို့နယ်","သစ်အယ်ပင် ကျေးရွာအုပ်စု",0603201
"ရှမ်းပြည်နယ် (တောင်ပိုင်း)","ပင်းတယ မြို့နယ်","တောင်ပေါ်ကြီး ကျေးရွာအုပ်စု",0603202
"ရှမ်းပြည်နယ် (တောင်ပိုင်း)","ပင်းတယ မြို့နယ်","ရေဖြူ ကျေးရွာအုပ်စု",0603203
"ရှမ်းပြည်နယ် (တောင်ပိုင်း)","ပင်းတယ မြို့နယ်","ကျောက်စု ကျေးရွာအုပ်စု",0603204
"ရှမ်းပြည်နယ် (တောင်ပိုင်း)","ပင်းတယ မြို့နယ်","ထယ်သွန်း ကျေးရွာအုပ်စု",0603205
"ရှမ်းပြည်နယ် (တောင်ပိုင်း)","ပင်းတယ မြို့နယ်","မဲနယ်တောင် ကျေးရွာအုပ်စု",0603206
"ရှမ်းပြည်နယ် (တောင်ပိုင်း)","ပင်းတယ မြို့နယ်","ရွှေပုထိုး ကျေးရွာအုပ်စု",0603207
"ရှမ်းပြည်နယ် (တောင်ပိုင်း)","ပင်းတယ မြို့နယ်","ပန်းစစ် ကျေးရွာအုပ်စု",0603208
"ရှမ်းပြည်နယ် (တောင်ပိုင်း)","ပင်းတယ မြို့နယ်","သိမ်ကုန်း ကျေးရွာအုပ်စု",0603209
"ရှမ်းပြည်နယ် (တောင်ပိုင်း)","ပင်းတယ မြို့နယ်","ပင်​ပျော် ကျေးရွာအုပ်စု",0603210
"ရှမ်းပြည်နယ် (တောင်ပိုင်း)","ပင်းတယ မြို့နယ်","တောင်ရှည် ကျေးရွာအုပ်စု",0603211
"ရှမ်းပြည်နယ် (တောင်ပိုင်း)","ပင်းတယ မြို့နယ်","ညောင်ကောက် ကျေးရွာအုပ်စု",0603212
"ရှမ်းပြည်နယ် (တောင်ပိုင်း)","ပင်းတယ မြို့နယ်","ညောင်ဝန်း ကျေးရွာအုပ်စု",0603213
"ရှမ်းပြည်နယ် (တောင်ပိုင်း)","ပင်းတယ မြို့နယ်","မိုင်းလီ ကျေးရွာအုပ်စု",0603214
"ရှမ်းပြည်နယ် (တောင်ပိုင်း)","ပင်းတယ မြို့နယ်","ပွေးလှ ကျေးရွာအုပ်စု",0603215
"ရှမ်းပြည်နယ် (တောင်ပိုင်း)","ပင်းတယ မြို့နယ်","အင်းငယ် ကျေးရွာအုပ်စု",0603216
"ရှမ်းပြည်နယ် (တောင်ပိုင်း)","ပင်းတယ မြို့နယ်","သရက်ကုန်း ကျေးရွာအုပ်စု",0603217
"ရှမ်းပြည်နယ် (တောင်ပိုင်း)","ပင်းတယ မြို့နယ်","ကူးကော် ကျေးရွာအုပ်စု",0603218
"ရှမ်းပြည်နယ် (တောင်ပိုင်း)","ပင်းတယ မြို့နယ်","တမဲ ကျေးရွာအုပ်စု",0603219
"ရှမ်းပြည်နယ် (တောင်ပိုင်း)","ပင်းတယ မြို့နယ်","ရှားပြား ကျေးရွာအုပ်စု",0603220
"ရှမ်းပြည်နယ် (တောင်ပိုင်း)","ပင်းတယ မြို့နယ်","မြင်းမူး ကျေးရွာအုပ်စု",0603221
"ရှမ်းပြည်နယ် (တောင်ပိုင်း)","ပင်းတယ မြို့နယ်","ကျားကုန်း ကျေးရွာအုပ်စု",0603222
"ရှမ်းပြည်နယ် (တောင်ပိုင်း)","ပင်းတယ မြို့နယ်","နန်းကုန်း ကျေးရွာအုပ်စု",0603223
"ရှမ်းပြည်နယ် (တောင်ပိုင်း)","ပင်းတယ မြို့နယ်","မြေခြား (မြောက်) ကျေးရွာအုပ်စု",0603224
"ရှမ်းပြည်နယ် (တောင်ပိုင်း)","ပင်းတယ မြို့နယ်","ကျုံး ကျေးရွာအုပ်စု",0603225
"ရှမ်းပြည်နယ် (တောင်ပိုင်း)","ပင်းတယ မြို့နယ်","မြေခြားချိုင့် ကျေးရွာအုပ်စု",0603226
"ရှမ်းပြည်နယ် (တောင်ပိုင်း)","ရွာငံ မြို့နယ်","နွားဘန်းကြီး ကျေးရွာအုပ်စု",0604200
"ရှမ်းပြည်နယ် (တောင်ပိုင်း)","ရွာငံ မြို့နယ်","ကျောက်မြောင်း ကျေးရွာအုပ်စု",0604201
"ရှမ်းပြည်နယ် (တောင်ပိုင်း)","ရွာငံ မြို့နယ်","ကျောက်ကူပြင် ကျေးရွာအုပ်စု",0604202
"ရှမ်းပြည်နယ် (တောင်ပိုင်း)","ရွာငံ မြို့နယ်","ဒုတ္တိုးရေ ကျေးရွာအုပ်စု",0604203
"ရှမ်းပြည်နယ် (တောင်ပိုင်း)","ရွာငံ မြို့နယ်","လင်းဝေး ကျေးရွာအုပ်စု",0604204
"ရှမ်းပြည်နယ် (တောင်ပိုင်း)","ရွာငံ မြို့နယ်","တပင်ပျော် ကျေးရွာအုပ်စု",0604205
"ရှမ်းပြည်နယ် (တောင်ပိုင်း)","ရွာငံ မြို့နယ်","မြို့ကြီး ကျေးရွာအုပ်စု",0604206
"ရှမ်းပြည်နယ် (တောင်ပိုင်း)","ရွာငံ မြို့နယ်","အင်းကုန်းငါးဆူ ကျေးရွာအုပ်စု",0604207
"ရှမ်းပြည်နယ် (တောင်ပိုင်း)","ရွာငံ မြို့နယ်","ကျွန်းကြီး ကျေးရွာအုပ်စု",0604208
"ရှမ်းပြည်နယ် (တောင်ပိုင်း)","ရွာငံ မြို့နယ်","ဆည် ကျေးရွာအုပ်စု",0604209
"ရှမ်းပြည်နယ် (တောင်ပိုင်း)","ရွာငံ မြို့နယ်","ထီးလှိုင် ကျေးရွာအုပ်စု",0604210
"ရှမ်းပြည်နယ် (တောင်ပိုင်း)","ရွာငံ မြို့နယ်","သိမ်ကုန်း ကျေးရွာအုပ်စု",0604211
"ရှမ်းပြည်နယ် (တောင်ပိုင်း)","ရွာငံ မြို့နယ်","ကျန်တော ကျေးရွာအုပ်စု",0604212
"ရှမ်းပြည်နယ် (တောင်ပိုင်း)","ရွာငံ မြို့နယ်","ကျောက်ငှက် ကျေးရွာအုပ်စု",0604213
"ရှမ်းပြည်နယ် (တောင်ပိုင်း)","ရွာငံ မြို့နယ်","ကျောက်ပုံ ကျေးရွာအုပ်စု",0604214
"ရှမ်းပြည်နယ် (တောင်ပိုင်း)","ရွာငံ မြို့နယ်","ကျောက်ပိဇပ် ကျေးရွာအုပ်စု",0604215
"ရှမ်းပြည်နယ် (တောင်ပိုင်း)","ရွာငံ မြို့နယ်","ညောင်အိုင် ကျေးရွာအုပ်စု",0604216
"ရှမ်းပြည်နယ် (တောင်ပိုင်း)","ရွာငံ မြို့နယ်","လယ်ကိုင်း ကျေးရွာအုပ်စု",0604217
"ရှမ်းပြည်နယ် (တောင်ပိုင်း)","ရွာငံ မြို့နယ်","ဆပ်ခြံ ကျေးရွာအုပ်စု",0604218
"ရှမ်းပြည်နယ် (တောင်ပိုင်း)","ရွာငံ မြို့နယ်","ရနဲ ကျေးရွာအုပ်စု",0604219
"ရှမ်းပြည်နယ် (တောင်ပိုင်း)","ရွာငံ မြို့နယ်","ညောင်ကြပ် ကျေးရွာအုပ်စု",0604220
"ရှမ်းပြည်နယ် (တောင်ပိုင်း)","ရွာငံ မြို့နယ်","မြိုင် ကျေးရွာအုပ်စု",0604221
"ရှမ်းပြည်နယ် (တောင်ပိုင်း)","ရွာငံ မြို့နယ်","အလယ်ချောင် ကျေးရွာအုပ်စု",0604222
"ရှမ်းပြည်နယ် (တောင်ပိုင်း)","ရွာငံ မြို့နယ်","ဆင်ခေါင်း ကျေးရွာအုပ်စု",0604223
"ရှမ်းပြည်နယ် (တောင်ပိုင်း)","ရွာငံ မြို့နယ်","မြင်းကျဒိုး ကျေးရွာအုပ်စု",0604224
"ရှမ်းပြည်နယ် (တောင်ပိုင်း)","ရွာငံ မြို့နယ်","မြင်းတွင်း ကျေးရွာအုပ်စု",0604225
"ရှမ်းပြည်နယ် (တောင်ပိုင်း)","ရွာငံ မြို့နယ်","ဘုရားကြီးကုန်း ကျေးရွာအုပ်စု",0604226
"ရှမ်းပြည်နယ် (တောင်ပိုင်း)","ရွာငံ မြို့နယ်","ယကြီး ကျေးရွာအုပ်စု",0604227
"ရှမ်းပြည်နယ် (တောင်ပိုင်း)","ရွာငံ မြို့နယ်","နန်းခုံ ကျေးရွာအုပ်စု",0604228
"ရှမ်းပြည်နယ် (တောင်ပိုင်း)","ပင်လောင်း မြို့နယ်","ပင်လောင်းကြီး ကျေးရွာအုပ်စု",0605200
"ရှမ်းပြည်နယ် (တောင်ပိုင်း)","ပင်လောင်း မြို့နယ်","ဘန့်ဘာ ကျေးရွာအုပ်စု",0605201
"ရှမ်းပြည်နယ် (တောင်ပိုင်း)","ပင်လောင်း မြို့နယ်","မင်းဘူး ကျေးရွာအုပ်စု",0605202
"ရှမ်းပြည်နယ် (တောင်ပိုင်း)","ပင်လောင်း မြို့နယ်","တောင်ထီဗွါ ကျေးရွာအုပ်စု",0605203
"ရှမ်းပြည်နယ် (တောင်ပိုင်း)","ပင်လောင်း မြို့နယ်","ထီပေါင်း ကျေးရွာအုပ်စု",0605204
"ရှမ်းပြည်နယ် (တောင်ပိုင်း)","ပင်လောင်း မြို့နယ်","သပြေကုန်း ကျေးရွာအုပ်စု",0605205
"ရှမ်းပြည်နယ် (တောင်ပိုင်း)","ပင်လောင်း မြို့နယ်","စင်းတောင်း ကျေးရွာအုပ်စု",0605206
"ရှမ်းပြည်နယ် (တောင်ပိုင်း)","ပင်လောင်း မြို့နယ်","လုံးပျဉ် ကျေးရွာအုပ်စု",0605207
"ရှမ်းပြည်နယ် (တောင်ပိုင်း)","ပင်လောင်း မြို့နယ်","ထိန်ပင် ကျေးရွာအုပ်စု",0605208
"ရှမ်းပြည်နယ် (တောင်ပိုင်း)","ပင်လောင်း မြို့နယ်","ပင်မွန်း ကျေးရွာအုပ်စု",0605209
"ရှမ်းပြည်နယ် (တောင်ပိုင်း)","ပင်လောင်း မြို့နယ်","လိန့်ညား ကျေးရွာအုပ်စု",0605210
"ရှမ်းပြည်နယ် (တောင်ပိုင်း)","ပင်လောင်း မြို့နယ်","မြောက်ထိဗွာ ကျေးရွာအုပ်စု",0605211
"ရှမ်းပြည်နယ် (တောင်ပိုင်း)","ပင်လောင်း မြို့နယ်","နန်းတုတ် ကျေးရွာအုပ်စု",0605212
"ရှမ်းပြည်နယ် (တောင်ပိုင်း)","ပင်လောင်း မြို့နယ်","တီကျစ် ကျေးရွာအုပ်စု",0605213
"ရှမ်းပြည်နယ် (တောင်ပိုင်း)","ပင်လောင်း မြို့နယ်","နန်းပုလင်း ကျေးရွာအုပ်စု",0605214
"ရှမ်းပြည်နယ် (တောင်ပိုင်း)","ပင်လောင်း မြို့နယ်","ပေါ့အင် ကျေးရွာအုပ်စု",0605215
"ရှမ်းပြည်နယ် (တောင်ပိုင်း)","ပင်လောင်း မြို့နယ်","မြင်းတွင်း ကျေးရွာအုပ်စု",0605216
"ရှမ်းပြည်နယ် (တောင်ပိုင်း)","ပင်လောင်း မြို့နယ်","လွယ်မော ကျေးရွာအုပ်စု",0605217
"ရှမ်းပြည်နယ် (တောင်ပိုင်း)","ပင်လောင်း မြို့နယ်","နောင်ပီ ကျေးရွာအုပ်စု",0605218
"ရှမ်းပြည်နယ် (တောင်ပိုင်း)","ပင်လောင်း မြို့နယ်","ပေါ့ယား ကျေးရွာအုပ်စု",0605219
"ရှမ်းပြည်နယ် (တောင်ပိုင်း)","ပင်လောင်း မြို့နယ်","လုံးပိုး ကျေးရွာအုပ်စု",0605220
"ရှမ်းပြည်နယ် (တောင်ပိုင်း)","ပင်လောင်း မြို့နယ်","ဘန့်ပြင် ကျေးရွာအုပ်စု",0605221
"ရှမ်းပြည်နယ် (တောင်ပိုင်း)","ပင်လောင်း မြို့နယ်","ဘုရားဖြူ ကျေးရွာအုပ်စု",0605222
"ရှမ်းပြည်နယ် (တောင်ပိုင်း)","ပင်လောင်း မြို့နယ်","မွှေးပြင် ကျေးရွာအုပ်စု",0605223
"ရှမ်းပြည်နယ် (တောင်ပိုင်း)","ပင်လောင်း မြို့နယ်","ပင်ခင် ကျေးရွာအုပ်စု",0605224
"ရှမ်းပြည်နယ် (တောင်ပိုင်း)","ဖယ်ခုံ မြို့နယ်","မိုးဗြဲ ကျေးရွာအုပ်စု",0606200
"ရှမ်းပြည်နယ် (တောင်ပိုင်း)","ဖယ်ခုံ မြို့နယ်","ခေါင်းအီ ကျေးရွာအုပ်စု",0606201
"ရှမ်းပြည်နယ် (တောင်ပိုင်း)","ဖယ်ခုံ မြို့နယ်","ကုံးဆုံ ကျေးရွာအုပ်စု",0606202
"ရှမ်းပြည်နယ် (တောင်ပိုင်း)","ဖယ်ခုံ မြို့နယ်","လွယ်ပေါ ကျေးရွာအုပ်စု",0606203
"ရှမ်းပြည်နယ် (တောင်ပိုင်း)","ဖယ်ခုံ မြို့နယ်","နားဟီး ကျေးရွာအုပ်စု",0606204
"ရှမ်းပြည်နယ် (တောင်ပိုင်း)","ဖယ်ခုံ မြို့နယ်","ကုရင် ကျေးရွာအုပ်စု",0606205
"ရှမ်းပြည်နယ် (တောင်ပိုင်း)","ဖယ်ခုံ မြို့နယ်","ရီနွဲ ကျေးရွာအုပ်စု",0606206
"ရှမ်းပြည်နယ် (တောင်ပိုင်း)","ဖယ်ခုံ မြို့နယ်","ရီလုံရီကန် ကျေးရွာအုပ်စု",0606207
"ရှမ်းပြည်နယ် (တောင်ပိုင်း)","ဖယ်ခုံ မြို့နယ်","သိကျိတ် ကျေးရွာအုပ်စု",0606208
"ရှမ်းပြည်နယ် (တောင်ပိုင်း)","ဖယ်ခုံ မြို့နယ်","အလယ်ပ​ဒေါင် ကျေးရွာအုပ်စု",0606209
"ရှမ်းပြည်နယ် (တောင်ပိုင်း)","ဖယ်ခုံ မြို့နယ်","ကယော ကျေးရွာအုပ်စု",0606210
"ရှမ်းပြည်နယ် (တောင်ပိုင်း)","ဖယ်ခုံ မြို့နယ်","နောင်လိုင် ကျေးရွာအုပ်စု",0606211
"ရှမ်းပြည်နယ် (တောင်ပိုင်း)","ရပ်စောက် မြို့နယ်","လွယ်ကိုး ကျေးရွာအုပ်စု",0607200
"ရှမ်းပြည်နယ် (တောင်ပိုင်း)","ရပ်စောက် မြို့နယ်","ဟွေး ကျေးရွာအုပ်စု",0607201
"ရှမ်းပြည်နယ် (တောင်ပိုင်း)","ရပ်စောက် မြို့နယ်","ယမ်းတွင်းငါးကြောင် ကျေးရွာအုပ်စု",0607202
"ရှမ်းပြည်နယ် (တောင်ပိုင်း)","ရပ်စောက် မြို့နယ်","မြင်တောင် ကျေးရွာအုပ်စု",0607203
"ရှမ်းပြည်နယ် (တောင်ပိုင်း)","ရပ်စောက် မြို့နယ်","မကျီးကုန်း ကျေးရွာအုပ်စု",0607204
"ရှမ်းပြည်နယ် (တောင်ပိုင်း)","ရပ်စောက် မြို့နယ်","ကောင်းဘို့ ကျေးရွာအုပ်စု",0607205
"ရှမ်းပြည်နယ် (တောင်ပိုင်း)","ရပ်စောက် မြို့နယ်","အလယ်ချောင်း ကျေးရွာအုပ်စု",0607206
"ရှမ်းပြည်နယ် (တောင်ပိုင်း)","ရပ်စောက် မြို့နယ်","ဖေါင်းတော ကျေးရွာအုပ်စု",0607207
"ရှမ်းပြည်နယ် (တောင်ပိုင်း)","ရပ်စောက် မြို့နယ်","ကျောက်တော ကျေးရွာအုပ်စု",0607208
"ရှမ်းပြည်နယ် (တောင်ပိုင်း)","ရပ်စောက် မြို့နယ်","နန်းလွဲ ကျေးရွာအုပ်စု",0607209
"ရှမ်းပြည်နယ် (တောင်ပိုင်း)","ရပ်စောက် မြို့နယ်","ပါမဲ ကျေးရွာအုပ်စု",0607210
"ရှမ်းပြည်နယ် (တောင်ပိုင်း)","ရပ်စောက် မြို့နယ်","မားသဲ ကျေးရွာအုပ်စု",0607211
"ရှမ်းပြည်နယ် (တောင်ပိုင်း)","ရပ်စောက် မြို့နယ်","ကျိုင်းခမ်း ကျေးရွာအုပ်စု",0607212
"ရှမ်းပြည်နယ် (တောင်ပိုင်း)","ရပ်စောက် မြို့နယ်","အုံးကွဲ ကျေးရွာအုပ်စု",0607213
"ရှမ်းပြည်နယ် (တောင်ပိုင်း)","ရပ်စောက် မြို့နယ်","နန်းကောင်းမှု ကျေးရွာအုပ်စု",0607214
"ရှမ်းပြည်နယ် (တောင်ပိုင်း)","ရပ်စောက် မြို့နယ်","ကျောက်ဂူ ကျေးရွာအုပ်စု",0607215
"ရှမ်းပြည်နယ် (တောင်ပိုင်း)","ရပ်စောက် မြို့နယ်","နောင်ဝိုး ကျေးရွာအုပ်စု",0607216
"ရှမ်းပြည်နယ် (တောင်ပိုင်း)","ရပ်စောက် မြို့နယ်","နောင်လုံ ကျေးရွာအုပ်စု",0607217
"ရှမ်းပြည်နယ် (တောင်ပိုင်း)","ညောင်ရွှေ မြို့နယ်","နန်းသဲ ကျေးရွာအုပ်စု",0608200
"ရှမ်းပြည်နယ် (တောင်ပိုင်း)","ညောင်ရွှေ မြို့နယ်","ကျွန်းကြီး ကျေးရွာအုပ်စု",0608201
"ရှမ်းပြည်နယ် (တောင်ပိုင်း)","ညောင်ရွှေ မြို့နယ်","လင်းကင်း ကျေးရွာအုပ်စု",0608202
"ရှမ်းပြည်နယ် (တောင်ပိုင်း)","ညောင်ရွှေ မြို့နယ်","ခေါင်တိုင် ကျေးရွာအုပ်စု",0608203
"ရှမ်းပြည်နယ် (တောင်ပိုင်း)","ညောင်ရွှေ မြို့နယ်","လက်မောင်းကွေး ကျေးရွာအုပ်စု",0608204
"ရှမ်းပြည်နယ် (တောင်ပိုင်း)","ညောင်ရွှေ မြို့နယ်","တောင်ပို့ကြီး ကျေးရွာအုပ်စု",0608205
"ရှမ်းပြည်နယ် (တောင်ပိုင်း)","ညောင်ရွှေ မြို့နယ်","တောင်ခြေမြင်းစခွန့် ကျေးရွာအုပ်စု",0608206
"ရှမ်းပြည်နယ် (တောင်ပိုင်း)","ညောင်ရွှေ မြို့နယ်","မိုင်းသောက် ကျေးရွာအုပ်စု",0608207
"ရှမ်းပြည်နယ် (တောင်ပိုင်း)","ညောင်ရွှေ မြို့နယ်","ရွာသာ ကျေးရွာအုပ်စု",0608208
"ရှမ်းပြည်နယ် (တောင်ပိုင်း)","ညောင်ရွှေ မြို့နယ်","တိလောစခန်းကြီး ကျေးရွာအုပ်စု",0608209
"ရှမ်းပြည်နယ် (တောင်ပိုင်း)","ညောင်ရွှေ မြို့နယ်","မင်းချောင်း ကျေးရွာအုပ်စု",0608210
"ရှမ်းပြည်နယ် (တောင်ပိုင်း)","ညောင်ရွှေ မြို့နယ်","ပုံ့မူ ကျေးရွာအုပ်စု",0608211
"ရှမ်းပြည်နယ် (တောင်ပိုင်း)","ညောင်ရွှေ မြို့နယ်","တုံးလည် ကျေးရွာအုပ်စု",0608212
"ရှမ်းပြည်နယ် (တောင်ပိုင်း)","ညောင်ရွှေ မြို့နယ်","သပြေပင် ကျေးရွာအုပ်စု",0608213
"ရှမ်းပြည်နယ် (တောင်ပိုင်း)","ညောင်ရွှေ မြို့နယ်","ငါးဖယ်ချောင်း ကျေးရွာအုပ်စု",0608214
"ရှမ်းပြည်နယ် (တောင်ပိုင်း)","ညောင်ရွှေ မြို့နယ်","ဟဲယာရွာမ ကျေးရွာအုပ်စု",0608215
"ရှမ်းပြည်နယ် (တောင်ပိုင်း)","ညောင်ရွှေ မြို့နယ်","သာလေး ကျေးရွာအုပ်စု",0608216
"ရှမ်းပြည်နယ် (တောင်ပိုင်း)","ညောင်ရွှေ မြို့နယ်","မိုင်းပျိုး ကျေးရွာအုပ်စု",0608217
"ရှမ်းပြည်နယ် (တောင်ပိုင်း)","ညောင်ရွှေ မြို့နယ်","နောင်တော ကျေးရွာအုပ်စု",0608218
"ရှမ်းပြည်နယ် (တောင်ပိုင်း)","ညောင်ရွှေ မြို့နယ်","အင်းလျားကျိုင်းခမ်း ကျေးရွာအုပ်စု",0608219
"ရှမ်းပြည်နယ် (တောင်ပိုင်း)","ညောင်ရွှေ မြို့နယ်","တောင်တို ကျေးရွာအုပ်စု",0608220
"ရှမ်းပြည်နယ် (တောင်ပိုင်း)","ညောင်ရွှေ မြို့နယ်","ကျောက်တိုင် ကျေးရွာအုပ်စု",0608221
"ရှမ်းပြည်နယ် (တောင်ပိုင်း)","ညောင်ရွှေ မြို့နယ်","ကျေးပေါခုံ ကျေးရွာအုပ်စု",0608222
"ရှမ်းပြည်နယ် (တောင်ပိုင်း)","ညောင်ရွှေ မြို့နယ်","အင်းတိန် ကျေးရွာအုပ်စု",0608223
"ရှမ်းပြည်နယ် (တောင်ပိုင်း)","ညောင်ရွှေ မြို့နယ်","အင်းခြံကေလာ ကျေးရွာအုပ်စု",0608224
"ရှမ်းပြည်နယ် (တောင်ပိုင်း)","ညောင်ရွှေ မြို့နယ်","အင်းပေါခုံ ကျေးရွာအုပ်စု",0608225
"ရှမ်းပြည်နယ် (တောင်ပိုင်း)","ညောင်ရွှေ မြို့နယ်","သလဲဦး ကျေးရွာအုပ်စု",0608226
"ရှမ်းပြည်နယ် (တောင်ပိုင်း)","ညောင်ရွှေ မြို့နယ်","စံကား ကျေးရွာအုပ်စု",0608227
"ရှမ်းပြည်နယ် (တောင်ပိုင်း)","ညောင်ရွှေ မြို့နယ်","လုံကန် ကျေးရွာအုပ်စု",0608228
"ရှမ်းပြည်နယ် (တောင်ပိုင်း)","ညောင်ရွှေ မြို့နယ်","ရေပူ ကျေးရွာအုပ်စု",0608229
"ရှမ်းပြည်နယ် (တောင်ပိုင်း)","ညောင်ရွှေ မြို့နယ်","လင်လံ (တောင်) ကျေးရွာအုပ်စု",0608230
"ရှမ်းပြည်နယ် (တောင်ပိုင်း)","ညောင်ရွှေ မြို့နယ်","အင်းတန် ကျေးရွာအုပ်စု",0608231
"ရှမ်းပြည်နယ် (တောင်ပိုင်း)","ညောင်ရွှေ မြို့နယ်","ဘန်းပြင် ကျေးရွာအုပ်စု",0608232
"ရှမ်းပြည်နယ် (တောင်ပိုင်း)","ညောင်ရွှေ မြို့နယ်","လင်လံ (မြောက်) ကျေးရွာအုပ်စု",0608233
"ရှမ်းပြည်နယ် (တောင်ပိုင်း)","ဟိုပုံး မြို့နယ်","နမ့်ခုတ် ကျေးရွာအုပ်စု",0609200
"ရှမ်းပြည်နယ် (တောင်ပိုင်း)","ဟိုပုံး မြို့နယ်","ကုန်းကျိုင်း ကျေးရွာအုပ်စု",0609201
"ရှမ်းပြည်နယ် (တောင်ပိုင်း)","ဟိုပုံး မြို့နယ်","လုံဟေး ကျေးရွာအုပ်စု",0609202
"ရှမ်းပြည်နယ် (တောင်ပိုင်း)","ဟိုပုံး မြို့နယ်","ပေါင်လင်း ကျေးရွာအုပ်စု",0609203
"ရှမ်းပြည်နယ် (တောင်ပိုင်း)","ဟိုပုံး မြို့နယ်","စံဖူး (မဲနယ်တောင်) ကျေးရွာအုပ်စု",0609204
"ရှမ်းပြည်နယ် (တောင်ပိုင်း)","ဟိုပုံး မြို့နယ်","စငေါ ကျေးရွာအုပ်စု",0609205
"ရှမ်းပြည်နယ် (တောင်ပိုင်း)","ဟိုပုံး မြို့နယ်","ကျောက်တန်း ကျေးရွာအုပ်စု",0609206
"ရှမ်းပြည်နယ် (တောင်ပိုင်း)","ဟိုပုံး မြို့နယ်","ဘော်ကုန်း ကျေးရွာအုပ်စု",0609207
"ရှမ်းပြည်နယ် (တောင်ပိုင်း)","ဟိုပုံး မြို့နယ်","တိလုံ ကျေးရွာအုပ်စု",0609208
"ရှမ်းပြည်နယ် (တောင်ပိုင်း)","ဟိုပုံး မြို့နယ်","လွယ်အွန့် ကျေးရွာအုပ်စု",0609209
"ရှမ်းပြည်နယ် (တောင်ပိုင်း)","ဟိုပုံး မြို့နယ်","လဲသက် ကျေးရွာအုပ်စု",0609210
"ရှမ်းပြည်နယ် (တောင်ပိုင်း)","ဟိုပုံး မြို့နယ်","လုံခုတ် ကျေးရွာအုပ်စု",0609211
"ရှမ်းပြည်နယ် (တောင်ပိုင်း)","ဟိုပုံး မြို့နယ်","ဖက်ရမ်း ကျေးရွာအုပ်စု",0609212
"ရှမ်းပြည်နယ် (တောင်ပိုင်း)","ဟိုပုံး မြို့နယ်","နောင်ဒေး ကျေးရွာအုပ်စု",0609213
"ရှမ်းပြည်နယ် (တောင်ပိုင်း)","ဟိုပုံး မြို့နယ်","မောက်မွန်း ကျေးရွာအုပ်စု",0609214
"ရှမ်းပြည်နယ် (တောင်ပိုင်း)","ဟိုပုံး မြို့နယ်","မိုင်းပျဉ်း ကျေးရွာအုပ်စု",0609215
"ရှမ်းပြည်နယ် (တောင်ပိုင်း)","ဟိုပုံး မြို့နယ်","နမ့်ပါချီး ကျေးရွာအုပ်စု",0609216
"ရှမ်းပြည်နယ် (တောင်ပိုင်း)","ဟိုပုံး မြို့နယ်","နားပုံ ကျေးရွာအုပ်စု",0609217
"ရှမ်းပြည်နယ် (တောင်ပိုင်း)","ဟိုပုံး မြို့နယ်","ဆနင်း ကျေးရွာအုပ်စု",0609218
"ရှမ်းပြည်နယ် (တောင်ပိုင်း)","ဟိုပုံး မြို့နယ်","နားတစ် ကျေးရွာအုပ်စု",0609219
"ရှမ်းပြည်နယ် (တောင်ပိုင်း)","ဟိုပုံး မြို့နယ်","မိုင်းလင်း ကျေးရွာအုပ်စု",0609220
"ရှမ်းပြည်နယ် (တောင်ပိုင်း)","ဟိုပုံး မြို့နယ်","နောင်လိုင်မူဖိတ် ကျေးရွာအုပ်စု",0609221
"ရှမ်းပြည်နယ် (တောင်ပိုင်း)","ဆီဆိုင် မြို့နယ်","ဆီဆိုင် ကျေးရွာအုပ်စု",0610200
"ရှမ်းပြည်နယ် (တောင်ပိုင်း)","ဆီဆိုင် မြို့နယ်","တဘက် ကျေးရွာအုပ်စု",0610201
"ရှမ်းပြည်နယ် (တောင်ပိုင်း)","ဆီဆိုင် မြို့နယ်","တောင် (အရှေ့) ကျေးရွာအုပ်စု",0610202
"ရှမ်းပြည်နယ် (တောင်ပိုင်း)","ဆီဆိုင် မြို့နယ်","ပင်စုံ ကျေးရွာအုပ်စု",0610203
"ရှမ်းပြည်နယ် (တောင်ပိုင်း)","ဆီဆိုင် မြို့နယ်","ကုန်းဆွတ် ကျေးရွာအုပ်စု",0610204
"ရှမ်းပြည်နယ် (တောင်ပိုင်း)","ဆီဆိုင် မြို့နယ်","ဘန့်ဗွီး ကျေးရွာအုပ်စု",0610205
"ရှမ်းပြည်နယ် (တောင်ပိုင်း)","ဆီဆိုင် မြို့နယ်","လွယ်ယွန်းနားသံ ကျေးရွာအုပ်စု",0610206
"ရှမ်းပြည်နယ် (တောင်ပိုင်း)","ဆီဆိုင် မြို့နယ်","ပါလောပါကယ် ကျေးရွာအုပ်စု",0610207
"ရှမ်းပြည်နယ် (တောင်ပိုင်း)","ဆီဆိုင် မြို့နယ်","နားခိုက် ကျေးရွာအုပ်စု",0610208
"ရှမ်းပြည်နယ် (တောင်ပိုင်း)","ဆီဆိုင် မြို့နယ်","ပုံးအင်း ကျေးရွာအုပ်စု",0610209
"ရှမ်းပြည်နယ် (တောင်ပိုင်း)","ဆီဆိုင် မြို့နယ်","နောင်မွန် ကျေးရွာအုပ်စု",0610210
"ရှမ်းပြည်နယ် (တောင်ပိုင်း)","ဆီဆိုင် မြို့နယ်","လွယ်ပွတ် ကျေးရွာအုပ်စု",0610211
"ရှမ်းပြည်နယ် (တောင်ပိုင်း)","ဆီဆိုင် မြို့နယ်","ဘန်းယဉ် ကျေးရွာအုပ်စု",0610212
"ရှမ်းပြည်နယ် (တောင်ပိုင်း)","လွိုင်လင် မြို့နယ်","လွိုင်လင်အရှေ့ ကျေးရွာအုပ်စု",0611200
"ရှမ်းပြည်နယ် (တောင်ပိုင်း)","လွိုင်လင် မြို့နယ်","ပန်ဝိုး ကျေးရွာအုပ်စု",0611201
"ရှမ်းပြည်နယ် (တောင်ပိုင်း)","လွိုင်လင် မြို့နယ်","တောင်နောက် ကျေးရွာအုပ်စု",0611202
"ရှမ်းပြည်နယ် (တောင်ပိုင်း)","လွိုင်လင် မြို့နယ်","မိုင်းပွန် ကျေးရွာအုပ်စု",0611203
"ရှမ်းပြည်နယ် (တောင်ပိုင်း)","လွိုင်လင် မြို့နယ်","ဆင်ခြေဖုန်း ကျေးရွာအုပ်စု",0611204
"ရှမ်းပြည်နယ် (တောင်ပိုင်း)","လွိုင်လင် မြို့နယ်","ကုန်းယော ကျေးရွာအုပ်စု",0611205
"ရှမ်းပြည်နယ် (တောင်ပိုင်း)","လွိုင်လင် မြို့နယ်","ခေါက်နွဲ့ ကျေးရွာအုပ်စု",0611206
"ရှမ်းပြည်နယ် (တောင်ပိုင်း)","လွိုင်လင် မြို့နယ်","ဟွေတောက် ကျေးရွာအုပ်စု",0611207
"ရှမ်းပြည်နယ် (တောင်ပိုင်း)","လွိုင်လင် မြို့နယ်","နားယမ်း ကျေးရွာအုပ်စု",0611208
"ရှမ်းပြည်နယ် (တောင်ပိုင်း)","လွိုင်လင် မြို့နယ်","နောင်လိုင်မူဖိတ် ကျေးရွာအုပ်စု",0611209
"ရှမ်းပြည်နယ် (တောင်ပိုင်း)","လွိုင်လင် မြို့နယ်","နမ့်ထမို ကျေးရွာအုပ်စု",0611210
"ရှမ်းပြည်နယ် (တောင်ပိုင်း)","လွိုင်လင် မြို့နယ်","ပန်မုန့် ကျေးရွာအုပ်စု",0611211
"ရှမ်းပြည်နယ် (တောင်ပိုင်း)","လွိုင်လင် မြို့နယ်","နားတစ် ကျေးရွာအုပ်စု",0611212
"ရှမ်းပြည်နယ် (တောင်ပိုင်း)","လွိုင်လင် မြို့နယ်","ဟဲနန်း ကျေးရွာအုပ်စု",0611213
"ရှမ်းပြည်နယ် (တောင်ပိုင်း)","လွိုင်လင် မြို့နယ်","ဆနင်း ကျေးရွာအုပ်စု",0611214
"ရှမ်းပြည်နယ် (တောင်ပိုင်း)","လွိုင်လင် မြို့နယ်","တန့်အယ် ကျေးရွာအုပ်စု",0611215
"ရှမ်းပြည်နယ် (တောင်ပိုင်း)","လွိုင်လင် မြို့နယ်","ပင်လုံ (အရှေ့) ကျေးရွာအုပ်စု",0611216
"ရှမ်းပြည်နယ် (တောင်ပိုင်း)","လွိုင်လင် မြို့နယ်","နောင်လိုင် ကျေးရွာအုပ်စု",0611217
"ရှမ်းပြည်နယ် (တောင်ပိုင်း)","လွိုင်လင် မြို့နယ်","ဆဟောင်း ကျေးရွာအုပ်စု",0611218
"ရှမ်းပြည်နယ် (တောင်ပိုင်း)","လဲချား မြို့နယ်","မြို့မ ကျေးရွာအုပ်စု",0612200
"ရှမ်းပြည်နယ် (တောင်ပိုင်း)","လဲချား မြို့နယ်","နောင်ကော့ ကျေးရွာအုပ်စု",0612201
"ရှမ်းပြည်နယ် (တောင်ပိုင်း)","လဲချား မြို့နယ်","ဟဲဆိုင် ကျေးရွာအုပ်စု",0612202
"ရှမ်းပြည်နယ် (တောင်ပိုင်း)","လဲချား မြို့နယ်","ပန်ဆန်း ကျေးရွာအုပ်စု",0612203
"ရှမ်းပြည်နယ် (တောင်ပိုင်း)","လဲချား မြို့နယ်","ဝမ်ဟိုင့် ကျေးရွာအုပ်စု",0612204
"ရှမ်းပြည်နယ် (တောင်ပိုင်း)","လဲချား မြို့နယ်","ပုံနေ ကျေးရွာအုပ်စု",0612205
"ရှမ်းပြည်နယ် (တောင်ပိုင်း)","လဲချား မြို့နယ်","ဝမ်စဲ့ ကျေးရွာအုပ်စု",0612206
"ရှမ်းပြည်နယ် (တောင်ပိုင်း)","လဲချား မြို့နယ်","ပုံတိုက် ကျေးရွာအုပ်စု",0612207
"ရှမ်းပြည်နယ် (တောင်ပိုင်း)","လဲချား မြို့နယ်","နားမန်း ကျေးရွာအုပ်စု",0612208
"ရှမ်းပြည်နယ် (တောင်ပိုင်း)","လဲချား မြို့နယ်","ဝမ်ထီ ကျေးရွာအုပ်စု",0612209
"ရှမ်းပြည်နယ် (တောင်ပိုင်း)","လဲချား မြို့နယ်","ဝမ်ဆန်း ကျေးရွာအုပ်စု",0612210
"ရှမ်းပြည်နယ် (တောင်ပိုင်း)","လဲချား မြို့နယ်","ဝမ်လေ ကျေးရွာအုပ်စု",0612211
"ရှမ်းပြည်နယ် (တောင်ပိုင်း)","လဲချား မြို့နယ်","တတ်မောက် ကျေးရွာအုပ်စု",0612212
"ရှမ်းပြည်နယ် (တောင်ပိုင်း)","လဲချား မြို့နယ်","ဝမ်ပန်း ကျေးရွာအုပ်စု",0612213
"ရှမ်းပြည်နယ် (တောင်ပိုင်း)","လဲချား မြို့နယ်","နမ့်တုတ် ကျေးရွာအုပ်စု",0612214
"ရှမ်းပြည်နယ် (တောင်ပိုင်း)","လဲချား မြို့နယ်","ဝမ်ဖိုင် ကျေးရွာအုပ်စု",0612215
"ရှမ်းပြည်နယ် (တောင်ပိုင်း)","လဲချား မြို့နယ်","ဖာလံ ကျေးရွာအုပ်စု",0612216
"ရှမ်းပြည်နယ် (တောင်ပိုင်း)","လဲချား မြို့နယ်","ဝမ်ယိန်း ကျေးရွာအုပ်စု",0612217
"ရှမ်းပြည်နယ် (တောင်ပိုင်း)","လဲချား မြို့နယ်","ပန်တန် ကျေးရွာအုပ်စု",0612218
"ရှမ်းပြည်နယ် (တောင်ပိုင်း)","မိုင်းကိုင် မြို့နယ်","မြို့မဆင်ခြေဖုန်း (မြောက်) ကျေးရွာအုပ်စု",0613200
"ရှမ်းပြည်နယ် (တောင်ပိုင်း)","မိုင်းကိုင် မြို့နယ်","မြို့မဆင်ခြေဖုန်း (ရှေ့) ကျေးရွာအုပ်စု",0613201
"ရှမ်းပြည်နယ် (တောင်ပိုင်း)","မိုင်းကိုင် မြို့နယ်","ဝမ်ဟွေအွမ် ကျေးရွာအုပ်စု",0613202
"ရှမ်းပြည်နယ် (တောင်ပိုင်း)","မိုင်းကိုင် မြို့နယ်","နမ့်ဟူး ကျေးရွာအုပ်စု",0613203
"ရှမ်းပြည်နယ် (တောင်ပိုင်း)","မိုင်းကိုင် မြို့နယ်","ဝမ်လုံ ကျေးရွာအုပ်စု",0613204
"ရှမ်းပြည်နယ် (တောင်ပိုင်း)","မိုင်းကိုင် မြို့နယ်","ဝမ်ဟွေလုံ ကျေးရွာအုပ်စု",0613205
"ရှမ်းပြည်နယ် (တောင်ပိုင်း)","မိုင်းကိုင် မြို့နယ်","ခေးအုံအွေ့ ကျေးရွာအုပ်စု",0613206
"ရှမ်းပြည်နယ် (တောင်ပိုင်း)","မိုင်းကိုင် မြို့နယ်","ဆန်ဟ ကျေးရွာအုပ်စု",0613207
"ရှမ်းပြည်နယ် (တောင်ပိုင်း)","မိုင်းကိုင် မြို့နယ်","ယန်းနန်း ကျေးရွာအုပ်စု",0613208
"ရှမ်းပြည်နယ် (တောင်ပိုင်း)","မိုင်းကိုင် မြို့နယ်","မိုင်းခွန် ကျေးရွာအုပ်စု",0613209
"ရှမ်းပြည်နယ် (တောင်ပိုင်း)","မိုင်းကိုင် မြို့နယ်","ကုံးလုံး ကျေးရွာအုပ်စု",0613210
"ရှမ်းပြည်နယ် (တောင်ပိုင်း)","မိုင်းကိုင် မြို့နယ်","လုတ်တောင်း ကျေးရွာအုပ်စု",0613211
"ရှမ်းပြည်နယ် (တောင်ပိုင်း)","မိုင်းကိုင် မြို့နယ်","ဝမ်ဖွီး ကျေးရွာအုပ်စု",0613212
"ရှမ်းပြည်နယ် (တောင်ပိုင်း)","မိုင်းကိုင် မြို့နယ်","ဟိုနား ကျေးရွာအုပ်စု",0613213
"ရှမ်းပြည်နယ် (တောင်ပိုင်း)","မိုင်းကိုင် မြို့နယ်","မိုင်းယွန်း ကျေးရွာအုပ်စု",0613214
"ရှမ်းပြည်နယ် (တောင်ပိုင်း)","မိုင်းကိုင် မြို့နယ်","စုံလော ကျေးရွာအုပ်စု",0613215
"ရှမ်းပြည်နယ် (တောင်ပိုင်း)","မိုင်းကိုင် မြို့နယ်","ပါခေါင် ကျေးရွာအုပ်စု",0613216
"ရှမ်းပြည်နယ် (တောင်ပိုင်း)","မိုင်းကိုင် မြို့နယ်","နောင်စံဖူး ကျေးရွာအုပ်စု",0613217
"ရှမ်းပြည်နယ် (တောင်ပိုင်း)","မိုင်းကိုင် မြို့နယ်","လွိုင်ကုန် ကျေးရွာအုပ်စု",0613218
"ရှမ်းပြည်နယ် (တောင်ပိုင်း)","မိုင်းကိုင် မြို့နယ်","တုံလော ကျေးရွာအုပ်စု",0613219
"ရှမ်းပြည်နယ် (တောင်ပိုင်း)","မိုင်းကိုင် မြို့နယ်","ပန်ကေတု ကျေးရွာအုပ်စု",0613220
"ရှမ်းပြည်နယ် (တောင်ပိုင်း)","မိုင်းကိုင် မြို့နယ်","ဟိုခဲ ကျေးရွာအုပ်စု",0613221
"ရှမ်းပြည်နယ် (တောင်ပိုင်း)","မိုင်းကိုင် မြို့နယ်","ဟမ်းငိုင်း ကျေးရွာအုပ်စု",0613222
"ရှမ်းပြည်နယ် (တောင်ပိုင်း)","မိုင်းကိုင် မြို့နယ်","နားဟွယ် ကျေးရွာအုပ်စု",0613223
"ရှမ်းပြည်နယ် (တောင်ပိုင်း)","မိုင်းရှူး မြို့နယ်","မြို့မပန်စွဲ ကျေးရွာအုပ်စု",0614200
"ရှမ်းပြည်နယ် (တောင်ပိုင်း)","မိုင်းရှူး မြို့နယ်","နားစံ ကျေးရွာအုပ်စု",0614201
"ရှမ်းပြည်နယ် (တောင်ပိုင်း)","မိုင်းရှူး မြို့နယ်","မော်မေ့ ကျေးရွာအုပ်စု",0614202
"ရှမ်းပြည်နယ် (တောင်ပိုင်း)","မိုင်းရှူး မြို့နယ်","လွိုင်နိုင်း ကျေးရွာအုပ်စု",0614203
"ရှမ်းပြည်နယ် (တောင်ပိုင်း)","မိုင်းရှူး မြို့နယ်","နမ့်တောင် ကျေးရွာအုပ်စု",0614204
"ရှမ်းပြည်နယ် (တောင်ပိုင်း)","မိုင်းရှူး မြို့နယ်","မိုင်းစံ ကျေးရွာအုပ်စု",0614205
"ရှမ်းပြည်နယ် (တောင်ပိုင်း)","မိုင်းရှူး မြို့နယ်","ဟိုဆိုင် ကျေးရွာအုပ်စု",0614206
"ရှမ်းပြည်နယ် (တောင်ပိုင်း)","မိုင်းရှူး မြို့နယ်","ဟိုပုံ ကျေးရွာအုပ်စု",0614207
"ရှမ်းပြည်နယ် (တောင်ပိုင်း)","မိုင်းရှူး မြို့နယ်","ဟွေဟေး ကျေးရွာအုပ်စု",0614208
"ရှမ်းပြည်နယ် (တောင်ပိုင်း)","မိုင်းရှူး မြို့နယ်","ဟိုက်ပါ ကျေးရွာအုပ်စု",0614209
"ရှမ်းပြည်နယ် (တောင်ပိုင်း)","မိုင်းရှူး မြို့နယ်","ဝမ်ဆော့ ကျေးရွာအုပ်စု",0614210
"ရှမ်းပြည်နယ် (တောင်ပိုင်း)","မိုင်းရှူး မြို့နယ်","ဖာယ ကျေးရွာအုပ်စု",0614211
"ရှမ်းပြည်နယ် (တောင်ပိုင်း)","မိုင်းရှူး မြို့နယ်","ဝမ်လွိုင် ကျေးရွာအုပ်စု",0614212
"ရှမ်းပြည်နယ် (တောင်ပိုင်း)","မိုင်းရှူး မြို့နယ်","မိုင်းအော့ ကျေးရွာအုပ်စု",0614213
"ရှမ်းပြည်နယ် (တောင်ပိုင်း)","မိုင်းရှူး မြို့နယ်","နားဝိုင် ကျေးရွာအုပ်စု",0614214
"ရှမ်းပြည်နယ် (တောင်ပိုင်း)","မိုင်းရှူး မြို့နယ်","နောင်အက် ကျေးရွာအုပ်စု",0614215
"ရှမ်းပြည်နယ် (တောင်ပိုင်း)","မိုင်းရှူး မြို့နယ်","ကွန်ကျောင်း ကျေးရွာအုပ်စု",0614216
"ရှမ်းပြည်နယ် (တောင်ပိုင်း)","ကျေးသီး မြို့နယ်","ပန်စယ် ကျေးရွာအုပ်စု",0615200
"ရှမ်းပြည်နယ် (တောင်ပိုင်း)","ကျေးသီး မြို့နယ်","ဖတ်နမ် ကျေးရွာအုပ်စု",0615201
"ရှမ်းပြည်နယ် (တောင်ပိုင်း)","ကျေးသီး မြို့နယ်","ပန်လော့ ကျေးရွာအုပ်စု",0615202
"ရှမ်းပြည်နယ် (တောင်ပိုင်း)","ကျေးသီး မြို့နယ်","ဝမ်ဖွီး ကျေးရွာအုပ်စု",0615203
"ရှမ်းပြည်နယ် (တောင်ပိုင်း)","ကျေးသီး မြို့နယ်","ဝမ်ခုန့် ကျေးရွာအုပ်စု",0615204
"ရှမ်းပြည်နယ် (တောင်ပိုင်း)","ကျေးသီး မြို့နယ်","ဆိုင်းလင် ကျေးရွာအုပ်စု",0615205
"ရှမ်းပြည်နယ် (တောင်ပိုင်း)","ကျေးသီး မြို့နယ်","ဟာဝမ် ကျေးရွာအုပ်စု",0615206
"ရှမ်းပြည်နယ် (တောင်ပိုင်း)","ကျေးသီး မြို့နယ်","မိုင်းနင် ကျေးရွာအုပ်စု",0615207
"ရှမ်းပြည်နယ် (တောင်ပိုင်း)","ကျေးသီး မြို့နယ်","ဝမ်ဝ ကျေးရွာအုပ်စု",0615208
"ရှမ်းပြည်နယ် (တောင်ပိုင်း)","ကျေးသီး မြို့နယ်","ကျိုင်းလင် ကျေးရွာအုပ်စု",0615209
"ရှမ်းပြည်နယ် (တောင်ပိုင်း)","ကျေးသီး မြို့နယ်","ဝမ်ချင် ကျေးရွာအုပ်စု",0615210
"ရှမ်းပြည်နယ် (တောင်ပိုင်း)","ကျေးသီး မြို့နယ်","ဝမ်ဝပ် ကျေးရွာအုပ်စု",0615211
"ရှမ်းပြည်နယ် (တောင်ပိုင်း)","ကျေးသီး မြို့နယ်","ဝမ်စပ် ကျေးရွာအုပ်စု",0615212
"ရှမ်းပြည်နယ် (တောင်ပိုင်း)","ကျေးသီး မြို့နယ်","ခေါက်စန့် ကျေးရွာအုပ်စု",0615213
"ရှမ်းပြည်နယ် (တောင်ပိုင်း)","ကျေးသီး မြို့နယ်","ဝမ်ဟိုင်း ကျေးရွာအုပ်စု",0615214
"ရှမ်းပြည်နယ် (တောင်ပိုင်း)","ကျေးသီး မြို့နယ်","နောင်ဆွမ်း ကျေးရွာအုပ်စု",0615215
"ရှမ်းပြည်နယ် (တောင်ပိုင်း)","ကျေးသီး မြို့နယ်","မိုင်းကောင် ကျေးရွာအုပ်စု",0615216
"ရှမ်းပြည်နယ် (တောင်ပိုင်း)","ကျေးသီး မြို့နယ်","နားကန်း ကျေးရွာအုပ်စု",0615217
"ရှမ်းပြည်နယ် (တောင်ပိုင်း)","ကျေးသီး မြို့နယ်","နောင်အယ် ကျေးရွာအုပ်စု",0615218
"ရှမ်းပြည်နယ် (တောင်ပိုင်း)","ကျေးသီး မြို့နယ်","ဝိန်းကောင် ကျေးရွာအုပ်စု",0615219
"ရှမ်းပြည်နယ် (တောင်ပိုင်း)","ကျေးသီး မြို့နယ်","တူယား ကျေးရွာအုပ်စု",0615220
"ရှမ်းပြည်နယ် (တောင်ပိုင်း)","ကျေးသီး မြို့နယ်","မိုင်းနန်း ကျေးရွာအုပ်စု",0615221
"ရှမ်းပြည်နယ် (တောင်ပိုင်း)","ကျေးသီး မြို့နယ်","ဟိုပုန် ကျေးရွာအုပ်စု",0615222
"ရှမ်းပြည်နယ် (တောင်ပိုင်း)","ကျေးသီး မြို့နယ်","မိုင်းရဲ ကျေးရွာအုပ်စု",0615223
"ရှမ်းပြည်နယ် (တောင်ပိုင်း)","ကျေးသီး မြို့နယ်","ဝမ်တုံ ကျေးရွာအုပ်စု",0615224
"ရှမ်းပြည်နယ် (တောင်ပိုင်း)","ကျေးသီး မြို့နယ်","လုံယန်း ကျေးရွာအုပ်စု",0615225
"ရှမ်းပြည်နယ် (တောင်ပိုင်း)","ကျေးသီး မြို့နယ်","ဝမ်စိမ်း ကျေးရွာအုပ်စု",0615226
"ရှမ်းပြည်နယ် (တောင်ပိုင်း)","ကျေးသီး မြို့နယ်","မိုင်းယန်း ကျေးရွာအုပ်စု",0615227
"ရှမ်းပြည်နယ် (တောင်ပိုင်း)","ကျေးသီး မြို့နယ်","မိုင်းလင်း ကျေးရွာအုပ်စု",0615228
"ရှမ်းပြည်နယ် (တောင်ပိုင်း)","ကျေးသီး မြို့နယ်","နောင်တော ကျေးရွာအုပ်စု",0615229
"ရှမ်းပြည်နယ် (တောင်ပိုင်း)","ကျေးသီး မြို့နယ်","မိုင်းဆောင် ကျေးရွာအုပ်စု",0615230
"ရှမ်းပြည်နယ် (တောင်ပိုင်း)","ကျေးသီး မြို့နယ်","နားလွယ် ကျေးရွာအုပ်စု",0615231
"ရှမ်းပြည်နယ် (တောင်ပိုင်း)","နမ့်စန် မြို့နယ်","နမ့်စန် ကျေးရွာအုပ်စု",0616200
"ရှမ်းပြည်နယ် (တောင်ပိုင်း)","နမ့်စန် မြို့နယ်","ဝမ်နောင် ကျေးရွာအုပ်စု",0616201
"ရှမ်းပြည်နယ် (တောင်ပိုင်း)","နမ့်စန် မြို့နယ်","လွိုင်လ ကျေးရွာအုပ်စု",0616202
"ရှမ်းပြည်နယ် (တောင်ပိုင်း)","နမ့်စန် မြို့နယ်","မက်မုန်မွန်း ကျေးရွာအုပ်စု",0616203
"ရှမ်းပြည်နယ် (တောင်ပိုင်း)","နမ့်စန် မြို့နယ်","အမှတ် (၅) ကျေးရွာအုပ်စု",0616204
"ရှမ်းပြည်နယ် (တောင်ပိုင်း)","နမ့်စန် မြို့နယ်","ဝမ်ပိန်း ကျေးရွာအုပ်စု",0616205
"ရှမ်းပြည်နယ် (တောင်ပိုင်း)","နမ့်စန် မြို့နယ်","ဟိုင်းဖတ် ကျေးရွာအုပ်စု",0616206
"ရှမ်းပြည်နယ် (တောင်ပိုင်း)","နမ့်စန် မြို့နယ်","ဟိုနောင် ကျေးရွာအုပ်စု",0616207
"ရှမ်းပြည်နယ် (တောင်ပိုင်း)","နမ့်စန် မြို့နယ်","ဟိုင်းလိုက် ကျေးရွာအုပ်စု",0616208
"ရှမ်းပြည်နယ် (တောင်ပိုင်း)","နမ့်စန် မြို့နယ်","တုန်ဟုန်း ကျေးရွာအုပ်စု",0616209
"ရှမ်းပြည်နယ် (တောင်ပိုင်း)","နမ့်စန် မြို့နယ်","နားပွဲ ကျေးရွာအုပ်စု",0616210
"ရှမ်းပြည်နယ် (တောင်ပိုင်း)","နမ့်စန် မြို့နယ်","ခိုအွတ် ကျေးရွာအုပ်စု",0616211
"ရှမ်းပြည်နယ် (တောင်ပိုင်း)","နမ့်စန် မြို့နယ်","လွိုင်ယဲ ကျေးရွာအုပ်စု",0616212
"ရှမ်းပြည်နယ် (တောင်ပိုင်း)","နမ့်စန် မြို့နယ်","နောင်ဟီး ကျေးရွာအုပ်စု",0616213
"ရှမ်းပြည်နယ် (တောင်ပိုင်း)","နမ့်စန် မြို့နယ်","မိုင်းစိတ် ကျေးရွာအုပ်စု",0616214
"ရှမ်းပြည်နယ် (တောင်ပိုင်း)","နမ့်စန် မြို့နယ်","နမ့်လစ် ကျေးရွာအုပ်စု",0616215
"ရှမ်းပြည်နယ် (တောင်ပိုင်း)","နမ့်စန် မြို့နယ်","ဟိုင်းနားကြီး ကျေးရွာအုပ်စု",0616216
"ရှမ်းပြည်နယ် (တောင်ပိုင်း)","နမ့်စန် မြို့နယ်","ဘန့်ဟင် ကျေးရွာအုပ်စု",0616217
"ရှမ်းပြည်နယ် (တောင်ပိုင်း)","နမ့်စန် မြို့နယ်","ပိန်းဆယ် ကျေးရွာအုပ်စု",0616218
"ရှမ်းပြည်နယ် (တောင်ပိုင်း)","နမ့်စန် မြို့နယ်","ဟိုယန်း ကျေးရွာအုပ်စု",0616219
"ရှမ်းပြည်နယ် (တောင်ပိုင်း)","မိုးနဲ မြို့နယ်","နမ့်မော်ဆွမ့် ကျေးရွာအုပ်စု",0617200
"ရှမ်းပြည်နယ် (တောင်ပိုင်း)","မိုးနဲ မြို့နယ်","နောင်မြိုင်း ကျေးရွာအုပ်စု",0617201
"ရှမ်းပြည်နယ် (တောင်ပိုင်း)","မိုးနဲ မြို့နယ်","ဝမ်ဟေ ကျေးရွာအုပ်စု",0617202
"ရှမ်းပြည်နယ် (တောင်ပိုင်း)","မိုးနဲ မြို့နယ်","နားလွိုင် ကျေးရွာအုပ်စု",0617203
"ရှမ်းပြည်နယ် (တောင်ပိုင်း)","မိုးနဲ မြို့နယ်","နောင်လိုင် ကျေးရွာအုပ်စု",0617204
"ရှမ်းပြည်နယ် (တောင်ပိုင်း)","မိုးနဲ မြို့နယ်","နားခံ ကျေးရွာအုပ်စု",0617205
"ရှမ်းပြည်နယ် (တောင်ပိုင်း)","မိုးနဲ မြို့နယ်","မိုင်ဟိုင်း ကျေးရွာအုပ်စု",0617206
"ရှမ်းပြည်နယ် (တောင်ပိုင်း)","မိုးနဲ မြို့နယ်","ကွန်နား ကျေးရွာအုပ်စု",0617207
"ရှမ်းပြည်နယ် (တောင်ပိုင်း)","မိုးနဲ မြို့နယ်","ဝမ်နား ကျေးရွာအုပ်စု",0617208
"ရှမ်းပြည်နယ် (တောင်ပိုင်း)","မိုးနဲ မြို့နယ်","ကုန်းလွန်း ကျေးရွာအုပ်စု",0617209
"ရှမ်းပြည်နယ် (တောင်ပိုင်း)","မိုးနဲ မြို့နယ်","ပန်စိမ်း (ကာဟ) ကျေးရွာအုပ်စု",0617210
"ရှမ်းပြည်နယ် (တောင်ပိုင်း)","မိုးနဲ မြို့နယ်","ကွန်လုံ ကျေးရွာအုပ်စု",0617211
"ရှမ်းပြည်နယ် (တောင်ပိုင်း)","မိုးနဲ မြို့နယ်","နောင်ဟီး ကျေးရွာအုပ်စု",0617212
"ရှမ်းပြည်နယ် (တောင်ပိုင်း)","မိုးနဲ မြို့နယ်","နားပေါ့ ကျေးရွာအုပ်စု",0617213
"ရှမ်းပြည်နယ် (တောင်ပိုင်း)","မိုးနဲ မြို့နယ်","ဟိုဟ ကျေးရွာအုပ်စု",0617214
"ရှမ်းပြည်နယ် (တောင်ပိုင်း)","မောက်မယ် မြို့နယ်","နမ့်လွတ် ကျေးရွာအုပ်စု",0618200
"ရှမ်းပြည်နယ် (တောင်ပိုင်း)","မောက်မယ် မြို့နယ်","ဟိုလွိုင် ကျေးရွာအုပ်စု",0618201
"ရှမ်းပြည်နယ် (တောင်ပိုင်း)","မောက်မယ် မြို့နယ်","မိုင်းပုတ် ကျေးရွာအုပ်စု",0618202
"ရှမ်းပြည်နယ် (တောင်ပိုင်း)","မောက်မယ် မြို့နယ်","စဉ့်ဝင် ကျေးရွာအုပ်စု",0618203
"ရှမ်းပြည်နယ် (တောင်ပိုင်း)","မောက်မယ် မြို့နယ်","စဉ့်ဆိုင် ကျေးရွာအုပ်စု",0618204
"ရှမ်းပြည်နယ် (တောင်ပိုင်း)","မောက်မယ် မြို့နယ်","ဟိုနမ့် ကျေးရွာအုပ်စု",0618205
"ရှမ်းပြည်နယ် (တောင်ပိုင်း)","မောက်မယ် မြို့နယ်","ပန်းတန် ကျေးရွာအုပ်စု",0618206
"ရှမ်းပြည်နယ် (တောင်ပိုင်း)","မောက်မယ် မြို့နယ်","ကဒူးကြီး ကျေးရွာအုပ်စု",0618207
"ရှမ်းပြည်နယ် (တောင်ပိုင်း)","လင်းခေး မြို့နယ်","ပုန်းထွန် ကျေးရွာအုပ်စု",0619200
"ရှမ်းပြည်နယ် (တောင်ပိုင်း)","လင်းခေး မြို့နယ်","ဒါးဆိပ် ကျေးရွာအုပ်စု",0619201
"ရှမ်းပြည်နယ် (တောင်ပိုင်း)","လင်းခေး မြို့နယ်","နောင်လုံ ကျေးရွာအုပ်စု",0619202
"ရှမ်းပြည်နယ် (တောင်ပိုင်း)","လင်းခေး မြို့နယ်","ဝမ်စစ် ကျေးရွာအုပ်စု",0619203
"ရှမ်းပြည်နယ် (တောင်ပိုင်း)","လင်းခေး မြို့နယ်","ဟိုက်ကွေ့ ကျေးရွာအုပ်စု",0619204
"ရှမ်းပြည်နယ် (တောင်ပိုင်း)","လင်းခေး မြို့နယ်","ဝမ်စလောင်း ကျေးရွာအုပ်စု",0619205
"ရှမ်းပြည်နယ် (တောင်ပိုင်း)","လင်းခေး မြို့နယ်","လွိုင်လုံ ကျေးရွာအုပ်စု",0619206
"ရှမ်းပြည်နယ် (တောင်ပိုင်း)","လင်းခေး မြို့နယ်","ဝမ်ဟတ် ကျေးရွာအုပ်စု",0619207
"ရှမ်းပြည်နယ် (တောင်ပိုင်း)","လင်းခေး မြို့နယ်","နားကန်း ကျေးရွာအုပ်စု",0619208
"ရှမ်းပြည်နယ် (တောင်ပိုင်း)","လင်းခေး မြို့နယ်","မအွန်လောင်း ကျေးရွာအုပ်စု",0619209
"ရှမ်းပြည်နယ် (တောင်ပိုင်း)","လင်းခေး မြို့နယ်","ဝမ်တိန်း ကျေးရွာအုပ်စု",0619210
"ရှမ်းပြည်နယ် (တောင်ပိုင်း)","လင်းခေး မြို့နယ်","နောင်အော ကျေးရွာအုပ်စု",0619211
"ရှမ်းပြည်နယ် (တောင်ပိုင်း)","လင်းခေး မြို့နယ်","ခုံလုံ ကျေးရွာအုပ်စု",0619212
"ရှမ်းပြည်နယ် (တောင်ပိုင်း)","လင်းခေး မြို့နယ်","မယ်အော ကျေးရွာအုပ်စု",0619213
"ရှမ်းပြည်နယ် (တောင်ပိုင်း)","မိုင်းပန် မြို့နယ်","မိုင်းပန် (အရှေ့) ကျေးရွာအုပ်စု",0620200
"ရှမ်းပြည်နယ် (တောင်ပိုင်း)","မိုင်းပန် မြို့နယ်","ကုံးကျိုင်း ကျေးရွာအုပ်စု",0620201
"ရှမ်းပြည်နယ် (တောင်ပိုင်း)","မိုင်းပန် မြို့နယ်","နမ့်တိန်း ကျေးရွာအုပ်စု",0620202
"ရှမ်းပြည်နယ် (တောင်ပိုင်း)","မိုင်းပန် မြို့နယ်","နောင်လွမ်း ကျေးရွာအုပ်စု",0620203
"ရှမ်းပြည်နယ် (တောင်ပိုင်း)","မိုင်းပန် မြို့နယ်","နောင်ဟီး ကျေးရွာအုပ်စု",0620204
"ရှမ်းပြည်နယ် (တောင်ပိုင်း)","မိုင်းပန် မြို့နယ်","တောင်ကိုင်း ကျေးရွာအုပ်စု",0620205
"ရှမ်းပြည်နယ် (တောင်ပိုင်း)","မိုင်းပန် မြို့နယ်","ဝိုးလိုင်း ကျေးရွာအုပ်စု",0620206
"ရှမ်းပြည်နယ် (တောင်ပိုင်း)","မိုင်းပန် မြို့နယ်","နားလော ကျေးရွာအုပ်စု",0620207
"ရှမ်းပြည်နယ် (တောင်ပိုင်း)","မိုင်းပန် မြို့နယ်","ဆားဝါ ကျေးရွာအုပ်စု",0620208
"ရှမ်းပြည်နယ် (တောင်ပိုင်း)","မိုင်းပန် မြို့နယ်","နောင်ရင်း ကျေးရွာအုပ်စု",0620209
"ရှမ်းပြည်နယ် (တောင်ပိုင်း)","မိုင်းပန် မြို့နယ်","နားမွန် ကျေးရွာအုပ်စု",0620210
"ရှမ်းပြည်နယ် (တောင်ပိုင်း)","ကွန်ဟိန်း မြို့နယ်","ကွန်ဟိန်းမြို့မ ကျေးရွာအုပ်စု",0621200
"ရှမ်းပြည်နယ် (တောင်ပိုင်း)","ကွန်ဟိန်း မြို့နယ်","ကျိုင်းလွန်း ကျေးရွာအုပ်စု",0621201
"ရှမ်းပြည်နယ် (တောင်ပိုင်း)","ကွန်ဟိန်း မြို့နယ်","ဟိုပန် ကျေးရွာအုပ်စု",0621202
"ရှမ်းပြည်နယ် (တောင်ပိုင်း)","ကွန်ဟိန်း မြို့နယ်","တာကော် ကျေးရွာအုပ်စု",0621203
"ရှမ်းပြည်နယ် (တောင်ပိုင်း)","ကွန်ဟိန်း မြို့နယ်","ဝမ်ပတ် ကျေးရွာအုပ်စု",0621204
"ရှမ်းပြည်နယ် (တောင်ပိုင်း)","ကွန်ဟိန်း မြို့နယ်","လိုက်ကမ် ကျေးရွာအုပ်စု",0621205
"ရှမ်းပြည်နယ် (တောင်ပိုင်း)","ကွန်ဟိန်း မြို့နယ်","ဝမ်ဖိုင် ကျေးရွာအုပ်စု",0621206
"ရှမ်းပြည်နယ် (တောင်ပိုင်း)","ကွန်ဟိန်း မြို့နယ်","ကျိုင်းခမ်း ကျေးရွာအုပ်စု",0621207
"ရှမ်းပြည်နယ် (တောင်ပိုင်း)","ကွန်ဟိန်း မြို့နယ်","ဝမ်လော ကျေးရွာအုပ်စု",0621208
"ရှမ်းပြည်နယ် (တောင်ပိုင်း)","ကွန်ဟိန်း မြို့နယ်","ငါးတိုင် ကျေးရွာအုပ်စု",0621209
"ရှမ်းပြည်နယ် (တောင်ပိုင်း)","ကွန်ဟိန်း မြို့နယ်","လွိုင်ကျိုင်း ကျေးရွာအုပ်စု",0621210
"ရှမ်းပြည်နယ် (တောင်ပိုင်း)","ကွန်ဟိန်း မြို့နယ်","နားပွဲ ကျေးရွာအုပ်စု",0621211
"ရှမ်းပြည်နယ် (တောင်ပိုင်း)","ကွန်ဟိန်း မြို့နယ်","ကွန်ပု ကျေးရွာအုပ်စု",0621212
"ရှမ်းပြည်နယ် (တောင်ပိုင်း)","ကွန်ဟိန်း မြို့နယ်","ဆိုင်းခေါင် ကျေးရွာအုပ်စု",0621213
