﻿Region,"Town / Township","Quarter / Village Tract","Postal Code"
"ပဲခူးတိုင်းဒေသကြီး (အရှေ့)","ပဲခူး မြို့နယ်","မြို့တွင်းအရှေ့ (က) ရပ်ကွက်",0801001
"ပဲခူးတိုင်းဒေသကြီး (အရှေ့)","ပဲခူး မြို့နယ်","မြို့တွင်းအရှေ့ (ခ) ရပ်ကွက်",0801002
"ပဲခူးတိုင်းဒေသကြီး (အရှေ့)","ပဲခူး မြို့နယ်","မြို့တွင်းအနောက် (က) ရပ်ကွက်",0801003
"ပဲခူးတိုင်းဒေသကြီး (အရှေ့)","ပဲခူး မြို့နယ်","မြို့တွင်းအနောက် (ခ) ရပ်ကွက်",0801004
"ပဲခူးတိုင်းဒေသကြီး (အရှေ့)","ပဲခူး မြို့နယ်","လိပ်ပြာကန် ရပ်ကွက်",0801005
"ပဲခူးတိုင်းဒေသကြီး (အရှေ့)","ပဲခူး မြို့နယ်","ပုဏ္ဏားစု ရပ်ကွက်",0801006
"ပဲခူးတိုင်းဒေသကြီး (အရှေ့)","ပဲခူး မြို့နယ်","ပန်းလှိုင် ရပ်ကွက်",0801007
"ပဲခူးတိုင်းဒေသကြီး (အရှေ့)","ပဲခူး မြို့နယ်","ဈေးပိုင်း ရပ်ကွက်",0801008
"ပဲခူးတိုင်းဒေသကြီး (အရှေ့)","ပဲခူး မြို့နယ်","ညောင်ဝိုင်း (တောင်) ရပ်ကွက်",0801009
"ပဲခူးတိုင်းဒေသကြီး (အရှေ့)","ပဲခူး မြို့နယ်","ညောင်ဝိုင်း (မြောက်) ရပ်ကွက်",0801010
"ပဲခူးတိုင်းဒေသကြီး (အရှေ့)","ပဲခူး မြို့နယ်","သွန်းဘုရားကုန်း ရပ်ကွက်",0801011
"ပဲခူးတိုင်းဒေသကြီး (အရှေ့)","ပဲခူး မြို့နယ်","ကျောက်ကြီးစု ရပ်ကွက်",0801012
"ပဲခူးတိုင်းဒေသကြီး (အရှေ့)","ပဲခူး မြို့နယ်","ဇိုင်းဂနိုင်း (တောင်) ရပ်ကွက်",0801013
"ပဲခူးတိုင်းဒေသကြီး (အရှေ့)","ပဲခူး မြို့နယ်","ဇိုင်းဂနိုင်း (မြောက်) ရပ်ကွက်",0801014
"ပဲခူးတိုင်းဒေသကြီး (အရှေ့)","ပဲခူး မြို့နယ်","မဇင်း (က) ရပ်ကွက်",0801015
"ပဲခူးတိုင်းဒေသကြီး (အရှေ့)","ပဲခူး မြို့နယ်","မဇင်း (ခ) ရပ်ကွက်",0801016
"ပဲခူးတိုင်းဒေသကြီး (အရှေ့)","ပဲခူး မြို့နယ်","မဇင်း (ဂ) ရပ်ကွက်",0801017
"ပဲခူးတိုင်းဒေသကြီး (အရှေ့)","ပဲခူး မြို့နယ်","ဟင်္သာကုန်း ရပ်ကွက်",0801018
"ပဲခူးတိုင်းဒေသကြီး (အရှေ့)","ပဲခူး မြို့နယ်","ဗိုလ်ကုန်း ရပ်ကွက်",0801019
"ပဲခူးတိုင်းဒေသကြီး (အရှေ့)","ပဲခူး မြို့နယ်","ဟံသာဝတီ ရပ်ကွက်",0801020
"ပဲခူးတိုင်းဒေသကြီး (အရှေ့)","ပဲခူး မြို့နယ်","ရွာသစ် ရပ်ကွက်",0801021
"ပဲခူးတိုင်းဒေသကြီး (အရှေ့)","ပဲခူး မြို့နယ်","မြို့သစ် ရပ်ကွက်",0801022
"ပဲခူးတိုင်းဒေသကြီး (အရှေ့)","ပဲခူး မြို့နယ်","အမှတ် (၁) ရပ်ကွက်",0801023
"ပဲခူးတိုင်းဒေသကြီး (အရှေ့)","ပဲခူး မြို့နယ်","အမှတ် (၂) ရပ်ကွက်",0801024
"ပဲခူးတိုင်းဒေသကြီး (အရှေ့)","ပဲခူး မြို့နယ်","အမှတ် (၃) ရပ်ကွက်",0801025
"ပဲခူးတိုင်းဒေသကြီး (အရှေ့)","ပဲခူး မြို့နယ်","အမှတ် (၄) ရပ်ကွက်",0801026
"ပဲခူးတိုင်းဒေသကြီး (အရှေ့)","ပဲခူး မြို့နယ်","အမှတ် (၅) ရပ်ကွက်",0801027
"ပဲခူးတိုင်းဒေသကြီး (အရှေ့)","ပဲခူး မြို့နယ်","အမှတ် (၆) ရပ်ကွက်",0801028
"ပဲခူးတိုင်းဒေသကြီး (အရှေ့)","ပဲခူး မြို့နယ်","အမှတ် (၇) ရပ်ကွက်",0801029
"ပဲခူးတိုင်းဒေသကြီး (အရှေ့)","ပဲခူး မြို့နယ်","အမှတ် (၈) ရပ်ကွက်",0801030
"ပဲခူးတိုင်းဒေသကြီး (အရှေ့)","ပဲခူး မြို့နယ်","အမှတ် (၉) ရပ်ကွက်",0801031
"ပဲခူးတိုင်းဒေသကြီး (အရှေ့)","ကျောက်တံခါး မြို့နယ်","ကွင်းနောက် ရပ်ကွက်",0802001
"ပဲခူးတိုင်းဒေသကြီး (အရှေ့)","ကျောက်တံခါး မြို့နယ်","စာတိုက် ရပ်ကွက်",0802002
"ပဲခူးတိုင်းဒေသကြီး (အရှေ့)","ကျောက်တံခါး မြို့နယ်","ဈေးပိုင်း ရပ်ကွက်",0802003
"ပဲခူးတိုင်းဒေသကြီး (အရှေ့)","ကျောက်တံခါး မြို့နယ်","ကွင်းတောင် ရပ်ကွက်",0802004
"ပဲခူးတိုင်းဒေသကြီး (အရှေ့)","ကျောက်တံခါး မြို့နယ်","ကွင်းမြောက် ရပ်ကွက်",0802005
"ပဲခူးတိုင်းဒေသကြီး (အရှေ့)","ညောင်လေးပင် မြို့နယ်","မြို့မအမှတ်(၁) ရပ်ကွက်",0803001
"ပဲခူးတိုင်းဒေသကြီး (အရှေ့)","ညောင်လေးပင် မြို့နယ်","မြို့မအမှတ်(၂) ရပ်ကွက်",0803002
"ပဲခူးတိုင်းဒေသကြီး (အရှေ့)","ညောင်လေးပင် မြို့နယ်","မြို့မအမှတ်(၃) ရပ်ကွက်",0803003
"ပဲခူးတိုင်းဒေသကြီး (အရှေ့)","ညောင်လေးပင် မြို့နယ်","မြို့မအမှတ်(၄) ရပ်ကွက်",0803004
"ပဲခူးတိုင်းဒေသကြီး (အရှေ့)","ညောင်လေးပင် မြို့နယ်","မြို့မအမှတ်(၅) ရပ်ကွက်",0803005
"ပဲခူးတိုင်းဒေသကြီး (အရှေ့)","ကျောက်ကြီး မြို့နယ်","ပဲခူး ရပ်ကွက်",0804001
"ပဲခူးတိုင်းဒေသကြီး (အရှေ့)","ကျောက်ကြီး မြို့နယ်","ဆားတန်း ရပ်ကွက်",0804002
"ပဲခူးတိုင်းဒေသကြီး (အရှေ့)","ကျောက်ကြီး မြို့နယ်","ကပ်ကျေး ရပ်ကွက်",0804003
"ပဲခူးတိုင်းဒေသကြီး (အရှေ့)","ကျောက်ကြီး မြို့နယ်","သိန်တန်း ရပ်ကွက်",0804004
"ပဲခူးတိုင်းဒေသကြီး (အရှေ့)","ကျောက်ကြီး မြို့နယ်","တောင်ငူတန်း ရပ်ကွက်",0804005
"ပဲခူးတိုင်းဒေသကြီး (အရှေ့)","ကျောက်ကြီး မြို့နယ်","မေတ္တာ ရပ်ကွက်",0804006
"ပဲခူးတိုင်းဒေသကြီး (အရှေ့)","ကျောက်ကြီး မြို့နယ်","လောင်ပုပ် ရပ်ကွက်",0804007
"ပဲခူးတိုင်းဒေသကြီး (အရှေ့)","ရွှေကျင် မြို့နယ်","မကျီးတန်း ရပ်ကွက်",0805001
"ပဲခူးတိုင်းဒေသကြီး (အရှေ့)","ရွှေကျင် မြို့နယ်","ပွဲကုန်း ရပ်ကွက်",0805002
"ပဲခူးတိုင်းဒေသကြီး (အရှေ့)","ရွှေကျင် မြို့နယ်","ကြေးနန်းတန်း+ရှမ်းကုန်း ရပ်ကွက်",0805003
"ပဲခူးတိုင်းဒေသကြီး (အရှေ့)","ရွှေကျင် မြို့နယ်","ပျဉ်းမပင် ရပ်ကွက်",0805004
"ပဲခူးတိုင်းဒေသကြီး (အရှေ့)","ရွှေကျင် မြို့နယ်","ဂန့်ဂေါ်ဝိုင်း ရပ်ကွက်",0805005
"ပဲခူးတိုင်းဒေသကြီး (အရှေ့)","ရွှေကျင် မြို့နယ်","ပန်းဘဲတန်း ရပ်ကွက်",0805006
"ပဲခူးတိုင်းဒေသကြီး (အရှေ့)","ရွှေကျင် မြို့နယ်","တရုတ်တန်း+ညောင်ဝိုင်း ရပ်ကွက်",0805007
"ပဲခူးတိုင်းဒေသကြီး (အရှေ့)","ရွှေကျင် မြို့နယ်","ကျွဲတဲ ရပ်ကွက်",0805008
"ပဲခူးတိုင်းဒေသကြီး (အရှေ့)","ဒိုက်ဦး မြို့နယ်","ဈေးပိုင်း ရပ်ကွက်",0806001
"ပဲခူးတိုင်းဒေသကြီး (အရှေ့)","ဒိုက်ဦး မြို့နယ်","ကုန်သည် ရပ်ကွက်",0806002
"ပဲခူးတိုင်းဒေသကြီး (အရှေ့)","ဒိုက်ဦး မြို့နယ်","ဝါဆို ရပ်ကွက်",0806003
"ပဲခူးတိုင်းဒေသကြီး (အရှေ့)","ဒိုက်ဦး မြို့နယ်","ကျောင်းစု ရပ်ကွက်",0806004
"ပဲခူးတိုင်းဒေသကြီး (အရှေ့)","ဒိုက်ဦး မြို့နယ်","သံတံတား ရပ်ကွက်",0806005
"ပဲခူးတိုင်းဒေသကြီး (အရှေ့)","ဒိုက်ဦး မြို့နယ်","မင်းတဲ ရပ်ကွက်",0806006
"ပဲခူးတိုင်းဒေသကြီး (အရှေ့)","ဒိုက်ဦး မြို့နယ်","စက်ကွင်း ရပ်ကွက်",0806007
"ပဲခူးတိုင်းဒေသကြီး (အရှေ့)","ဒိုက်ဦး မြို့နယ်","ဒရယ်မီး ရပ်ကွက်",0806008
"ပဲခူးတိုင်းဒေသကြီး (အရှေ့)","ဒိုက်ဦး မြို့နယ်","ဖအောင်ဝဲ ရပ်ကွက်",0806009
"ပဲခူးတိုင်းဒေသကြီး (အရှေ့)","ဝေါ မြို့နယ်","ကန်တော် ရပ်ကွက်",0807001
"ပဲခူးတိုင်းဒေသကြီး (အရှေ့)","ဝေါ မြို့နယ်","သစ်စက် ရပ်ကွက်",0807002
"ပဲခူးတိုင်းဒေသကြီး (အရှေ့)","ဝေါ မြို့နယ်","ချမ်းမြသာစည် ရပ်ကွက်",0807003
"ပဲခူးတိုင်းဒေသကြီး (အရှေ့)","ဝေါ မြို့နယ်","ဧချမ်းသာယာ ရပ်ကွက်",0807004
"ပဲခူးတိုင်းဒေသကြီး (အရှေ့)","ဝေါ မြို့နယ်","ဘိုးဘုံ ရပ်ကွက်",0807005
"ပဲခူးတိုင်းဒေသကြီး (အရှေ့)","ဝေါ မြို့နယ်","ဝေါအရှေ့ဘက်ကမ်း ရပ်ကွက်",0807006
"ပဲခူးတိုင်းဒေသကြီး (အရှေ့)","သနပ်ပင် မြို့နယ်","ဈေးပိုင်း ရပ်ကွက်",0808001
"ပဲခူးတိုင်းဒေသကြီး (အရှေ့)","သနပ်ပင် မြို့နယ်","အောက်စုပိုင်း ရပ်ကွက်",0808002
"ပဲခူးတိုင်းဒေသကြီး (အရှေ့)","သနပ်ပင် မြို့နယ်","ဘုရားကြီးပိုင်း ရပ်ကွက်",0808003
"ပဲခူးတိုင်းဒေသကြီး (အရှေ့)","သနပ်ပင် မြို့နယ်","ဘူတာပိုင်း ရပ်ကွက်",0808004
"ပဲခူးတိုင်းဒေသကြီး (အရှေ့)","သနပ်ပင် မြို့နယ်","စက်ကုန်းပိုင်း ရပ်ကွက်",0808005
"ပဲခူးတိုင်းဒေသကြီး (အရှေ့)","သနပ်ပင် မြို့နယ်","ရွာသစ်ပိုင်း ရပ်ကွက်",0808006
"ပဲခူးတိုင်းဒေသကြီး (အရှေ့)","ကဝ မြို့နယ်","ကဝရွာသစ် ရပ်ကွက်",0809001
"ပဲခူးတိုင်းဒေသကြီး (အရှေ့)","ကဝ မြို့နယ်","တံတားကြီး ရပ်ကွက်",0809002
"ပဲခူးတိုင်းဒေသကြီး (အရှေ့)","ကဝ မြို့နယ်","ကျောင်းကြီး ရပ်ကွက်",0809003
"ပဲခူးတိုင်းဒေသကြီး (အရှေ့)","ကဝ မြို့နယ်","မင်းပိုင်း ရပ်ကွက်",0809004
"ပဲခူးတိုင်းဒေသကြီး (အရှေ့)","ကဝ မြို့နယ်","ရုံးကြီး ရပ်ကွက်",0809005
"ပဲခူးတိုင်းဒေသကြီး (အရှေ့)","ကဝ မြို့နယ်","ခမေလေး ရပ်ကွက်",0809006
"ပဲခူးတိုင်းဒေသကြီး (အရှေ့)","တောင်ငူ မြို့နယ်","ထီးလှိုင် ရပ်ကွက်",0810001
"ပဲခူးတိုင်းဒေသကြီး (အရှေ့)","တောင်ငူ မြို့နယ်","ရခိုင်စု၊ နေပူကုန်း ရပ်ကွက်",0810002
"ပဲခူးတိုင်းဒေသကြီး (အရှေ့)","တောင်ငူ မြို့နယ်","ယိုးဒယားတန်း ရပ်ကွက်",0810003
"ပဲခူးတိုင်းဒေသကြီး (အရှေ့)","တောင်ငူ မြို့နယ်","ကြက်တည် ရပ်ကွက်",0810004
"ပဲခူးတိုင်းဒေသကြီး (အရှေ့)","တောင်ငူ မြို့နယ်","ပန်းဘဲတန်း (တောင်) ရပ်ကွက်",0810005
"ပဲခူးတိုင်းဒေသကြီး (အရှေ့)","တောင်ငူ မြို့နယ်","ပန်းဘဲတန်း (မြောက်) ရပ်ကွက်",0810006
"ပဲခူးတိုင်းဒေသကြီး (အရှေ့)","တောင်ငူ မြို့နယ်","ရှမ်းတန်းကွေ့ဈေး ရပ်ကွက်",0810007
"ပဲခူးတိုင်းဒေသကြီး (အရှေ့)","တောင်ငူ မြို့နယ်","အုတ်ကျွတ်တန်း (တောင်) ရပ်ကွက်",0810008
"ပဲခူးတိုင်းဒေသကြီး (အရှေ့)","တောင်ငူ မြို့နယ်","အုတ်ကျွတ်တန်း (အနောက်) ရပ်ကွက်",0810009
"ပဲခူးတိုင်းဒေသကြီး (အရှေ့)","တောင်ငူ မြို့နယ်","အုတ်ကျွတ်တန်း (အရှေ.) ရပ်ကွက်",0810010
"ပဲခူးတိုင်းဒေသကြီး (အရှေ့)","တောင်ငူ မြို့နယ်","ကန်တော် ရပ်ကွက်",0810011
"ပဲခူးတိုင်းဒေသကြီး (အရှေ့)","တောင်ငူ မြို့နယ်","ဇောင်ချမ်းတောင် ရပ်ကွက်",0810012
"ပဲခူးတိုင်းဒေသကြီး (အရှေ့)","တောင်ငူ မြို့နယ်","မန်း ရပ်ကွက်",0810013
"ပဲခူးတိုင်းဒေသကြီး (အရှေ့)","တောင်ငူ မြို့နယ်","ဈေးတန်း ရပ်ကွက်",0810014
"ပဲခူးတိုင်းဒေသကြီး (အရှေ့)","တောင်ငူ မြို့နယ်","လမ်းမကျယ် ရပ်ကွက်",0810015
"ပဲခူးတိုင်းဒေသကြီး (အရှေ့)","တောင်ငူ မြို့နယ်","ဈေး ရပ်ကွက်",0810016
"ပဲခူးတိုင်းဒေသကြီး (အရှေ့)","တောင်ငူ မြို့နယ်","တောင်ကွေ.ဈေး ရပ်ကွက်",0810017
"ပဲခူးတိုင်းဒေသကြီး (အရှေ့)","တောင်ငူ မြို့နယ်","ငွေလှံအိုးကုန်း ရပ်ကွက်",0810018
"ပဲခူးတိုင်းဒေသကြီး (အရှေ့)","တောင်ငူ မြို့နယ်","တပ်မြေ ရပ်ကွက်",0810019
"ပဲခူးတိုင်းဒေသကြီး (အရှေ့)","တောင်ငူ မြို့နယ်","မြို့ကြီး ရပ်ကွက်",0810020
"ပဲခူးတိုင်းဒေသကြီး (အရှေ့)","တောင်ငူ မြို့နယ်","ဇေယျာခင်ဦး ရပ်ကွက်",0810021
"ပဲခူးတိုင်းဒေသကြီး (အရှေ့)","တောင်ငူ မြို့နယ်","မင်းကြီးညို ရပ်ကွက်",0810022
"ပဲခူးတိုင်းဒေသကြီး (အရှေ့)","တောင်ငူ မြို့နယ်","ခြင်္သေ့ဦး ရပ်ကွက်",0810023
"ပဲခူးတိုင်းဒေသကြီး (အရှေ့)","ရေတာရှည် မြို့နယ်","ရွာမ ရပ်ကွက်",0811001
"ပဲခူးတိုင်းဒေသကြီး (အရှေ့)","ရေတာရှည် မြို့နယ်","ဈေး ရပ်ကွက်",0811002
"ပဲခူးတိုင်းဒေသကြီး (အရှေ့)","ရေတာရှည် မြို့နယ်","ဗိုလ်တဲ ရပ်ကွက်",0811003
"ပဲခူးတိုင်းဒေသကြီး (အရှေ့)","ရေတာရှည် မြို့နယ်","ပေကုန်း ရပ်ကွက်",0811004
"ပဲခူးတိုင်းဒေသကြီး (အရှေ့)","ရေတာရှည် မြို့နယ်","ရွှေကြက်ယက်တောင် ရပ်ကွက်",0811005
"ပဲခူးတိုင်းဒေသကြီး (အရှေ့)","ရေတာရှည် မြို့နယ်","ရွှေကြက်ယက်မြောက် ရပ်ကွက်",0811006
"ပဲခူးတိုင်းဒေသကြီး (အရှေ့)","အုတ်တွင်း မြို့နယ်","မဲကုန်း ရပ်ကွက်",0812001
"ပဲခူးတိုင်းဒေသကြီး (အရှေ့)","အုတ်တွင်း မြို့နယ်","ကသစ်တန်း ရပ်ကွက်",0812002
"ပဲခူးတိုင်းဒေသကြီး (အရှေ့)","အုတ်တွင်း မြို့နယ်","ဈေး ရပ်ကွက်",0812003
"ပဲခူးတိုင်းဒေသကြီး (အရှေ့)","အုတ်တွင်း မြို့နယ်","ပဲခူးလမ်း ရပ်ကွက်",0812004
"ပဲခူးတိုင်းဒေသကြီး (အရှေ့)","အုတ်တွင်း မြို့နယ်","ကြက်သွန်ခင်း (၁) ရပ်ကွက်",0812005
"ပဲခူးတိုင်းဒေသကြီး (အရှေ့)","အုတ်တွင်း မြို့နယ်","ကြက်သွန်ခင်း (၂) ရပ်ကွက်",0812006
"ပဲခူးတိုင်းဒေသကြီး (အရှေ့)","ထန်းတပင် မြို့နယ်","အောင်မင်္ဂလာ ရပ်ကွက်",0813001
"ပဲခူးတိုင်းဒေသကြီး (အရှေ့)","ထန်းတပင် မြို့နယ်","သီရိဟေမာ ရပ်ကွက်",0813002
"ပဲခူးတိုင်းဒေသကြီး (အရှေ့)","ထန်းတပင် မြို့နယ်","သီရိရတနာ ရပ်ကွက်",0813003
"ပဲခူးတိုင်းဒေသကြီး (အရှေ့)","ထန်းတပင် မြို့နယ်","အောင်သုခ ရပ်ကွက်",0813004
"ပဲခူးတိုင်းဒေသကြီး (အရှေ့)","ထန်းတပင် မြို့နယ်","အောင်ချမ်းသာ ရပ်ကွက်",0813005
"ပဲခူးတိုင်းဒေသကြီး (အရှေ့)","ထန်းတပင် မြို့နယ်","ဆိပ်ကြီး ရပ်ကွက်",0813006
"ပဲခူးတိုင်းဒေသကြီး (အရှေ့)","ဖြူး မြို့နယ်","သိမ်ကုန်း ရပ်ကွက်",0814001
"ပဲခူးတိုင်းဒေသကြီး (အရှေ့)","ဖြူး မြို့နယ်","အုတ်ဖြတ် ရပ်ကွက်",0814002
"ပဲခူးတိုင်းဒေသကြီး (အရှေ့)","ဖြူး မြို့နယ်","ထန်းကုန်း ရပ်ကွက်",0814003
"ပဲခူးတိုင်းဒေသကြီး (အရှေ့)","ဖြူး မြို့နယ်","ဘူတာမြောက် ရပ်ကွက်",0814004
"ပဲခူးတိုင်းဒေသကြီး (အရှေ့)","ဖြူး မြို့နယ်","ဘူတာတောင် ရပ်ကွက်",0814005
"ပဲခူးတိုင်းဒေသကြီး (အရှေ့)","ဖြူး မြို့နယ်","ဈေး ရပ်ကွက်",0814006
"ပဲခူးတိုင်းဒေသကြီး (အရှေ့)","ဖြူး မြို့နယ်","မြို့မအရှေ့ ရပ်ကွက်",0814007
"ပဲခူးတိုင်းဒေသကြီး (အရှေ့)","ဖြူး မြို့နယ်","မြို့မအနောက် ရပ်ကွက်",0814008
"ပဲခူးတိုင်းဒေသကြီး (အရှေ့)","ဖြူး မြို့နယ်","ရုံး ရပ်ကွက်",0814009
"ပဲခူးတိုင်းဒေသကြီး (အရှေ့)","ဖြူး မြို့နယ်","ဆေးရုံ ရပ်ကွက်",0814010
"ပဲခူးတိုင်းဒေသကြီး (အရှေ့)","ဘုရားကြီး မြို့","ဘုရားကြီး (၁) ရပ်ကွက်",0860001
"ပဲခူးတိုင်းဒေသကြီး (အရှေ့)","ဘုရားကြီး မြို့","ဘုရားကြီး (၂) ရပ်ကွက်",0860002
"ပဲခူးတိုင်းဒေသကြီး (အရှေ့)","ဘုရားကြီး မြို့","ဘုရားကြီး (၃) ရပ်ကွက်",0860003
"ပဲခူးတိုင်းဒေသကြီး (အရှေ့)","အင်းတကော် မြို့","အမှတ် (၁) ရပ်ကွက်",0861001
"ပဲခူးတိုင်းဒေသကြီး (အရှေ့)","အင်းတကော် မြို့","အမှတ် (၂) ရပ်ကွက်",0861002
"ပဲခူးတိုင်းဒေသကြီး (အရှေ့)","အင်းတကော် မြို့","အမှတ် (၃) ရပ်ကွက်",0861003
"ပဲခူးတိုင်းဒေသကြီး (အရှေ့)","အင်းတကော် မြို့","အမှတ် (၄) ရပ်ကွက်",0861004
"ပဲခူးတိုင်းဒေသကြီး (အရှေ့)","အင်းတကော် မြို့","အမှတ် (၅) ရပ်ကွက်",0861005
"ပဲခူးတိုင်းဒေသကြီး (အရှေ့)","အင်းတကော် မြို့","အမှတ် (၆) ရပ်ကွက်",0861006
"ပဲခူးတိုင်းဒေသကြီး (အရှေ့)","ပဲနွယ်ကုန်း မြို့","တပင်ရွှေထီး ရပ်ကွက်",0862001
"ပဲခူးတိုင်းဒေသကြီး (အရှေ့)","ပဲနွယ်ကုန်း မြို့","ဂုဏ်တော် ရပ်ကွက်",0862002
"ပဲခူးတိုင်းဒေသကြီး (အရှေ့)","ပဲနွယ်ကုန်း မြို့","ပြည်တော်သာ ရပ်ကွက်",0862003
"ပဲခူးတိုင်းဒေသကြီး (အရှေ့)","ပဲနွယ်ကုန်း မြို့","သတိပဋ္ဌာန် ရပ်ကွက်",0862004
"ပဲခူးတိုင်းဒေသကြီး (အရှေ့)","ပဲနွယ်ကုန်း မြို့","မြို့မ ရပ်ကွက်",0862005
"ပဲခူးတိုင်းဒေသကြီး (အရှေ့)","ပဲနွယ်ကုန်း မြို့","သံမဏိ ရပ်ကွက်",0862006
"ပဲခူးတိုင်းဒေသကြီး (အရှေ့)","ပဲနွယ်ကုန်း မြို့","အောင်မြေ ရပ်ကွက်",0862007
"ပဲခူးတိုင်းဒေသကြီး (အရှေ့)","ပဲနွယ်ကုန်း မြို့","ကမ္ဘောဇ ရပ်ကွက်",0862008
"ပဲခူးတိုင်းဒေသကြီး (အရှေ့)","ဖဒို မြို့","ဘိုးပိုက်ဆံ (၁) ရပ်ကွက်",0863001
"ပဲခူးတိုင်းဒေသကြီး (အရှေ့)","ဖဒို မြို့","ဘိုးပိုက်ဆံ (၂) ရပ်ကွက်",0863002
"ပဲခူးတိုင်းဒေသကြီး (အရှေ့)","ဖဒို မြို့","ဘိုးပိုက်ဆံ (၃) ရပ်ကွက်",0863003
"ပဲခူးတိုင်းဒေသကြီး (အရှေ့)","ဖဒို မြို့","ဘိုးပိုက်ဆံ (၄) ရပ်ကွက်",0863004
"ပဲခူးတိုင်းဒေသကြီး (အရှေ့)","ဖဒို မြို့","ဘိုးပိုက်ဆံ (၅) ရပ်ကွက်",0863005
"ပဲခူးတိုင်းဒေသကြီး (အရှေ့)","မဒေါက် မြို့","မြို့မ(၁) ရပ်ကွက်",0864001
"ပဲခူးတိုင်းဒေသကြီး (အရှေ့)","မဒေါက် မြို့","မြို့မ(၂) ရပ်ကွက်",0864002
"ပဲခူးတိုင်းဒေသကြီး (အရှေ့)","ပြွန်တန်ဆာ မြို့","မြို့မ(၁) ရပ်ကွက်",0865001
"ပဲခူးတိုင်းဒေသကြီး (အရှေ့)","ပြွန်တန်ဆာ မြို့","မြို့မ(၂) ရပ်ကွက်",0865002
"ပဲခူးတိုင်းဒေသကြီး (အရှေ့)","ပြွန်တန်ဆာ မြို့","မြို့မ(၃) ရပ်ကွက်",0865003
"ပဲခူးတိုင်းဒေသကြီး (အရှေ့)","ပြွန်တန်ဆာ မြို့","မြို့မ(၄) ရပ်ကွက်",0865004
"ပဲခူးတိုင်းဒေသကြီး (အရှေ့)","ပိန်းဇလုပ် မြို့","မြို့မ(၁) ရပ်ကွက်",0866001
"ပဲခူးတိုင်းဒေသကြီး (အရှေ့)","ပိန်းဇလုပ် မြို့","မြို့မ(၂) ရပ်ကွက်",0866002
"ပဲခူးတိုင်းဒေသကြီး (အရှေ့)","သက္ကလ မြို့","ကန်တော်မင်္ဂလာ ရပ်ကွက်",0867001
"ပဲခူးတိုင်းဒေသကြီး (အရှေ့)","သက္ကလ မြို့","အောင်မင်္ဂလာ ရပ်ကွက်",0867002
"ပဲခူးတိုင်းဒေသကြီး (အရှေ့)","သက္ကလ မြို့","ဈေးကြီး ရပ်ကွက်",0867003
"ပဲခူးတိုင်းဒေသကြီး (အရှေ့)","သက္ကလ မြို့","ဘူတာ ရပ်ကွက်",0867004
"ပဲခူးတိုင်းဒေသကြီး (အရှေ့)","သက္ကလ မြို့","မြို့မစံပြ ရပ်ကွက်",0867005
"ပဲခူးတိုင်းဒေသကြီး (အရှေ့)","သက္ကလ မြို့","ရွှေပြည်အေး ရပ်ကွက်",0867006
"ပဲခူးတိုင်းဒေသကြီး (အရှေ့)","ကေတုမတီ မြို့","နတ်သျှင်နောင် ရပ်ကွက်",0868001
"ပဲခူးတိုင်းဒေသကြီး (အရှေ့)","ကေတုမတီ မြို့","တပင်ရွှေထီး ရပ်ကွက်",0868002
"ပဲခူးတိုင်းဒေသကြီး (အရှေ့)","ကေတုမတီ မြို့","မင်းကြီးဆွေ ရပ်ကွက်",0868003
"ပဲခူးတိုင်းဒေသကြီး (အရှေ့)","ကေတုမတီ မြို့","သဝန်ငယ် ရပ်ကွက်",0868004
"ပဲခူးတိုင်းဒေသကြီး (အရှေ့)","ဆွာ မြို့","ဆွာမြောက်ပိုင်း ရပ်ကွက်",0869001
"ပဲခူးတိုင်းဒေသကြီး (အရှေ့)","ဆွာ မြို့","ဆွာတောင်ပိုင်း ရပ်ကွက်",0869002
"ပဲခူးတိုင်းဒေသကြီး (အရှေ့)","ရေနီ မြို့","အမှတ် (၁) ရပ်ကွက်",0870001
"ပဲခူးတိုင်းဒေသကြီး (အရှေ့)","ရေနီ မြို့","အမှတ် (၂) ရပ်ကွက်",0870002
"ပဲခူးတိုင်းဒေသကြီး (အရှေ့)","ရေနီ မြို့","အမှတ် (၃) ရပ်ကွက်",0870003
"ပဲခူးတိုင်းဒေသကြီး (အရှေ့)","ရေနီ မြို့","အမှတ် (၄) ရပ်ကွက်",0870004
"ပဲခူးတိုင်းဒေသကြီး (အရှေ့)","မြို့လှ မြို့","အမှတ် (၁) ရပ်ကွက်",0871001
"ပဲခူးတိုင်းဒေသကြီး (အရှေ့)","မြို့လှ မြို့","အမှတ် (၂) ရပ်ကွက်",0871002
"ပဲခူးတိုင်းဒေသကြီး (အရှေ့)","မြို့လှ မြို့","အမှတ် (၃) ရပ်ကွက်",0871003
"ပဲခူးတိုင်းဒေသကြီး (အရှေ့)","မြို့လှ မြို့","အမှတ် (၄) ရပ်ကွက်",0871004
"ပဲခူးတိုင်းဒေသကြီး (အရှေ့)","မြို့လှ မြို့","အမှတ် (၅) ရပ်ကွက်",0871005
"ပဲခူးတိုင်းဒေသကြီး (အရှေ့)","ကျွဲပွဲ မြို့","အမှတ် (၁) ရပ်ကွက်",0872001
"ပဲခူးတိုင်းဒေသကြီး (အရှေ့)","ကျွဲပွဲ မြို့","အမှတ် (၂) ရပ်ကွက်",0872002
"ပဲခူးတိုင်းဒေသကြီး (အရှေ့)","ကျွဲပွဲ မြို့","အမှတ် (၃) ရပ်ကွက်",0872003
"ပဲခူးတိုင်းဒေသကြီး (အရှေ့)","ကျွဲပွဲ မြို့","အမှတ် (၄) ရပ်ကွက်",0872004
"ပဲခူးတိုင်းဒေသကြီး (အရှေ့)","ကျွဲပွဲ မြို့","အမှတ် (၅) ရပ်ကွက်",0872005
"ပဲခူးတိုင်းဒေသကြီး (အရှေ့)","ကညွတ်ကွင်း မြို့","ကညွတ်ကွင်းအရှေ့ (၁) ရပ်ကွက်",0873001
"ပဲခူးတိုင်းဒေသကြီး (အရှေ့)","ကညွတ်ကွင်း မြို့","ကညွတ်ကွင်းအရှေ့ (၂) ရပ်ကွက်",0873002
"ပဲခူးတိုင်းဒေသကြီး (အရှေ့)","ကညွတ်ကွင်း မြို့","ကညွတ်ကွင်းအနောက် (၁) ရပ်ကွက်",0873003
"ပဲခူးတိုင်းဒေသကြီး (အရှေ့)","ကညွတ်ကွင်း မြို့","ကညွတ်ကွင်းအနောက် (၂) ရပ်ကွက်",0873004
"ပဲခူးတိုင်းဒေသကြီး (အရှေ့)","ဇေယျ၀တီ မြို့","ရပ်ကွက် (၁) ရပ်ကွက်",0874001
"ပဲခူးတိုင်းဒေသကြီး (အရှေ့)","ဇေယျ၀တီ မြို့","ရပ်ကွက် (၂) ရပ်ကွက်",0874002
"ပဲခူးတိုင်းဒေသကြီး (အရှေ့)","ဇေယျ၀တီ မြို့","ရပ်ကွက် (၃) ရပ်ကွက်",0874003
"ပဲခူးတိုင်းဒေသကြီး (အရှေ့)","ဇေယျ၀တီ မြို့","ရပ်ကွက် (၄) ရပ်ကွက်",0874004
