﻿Region,"Town / Township","Ward / Village Tract","Postal Code"
"ရှမ်းပြည်နယ် (အရှေ့)","ကျိုင်းတုံ မြို့နယ်","အမှတ် (၁) ရပ်ကွက်",1701001
"ရှမ်းပြည်နယ် (အရှေ့)","ကျိုင်းတုံ မြို့နယ်","အမှတ် (၂) ရပ်ကွက်",1701002
"ရှမ်းပြည်နယ် (အရှေ့)","ကျိုင်းတုံ မြို့နယ်","အမှတ် (၃) ရပ်ကွက်",1701003
"ရှမ်းပြည်နယ် (အရှေ့)","ကျိုင်းတုံ မြို့နယ်","အမှတ် (၄) ရပ်ကွက်",1701004
"ရှမ်းပြည်နယ် (အရှေ့)","ကျိုင်းတုံ မြို့နယ်","အမှတ် (၅) ရပ်ကွက်",1701005
"ရှမ်းပြည်နယ် (အရှေ့)","မိုင်းခတ် မြို့နယ်","အမှတ် (၁) ရပ်ကွက်",1702001
"ရှမ်းပြည်နယ် (အရှေ့)","မိုင်းခတ် မြို့နယ်","အမှတ် (၂) ရပ်ကွက်",1702002
"ရှမ်းပြည်နယ် (အရှေ့)","မိုင်းယန်း မြို့နယ်","ကျိန်းဟင် ရပ်ကွက်",1703001
"ရှမ်းပြည်နယ် (အရှေ့)","မိုင်းယန်း မြို့နယ်","ဈေးတန်း ရပ်ကွက်",1703002
"ရှမ်းပြည်နယ် (အရှေ့)","မိုင်းယန်း မြို့နယ်","ပါနွမ်း ရပ်ကွက်",1703003
"ရှမ်းပြည်နယ် (အရှေ့)","မိုင်းယန်း မြို့နယ်","ပါမိုင် ရပ်ကွက်",1703004
"ရှမ်းပြည်နယ် (အရှေ့)","မိုင်းယန်း မြို့နယ်","မွန်ကဲ ရပ်ကွက်",1703005
"ရှမ်းပြည်နယ် (အရှေ့)","မိုင်းယန်း မြို့နယ်","မိုင်းပိန်း ရပ်ကွက်",1703006
"ရှမ်းပြည်နယ် (အရှေ့)","မိုင်းယန်း မြို့နယ်","မောက်မိုင် ရပ်ကွက်",1703007
"ရှမ်းပြည်နယ် (အရှေ့)","မိုင်းယန်း မြို့နယ်","ဝိန်းလိတ် ရပ်ကွက်",1703008
"ရှမ်းပြည်နယ် (အရှေ့)","မိုင်းယန်း မြို့နယ်","ဟိုကပ် ရပ်ကွက်",1703009
"ရှမ်းပြည်နယ် (အရှေ့)","မိုင်းယန်း မြို့နယ်","ဟော်ကဲ ရပ်ကွက်",1703010
"ရှမ်းပြည်နယ် (အရှေ့)","မိုင်းယန်း မြို့နယ်","ဟော်ဟိုက် ရပ်ကွက်",1703011
"ရှမ်းပြည်နယ် (အရှေ့)","မိုင်းလား မြို့နယ်","အမှတ် (၁) ရပ်ကွက်",1704001
"ရှမ်းပြည်နယ် (အရှေ့)","မိုင်းလား မြို့နယ်","အမှတ် (၂) ရပ်ကွက်",1704002
"ရှမ်းပြည်နယ် (အရှေ့)","မိုင်းဆတ် မြို့နယ်","ကျဒယ် ရပ်ကွက်",1705001
"ရှမ်းပြည်နယ် (အရှေ့)","မိုင်းဆတ် မြို့နယ်","မယ်ဆွမ်တောင် ရပ်ကွက်",1705002
"ရှမ်းပြည်နယ် (အရှေ့)","မိုင်းဆတ် မြို့နယ်","မယ်ဆွမ်မြောက် ရပ်ကွက်",1705003
"ရှမ်းပြည်နယ် (အရှေ့)","မိုင်းဆတ် မြို့နယ်","မြို့သစ် ရပ်ကွက်",1705004
"ရှမ်းပြည်နယ် (အရှေ့)","မိုင်းဆတ် မြို့နယ်","ဝိန်းနေ ရပ်ကွက်",1705005
"ရှမ်းပြည်နယ် (အရှေ့)","မိုင်းဆတ် မြို့နယ်","ဝိန်းဝိုင် ရပ်ကွက်",1705006
"ရှမ်းပြည်နယ် (အရှေ့)","မိုင်းပျဉ်း မြို့နယ်","ပိန်းဆန်း ရပ်ကွက်",1706001
"ရှမ်းပြည်နယ် (အရှေ့)","မိုင်းပျဉ်း မြို့နယ်","အလယ်ပိုင်း ရပ်ကွက်",1706002
"ရှမ်းပြည်နယ် (အရှေ့)","မိုင်းပျဉ်း မြို့နယ်","အောက်ဈေးတန်း ရပ်ကွက်",1706003
"ရှမ်းပြည်နယ် (အရှေ့)","မိုင်းတုံ မြို့နယ်","မြို့မ ရပ်ကွက်",1707001
"ရှမ်းပြည်နယ် (အရှေ့)","မိုင်းတုံ မြို့နယ်","နောင်ပါရင် ရပ်ကွက်",1707002
"ရှမ်းပြည်နယ် (အရှေ့)","မိုင်းတုံ မြို့နယ်","ဝမ်မိုင် ရပ်ကွက်",1707003
"ရှမ်းပြည်နယ် (အရှေ့)","တာချီလိတ် မြို့နယ်","​ဆေခမ်း ရပ်ကွက်",1708001
"ရှမ်းပြည်နယ် (အရှေ့)","တာချီလိတ် မြို့နယ်","ဆန်ဆိုင်း(က) ရပ်ကွက်",1708002
"ရှမ်းပြည်နယ် (အရှေ့)","တာချီလိတ် မြို့နယ်","ဆန်ဆိုင်း(ခ) ရပ်ကွက်",1708003
"ရှမ်းပြည်နယ် (အရှေ့)","တာချီလိတ် မြို့နယ်","တာလော့ ရပ်ကွက်",1708004
"ရှမ်းပြည်နယ် (အရှေ့)","တာချီလိတ် မြို့နယ်","ပါဆတ် ရပ်ကွက်",1708005
"ရှမ်းပြည်နယ် (အရှေ့)","တာချီလိတ် မြို့နယ်","ပုန်းထွန်း ရပ်ကွက်",1708006
"ရှမ်းပြည်နယ် (အရှေ့)","တာချီလိတ် မြို့နယ်","မကာဟိုခမ်း ရပ်ကွက်",1708007
"ရှမ်းပြည်နယ် (အရှေ့)","တာချီလိတ် မြို့နယ်","မယ်ခေါင် ရပ်ကွက်",1708008
"ရှမ်းပြည်နယ် (အရှေ့)","တာချီလိတ် မြို့နယ်","ရန်အောင်မြေ ရပ်ကွက်",1708009
"ရှမ်းပြည်နယ် (အရှေ့)","တာချီလိတ် မြို့နယ်","ဝမ်ကောင်း ရပ်ကွက်",1708010
"ရှမ်းပြည်နယ် (အရှေ့)","တာချီလိတ် မြို့နယ်","ဝိန်းကျောက် ရပ်ကွက်",1708011
"ရှမ်းပြည်နယ် (အရှေ့)","မိုင်းဖြတ် မြို့နယ်","ဈေးတန်း ရပ်ကွက်",1709001
"ရှမ်းပြည်နယ် (အရှေ့)","မိုင်းဖြတ် မြို့နယ်","ဝမ်မိုင် ရပ်ကွက်",1709002
"ရှမ်းပြည်နယ် (အရှေ့)","မိုင်းဖြတ် မြို့နယ်","ဝမ်ဝှေ ရပ်ကွက်",1709003
"ရှမ်းပြည်နယ် (အရှေ့)","မိုင်းယောင်း မြို့နယ်","အမှတ် (၁) ရပ်ကွက်",1710001
"ရှမ်းပြည်နယ် (အရှေ့)","မိုင်းယောင်း မြို့နယ်","အမှတ် (၂) ရပ်ကွက်",1710002
"ရှမ်းပြည်နယ် (အရှေ့)","မိုင်းယောင်း မြို့နယ်","အမှတ် (၃) ရပ်ကွက်",1710003
"ရှမ်းပြည်နယ် (အရှေ့)","မိုင်းယောင်း မြို့နယ်","အမှတ် (၄) ရပ်ကွက်",1710004
"ရှမ်းပြည်နယ် (အရှေ့)","မိုင်းယောင်း မြို့နယ်","အမှတ် (၅) ရပ်ကွက်",1710005
"ရှမ်းပြည်နယ် (အရှေ့)","မိုင်းယောင်း မြို့နယ်","အမှတ် (၆) ရပ်ကွက်",1710006
"ရှမ်းပြည်နယ် (အရှေ့)","မိုင်းယောင်း မြို့နယ်","အမှတ် (၇) ရပ်ကွက်",1710007
"ရှမ်းပြည်နယ် (အရှေ့)","မိုင်းယောင်း မြို့နယ်","အမှတ် (၈) ရပ်ကွက်",1710008
"ရှမ်းပြည်နယ် (အရှေ့)","မိုင်းယောင်း မြို့နယ်","အမှတ် (၉) ရပ်ကွက်",1710009
"ရှမ်းပြည်နယ် (အရှေ့)","မိုင်းခုတ် မြို့","အမှတ် (၁) ရပ်ကွက်",1760001
"ရှမ်းပြည်နယ် (အရှေ့)","မိုင်းခုတ် မြို့","အမှတ် (၂) ရပ်ကွက်",1760002
"ရှမ်းပြည်နယ် (အရှေ့)","မိုင်းခုတ် မြို့","အမှတ် (၃) ရပ်ကွက်",1760003
"ရှမ်းပြည်နယ် (အရှေ့)","တုံတာ မြို့","အမှတ် (၁) ရပ်ကွက်",1761001
"ရှမ်းပြည်နယ် (အရှေ့)","တုံတာ မြို့","အမှတ် (၂) ရပ်ကွက်",1761002
"ရှမ်းပြည်နယ် (အရှေ့)","တုံတာ မြို့","အမှတ် (၃) ရပ်ကွက်",1761003
"ရှမ်းပြည်နယ် (အရှေ့)","တုံတာ မြို့","အမှတ် (၄) ရပ်ကွက်",1761004
"ရှမ်းပြည်နယ် (အရှေ့)","ပုံပါကျင် မြို့","အမှတ် (၁) ရပ်ကွက်",1762001
"ရှမ်းပြည်နယ် (အရှေ့)","ပုံပါကျင် မြို့","အမှတ် (၂) ရပ်ကွက်",1762002
"ရှမ်းပြည်နယ် (အရှေ့)","ပုံပါကျင် မြို့","အမှတ် (၃) ရပ်ကွက်",1762003
"ရှမ်းပြည်နယ် (အရှေ့)","ပုံပါကျင် မြို့","အမှတ် (၄) ရပ်ကွက်",1762004
"ရှမ်းပြည်နယ် (အရှေ့)","ပုံပါကျင် မြို့","အမှတ် (၅) ရပ်ကွက်",1762005
"ရှမ်းပြည်နယ် (အရှေ့)","မုံးထ မြို့","အမှတ် (၁) ရပ်ကွက်",1763001
"ရှမ်းပြည်နယ် (အရှေ့)","မုံးထ မြို့","အမှတ် (၂) ရပ်ကွက်",1763002
"ရှမ်းပြည်နယ် (အရှေ့)","မုံးထ မြို့","အမှတ် (၃) ရပ်ကွက်",1763003
"ရှမ်းပြည်နယ် (အရှေ့)","ကျိုင်းလပ် မြို့","အမှတ် (၁) ရပ်ကွက်",1764001
"ရှမ်းပြည်နယ် (အရှေ့)","ကျိုင်းလပ် မြို့","အမှတ် (၂) ရပ်ကွက်",1764002
"ရှမ်းပြည်နယ် (အရှေ့)","ကျိုင်းလပ် မြို့","အမှတ် (၃) ရပ်ကွက်",1764003
"ရှမ်းပြည်နယ် (အရှေ့)","တာလေ မြို့","အမှတ် (၁) ရပ်ကွက်",1765001
"ရှမ်းပြည်နယ် (အရှေ့)","တာလေ မြို့","အမှတ် (၂) ရပ်ကွက်",1765002
"ရှမ်းပြည်နယ် (အရှေ့)","တာလေ မြို့","အမှတ် (၃) ရပ်ကွက်",1765003
"ရှမ်းပြည်နယ် (အရှေ့)","တာလေ မြို့","အမှတ် (၄) ရပ်ကွက်",1765004
"ရှမ်းပြည်နယ် (အရှေ့)","မိုင်းယု မြို့","မိုင်းယုမြို့မ ရပ်ကွက်",1766001
