﻿Region,"Town / Township","Quarter / Village Tract","Postal Code"
"Sagaing Region","Nanyun Township","Sha Ra Quarter",0201001
"Sagaing Region","Nanyun Township","Myo Ma Quarter",0201002
"Sagaing Region","Nanyun Township","Raw Kaw Quarter",0201003
"Sagaing Region","Lahe Township","Ah Hmu Htan Quarter",0202001
"Sagaing Region","Lahe Township","Lahe Ywar Ma Quarter",0202002
"Sagaing Region","Lahe Township","No (1) Toe Cheit Quarter",0202003
"Sagaing Region","Lahe Township","No (2) Toe Cheit Quarter",0202004
"Sagaing Region","Hkamti Township","Paw Maing Quarter",0203001
"Sagaing Region","Hkamti Township","Hkamti Myo Ma Quarter",0203002
"Sagaing Region","Hkamti Township","Zee Hpyu Kone Quarter",0203003
"Sagaing Region","Lay Shi Township","Myo Ma Quarter",0204001
"Sagaing Region","Lay Shi Township","Ah Hmu Htan Quarter",0204002
"Sagaing Region","Homalin Township","Homalin Quarter",0205001
"Sagaing Region","Homalin Township","Naung Pa Kyit Quarter",0205002
"Sagaing Region","Homalin Township","Hko Pe Wa Quarter",0205003
"Sagaing Region","Paungbyin Township","Kyun Shwe War Quarter",0206001
"Sagaing Region","Paungbyin Township","In Gyin Myaing Quarter",0206002
"Sagaing Region","Tamu Township","Tamu Myo Ma Quarter",0207001
"Sagaing Region","Tamu Township","Zay Tan Quarter",0207002
"Sagaing Region","Tamu Township","San Da Ku Quarter",0207003
"Sagaing Region","Tamu Township","Saw Bwar Inn Quarter",0207004
"Sagaing Region","Mawlaik Township","Myo Ma  No (1) Quarter",0208001
"Sagaing Region","Mawlaik Township","Myo Ma No (2) Quarter",0208002
"Sagaing Region","Kale Township","Nyaung Pin Thar Quarter",0209001
"Sagaing Region","Kale Township","Pin Lon Quarter",0209002
"Sagaing Region","Kale Township","Aung Thit Sar Quarter",0209003
"Sagaing Region","Kale Township","Aung Min Ga Lar Quarter",0209004
"Sagaing Region","Kale Township","Tar Han Quarter",0209005
"Sagaing Region","Kale Township","Min Ga Lar U Yin Quarter",0209006
"Sagaing Region","Kale Township","Aung Myay Man Quarter",0209007
"Sagaing Region","Kale Township","Aung Zay Ya Quarter",0209008
"Sagaing Region","Kale Township","Chan Myayt Aung Si Quarter",0209009
"Sagaing Region","Kale Township","Tat U Thi Dar Quarter",0209010
"Sagaing Region","Kale Township","Tha Zin Quarter",0209011
"Sagaing Region","Kale Township","San Myo Quarter",0209012
"Sagaing Region","Kale Township","Taung Pee Lar Quarter",0209013
"Sagaing Region","Kale Township","Taung Zalat Quarter",0209014
"Sagaing Region","Kale Township","Gyo Thone Pin Quarter",0209015
"Sagaing Region","Kale Township","Hlaing Thar Yar Quarter",0209016
"Sagaing Region","Kale Township","Myo Hla Quarter",0209017
"Sagaing Region","Kale Township","In Daing Kone Quarter",0209018
"Sagaing Region","Kale Township","Myo Thar Quarter",0209019
"Sagaing Region","Kale Township","Aung Myit Tar Quarter",0209020
"Sagaing Region","Kalewa Township","No (1) Ywar Thit Quarter",0210001
"Sagaing Region","Kalewa Township","No (2) Aung Chan Thar Quarter",0210002
"Sagaing Region","Kalewa Township","No (3) Aung Min Ga Lar Quarter",0210003
"Sagaing Region","Mingin Township","Myo Ma Quarter",0211001
"Sagaing Region","Mingin Township","Zay Tan Quarter",0211002
"Sagaing Region","Mingin Township","Tha Yet Taw Quarter",0211003
"Sagaing Region","Kani Township","No (1) Quarter",0212001
"Sagaing Region","Kani Township","No (2) Quarter",0212002
"Sagaing Region","Kani Township","No (3) Quarter",0212003
"Sagaing Region","Banmauk Township","Mya Nan Dar Quarter",0213001
"Sagaing Region","Banmauk Township","Myo Ma Quarter",0213002
"Sagaing Region","Banmauk Township","Hlwa Sin Kone Quarter",0213003
"Sagaing Region","Indaw Township","Aung Min Ga Lar Quarter",0214001
"Sagaing Region","Indaw Township","Aung Chan Thar Quarter",0214002
"Sagaing Region","Indaw Township","Aung Zay Ya Quarter",0214003
"Sagaing Region","Indaw Township","Aung Myit Tar Quarter",0214004
"Sagaing Region","Katha Township","Myauk Paing Quarter",0215001
"Sagaing Region","Katha Township","Ah Lel Paing Quarter",0215002
"Sagaing Region","Katha Township","Taung Paing Quarter",0215003
"Sagaing Region","Katha Township","Thu Htay Kone Quarter",0215004
"Sagaing Region","Katha Township","Zay Yar Chaung Quarter",0215005
"Sagaing Region","Katha Township","Set Pan Quarter",0215006
"Sagaing Region","Katha Township","Hlyat Sit Kone Quarter",0215007
"Sagaing Region","Katha Township","Pein Hne Kone Quarter",0215008
"Sagaing Region","Katha Township","Pa Da Myar Quarter",0215009
"Sagaing Region","Katha Township","Tha Hpan Saing Quarter",0215010
"Sagaing Region","Pinlebu Township","Moe Kaung Quarter",0216001
"Sagaing Region","Pinlebu Township","Myo Ma Quarter",0216002
"Sagaing Region","Wuntho Township","Shwe Wun Thi Dar Quarter",0217001
"Sagaing Region","Wuntho Township","Saw Bwar Gyi Quarter",0217002
"Sagaing Region","Wuntho Township","Kya Maing Quarter",0217003
"Sagaing Region","Wuntho Township","Sit Ke Gyi Quarter",0217004
"Sagaing Region","Kawlin Township","Myauk Inn Quarter",0218001
"Sagaing Region","Kawlin Township","Kyaw Zay Yar (1) Quarter",0218002
"Sagaing Region","Kawlin Township","Zay Yon Bo Te Quarter",0218003
"Sagaing Region","Kawlin Township","Myo Ma Myo Kone Quarter",0218004
"Sagaing Region","Kawlin Township","Pyin Oo Lwin Quarter",0218005
"Sagaing Region","Kawlin Township","Set Yon Lel Pyin Quarter",0218006
"Sagaing Region","Kawlin Township","Kyaw Zay Yar (2) Quarter",0218007
"Sagaing Region","Kawlin Township","Min Te Gyi Quarter",0218008
"Sagaing Region","Tigyaing Township","San Pya(Aung San San Pya) Quarter",0219001
"Sagaing Region","Tigyaing Township","Aung Zay Yar Quarter",0219002
"Sagaing Region","Tigyaing Township","Wi Thar Khar Quarter",0219003
"Sagaing Region","Tigyaing Township","Ba Yint Naung Quarter",0219004
"Sagaing Region","Kyunhla Township","Pi Tauk Myaing Quarter",0220001
"Sagaing Region","Kyunhla Township","Thit Yar Myaing Quarter",0220002
"Sagaing Region","Kyunhla Township","In Gyin Myaing Quarter",0220003
"Sagaing Region","Kyunhla Township","Pyin Ma Myaing Quarter",0220004
"Sagaing Region","Kanbalu Township","No (1) Quarter",0221001
"Sagaing Region","Kanbalu Township","No (2) Quarter",0221002
"Sagaing Region","Kanbalu Township","No (3) Quarter",0221003
"Sagaing Region","Kanbalu Township","No (4) Quarter",0221004
"Sagaing Region","Kanbalu Township","No (5) Quarter",0221005
"Sagaing Region","Taze Township","Bo Mya Quarter",0222001
"Sagaing Region","Taze Township","Paw-U Quarter",0222002
"Sagaing Region","Taze Township","Ma Har Myaing Quarter",0222003
"Sagaing Region","Taze Township","Myit Tar Myaing Quarter",0222004
"Sagaing Region","Khin-U Township","Mya Kan Thar Quarter",0223001
"Sagaing Region","Khin-U Township","Aung Chan Thar Quarter",0223002
"Sagaing Region","Khin-U Township","Aung Thi Ri Quarter",0223003
"Sagaing Region","Khin-U Township","Aung Min Ga Lar Quarter",0223004
"Sagaing Region","Khin-U Township","Mya Nandar Quarter",0223005
"Sagaing Region","Ye-U Township","Aung Min Ga Lar Quarter",0224001
"Sagaing Region","Ye-U Township","Bo Aung Zay Ya Quarter",0224002
"Sagaing Region","Ye-U Township","Aung Chan Thar Quarter",0224003
"Sagaing Region","Ye-U Township","Aung San Quarter",0224004
"Sagaing Region","Ye-U Township","Shwe Pyi Thar Quarter",0224005
"Sagaing Region","Tabayin Township","Tabayin Quarter",0225001
"Sagaing Region","Tabayin Township","Taung Pyin Quarter",0225002
"Sagaing Region","Shwebo Township","No (1) Quarter",0226001
"Sagaing Region","Shwebo Township","No (2) Quarter",0226002
"Sagaing Region","Shwebo Township","No (3) Quarter",0226003
"Sagaing Region","Shwebo Township","No (4) Quarter",0226004
"Sagaing Region","Shwebo Township","No (5) Quarter",0226005
"Sagaing Region","Shwebo Township","No (6) Quarter",0226006
"Sagaing Region","Shwebo Township","No (7) Quarter",0226007
"Sagaing Region","Shwebo Township","No (8) Quarter",0226008
"Sagaing Region","Shwebo Township","No (9) Quarter",0226009
"Sagaing Region","Shwebo Township","No (10) Quarter",0226010
"Sagaing Region","Budalin Township","Mya Wa Di Quarter",0227001
"Sagaing Region","Budalin Township","Ma Har Ban Du La Quarter",0227002
"Sagaing Region","Budalin Township","Khon Min Gyi Quarter",0227003
"Sagaing Region","Wetlet Township","No (1) Quarter",0228001
"Sagaing Region","Wetlet Township","No (2) Quarter",0228002
"Sagaing Region","Wetlet Township","No (3) Quarter",0228003
"Sagaing Region","Ayadaw Township","No (1) Quarter",0229001
"Sagaing Region","Ayadaw Township","No (2) Quarter",0229002
"Sagaing Region","Ayadaw Township","No (3) Quarter",0229003
"Sagaing Region","Monywa Township","Kwayt Gyi Quarter",0230001
"Sagaing Region","Monywa Township","Aung Chan Thar Quarter",0230002
"Sagaing Region","Monywa Township","Daw Na Chan Quarter",0230003
"Sagaing Region","Monywa Township","Lel Di Quarter",0230004
"Sagaing Region","Monywa Township","Hpone Soe Quarter",0230005
"Sagaing Region","Monywa Township","Ya Da Nar Bon Quarter",0230006
"Sagaing Region","Monywa Township","Chan Mya Thar Zi Quarter",0230007
"Sagaing Region","Monywa Township","Aye Thar Yar Quarter",0230008
"Sagaing Region","Monywa Township","Yan Kin Quarter",0230009
"Sagaing Region","Monywa Township","Thar Lar Quarter",0230010
"Sagaing Region","Monywa Township","Ah Lel Quarter",0230011
"Sagaing Region","Monywa Township","Than Taw Quarter",0230012
"Sagaing Region","Monywa Township","Aung Min Ga Lar Quarter",0230013
"Sagaing Region","Monywa Township","Monywa (South) Quarter",0230014
"Sagaing Region","Monywa Township","Mya Wa Di Quarter",0230015
"Sagaing Region","Monywa Township","Hpa Yar Gyi Quarter",0230016
"Sagaing Region","Monywa Township","Yone Gyi Quarter",0230017
"Sagaing Region","Monywa Township","Su Lay Kone Quarter",0230018
"Sagaing Region","Monywa Township","Sit Pin Quarter",0230019
"Sagaing Region","Monywa Township","Ah Lone Quarter",0230020
"Sagaing Region","Monywa Township","Oe Bo (South) Quarter",0230021
"Sagaing Region","Monywa Township","Myo Thit Quarter",0230022
"Sagaing Region","Monywa Township","Nan Da Wun Quarter",0230023
"Sagaing Region","Monywa Township","Nat Lu Hteik Pan Quarter",0230024
"Sagaing Region","Monywa Township","Set Hmu Zon Quarter",0230025
"Sagaing Region","Monywa Township","Kan Thar Oo Quarter",0230026
"Sagaing Region","Monywa Township","Chan Mya Wa Di Quarter",0230027
"Sagaing Region","Monywa Township","Shwe Za Loke Quarter",0230028
"Sagaing Region","Monywa Township","Pyi Taw Thar Quarter",0230029
"Sagaing Region","Monywa Township","Ban Du La Quarter",0230030
"Sagaing Region","Monywa Township","Shwe Pyi Aye Quarter",0230031
"Sagaing Region","Yinmarbin Township","(Ka Gyi) Quarter",0231001
"Sagaing Region","Yinmarbin Township","(Kha Gway) Quarter",0231002
"Sagaing Region","Yinmarbin Township","(Ga Nge) Quarter",0231003
"Sagaing Region","Yinmarbin Township","(Ga Gyi) Quarter",0231004
"Sagaing Region","Salingyi Township","No (1) Quarter",0232001
"Sagaing Region","Salingyi Township","No (2) Quarter",0232002
"Sagaing Region","Salingyi Township","No (3) Quarter",0232003
"Sagaing Region","Chaung-U Township","Myo Thit Quarter",0233001
"Sagaing Region","Chaung-U Township","Myo Ma Quarter",0233002
"Sagaing Region","Chaung-U Township","Yan Aung Myay Quarter",0233003
"Sagaing Region","Chaung-U Township","Chaung-U (North) Quarter",0233004
"Sagaing Region","Chaung-U Township","Ta Mar Myaing Quarter",0233005
"Sagaing Region","Chaung-U Township","Chaung-U (South) Quarter",0233006
"Sagaing Region","Myinmu Township","Ah Nauk Paing Quarter",0234001
"Sagaing Region","Myinmu Township","Myauk Paing Quarter",0234002
"Sagaing Region","Myinmu Township","Taung Paing Quarter",0234003
"Sagaing Region","Myinmu Township","Ah Shey Paing Quarter",0234004
"Sagaing Region","Pale Township","Myauk Paing Quarter",0235001
"Sagaing Region","Pale Township","Taung Paing Quarter",0235002
"Sagaing Region","Myaung Township","Myo Thit Quarter",0236001
"Sagaing Region","Myaung Township","Myauk Quarter",0236002
"Sagaing Region","Myaung Township","Ah Lel Quarter",0236003
"Sagaing Region","Myaung Township","Taung Quarter",0236004
"Sagaing Region","Sagaing Township","Dawei Zay Quarter",0237001
"Sagaing Region","Sagaing Township","Aye Mya Wa Di Quarter",0237002
"Sagaing Region","Sagaing Township","Nan Da Wun Kwet Thit Quarter",0237003
"Sagaing Region","Sagaing Township","Moe Zar Quarter",0237004
"Sagaing Region","Sagaing Township","Myo Thit Quarter",0237005
"Sagaing Region","Sagaing Township","Pan Be Dan Quarter",0237006
"Sagaing Region","Sagaing Township","Poe Tan Quarter",0237007
"Sagaing Region","Sagaing Township","Min Lan Quarter",0237008
"Sagaing Region","Sagaing Township","Ta Kaung Quarter",0237009
"Sagaing Region","Sagaing Township","Sein Kone Quarter",0237010
"Sagaing Region","Sagaing Township","Htone Bo Quarter",0237011
"Sagaing Region","Sagaing Township","Zay Yar Kwet Thit Quarter",0237012
"Sagaing Region","Sagaing Township","Ywar Htaung Quarter",0237013
"Sagaing Region","Sagaing Township","Mee Ya Htar Quarter",0237014
"Sagaing Region","Sagaing Township","Pa Da Myar Quarter",0237015
"Sagaing Region","Sagaing Township","Ni Lar Quarter",0237016
"Sagaing Region","Sagaing Township","Shwe Min Wun Quarter",0237017
"Sagaing Region","Sagaing Township","Par Ra Mi Quarter",0237018
"Sagaing Region","Sagaing Township","Tin Teik Quarter",0237019
"Sagaing Region","Sagaing Township","Si Tee Quarter",0237020
"Sagaing Region","Sagaing Township","Pe Ka Toe Quarter",0237021
"Sagaing Region","Sagaing Township","Thaw Ta Pan Quarter",0237022
"Sagaing Region","Sagaing Township","Pyu Kan Quarter",0237023
"Sagaing Region","Pansaung Town","Ah Htet Quarter",0260001
"Sagaing Region","Pansaung Town","Ah Lel Quarter",0260002
"Sagaing Region","Pansaung Town","Auk Quarter",0260003
"Sagaing Region","Don Hee Town Town","Myo Ma Quarter",0261001
"Sagaing Region","Don Hee Town Town","Me Tae Quarter",0261002
"Sagaing Region","Don Hee Town Town","Htam Yone Quarter",0261003
"Sagaing Region","Htan Par Kway Town","Htan Par Kway Quarter",0262001
"Sagaing Region","Mo Paing Lut Town","No (1) Quarter",0263001
"Sagaing Region","Mo Paing Lut Town","No (2) Quarter",0263002
"Sagaing Region","Sum Ma Rar Town","No (1) Quarter",0264001
"Sagaing Region","Sum Ma Rar Town","No (2) Quarter",0264002
"Sagaing Region","Sum Ma Rar Town","No (3) Quarter",0264003
"Sagaing Region","Shwe Pyi Aye Town","No (1) Quarter",0265001
"Sagaing Region","Shwe Pyi Aye Town","No (2) Quarter",0265002
"Sagaing Region","Shwe Pyi Aye Town","No (3) Quarter",0265003
"Sagaing Region","Shwe Pyi Aye Town","No (4) Quarter",0265004
"Sagaing Region","Shwe Pyi Aye Town","No (5) Quarter",0265005
"Sagaing Region","Shwe Pyi Aye Town","No (6) Quarter",0265006
"Sagaing Region","Shwe Pyi Aye Town","No (7) Quarter",0265007
"Sagaing Region","Shwe Pyi Aye Town","No (8) Quarter",0265008
"Sagaing Region","Shwe Pyi Aye Town","No (9) Quarter",0265009
"Sagaing Region","Shwe Pyi Aye Town","No (10) Quarter",0265010
"Sagaing Region","Shwe Pyi Aye Town","No (11) Quarter",0265011
"Sagaing Region","Myothit Town","No (1) Quarter",0266001
"Sagaing Region","Myothit Town","No (2) Quarter",0266002
"Sagaing Region","Myothit Town","No (3) Quarter",0266003
"Sagaing Region","Khampat Town","No (1) Quarter",0267001
"Sagaing Region","Khampat Town","No (2) Quarter",0267002
"Sagaing Region","Khampat Town","No (3) Quarter",0267003
"Sagaing Region","Khampat Town","No (4) Quarter",0267004
"Sagaing Region","Khampat Town","No (5) Quarter",0267005
"Sagaing Region","Maw Lu Town","Min Yar Zar Quarter",0268001
"Sagaing Region","Maw Lu Town","Min Zay Yar Quarter",0268002
"Sagaing Region","Maw Lu Town","Min Chan Thar Quarter",0268003
"Sagaing Region","Maw Lu Town","Min Thu Kha Quarter",0268004
"Sagaing Region","Maw Lu Town","Min Thit Sar Quarter",0268005
"Sagaing Region","Maw Lu Town","Min Thi Ri Quarter",0268006
"Sagaing Region","Zee Kone Town","Chan Aye Thar Yar Quarter",0269001
"Sagaing Region","Zee Kone Town","Yan Gyi Aung Quarter",0269002
"Sagaing Region","Zee Kone Town","Yan Naing Aye Quarter",0269003
"Sagaing Region","Zee Kone Town","Aung Theik Di Quarter",0269004
"Sagaing Region","Zee Kone Town","Let Se Quarter",0269005
"Sagaing Region","Zee Kone Town","Nagar Paw Quarter",0269006
"Sagaing Region","Saing Pyin Town","No (1) Quarter",0270001
"Sagaing Region","Saing Pyin Town","No (2) Quarter",0270002
"Sagaing Region","Saing Pyin Town","No (3) Quarter",0270003
"Sagaing Region","Saing Pyin Town","No (4) Quarter",0270004
"Sagaing Region","Saing Pyin Town","No (5) Quarter",0270005
"Sagaing Region","Kyauk Myaung Town","No (1) Quarter",0271001
"Sagaing Region","Kyauk Myaung Town","No (2) Quarter",0271002
"Sagaing Region","Kyauk Myaung Town","No (3) Quarter",0271003
"Sagaing Region","Kyauk Myaung Town","No (4) Quarter",0271004
"Sagaing Region","Sar Taung Town","Yae Kyi Quarter",0272001
"Sagaing Region","Sar Taung Town","Ywar Saik Quarter",0272002
"Sagaing Region","Sar Taung Town","Thin Twe Quarter",0272003
"Sagaing Region","Sar Taung Town","Pin Thin Quarter",0272004
"Sagaing Region","Sar Taung Town","Kyaung Nauk Quarter",0272005
"Sagaing Region","Sar Taung Town","Ywar Way Quarter",0272006
"Sagaing Region","Sar Taung Town","Thu Htay Quarter",0272007
"Sagaing Region","Sar Taung Town","Taung Po Quarter",0272008
"Sagaing Region","Sar Taung Town","Myin Kywa Quarter",0272009
"Sagaing Region","Sar Taung Town","Nyaung Ngoke To Quarter",0272010
"Sagaing Region","Sar Taung Town","Shar Pin Kan Quarter",0272011
